421.894793 0.008873
421.894793 0.007674
421.894793 0.016141
421.894793 0.017006
421.894793 0.016884
421.894793 0.013961
421.894793 0.013190
421.894793 0.016862
421.894793 0.015421
421.894793 0.015788
421.894793 0.012867
421.894793 0.013754
421.894793 0.011045
421.894793 0.013222
421.894793 0.017429
421.894793 0.009245
421.894793 0.010523
421.894793 0.017630
421.894793 0.017937
421.894793 0.010154
421.894793 0.009974
421.894793 0.012895
421.894793 0.009216
421.894793 0.016624
421.894793 0.015822
421.894793 0.013718
421.894793 0.013781
421.894793 0.015674
421.894793 0.014081
421.894793 0.013097
421.894793 0.011534
421.894793 0.011978
421.894793 0.008162
421.894793 0.008625
421.894793 0.008805
421.894793 0.008834
421.894793 0.008577
421.894793 0.009218
421.894793 0.009134
421.894793 0.008360
421.894793 0.008932
421.894793 0.008926
421.894793 0.009165
421.894793 0.008970
421.894793 0.008620
421.894793 0.008898
421.894793 0.008210
421.894793 0.008778
421.894793 0.009673
421.894793 0.008908
421.894793 0.008881
421.894793 0.007989
421.894793 0.008957
421.894793 0.008250
421.894793 0.008471
421.894793 0.010159
421.894793 0.008256
421.894793 0.008479
421.894793 0.008577
421.894793 0.008269
421.894793 0.008218
421.894793 0.008291
421.894793 0.008806
421.894793 0.009867
421.894793 0.008892
421.894793 0.009074
421.894793 0.008978
421.894793 0.009171
421.894793 0.009110
421.894793 0.008626
421.894793 0.009273
421.894793 0.009118
421.894793 0.008671
421.894793 0.009588
421.894793 0.009720
421.894793 0.009424
421.894793 0.008746
421.894793 0.009224
421.894793 0.009151
421.894793 0.008932
421.894793 0.010648
421.894793 0.009345
421.894793 0.008772
421.894793 0.008693
421.894793 0.010896
421.894793 0.008612
421.894793 0.008469
421.894793 0.008387
421.894793 0.008697
421.894793 0.008609
421.894793 0.009476
421.894793 0.008533
421.894793 0.008278
421.894793 0.008422
421.894793 0.009924
421.894793 0.009617
421.894793 0.008214
421.894793 0.008352
421.894793 0.009344
421.894793 0.008098
421.894793 0.008753
421.894793 0.008240
421.894793 0.009355
421.894793 0.012090
421.894793 0.011977
421.894793 0.008653
421.894793 0.011122
421.894793 0.009890
421.894793 0.008196
421.894793 0.009425
421.894793 0.011610
421.894793 0.008381
421.894793 0.008292
421.894793 0.007828
421.894793 0.013013
421.894793 0.009804
421.894793 0.010898
421.894793 0.009048
421.894793 0.011427
421.894793 0.009026
421.894793 0.010882
421.894793 0.007997
421.894793 0.009864
421.894793 0.008605
421.894793 0.009729
421.894793 0.007853
421.894793 0.010512
421.894793 0.010357
421.894793 0.007785
421.894793 0.008709
421.894793 0.009322
421.894793 0.009296
421.894793 0.008854
421.894793 0.009200
421.894793 0.009089
421.894793 0.009313
421.894793 0.009492
421.894793 0.008912
421.894793 0.008931
421.894793 0.009296
421.894793 0.008932
421.894793 0.008587
421.894793 0.009230
421.894793 0.009477
421.894793 0.010534
421.894793 0.009390
421.894793 0.007540
421.894793 0.008511
421.894793 0.008458
421.894793 0.009761
421.894793 0.008898
421.894793 0.009589
421.894793 0.008435
421.894793 0.008745
421.894793 0.008683
421.894793 0.008999
421.894793 0.008524
421.894793 0.009655
421.894793 0.009199
421.894793 0.010170
421.894793 0.008389
421.894793 0.008618
421.894793 0.008948
421.894793 0.008732
421.894793 0.008286
421.894793 0.009438
421.894793 0.008564
421.894793 0.008734
421.894793 0.009592
421.894793 0.008259
421.894793 0.011277
421.894793 0.008929
421.894793 0.009202
421.894793 0.013156
421.894793 0.008357
421.894793 0.015116
421.894793 0.013714
421.894793 0.013484
421.894793 0.013004
421.894793 0.008402
421.894793 0.012472
421.894793 0.014770
421.894793 0.010835
421.894793 0.012469
421.894793 0.011772
421.894793 0.012635
421.894793 0.012925
421.894793 0.010880
421.894793 0.011106
421.894793 0.010370
421.894793 0.010519
421.894793 0.010007
421.894793 0.008886
421.894793 0.009110
421.894793 0.009736
421.894793 0.009066
421.894793 0.008757
421.894793 0.008494
421.894793 0.009810
421.894793 0.009454
421.894793 0.009365
421.894793 0.008755
421.894793 0.009956
421.894793 0.008832
421.894793 0.009954
421.894793 0.008566
421.894793 0.009006
421.894793 0.009926
421.894793 0.009601
421.894793 0.011051
421.894793 0.009867
421.894793 0.008295
421.894793 0.008873
421.894793 0.009216
421.894793 0.009850
421.894793 0.009884
421.894793 0.008846
421.894793 0.009224
421.894793 0.009877
421.894793 0.011667
421.894793 0.009681
421.894793 0.009023
421.894793 0.008319
421.894793 0.010410
421.894793 0.008641
421.894793 0.008790
421.894793 0.010071
421.894793 0.007118
421.894793 0.009293
421.894793 0.009088
421.894793 0.009246
421.894793 0.009494
421.894793 0.008570
421.894793 0.010896
421.894793 0.011344
421.894793 0.011442
421.894793 0.011749
421.894793 0.009048
421.894793 0.008365
421.894793 0.009607
421.894793 0.008619
421.894793 0.008876
421.894793 0.008763
421.894793 0.014107
421.894793 0.008559
421.894793 0.009851
421.894793 0.009379
421.894793 0.012766
421.894793 0.012707
421.894793 0.010045
421.894793 0.008815
421.894793 0.012161
421.894793 0.010161
421.894793 0.011711
421.894793 0.011562
421.894793 0.006657
421.894793 0.007801
421.894793 0.008738
421.894793 0.008605
421.894793 0.009008
421.894793 0.008761
421.894793 0.010881
421.894793 0.008554
421.894793 0.007604
421.894793 0.012150
421.894793 0.011443
421.894793 0.008895
421.894793 0.011573
421.894793 0.008559
421.894793 0.008077
421.894793 0.011559
421.894793 0.008309
421.894793 0.008545
421.894793 0.015198
421.894793 0.008964
421.894793 0.010248
421.894793 0.007384
421.894793 0.009729
421.894793 0.009048
421.894793 0.015531
421.894793 0.008044
421.894793 0.008376
421.894793 0.012222
421.894793 0.016248
421.894793 0.016836
421.894793 0.011664
421.894793 0.012116
421.894793 0.012382
421.894793 0.007285
421.894793 0.008210
421.894793 0.008681
421.894793 0.007213
421.894793 0.008761
421.894793 0.010573
421.894793 0.012835
421.894793 0.015049
421.894793 0.008100
421.894793 0.015437
421.894793 0.013654
421.894793 0.013675
421.894793 0.007770
421.894793 0.014374
421.894793 0.014165
421.894793 0.008204
421.894793 0.016527
421.894793 0.014268
421.894793 0.008536
421.894793 0.012657
421.894793 0.010006
421.894793 0.016839
421.894793 0.009174
421.894793 0.010998
421.894793 0.010141
421.894793 0.010728
421.894793 0.010288
421.894793 0.010265
421.894793 0.012238
421.894793 0.010879
421.894793 0.011742
421.894793 0.010359
421.894793 0.008535
421.894793 0.008773
421.894793 0.008635
421.894793 0.009755
421.894793 0.008262
421.894793 0.008404
421.894793 0.009478
421.894793 0.009304
421.894793 0.009081
421.894793 0.009389
421.894793 0.011007
421.894793 0.009602
421.894793 0.008863
421.894793 0.008459
421.894793 0.008499
421.894793 0.008684
421.894793 0.009854
421.894793 0.009735
421.894793 0.008558
421.894793 0.008229
421.894793 0.008785
421.894793 0.012230
421.894793 0.008626
421.894793 0.008364
421.894793 0.007995
421.894793 0.008913
421.894793 0.008307
421.894793 0.011147
421.894793 0.011734
421.894793 0.009731
421.894793 0.009892
421.894793 0.010270
421.894793 0.008942
421.894793 0.009143
421.894793 0.008589
421.894793 0.008729
421.894793 0.009047
421.894793 0.008515
421.894793 0.009067
421.894793 0.009407
421.894793 0.009054
421.894793 0.008848
421.894793 0.008707
421.894793 0.010255
421.894793 0.009477
421.894793 0.008420
421.894793 0.008807
421.894793 0.009467
421.894793 0.008642
421.894793 0.009081
421.894793 0.010008
421.894793 0.008653
421.894793 0.008943
421.894793 0.009645
421.894793 0.008299
421.894793 0.008257
421.894793 0.008511
421.894793 0.008239
421.894793 0.008430
421.894793 0.008286
421.894793 0.009483
421.894793 0.009321
421.894793 0.008685
421.894793 0.009151
421.894793 0.008551
421.894793 0.008659
421.894793 0.009344
421.894793 0.008719
421.894793 0.008930
421.894793 0.008541
421.894793 0.008634
421.894793 0.009036
421.894793 0.009053
421.894793 0.009428
421.894793 0.008669
421.894793 0.009587
421.894793 0.008473
421.894793 0.009477
421.894793 0.010007
421.894793 0.008408
421.894793 0.008583
421.894793 0.008852
421.894793 0.009297
421.894793 0.008557
421.894793 0.008671
421.894793 0.011094
421.894793 0.008029
421.894793 0.009143
421.894793 0.008987
421.894793 0.008621
421.894793 0.008622
421.894793 0.008788
421.894793 0.012155
421.894793 0.009090
421.894793 0.010695
421.894793 0.011218
421.894793 0.008230
421.894793 0.008996
421.894793 0.008920
421.894793 0.008900
421.894793 0.008735
421.894793 0.009179
421.894793 0.008867
421.894793 0.011667
421.894793 0.011409
421.894793 0.008408
421.894793 0.009633
421.894793 0.012656
421.894793 0.009533
421.894793 0.008759
421.894793 0.011584
421.894793 0.012005
421.894793 0.012095
421.894793 0.010559
421.894793 0.008672
421.894793 0.008611
421.894793 0.008705
421.894793 0.008321
421.894793 0.008688
421.894793 0.009069
421.894793 0.010883
421.894793 0.010628
421.894793 0.008552
421.894793 0.010632
421.894793 0.010472
421.894793 0.010019
421.894793 0.010209
421.894793 0.009269
421.894793 0.008426
421.894793 0.008995
421.894793 0.009152
421.894793 0.008385
421.894793 0.010085
421.894793 0.009393
421.894793 0.008605
421.894793 0.013233
421.894793 0.013897
421.894793 0.008910
421.894793 0.012647
421.894793 0.009589
421.894793 0.012917
421.894793 0.012764
421.894793 0.012270
421.894793 0.008868
421.894793 0.011489
421.894793 0.011663
421.894793 0.011702
421.894793 0.009355
421.894793 0.012390
421.894793 0.009381
421.894793 0.011503
421.894793 0.010635
421.894793 0.011902
421.894793 0.010200
421.894793 0.010035
421.894793 0.013948
421.894793 0.009966
421.894793 0.010231
421.894793 0.010642
421.894793 0.011008
421.894793 0.007546
421.894793 0.011415
421.894793 0.011391
421.894793 0.012706
421.894793 0.012298
421.894793 0.011034
421.894793 0.010095
421.894793 0.015862
421.894793 0.012177
421.894793 0.007230
421.894793 0.009760
421.894793 0.012283
421.894793 0.014193
421.894793 0.012734
421.894793 0.009181
421.894793 0.016640
421.894793 0.008890
421.894793 0.008959
421.894793 0.011914
421.894793 0.010565
421.894793 0.008721
421.894793 0.009354
421.894793 0.013451
421.894793 0.010446
421.894793 0.012995
421.894793 0.009320
421.894793 0.011994
421.894793 0.010767
421.894793 0.010850
421.894793 0.011337
421.894793 0.017277
421.894793 0.014175
421.894793 0.008197
421.894793 0.008944
421.894793 0.008477
421.894793 0.008083
421.894793 0.008507
421.894793 0.009465
421.894793 0.008835
421.894793 0.009360
421.894793 0.009764
421.894793 0.008620
421.894793 0.009340
421.894793 0.008493
421.894793 0.009112
421.894793 0.011741
421.894793 0.008719
421.894793 0.011278
421.894793 0.008718
421.894793 0.009615
421.894793 0.008176
421.894793 0.008899
421.894793 0.008728
421.894793 0.008453
421.894793 0.008403
421.894793 0.010513
421.894793 0.008038
421.894793 0.008653
421.894793 0.008228
421.894793 0.008211
421.894793 0.008036
421.894793 0.008520
421.894793 0.010032
421.894793 0.008753
421.894793 0.008611
421.894793 0.008741
421.894793 0.008579
421.894793 0.008848
421.894793 0.008663
421.894793 0.008786
421.894793 0.009277
421.894793 0.008834
421.894793 0.008982
421.894793 0.008780
421.894793 0.008976
421.894793 0.008890
421.894793 0.008628
421.894793 0.008473
421.894793 0.009652
421.894793 0.008892
421.894793 0.008586
421.894793 0.009633
421.894793 0.008523
421.894793 0.008219
421.894793 0.008795
421.894793 0.008626
421.894793 0.008486
421.894793 0.008427
421.894793 0.009865
421.894793 0.009025
421.894793 0.011106
421.894793 0.008439
421.894793 0.009848
421.894793 0.009386
421.894793 0.008159
421.894793 0.010028
421.894793 0.007782
421.894793 0.008429
421.894793 0.008831
421.894793 0.008701
421.894793 0.009116
421.894793 0.009137
421.894793 0.009545
421.894793 0.009483
421.894793 0.008606
421.894793 0.009397
421.894793 0.009577
421.894793 0.008748
421.894793 0.009270
421.894793 0.009155
421.894793 0.009183
421.894793 0.008943
421.894793 0.008976
421.894793 0.008456
421.894793 0.009338
421.894793 0.008224
421.894793 0.008679
421.894793 0.008932
421.894793 0.008608
421.894793 0.008401
421.894793 0.008419
421.894793 0.008275
421.894793 0.008399
421.894793 0.008576
421.894793 0.008648
421.894793 0.009047
421.894793 0.008914
421.894793 0.008403
421.894793 0.007269
421.894793 0.007863
421.894793 0.008678
421.894793 0.008676
421.894793 0.007788
421.894793 0.008425
421.894793 0.008581
421.894793 0.009438
421.894793 0.009296
421.894793 0.009965
421.894793 0.008515
421.894793 0.009047
421.894793 0.010329
421.894793 0.009215
421.894793 0.008681
421.894793 0.008571
421.894793 0.008818
421.894793 0.008378
421.894793 0.008051
421.894793 0.007543
421.894793 0.007965
421.894793 0.008247
421.894793 0.007836
421.894793 0.007807
421.894793 0.008289
421.894793 0.009575
421.894793 0.007978
421.894793 0.008098
421.894793 0.008345
421.894793 0.008051
421.894793 0.009486
421.894793 0.007973
421.894793 0.008819
421.894793 0.008849
421.894793 0.008748
421.894793 0.008657
421.894793 0.008773
421.894793 0.009078
421.894793 0.008782
421.894793 0.008747
421.894793 0.009376
421.894793 0.009315
421.894793 0.008683
421.894793 0.009002
421.894793 0.008741
421.894793 0.008618
421.894793 0.009570
421.894793 0.008696
421.894793 0.008783
421.894793 0.008539
421.894793 0.009173
421.894793 0.008546
421.894793 0.010477
421.894793 0.008515
421.894793 0.009706
421.894793 0.008387
421.894793 0.009069
421.894793 0.008534
421.894793 0.008274
421.894793 0.008861
421.894793 0.009475
421.894793 0.008163
421.894793 0.008786
421.894793 0.009789
421.894793 0.007004
421.894793 0.007306
421.894793 0.006864
421.894793 0.006658
421.894793 0.007135
421.894793 0.007039
421.894793 0.007076
421.894793 0.007968
421.894793 0.007378
421.894793 0.009020
421.894793 0.007964
421.894793 0.007161
421.894793 0.007166
421.894793 0.008683
421.894793 0.006682
421.894793 0.006910
421.894793 0.006957
421.894793 0.006862
421.894793 0.006717
421.894793 0.006736
421.894793 0.006887
421.894793 0.007447
421.894793 0.006734
421.894793 0.006697
421.894793 0.006933
421.894793 0.007193
421.894793 0.009637
421.894793 0.009642
421.894793 0.009857
421.894793 0.009850
421.894793 0.011555
421.894793 0.011503
421.894793 0.007692
421.894793 0.007631
421.894793 0.007463
421.894793 0.007824
421.894793 0.007945
421.894793 0.009292
421.894793 0.008568
421.894793 0.008122
421.894793 0.009477
421.894793 0.007631
421.894793 0.012484
421.894793 0.009435
421.894793 0.012403
421.894793 0.007100
421.894793 0.007250
421.894793 0.008034
421.894793 0.007274
421.894793 0.007622
421.894793 0.007618
421.894793 0.007444
421.894793 0.009987
421.894793 0.007709
421.894793 0.010819
421.894793 0.008204
421.894793 0.009838
421.894793 0.009729
421.894793 0.015799
421.894793 0.009493
421.894793 0.009385
421.894793 0.017177
421.894793 0.013017
421.894793 0.012685
421.894793 0.008148
421.894793 0.008737
421.894793 0.008366
421.894793 0.008034
421.894793 0.008648
421.894793 0.008420
421.894793 0.008899
421.894793 0.008728
421.894793 0.009229
421.894793 0.011898
421.894793 0.008502
421.894793 0.009435
421.894793 0.012161
421.894793 0.007932
421.894793 0.011767
421.894793 0.008165
421.894793 0.008721
421.894793 0.008292
421.894793 0.008306
421.894793 0.008660
421.894793 0.007680
421.894793 0.009778
421.894793 0.012091
421.894793 0.008100
421.894793 0.009626
421.894793 0.011794
421.894793 0.008449
421.894793 0.010434
421.894793 0.010501
421.894793 0.011071
421.894793 0.010081
421.894793 0.010432
421.894793 0.008092
421.894793 0.008726
421.894793 0.009077
421.894793 0.009126
421.894793 0.009630
421.894793 0.008667
421.894793 0.010390
421.894793 0.009230
421.894793 0.009049
421.894793 0.008879
421.894793 0.008454
421.894793 0.009083
421.894793 0.009529
421.894793 0.009384
421.894793 0.009476
421.894793 0.008715
421.894793 0.009006
421.894793 0.008599
421.894793 0.008600
421.894793 0.008721
421.894793 0.008811
421.894793 0.008572
421.894793 0.008063
421.894793 0.008622
421.894793 0.008442
421.894793 0.010051
421.894793 0.009025
421.894793 0.008394
421.894793 0.009777
421.894793 0.008561
421.894793 0.008740
421.894793 0.009603
421.894793 0.008052
421.894793 0.008667
421.894793 0.008823
421.894793 0.008903
421.894793 0.008540
421.894793 0.008747
421.894793 0.008797
421.894793 0.009278
421.894793 0.008208
421.894793 0.009069
421.894793 0.008903
421.894793 0.008270
421.894793 0.008675
421.894793 0.009496
421.894793 0.009428
421.894793 0.010773
421.894793 0.008563
421.894793 0.008265
421.894793 0.008409
421.894793 0.007884
421.894793 0.008377
421.894793 0.008465
421.894793 0.008498
421.894793 0.008341
421.894793 0.008126
421.894793 0.007829
421.894793 0.007829
421.894793 0.008555
421.894793 0.008884
421.894793 0.010308
421.894793 0.008541
421.894793 0.007850
421.894793 0.008517
421.894793 0.008372
421.894793 0.008765
421.894793 0.008612
421.894793 0.008939
421.894793 0.008340
421.894793 0.006881
421.894793 0.007888
421.894793 0.009117
421.894793 0.009015
421.894793 0.008827
421.894793 0.008985
421.894793 0.008337
421.894793 0.008788
421.894793 0.008485
421.894793 0.009583
421.894793 0.008775
421.894793 0.009557
421.894793 0.008565
421.894793 0.008572
421.894793 0.008439
421.894793 0.009333
421.894793 0.008515
421.894793 0.008590
421.894793 0.009735
421.894793 0.007881
421.894793 0.008909
421.894793 0.008948
421.894793 0.007577
421.894793 0.008760
421.894793 0.009558
421.894793 0.006599
421.894793 0.008378
421.894793 0.008702
421.894793 0.009068
421.894793 0.009474
421.894793 0.009230
421.894793 0.009267
421.894793 0.009730
421.894793 0.008702
421.894793 0.011305
421.894793 0.008486
421.894793 0.009581
421.894793 0.008298
421.894793 0.009095
421.894793 0.011992
421.894793 0.009628
421.894793 0.008433
421.894793 0.008925
421.894793 0.012060
421.894793 0.008638
421.894793 0.009572
421.894793 0.011078
421.894793 0.009696
421.894793 0.011272
421.894793 0.009688
421.894793 0.008371
421.894793 0.008892
421.894793 0.011417
421.894793 0.012528
421.894793 0.009310
421.894793 0.010302
421.894793 0.010160
421.894793 0.010875
421.894793 0.008524
421.894793 0.008792
421.894793 0.007873
421.894793 0.008050
421.894793 0.009283
421.894793 0.008319
421.894793 0.009010
421.894793 0.009024
421.894793 0.009057
421.894793 0.008445
421.894793 0.008188
421.894793 0.008005
421.894793 0.010628
421.894793 0.007737
421.894793 0.012557
421.894793 0.008180
421.894793 0.008226
421.894793 0.007605
421.894793 0.012046
421.894793 0.012549
421.894793 0.015237
421.894793 0.012903
421.894793 0.009739
421.894793 0.009366
421.894793 0.010132
421.894793 0.009609
421.894793 0.016477
421.894793 0.013889
421.894793 0.016057
421.894793 0.011647
421.894793 0.011838
421.894793 0.011824
421.894793 0.008025
421.894793 0.008302
421.894793 0.008569
421.894793 0.009275
421.894793 0.008545
421.894793 0.008424
421.894793 0.008367
421.894793 0.008557
421.894793 0.008935
421.894793 0.011602
421.894793 0.008205
421.894793 0.008059
421.894793 0.011780
421.894793 0.009416
421.894793 0.008603
421.894793 0.009086
421.894793 0.009612
421.894793 0.011582
421.894793 0.010774
421.894793 0.012239
421.894793 0.008458
421.894793 0.008520
421.894793 0.008470
421.894793 0.008200
421.894793 0.008225
421.894793 0.010355
421.894793 0.008800
421.894793 0.009859
421.894793 0.008557
421.894793 0.010164
421.894793 0.009990
421.894793 0.009640
421.894793 0.008489
421.894793 0.008925
421.894793 0.008620
421.894793 0.008019
421.894793 0.008702
421.894793 0.008798
421.894793 0.008425
421.894793 0.008393
421.894793 0.008405
421.894793 0.009498
421.894793 0.008586
421.894793 0.008247
421.894793 0.008471
421.894793 0.008583
421.894793 0.009513
421.894793 0.008824
421.894793 0.008338
421.894793 0.007992
421.894793 0.008396
421.894793 0.008216
421.894793 0.010405
421.894793 0.008267
421.894793 0.010529
421.894793 0.008541
421.894793 0.007893
421.894793 0.008590
421.894793 0.008416
421.894793 0.009649
421.894793 0.008116
421.894793 0.009056
421.894793 0.009505
421.894793 0.009470
421.894793 0.008463
421.894793 0.008362
421.894793 0.008489
421.894793 0.009252
421.894793 0.009536
421.894793 0.008966
421.894793 0.012025
421.894793 0.011960
421.894793 0.010219
421.894793 0.009420
421.894793 0.008607
421.894793 0.008514
421.894793 0.011619
421.894793 0.008554
421.894793 0.012261
421.894793 0.008571
421.894793 0.008483
421.894793 0.011453
421.894793 0.011975
421.894793 0.010165
421.894793 0.010897
421.894793 0.008506
421.894793 0.008011
421.894793 0.012314
421.894793 0.011394
421.894793 0.010354
421.894793 0.009273
421.894793 0.010183
421.894793 0.010236
421.894793 0.009438
421.894793 0.013831
421.894793 0.010137
421.894793 0.011010
421.894793 0.008598
421.894793 0.011154
421.894793 0.011638
421.894793 0.011920
421.894793 0.012369
421.894793 0.011783
421.894793 0.009096
421.894793 0.013571
421.894793 0.013202
421.894793 0.009823
421.894793 0.014663
421.894793 0.008343
421.894793 0.009862
421.894793 0.011350
421.894793 0.010566
421.894793 0.008897
421.894793 0.010023
421.894793 0.010724
421.894793 0.010342
421.894793 0.014307
421.894793 0.010338
421.894793 0.009892
421.894793 0.011016
421.894793 0.009719
421.894793 0.011837
421.894793 0.010424
421.894793 0.013769
421.894793 0.014313
421.894793 0.011928
421.894793 0.012041
421.894793 0.012300
421.894793 0.008192
421.894793 0.008486
421.894793 0.010180
421.894793 0.009135
421.894793 0.009034
421.894793 0.009037
421.894793 0.011459
421.894793 0.009457
421.894793 0.008545
421.894793 0.011541
421.894793 0.009136
421.894793 0.011820
421.894793 0.008255
421.894793 0.012048
421.894793 0.008487
421.894793 0.009810
421.894793 0.009872
421.894793 0.008460
421.894793 0.008738
421.894793 0.010946
421.894793 0.010447
421.894793 0.008471
421.894793 0.009612
421.894793 0.009758
421.894793 0.010264
421.894793 0.009519
421.894793 0.008823
421.894793 0.009601
421.894793 0.010494
421.894793 0.010562
421.894793 0.009333
421.894793 0.010367
421.894793 0.006955
421.894793 0.007807
421.894793 0.008605
421.894793 0.009111
421.894793 0.009053
421.894793 0.008796
421.894793 0.008806
421.894793 0.008889
421.894793 0.008404
421.894793 0.008535
421.894793 0.009360
421.894793 0.008797
421.894793 0.008517
421.894793 0.009647
421.894793 0.008965
421.894793 0.008766
421.894793 0.008862
421.894793 0.008555
421.894793 0.009459
421.894793 0.007428
421.894793 0.008991
421.894793 0.008810
421.894793 0.013098
421.894793 0.006843
421.894793 0.008312
421.894793 0.008188
421.894793 0.009813
421.894793 0.008112
421.894793 0.007981
421.894793 0.009028
421.894793 0.012666
421.894793 0.010575
421.894793 0.008764
421.894793 0.009464
421.894793 0.007686
421.894793 0.009374
421.894793 0.010511
421.894793 0.008355
421.894793 0.009866
421.894793 0.008632
421.894793 0.011705
421.894793 0.009415
421.894793 0.012129
421.894793 0.011504
421.894793 0.009177
421.894793 0.008013
421.894793 0.008844
421.894793 0.010862
421.894793 0.008317
421.894793 0.009507
421.894793 0.010173
421.894793 0.008964
421.894793 0.008184
421.894793 0.008918
421.894793 0.007261
421.894793 0.015873
421.894793 0.014425
421.894793 0.007687
421.894793 0.015460
421.894793 0.013295
421.894793 0.011104
421.894793 0.017668
421.894793 0.011989
421.894793 0.013912
421.894793 0.008698
421.894793 0.008886
421.894793 0.008988
421.894793 0.008920
421.894793 0.009243
421.894793 0.009504
421.894793 0.008842
421.894793 0.009520
421.894793 0.009297
421.894793 0.009392
421.894793 0.008946
421.894793 0.009450
421.894793 0.008699
421.894793 0.009293
421.894793 0.008886
421.894793 0.009053
421.894793 0.011523
421.894793 0.009649
421.894793 0.008349
421.894793 0.008724
421.894793 0.008816
421.894793 0.008792
421.894793 0.008766
421.894793 0.008463
421.894793 0.009504
421.894793 0.009656
421.894793 0.011817
421.894793 0.008700
421.894793 0.009135
421.894793 0.009459
421.894793 0.010700
421.894793 0.010575
422.098388 0.009967
422.098388 0.009034
422.098388 0.009194
422.098388 0.007929
422.098388 0.012337
422.098388 0.012417
422.098388 0.008846
422.098388 0.010265
422.098388 0.012676
422.098388 0.012732
422.098388 0.012921
422.098388 0.013340
422.098388 0.011398
422.098388 0.012550
422.098388 0.013639
422.098388 0.009056
422.098388 0.009759
422.098388 0.011184
422.098388 0.008487
422.098388 0.010827
422.098388 0.010623
422.098388 0.010739
422.098388 0.010614
422.098388 0.011108
422.098388 0.011044
422.098388 0.009440
422.098388 0.011846
422.098388 0.009655
422.098388 0.011855
422.098388 0.007261
422.098388 0.007981
422.098388 0.008262
422.098388 0.009253
422.098388 0.009421
422.098388 0.008998
422.098388 0.009248
422.098388 0.010165
422.098388 0.009630
422.098388 0.009626
422.098388 0.009562
422.098388 0.009617
422.098388 0.010963
422.098388 0.009219
422.098388 0.011132
422.098388 0.009462
422.098388 0.009041
422.098388 0.009059
422.098388 0.012078
422.098388 0.009560
422.098388 0.009339
422.098388 0.010318
422.098388 0.009017
422.098388 0.011477
422.098388 0.009063
422.098388 0.008694
422.098388 0.009032
422.098388 0.011754
422.098388 0.010620
422.098388 0.009070
422.098388 0.008757
422.098388 0.008842
422.098388 0.009617
422.098388 0.011295
422.098388 0.010549
422.098388 0.009138
422.098388 0.009447
422.098388 0.008875
422.098388 0.009264
422.098388 0.009262
422.098388 0.009287
422.098388 0.010295
422.098388 0.009614
422.098388 0.010983
422.098388 0.009356
422.098388 0.010115
422.098388 0.011701
422.098388 0.009961
422.098388 0.009089
422.098388 0.009057
422.098388 0.008588
422.098388 0.009006
422.098388 0.012206
422.098388 0.011701
422.098388 0.009082
422.098388 0.008945
422.098388 0.009424
422.098388 0.010205
422.098388 0.009151
422.098388 0.010823
422.098388 0.010651
422.098388 0.009359
422.098388 0.012866
422.098388 0.010979
422.098388 0.010017
422.098388 0.010707
422.098388 0.011687
422.098388 0.009180
422.098388 0.008438
422.098388 0.009838
422.098388 0.009403
422.098388 0.009598
422.098388 0.009085
422.098388 0.009344
422.098388 0.009669
422.098388 0.009280
422.098388 0.009971
422.098388 0.011493
422.098388 0.009587
422.098388 0.012083
422.098388 0.009185
422.098388 0.010301
422.098388 0.009739
422.098388 0.009077
422.098388 0.012268
422.098388 0.010450
422.098388 0.011619
422.098388 0.009043
422.098388 0.010679
422.098388 0.008822
422.098388 0.009411
422.098388 0.008795
422.098388 0.008395
422.098388 0.009762
422.098388 0.008809
422.098388 0.010050
422.098388 0.011069
422.098388 0.008901
422.098388 0.008476
422.098388 0.009412
422.098388 0.009439
422.098388 0.009890
422.098388 0.009833
422.098388 0.010490
422.098388 0.010150
422.098388 0.009352
422.098388 0.012389
422.098388 0.012555
422.098388 0.009794
422.098388 0.010484
422.098388 0.009678
422.098388 0.010698
422.098388 0.012319
422.098388 0.009389
422.098388 0.011562
422.098388 0.012745
422.098388 0.011959
422.098388 0.009388
422.098388 0.009575
422.098388 0.011318
422.098388 0.012329
422.098388 0.010018
422.098388 0.011354
422.098388 0.012242
422.098388 0.010832
422.098388 0.010808
422.098388 0.010339
422.098388 0.010989
422.098388 0.010347
422.098388 0.010807
422.098388 0.010727
422.098388 0.009216
422.098388 0.009236
422.098388 0.009694
422.098388 0.009136
422.098388 0.009725
422.098388 0.009212
422.098388 0.009228
422.098388 0.009677
422.098388 0.009699
422.098388 0.009871
422.098388 0.010515
422.098388 0.009128
422.098388 0.009530
422.098388 0.009258
422.098388 0.010259
422.098388 0.009228
422.098388 0.009970
422.098388 0.011137
422.098388 0.009348
422.098388 0.010082
422.098388 0.009152
422.098388 0.009263
422.098388 0.009218
422.098388 0.010477
422.098388 0.009176
422.098388 0.009697
422.098388 0.009773
422.098388 0.009593
422.098388 0.010165
422.098388 0.008922
422.098388 0.008953
422.098388 0.010452
422.098388 0.009605
422.098388 0.009041
422.098388 0.009239
422.098388 0.009403
422.098388 0.009437
422.098388 0.009878
422.098388 0.012391
422.098388 0.010080
422.098388 0.009845
422.098388 0.009251
422.098388 0.012411
422.098388 0.009954
422.098388 0.012894
422.098388 0.009137
422.098388 0.009130
422.098388 0.009217
422.098388 0.009188
422.098388 0.011688
422.098388 0.009160
422.098388 0.013186
422.098388 0.012438
422.098388 0.011419
422.098388 0.013351
422.098388 0.009258
422.098388 0.009172
422.098388 0.010518
422.098388 0.011569
422.098388 0.009686
422.098388 0.010182
422.098388 0.011015
422.098388 0.011230
422.098388 0.010646
422.098388 0.009297
422.098388 0.009147
422.098388 0.009359
422.098388 0.009507
422.098388 0.009045
422.098388 0.009534
422.098388 0.009591
422.098388 0.009677
422.098388 0.009634
422.098388 0.008843
422.098388 0.009544
422.098388 0.009753
422.098388 0.009919
422.098388 0.009010
422.098388 0.009423
422.098388 0.010003
422.098388 0.009314
422.098388 0.009432
422.098388 0.009119
422.098388 0.010001
422.098388 0.009399
422.098388 0.008749
422.098388 0.009035
422.098388 0.008661
422.098388 0.009462
422.098388 0.009382
422.098388 0.008652
422.098388 0.009162
422.098388 0.010577
422.098388 0.010533
422.098388 0.009696
422.098388 0.008542
422.098388 0.008742
422.098388 0.012010
422.098388 0.011763
422.098388 0.011561
422.098388 0.008348
422.098388 0.010999
422.098388 0.012318
422.098388 0.010628
422.098388 0.011244
422.098388 0.011477
422.098388 0.011523
422.098388 0.009104
422.098388 0.013157
422.098388 0.010645
422.098388 0.010710
422.098388 0.011282
422.098388 0.015585
422.098388 0.015919
422.098388 0.009109
422.098388 0.009749
422.098388 0.009050
422.098388 0.015968
422.098388 0.012410
422.098388 0.009458
422.098388 0.009600
422.098388 0.009623
422.098388 0.011895
422.098388 0.008491
422.098388 0.009901
422.098388 0.017251
422.098388 0.011524
422.098388 0.013309
422.098388 0.007465
422.098388 0.007458
422.098388 0.007821
422.098388 0.007351
422.098388 0.008108
422.098388 0.008923
422.098388 0.009576
422.098388 0.009230
422.098388 0.009319
422.098388 0.007418
422.098388 0.007773
422.098388 0.007450
422.098388 0.007788
422.098388 0.007229
422.098388 0.016142
422.098388 0.008812
422.098388 0.008500
422.098388 0.013136
422.098388 0.008304
422.098388 0.008811
422.098388 0.016724
422.098388 0.010348
422.098388 0.016955
422.098388 0.010897
422.098388 0.011387
422.098388 0.016776
422.098388 0.014617
422.098388 0.010013
422.098388 0.017415
422.098388 0.012185
422.098388 0.011983
422.098388 0.011837
422.098388 0.007072
422.098388 0.007157
422.098388 0.007487
422.098388 0.007475
422.098388 0.007174
422.098388 0.007627
422.098388 0.007345
422.098388 0.008973
422.098388 0.010031
422.098388 0.010317
422.098388 0.010485
422.098388 0.010584
422.098388 0.007200
422.098388 0.007220
422.098388 0.007181
422.098388 0.007446
422.098388 0.007313
422.098388 0.007180
422.098388 0.007325
422.098388 0.007174
422.098388 0.007270
422.098388 0.007443
422.098388 0.007559
422.098388 0.007771
422.098388 0.010188
422.098388 0.009867
422.098388 0.010372
422.098388 0.011855
422.098388 0.010340
422.098388 0.010874
422.098388 0.012806
422.098388 0.012757
422.098388 0.009120
422.098388 0.009439
422.098388 0.009080
422.098388 0.011127
422.098388 0.011948
422.098388 0.011735
422.098388 0.010425
422.098388 0.009725
422.098388 0.009686
422.098388 0.009751
422.098388 0.012354
422.098388 0.009458
422.098388 0.012514
422.098388 0.010067
422.098388 0.012670
422.098388 0.008816
422.098388 0.012713
422.098388 0.009722
422.098388 0.010093
422.098388 0.009325
422.098388 0.010457
422.098388 0.012056
422.098388 0.009178
422.098388 0.009289
422.098388 0.011435
422.098388 0.011179
422.098388 0.009836
422.098388 0.009001
422.098388 0.009220
422.098388 0.010110
422.098388 0.010687
422.098388 0.011048
422.098388 0.009349
422.098388 0.009429
422.098388 0.009273
422.098388 0.009536
422.098388 0.009255
422.098388 0.009165
422.098388 0.008861
422.098388 0.009519
422.098388 0.010588
422.098388 0.010200
422.098388 0.009221
422.098388 0.009868
422.098388 0.010065
422.098388 0.009779
422.098388 0.009530
422.098388 0.009062
422.098388 0.009534
422.098388 0.009345
422.098388 0.009198
422.098388 0.009170
422.098388 0.009156
422.098388 0.009623
422.098388 0.009052
422.098388 0.008899
422.098388 0.008940
422.098388 0.008891
422.098388 0.008755
422.098388 0.009070
422.098388 0.009013
422.098388 0.009030
422.098388 0.009024
422.098388 0.008788
422.098388 0.008795
422.098388 0.009184
422.098388 0.009108
422.098388 0.009694
422.098388 0.009983
422.098388 0.009779
422.098388 0.012262
422.098388 0.009681
422.098388 0.009573
422.098388 0.012627
422.098388 0.008738
422.098388 0.009290
422.098388 0.008912
422.098388 0.013396
422.098388 0.013129
422.098388 0.012591
422.098388 0.011335
422.098388 0.009324
422.098388 0.011470
422.098388 0.013088
422.098388 0.009266
422.098388 0.012816
422.098388 0.010455
422.098388 0.011356
422.098388 0.010648
422.098388 0.010417
422.098388 0.009119
422.098388 0.010184
422.098388 0.011325
422.098388 0.011125
422.098388 0.010632
422.098388 0.010962
422.098388 0.012108
422.098388 0.011911
422.098388 0.012357
422.098388 0.012663
422.098388 0.012518
422.098388 0.012419
422.098388 0.012688
422.098388 0.012115
422.098388 0.010031
422.098388 0.011331
422.098388 0.010372
422.098388 0.010404
422.098388 0.012122
422.098388 0.009997
422.098388 0.010782
422.098388 0.010192
422.098388 0.011566
422.098388 0.010396
422.098388 0.010396
422.098388 0.012321
422.098388 0.011519
422.098388 0.011740
422.098388 0.010151
422.098388 0.010656
422.098388 0.013953
422.098388 0.011071
422.098388 0.010180
422.098388 0.010904
422.098388 0.011004
422.098388 0.014334
422.098388 0.012309
422.098388 0.012498
422.098388 0.009042
422.098388 0.009312
422.098388 0.009902
422.098388 0.009492
422.098388 0.008737
422.098388 0.011485
422.098388 0.012835
422.098388 0.011859
422.098388 0.012592
422.098388 0.011357
422.098388 0.009144
422.098388 0.011900
422.098388 0.009360
422.098388 0.010843
422.098388 0.010490
422.098388 0.014600
422.098388 0.011354
422.098388 0.012841
422.098388 0.008510
422.098388 0.009913
422.098388 0.010581
422.098388 0.012792
422.098388 0.011082
422.098388 0.014484
422.098388 0.009032
422.098388 0.011642
422.098388 0.010789
422.098388 0.010618
422.098388 0.009684
422.098388 0.010954
422.098388 0.011100
422.098388 0.011785
422.098388 0.008722
422.098388 0.009307
422.098388 0.008880
422.098388 0.008776
422.098388 0.009733
422.098388 0.010652
422.098388 0.010347
422.098388 0.008840
422.098388 0.010309
422.098388 0.011157
422.098388 0.009167
422.098388 0.012582
422.098388 0.009693
422.098388 0.008736
422.098388 0.008554
422.098388 0.009789
422.098388 0.009813
422.098388 0.008698
422.098388 0.011936
422.098388 0.009516
422.098388 0.012587
422.098388 0.012745
422.098388 0.010020
422.098388 0.010062
422.098388 0.009083
422.098388 0.008319
422.098388 0.008973
422.098388 0.009225
422.098388 0.010288
422.098388 0.008396
422.098388 0.010093
422.098388 0.010276
422.098388 0.009318
422.098388 0.009162
422.098388 0.009913
422.098388 0.009894
422.098388 0.009536
422.098388 0.009904
422.098388 0.009741
422.098388 0.009203
422.098388 0.009714
422.098388 0.009728
422.098388 0.009609
422.098388 0.012601
422.098388 0.009483
422.098388 0.012395
422.098388 0.008922
422.098388 0.008899
422.098388 0.009107
422.098388 0.011746
422.098388 0.009450
422.098388 0.009191
422.098388 0.009338
422.098388 0.009255
422.098388 0.009437
422.098388 0.011243
422.098388 0.011116
422.098388 0.009041
422.098388 0.008851
422.098388 0.009043
422.098388 0.008951
422.098388 0.010683
422.098388 0.010542
422.098388 0.010535
422.098388 0.009274
422.098388 0.009140
422.098388 0.009219
422.098388 0.009311
422.098388 0.009747
422.098388 0.009716
422.098388 0.008964
422.098388 0.009386
422.098388 0.010010
422.098388 0.008940
422.098388 0.009440
422.098388 0.009669
422.098388 0.010555
422.098388 0.010338
422.098388 0.009213
422.098388 0.008838
422.098388 0.008965
422.098388 0.009196
422.098388 0.009534
422.098388 0.008887
422.098388 0.009884
422.098388 0.008992
422.098388 0.009314
422.098388 0.009438
422.098388 0.009419
422.098388 0.008991
422.098388 0.008959
422.098388 0.009369
422.098388 0.008652
422.098388 0.009335
422.098388 0.008517
422.098388 0.009092
422.098388 0.008936
422.098388 0.009342
422.098388 0.009130
422.098388 0.009156
422.098388 0.009476
422.098388 0.010170
422.098388 0.009516
422.098388 0.009344
422.098388 0.011751
422.098388 0.012555
422.098388 0.009020
422.098388 0.012934
422.098388 0.009087
422.098388 0.012007
422.098388 0.012743
422.098388 0.008956
422.098388 0.012783
422.098388 0.008880
422.098388 0.012422
422.098388 0.008960
422.098388 0.010005
422.098388 0.011189
422.098388 0.011605
422.098388 0.008969
422.098388 0.008969
422.098388 0.010851
422.098388 0.011013
422.098388 0.008752
422.098388 0.009598
422.098388 0.011065
422.098388 0.010358
422.098388 0.010928
422.098388 0.009063
422.098388 0.009142
422.098388 0.009312
422.098388 0.009358
422.098388 0.009955
422.098388 0.009553
422.098388 0.010250
422.098388 0.009793
422.098388 0.009931
422.098388 0.011585
422.098388 0.009210
422.098388 0.010062
422.098388 0.009467
422.098388 0.008981
422.098388 0.010250
422.098388 0.010103
422.098388 0.009497
422.098388 0.009292
422.098388 0.010848
422.098388 0.009207
422.098388 0.012510
422.098388 0.009216
422.098388 0.009634
422.098388 0.008884
422.098388 0.009300
422.098388 0.010553
422.098388 0.010535
422.098388 0.010675
422.098388 0.009346
422.098388 0.009633
422.098388 0.012180
422.098388 0.010893
422.098388 0.009422
422.098388 0.009348
422.098388 0.009289
422.098388 0.009208
422.098388 0.009820
422.098388 0.009402
422.098388 0.009983
422.098388 0.009088
422.098388 0.010935
422.098388 0.009287
422.098388 0.010269
422.098388 0.010127
422.098388 0.009647
422.098388 0.010074
422.098388 0.008967
422.098388 0.009544
422.098388 0.009303
422.098388 0.013589
422.098388 0.009213
422.098388 0.009132
422.098388 0.009514
422.098388 0.010424
422.098388 0.009274
422.098388 0.010139
422.098388 0.009129
422.098388 0.010615
422.098388 0.008715
422.098388 0.009302
422.098388 0.008665
422.098388 0.010782
422.098388 0.012464
422.098388 0.011318
422.098388 0.009540
422.098388 0.009487
422.098388 0.008649
422.098388 0.009099
422.098388 0.009970
422.098388 0.009952
422.098388 0.010049
422.098388 0.009014
422.098388 0.009144
422.098388 0.012319
422.098388 0.010335
422.098388 0.009343
422.098388 0.010595
422.098388 0.010200
422.098388 0.009401
422.098388 0.009501
422.098388 0.010257
422.098388 0.009310
422.098388 0.012515
422.098388 0.012478
422.098388 0.009130
422.098388 0.009501
422.098388 0.008748
422.098388 0.009760
422.098388 0.009156
422.098388 0.008924
422.098388 0.009406
422.098388 0.010695
422.098388 0.011530
422.098388 0.010797
422.098388 0.012419
422.098388 0.011310
422.098388 0.009963
422.098388 0.008453
422.098388 0.012306
422.098388 0.009356
422.098388 0.009734
422.098388 0.012826
422.098388 0.012579
422.098388 0.012646
422.098388 0.012858
422.098388 0.010433
422.098388 0.009836
422.098388 0.012544
422.098388 0.008564
422.098388 0.009039
422.098388 0.012441
422.098388 0.010155
422.098388 0.012253
422.098388 0.012389
422.098388 0.010852
422.098388 0.011186
422.098388 0.010137
422.098388 0.011440
422.098388 0.010610
422.098388 0.010973
422.098388 0.011078
422.098388 0.010811
422.098388 0.017912
422.098388 0.014726
422.098388 0.013740
422.098388 0.016341
422.098388 0.015021
422.098388 0.013598
422.098388 0.009347
422.098388 0.008595
422.098388 0.009712
422.098388 0.009034
422.098388 0.009158
422.098388 0.009161
422.098388 0.010009
422.098388 0.008903
422.098388 0.009252
422.098388 0.010821
422.098388 0.008939
422.098388 0.009498
422.098388 0.010118
422.098388 0.009280
422.098388 0.009069
422.098388 0.012224
422.098388 0.009012
422.098388 0.008843
422.098388 0.009385
422.098388 0.008970
422.098388 0.008352
422.098388 0.008363
422.098388 0.010660
422.098388 0.008434
422.098388 0.008863
422.098388 0.009114
422.098388 0.010328
422.098388 0.009733
422.098388 0.008449
422.098388 0.012413
422.098388 0.010806
422.098388 0.011381
422.098388 0.009341
422.098388 0.009416
422.098388 0.009389
422.098388 0.009409
422.098388 0.009133
422.098388 0.009422
422.098388 0.010139
422.098388 0.009247
422.098388 0.009514
422.098388 0.009234
422.098388 0.009196
422.098388 0.009754
422.098388 0.011785
422.098388 0.009373
422.098388 0.009491
422.098388 0.009293
422.098388 0.009470
422.098388 0.009398
422.098388 0.009028
422.098388 0.009304
422.098388 0.008683
422.098388 0.010571
422.098388 0.010292
422.098388 0.008870
422.098388 0.008897
422.098388 0.009289
422.098388 0.008981
422.098388 0.009064
422.098388 0.010476
422.098388 0.010168
422.098388 0.008943
422.098388 0.009450
422.098388 0.009893
422.098388 0.010586
422.098388 0.009917
422.098388 0.011294
422.098388 0.009838
422.098388 0.012117
422.098388 0.010107
422.098388 0.010047
422.098388 0.011473
422.098388 0.010407
422.098388 0.010705
422.098388 0.009450
422.098388 0.012969
422.098388 0.009067
422.098388 0.009276
422.098388 0.009572
422.098388 0.010424
422.098388 0.009019
422.098388 0.012928
422.098388 0.009987
422.098388 0.011553
422.098388 0.015585
422.098388 0.011012
422.098388 0.016517
422.098388 0.015951
422.098388 0.016884
422.098388 0.015094
422.098388 0.016492
422.098388 0.012806
422.098388 0.013506
422.098388 0.013426
422.098388 0.014332
422.098388 0.008950
422.098388 0.009421
422.098388 0.009665
422.098388 0.009318
422.098388 0.009852
422.098388 0.010541
422.098388 0.009604
422.098388 0.009626
422.098388 0.010107
422.098388 0.009601
422.098388 0.009785
422.098388 0.010118
422.098388 0.009808
422.098388 0.009376
422.098388 0.009001
422.098388 0.009560
422.098388 0.009863
422.098388 0.011255
422.098388 0.009342
422.098388 0.009157
422.098388 0.012861
422.098388 0.009316
422.098388 0.009338
422.098388 0.008980
422.098388 0.009519
422.098388 0.009607
422.098388 0.009067
422.098388 0.010472
422.098388 0.010219
422.098388 0.008915
422.098388 0.010216
422.098388 0.011400
422.098388 0.009325
422.098388 0.009103
422.098388 0.009163
422.098388 0.009688
422.098388 0.009564
422.098388 0.009235
422.098388 0.009205
422.098388 0.009174
422.098388 0.009730
422.098388 0.010456
422.098388 0.009942
422.098388 0.009699
422.098388 0.009898
422.098388 0.008958
422.098388 0.009983
422.098388 0.009264
422.098388 0.010126
422.098388 0.009411
422.098388 0.009136
422.098388 0.009153
422.098388 0.008764
422.098388 0.009550
422.098388 0.008955
422.098388 0.009334
422.098388 0.009363
422.098388 0.009490
422.098388 0.009333
422.098388 0.010383
422.098388 0.009953
422.098388 0.008966
422.098388 0.009160
422.098388 0.009355
422.098388 0.009189
422.098388 0.009019
422.098388 0.009676
422.098388 0.009211
422.098388 0.008824
422.098388 0.010365
422.098388 0.012413
422.098388 0.011146
422.098388 0.009116
422.098388 0.011817
422.098388 0.012031
422.098388 0.012767
422.098388 0.010789
422.098388 0.009445
422.098388 0.009106
422.098388 0.011063
422.098388 0.009257
422.098388 0.012379
422.098388 0.008969
422.098388 0.010839
422.098388 0.008807
422.098388 0.009397
422.098388 0.009251
422.098388 0.009381
422.098388 0.011379
422.098388 0.010867
422.098388 0.010092
422.098388 0.010601
422.098388 0.010550
422.098388 0.010546
422.098388 0.011246
422.098388 0.010903
422.098388 0.009298
422.098388 0.009243
422.098388 0.009031
422.098388 0.009392
422.098388 0.009500
422.098388 0.009581
422.098388 0.009126
422.098388 0.009855
422.098388 0.009327
422.098388 0.009890
422.098388 0.010601
422.098388 0.009682
422.098388 0.009261
422.098388 0.009423
422.098388 0.009326
422.098388 0.009233
422.098388 0.009237
422.098388 0.008835
422.098388 0.010479
422.098388 0.008634
422.098388 0.008775
422.098388 0.011549
422.098388 0.008764
422.098388 0.009272
422.098388 0.008901
422.098388 0.009240
422.098388 0.010273
422.098388 0.009220
422.098388 0.010639
422.098388 0.009888
422.098388 0.010462
422.098388 0.010320
422.098388 0.009111
422.098388 0.009460
422.098388 0.009753
422.098388 0.009484
422.098388 0.009495
422.098388 0.009679
422.098388 0.009899
422.098388 0.009392
422.098388 0.012379
422.098388 0.012232
422.098388 0.011245
422.098388 0.009462
422.098388 0.008782
422.098388 0.009313
422.098388 0.009241
422.098388 0.009287
422.098388 0.012870
422.098388 0.011907
422.098388 0.011763
422.098388 0.009109
422.098388 0.009289
422.098388 0.011445
422.098388 0.010473
422.098388 0.010031
422.098388 0.011736
422.098388 0.010263
422.098388 0.008864
422.098388 0.010727
422.098388 0.010395
422.098388 0.010057
422.098388 0.012517
422.098388 0.011711
422.098388 0.009707
422.098388 0.010328
422.098388 0.008818
422.098388 0.010365
422.098388 0.009467
422.098388 0.009442
422.098388 0.011239
422.098388 0.013637
422.098388 0.009996
422.098388 0.013549
422.098388 0.013054
422.098388 0.012149
422.098388 0.012311
422.098388 0.011948
422.098388 0.009217
422.098388 0.012572
422.098388 0.013133
422.098388 0.011958
422.098388 0.008953
422.098388 0.010610
422.098388 0.013352
422.098388 0.010490
422.098388 0.010451
422.098388 0.010339
422.098388 0.008344
422.098388 0.010931
422.098388 0.010033
422.098388 0.010333
422.098388 0.010677
422.098388 0.014015
422.098388 0.010539
422.098388 0.011543
422.098388 0.009130
422.098388 0.009424
422.098388 0.009529
422.098388 0.009615
422.098388 0.009470
422.098388 0.009650
422.098388 0.009097
422.098388 0.010168
422.098388 0.009420
422.098388 0.010111
422.098388 0.009078
422.098388 0.010828
422.098388 0.009411
422.098388 0.012296
422.098388 0.009033
422.098388 0.009764
422.098388 0.009432
422.098388 0.009556
422.098388 0.010152
422.098388 0.009680
422.098388 0.009231
422.098388 0.009222
422.098388 0.009589
422.098388 0.010955
422.098388 0.011069
422.098388 0.009062
422.098388 0.009581
422.098388 0.008737
422.098388 0.008646
422.098388 0.009133
422.098388 0.009526
422.098388 0.010263
422.098388 0.008818
422.098388 0.009452
422.098388 0.009228
422.098388 0.009529
422.098388 0.009102
422.098388 0.009173
422.098388 0.009811
422.098388 0.009807
422.098388 0.009305
422.098388 0.010468
422.098388 0.009658
422.098388 0.010115
422.098388 0.009210
422.098388 0.010458
422.098388 0.009379
422.098388 0.009718
422.098388 0.008883
422.098388 0.008854
422.098388 0.009285
422.098388 0.009312
422.098388 0.009309
422.098388 0.009509
422.098388 0.010169
422.098388 0.009151
422.098388 0.009064
422.098388 0.009537
422.098388 0.009294
422.098388 0.010414
422.098388 0.009130
422.098388 0.009533
422.098388 0.009756
422.098388 0.010263
422.098388 0.008976
422.098388 0.009107
422.098388 0.009451
422.098388 0.009719
422.098388 0.009598
422.098388 0.010149
422.098388 0.009880
422.098388 0.009557
422.098388 0.009609
422.098388 0.009509
422.098388 0.009743
422.098388 0.009960
422.098388 0.009263
422.098388 0.010045
422.098388 0.009386
422.098388 0.009163
422.098388 0.009007
422.098388 0.012662
422.098388 0.009245
422.098388 0.009735
422.098388 0.009189
422.098388 0.010344
422.098388 0.009052
422.098388 0.009245
422.098388 0.009019
422.098388 0.008972
422.098388 0.009511
422.098388 0.008886
422.098388 0.009004
422.098388 0.010084
422.098388 0.009278
422.098388 0.011445
422.098388 0.009545
422.098388 0.009185
422.098388 0.008932
422.098388 0.009195
422.098388 0.009342
422.098388 0.009045
422.098388 0.010410
422.098388 0.009690
422.098388 0.010914
422.098388 0.009457
422.098388 0.009942
422.098388 0.009489
422.098388 0.009379
422.098388 0.010081
422.098388 0.009061
422.098388 0.009232
422.098388 0.010485
422.098388 0.010216
422.098388 0.009536
422.098388 0.009476
422.098388 0.009371
422.098388 0.009005
422.098388 0.009048
422.098388 0.009222
422.098388 0.009031
422.098388 0.008653
422.098388 0.012717
422.098388 0.009035
422.098388 0.009043
422.098388 0.009732
422.098388 0.008869
422.098388 0.011581
422.098388 0.009222
422.098388 0.009157
422.098388 0.008907
422.098388 0.010216
422.098388 0.009250
422.098388 0.010358
422.098388 0.009054
422.098388 0.009446
422.098388 0.010497
422.098388 0.009781
422.098388 0.011013
422.098388 0.009615
422.098388 0.009323
422.098388 0.009994
422.098388 0.009900
422.098388 0.009074
422.098388 0.009377
422.098388 0.009824
422.098388 0.009989
422.098388 0.008951
422.098388 0.010161
422.098388 0.010017
422.098388 0.009078
422.098388 0.009158
422.098388 0.008612
422.098388 0.009199
422.098388 0.010373
422.098388 0.009650
422.098388 0.009238
422.098388 0.009087
422.098388 0.010418
422.098388 0.009507
422.098388 0.009139
422.098388 0.009338
422.098388 0.009554
422.098388 0.010374
422.098388 0.009208
422.098388 0.009974
422.098388 0.011879
422.098388 0.010348
422.098388 0.009982
422.098388 0.009932
422.098388 0.010084
422.098388 0.011567
422.098388 0.010183
422.098388 0.009211
422.098388 0.009505
422.098388 0.010162
422.098388 0.009324
422.098388 0.009129
422.098388 0.009452
422.098388 0.010519
422.098388 0.009919
422.098388 0.009533
422.098388 0.010464
422.098388 0.011144
422.098388 0.009327
422.098388 0.009587
422.098388 0.009339
422.098388 0.009197
422.098388 0.010278
422.098388 0.010548
422.098388 0.010079
422.098388 0.009135
422.098388 0.008470
422.098388 0.008839
422.098388 0.008682
422.098388 0.009328
422.098388 0.008973
422.098388 0.009658
422.098388 0.009388
422.098388 0.009563
422.098388 0.010116
422.098388 0.009356
422.098388 0.009205
422.098388 0.010325
422.098388 0.008778
422.098388 0.010185
422.098388 0.011396
422.098388 0.009203
422.098388 0.008700
422.098388 0.008465
422.098388 0.011498
422.098388 0.009232
422.098388 0.009179
422.098388 0.009600
422.098388 0.008984
422.098388 0.009795
422.098388 0.010520
422.098388 0.010425
422.098388 0.008419
422.098388 0.009163
422.098388 0.010593
422.098388 0.010329
422.098388 0.010559
422.098388 0.010056
422.098388 0.009380
422.098388 0.009395
422.098388 0.009104
422.098388 0.009610
422.098388 0.009963
422.098388 0.009521
422.098388 0.009784
422.098388 0.012029
422.098388 0.010016
422.098388 0.009492
422.098388 0.009857
422.098388 0.008951
422.098388 0.012454
422.098388 0.009366
422.098388 0.009222
422.098388 0.010021
422.098388 0.012461
422.098388 0.010079
422.098388 0.009437
422.098388 0.009005
422.098388 0.010376
422.098388 0.009114
422.098388 0.008865
422.098388 0.009372
422.098388 0.011107
422.098388 0.010129
422.098388 0.009221
422.098388 0.008968
422.098388 0.009514
422.098388 0.009508
422.098388 0.011299
422.098388 0.010631
422.098388 0.009352
422.098388 0.008580
422.098388 0.008903
422.098388 0.009098
422.098388 0.009412
422.098388 0.009684
422.098388 0.009295
422.098388 0.009567
422.098388 0.010019
422.098388 0.009644
422.098388 0.009772
422.098388 0.009588
422.098388 0.009096
422.098388 0.009066
422.098388 0.009310
422.098388 0.009300
422.098388 0.010131
422.098388 0.009115
422.098388 0.009955
422.098388 0.009164
422.098388 0.010052
422.098388 0.008492
422.098388 0.008917
422.098388 0.009265
422.098388 0.009448
422.098388 0.010408
422.098388 0.008973
422.098388 0.008929
422.098388 0.009560
422.098388 0.009537
422.098388 0.009412
422.098388 0.010472
422.098388 0.009358
422.098388 0.009905
422.098388 0.009877
422.098388 0.009657
422.098388 0.009447
422.098388 0.008815
422.098388 0.009773
422.098388 0.010280
422.098388 0.009145
422.098388 0.009737
422.098388 0.009451
422.098388 0.009291
422.098388 0.009311
422.098388 0.009241
422.098388 0.009705
422.098388 0.010500
422.098388 0.009719
422.098388 0.010476
422.098388 0.009194
422.098388 0.009159
422.098388 0.009995
422.098388 0.010094
422.098388 0.009169
422.098388 0.009386
422.098388 0.009885
422.098388 0.009092
422.098388 0.010446
422.098388 0.008839
422.098388 0.010434
422.098388 0.009052
422.098388 0.008354
422.098388 0.009223
422.098388 0.008715
422.098388 0.009055
422.098388 0.009503
422.098388 0.009482
422.098388 0.009141
422.098388 0.009414
422.098388 0.009370
422.098388 0.009804
422.098388 0.009335
422.098388 0.009293
422.098388 0.009750
422.098388 0.009775
422.098388 0.009364
422.098388 0.010469
422.098388 0.009082
422.098388 0.010065
422.098388 0.009723
422.098388 0.008700
422.098388 0.009399
422.098388 0.010262
422.098388 0.009191
422.098388 0.009031
422.098388 0.009104
422.098388 0.009137
422.098388 0.008847
422.098388 0.009249
422.098388 0.009758
422.098388 0.008576
422.098388 0.008997
422.098388 0.009170
422.098388 0.009095
422.098388 0.009324
417.600923 0.009159
417.600923 0.009987
417.600923 0.008843
417.600923 0.010887
417.600923 0.010851
417.600923 0.008813
417.600923 0.009786
417.600923 0.012126
417.600923 0.008512
417.600923 0.014223
417.600923 0.012622
417.600923 0.012270
417.600923 0.010966
417.600923 0.015000
417.600923 0.010043
417.600923 0.014570
417.600923 0.009115
417.600923 0.013793
417.600923 0.012408
417.600923 0.011396
417.600923 0.012206
417.600923 0.009765
417.600923 0.014381
417.600923 0.009936
417.600923 0.011847
417.600923 0.009520
417.600923 0.016167
417.600923 0.009580
417.600923 0.010391
417.600923 0.011248
417.600923 0.013376
417.600923 0.011120
417.600923 0.009276
417.600923 0.009513
417.600923 0.009614
417.600923 0.010243
417.600923 0.009700
417.600923 0.010049
417.600923 0.010212
417.600923 0.009830
417.600923 0.009341
417.600923 0.011718
417.600923 0.009176
417.600923 0.010500
417.600923 0.012064
417.600923 0.009186
417.600923 0.009837
417.600923 0.009688
417.600923 0.010222
417.600923 0.009096
417.600923 0.009602
417.600923 0.009140
417.600923 0.009376
417.600923 0.009781
417.600923 0.009390
417.600923 0.010442
417.600923 0.010665
417.600923 0.009030
417.600923 0.009410
417.600923 0.008902
417.600923 0.010263
417.600923 0.008790
417.600923 0.009401
417.600923 0.010673
417.600923 0.009423
417.600923 0.008946
417.600923 0.009454
417.600923 0.009822
417.600923 0.009805
417.600923 0.009548
417.600923 0.009109
417.600923 0.010617
417.600923 0.009353
417.600923 0.009544
417.600923 0.010022
417.600923 0.009257
417.600923 0.009019
417.600923 0.010376
417.600923 0.010212
417.600923 0.009245
417.600923 0.009105
417.600923 0.010128
417.600923 0.009434
417.600923 0.009978
417.600923 0.009180
417.600923 0.008854
417.600923 0.009271
417.600923 0.008686
417.600923 0.008897
417.600923 0.009612
417.600923 0.010585
417.600923 0.009618
417.600923 0.008820
417.600923 0.009806
417.600923 0.010689
417.600923 0.009824
417.600923 0.009309
417.600923 0.009273
417.600923 0.010221
417.600923 0.010565
417.600923 0.009224
417.600923 0.010159
417.600923 0.009236
417.600923 0.009731
417.600923 0.010611
417.600923 0.009328
417.600923 0.010411
417.600923 0.013875
417.600923 0.011135
417.600923 0.013644
417.600923 0.011667
417.600923 0.010430
417.600923 0.009612
417.600923 0.009267
417.600923 0.013275
417.600923 0.012647
417.600923 0.009465
417.600923 0.012043
417.600923 0.010533
417.600923 0.011783
417.600923 0.009537
417.600923 0.011633
417.600923 0.014941
417.600923 0.011322
417.600923 0.010242
417.600923 0.009411
417.600923 0.014107
417.600923 0.009800
417.600923 0.008468
417.600923 0.008887
417.600923 0.008761
417.600923 0.009202
417.600923 0.009523
417.600923 0.009763
417.600923 0.009871
417.600923 0.009732
417.600923 0.012472
417.600923 0.011779
417.600923 0.009655
417.600923 0.008985
417.600923 0.009524
417.600923 0.012835
417.600923 0.008692
417.600923 0.011880
417.600923 0.009401
417.600923 0.011968
417.600923 0.008478
417.600923 0.010972
417.600923 0.008905
417.600923 0.009179
417.600923 0.008417
417.600923 0.009001
417.600923 0.009366
417.600923 0.010184
417.600923 0.008354
417.600923 0.009963
417.600923 0.010450
417.600923 0.012767
417.600923 0.011269
417.600923 0.011589
417.600923 0.008840
417.600923 0.011513
417.600923 0.010961
417.600923 0.009293
417.600923 0.011060
417.600923 0.011891
417.600923 0.012091
417.600923 0.012010
417.600923 0.012667
417.600923 0.009769
417.600923 0.011873
417.600923 0.010657
417.600923 0.013529
417.600923 0.010893
417.600923 0.011360
417.600923 0.011270
417.600923 0.011851
417.600923 0.011248
417.600923 0.010522
417.600923 0.009426
417.600923 0.009114
417.600923 0.010314
417.600923 0.009068
417.600923 0.010005
417.600923 0.010109
417.600923 0.009344
417.600923 0.011375
417.600923 0.014286
417.600923 0.009910
417.600923 0.011932
417.600923 0.009703
417.600923 0.012044
417.600923 0.009536
417.600923 0.009227
417.600923 0.009226
417.600923 0.009721
417.600923 0.009528
417.600923 0.010224
417.600923 0.010766
417.600923 0.009726
417.600923 0.009469
417.600923 0.010063
417.600923 0.011639
417.600923 0.012027
417.600923 0.009312
417.600923 0.010007
417.600923 0.009151
417.600923 0.009906
417.600923 0.009366
417.600923 0.010109
417.600923 0.009167
417.600923 0.009621
417.600923 0.010244
417.600923 0.010421
417.600923 0.009351
417.600923 0.009148
417.600923 0.011567
417.600923 0.013426
417.600923 0.011490
417.600923 0.013047
417.600923 0.009994
417.600923 0.013059
417.600923 0.011330
417.600923 0.011918
417.600923 0.009116
417.600923 0.009331
417.600923 0.010381
417.600923 0.011421
417.600923 0.012467
417.600923 0.008988
417.600923 0.012271
417.600923 0.012077
417.600923 0.010517
417.600923 0.012730
417.600923 0.010136
417.600923 0.010500
417.600923 0.015072
417.600923 0.012479
417.600923 0.008565
417.600923 0.013444
417.600923 0.011473
417.600923 0.012758
417.600923 0.010673
417.600923 0.011786
417.600923 0.010210
417.600923 0.010739
417.600923 0.017338
417.600923 0.016218
417.600923 0.013007
417.600923 0.011686
417.600923 0.011900
417.600923 0.017790
417.600923 0.013590
417.600923 0.011029
417.600923 0.013393
417.600923 0.013662
417.600923 0.009636
417.600923 0.009387
417.600923 0.009193
417.600923 0.010024
417.600923 0.009134
417.600923 0.010367
417.600923 0.010577
417.600923 0.010523
417.600923 0.010312
417.600923 0.009280
417.600923 0.010180
417.600923 0.009692
417.600923 0.009170
417.600923 0.009689
417.600923 0.009237
417.600923 0.010259
417.600923 0.010058
417.600923 0.012373
417.600923 0.010336
417.600923 0.009395
417.600923 0.009633
417.600923 0.009328
417.600923 0.009795
417.600923 0.010252
417.600923 0.009932
417.600923 0.009319
417.600923 0.008792
417.600923 0.010637
417.600923 0.009159
417.600923 0.009168
417.600923 0.009337
417.600923 0.009649
417.600923 0.008663
417.600923 0.012026
417.600923 0.012065
417.600923 0.011855
417.600923 0.011458
417.600923 0.012334
417.600923 0.011400
417.600923 0.012644
417.600923 0.010340
417.600923 0.014722
417.600923 0.010840
417.600923 0.010373
417.600923 0.012453
417.600923 0.012905
417.600923 0.010545
417.600923 0.008737
417.600923 0.010225
417.600923 0.015048
417.600923 0.011773
417.600923 0.009423
417.600923 0.009448
417.600923 0.009548
417.600923 0.011147
417.600923 0.012389
417.600923 0.010715
417.600923 0.010721
417.600923 0.010713
417.600923 0.012212
417.600923 0.017533
417.600923 0.017530
417.600923 0.014133
417.600923 0.014189
417.600923 0.008032
417.600923 0.008387
417.600923 0.008925
417.600923 0.010485
417.600923 0.008971
417.600923 0.007910
417.600923 0.011304
417.600923 0.013042
417.600923 0.008042
417.600923 0.011238
417.600923 0.009255
417.600923 0.008992
417.600923 0.011392
417.600923 0.012312
417.600923 0.008418
417.600923 0.009664
417.600923 0.014434
417.600923 0.013852
417.600923 0.014457
417.600923 0.011096
417.600923 0.008601
417.600923 0.009109
417.600923 0.008636
417.600923 0.007743
417.600923 0.007895
417.600923 0.008814
417.600923 0.009935
417.600923 0.008777
417.600923 0.010335
417.600923 0.009177
417.600923 0.009943
417.600923 0.010105
417.600923 0.008899
417.600923 0.008785
417.600923 0.010261
417.600923 0.009878
417.600923 0.009081
417.600923 0.009449
417.600923 0.010172
417.600923 0.008896
417.600923 0.012104
417.600923 0.009540
417.600923 0.013004
417.600923 0.011713
417.600923 0.012278
417.600923 0.008993
417.600923 0.012073
417.600923 0.008527
417.600923 0.008443
417.600923 0.009858
417.600923 0.008777
417.600923 0.014748
417.600923 0.015299
417.600923 0.009768
417.600923 0.009477
417.600923 0.010632
417.600923 0.009958
417.600923 0.016982
417.600923 0.009023
417.600923 0.009447
417.600923 0.011048
417.600923 0.011490
417.600923 0.009635
417.600923 0.013568
417.600923 0.009279
417.600923 0.009512
417.600923 0.010343
417.600923 0.009239
417.600923 0.009345
417.600923 0.009684
417.600923 0.009978
417.600923 0.009810
417.600923 0.009487
417.600923 0.011411
417.600923 0.009732
417.600923 0.010286
417.600923 0.009544
417.600923 0.011580
417.600923 0.009717
417.600923 0.011709
417.600923 0.009238
417.600923 0.010633
417.600923 0.009563
417.600923 0.008769
417.600923 0.008930
417.600923 0.009617
417.600923 0.009019
417.600923 0.008667
417.600923 0.010776
417.600923 0.009171
417.600923 0.009067
417.600923 0.009521
417.600923 0.009687
417.600923 0.009120
417.600923 0.010352
417.600923 0.009933
417.600923 0.009543
417.600923 0.009463
417.600923 0.009342
417.600923 0.009281
417.600923 0.009852
417.600923 0.009414
417.600923 0.009295
417.600923 0.009610
417.600923 0.009477
417.600923 0.012188
417.600923 0.009150
417.600923 0.011611
417.600923 0.009450
417.600923 0.010305
417.600923 0.009027
417.600923 0.012697
417.600923 0.009236
417.600923 0.009211
417.600923 0.012685
417.600923 0.010507
417.600923 0.012769
417.600923 0.011277
417.600923 0.008668
417.600923 0.008911
417.600923 0.009671
417.600923 0.010543
417.600923 0.010434
417.600923 0.010579
417.600923 0.010294
417.600923 0.012069
417.600923 0.011369
417.600923 0.011576
417.600923 0.009142
417.600923 0.009277
417.600923 0.009845
417.600923 0.011002
417.600923 0.009808
417.600923 0.009161
417.600923 0.009397
417.600923 0.010489
417.600923 0.009701
417.600923 0.009982
417.600923 0.010464
417.600923 0.013443
417.600923 0.010322
417.600923 0.009386
417.600923 0.014667
417.600923 0.012038
417.600923 0.009931
417.600923 0.009790
417.600923 0.010075
417.600923 0.012919
417.600923 0.014538
417.600923 0.017088
417.600923 0.011344
417.600923 0.012887
417.600923 0.010856
417.600923 0.012089
417.600923 0.017335
417.600923 0.014069
417.600923 0.010871
417.600923 0.013643
417.600923 0.011971
417.600923 0.013719
417.600923 0.009482
417.600923 0.009319
417.600923 0.009367
417.600923 0.009328
417.600923 0.010624
417.600923 0.010174
417.600923 0.012165
417.600923 0.009460
417.600923 0.010294
417.600923 0.009370
417.600923 0.012481
417.600923 0.010418
417.600923 0.010700
417.600923 0.010402
417.600923 0.009644
417.600923 0.009304
417.600923 0.008664
417.600923 0.011981
417.600923 0.008988
417.600923 0.010523
417.600923 0.011303
417.600923 0.009233
417.600923 0.010438
417.600923 0.009644
417.600923 0.010423
417.600923 0.010055
417.600923 0.009620
417.600923 0.010771
417.600923 0.015111
417.600923 0.015490
417.600923 0.012111
417.600923 0.012399
417.600923 0.009511
417.600923 0.009378
417.600923 0.009552
417.600923 0.009876
417.600923 0.009938
417.600923 0.009999
417.600923 0.010251
417.600923 0.010125
417.600923 0.009881
417.600923 0.009781
417.600923 0.009555
417.600923 0.009833
417.600923 0.010321
417.600923 0.009525
417.600923 0.011963
417.600923 0.009553
417.600923 0.009535
417.600923 0.009457
417.600923 0.009672
417.600923 0.009526
417.600923 0.012356
417.600923 0.012885
417.600923 0.009434
417.600923 0.012652
417.600923 0.010891
417.600923 0.009887
417.600923 0.009256
417.600923 0.009421
417.600923 0.009660
417.600923 0.011477
417.600923 0.011361
417.600923 0.010755
417.600923 0.009127
417.600923 0.009348
417.600923 0.009317
417.600923 0.009973
417.600923 0.009479
417.600923 0.009878
417.600923 0.010032
417.600923 0.009796
417.600923 0.010052
417.600923 0.009833
417.600923 0.012613
417.600923 0.010132
417.600923 0.012808
417.600923 0.012691
417.600923 0.009067
417.600923 0.009551
417.600923 0.012705
417.600923 0.009092
417.600923 0.012125
417.600923 0.009262
417.600923 0.009564
417.600923 0.009313
417.600923 0.009236
417.600923 0.009177
417.600923 0.011179
417.600923 0.009299
417.600923 0.010622
417.600923 0.011432
417.600923 0.009241
417.600923 0.010475
417.600923 0.010808
417.600923 0.008842
417.600923 0.008388
417.600923 0.009542
417.600923 0.008780
417.600923 0.009698
417.600923 0.009338
417.600923 0.009561
417.600923 0.009967
417.600923 0.009272
417.600923 0.009860
417.600923 0.010202
417.600923 0.009742
417.600923 0.009460
417.600923 0.009736
417.600923 0.009930
417.600923 0.009248
417.600923 0.009417
417.600923 0.010396
417.600923 0.009031
417.600923 0.009218
417.600923 0.010825
417.600923 0.009334
417.600923 0.009523
417.600923 0.008129
417.600923 0.009077
417.600923 0.009412
417.600923 0.010519
417.600923 0.009598
417.600923 0.009233
417.600923 0.010433
417.600923 0.009196
417.600923 0.009263
417.600923 0.010166
417.600923 0.008704
417.600923 0.009373
417.600923 0.008986
417.600923 0.009646
417.600923 0.009776
417.600923 0.010367
417.600923 0.009798
417.600923 0.009504
417.600923 0.009761
417.600923 0.009372
417.600923 0.012052
417.600923 0.010188
417.600923 0.009614
417.600923 0.010060
417.600923 0.012551
417.600923 0.008717
417.600923 0.008870
417.600923 0.010029
417.600923 0.009353
417.600923 0.009476
417.600923 0.009425
417.600923 0.009170
417.600923 0.009104
417.600923 0.009050
417.600923 0.008949
417.600923 0.009321
417.600923 0.011050
417.600923 0.009310
417.600923 0.011301
417.600923 0.008776
417.600923 0.009328
417.600923 0.008753
417.600923 0.009108
417.600923 0.009366
417.600923 0.009177
417.600923 0.008689
417.600923 0.009890
417.600923 0.009723
417.600923 0.009617
417.600923 0.009357
417.600923 0.009325
417.600923 0.009821
417.600923 0.010399
417.600923 0.010139
417.600923 0.009403
417.600923 0.009539
417.600923 0.009282
417.600923 0.010205
417.600923 0.009061
417.600923 0.009451
417.600923 0.009482
417.600923 0.010034
417.600923 0.008843
417.600923 0.009258
417.600923 0.009318
417.600923 0.009989
417.600923 0.009290
417.600923 0.009397
417.600923 0.012966
417.600923 0.008565
417.600923 0.009781
417.600923 0.009048
417.600923 0.008754
417.600923 0.010404
417.600923 0.009302
417.600923 0.008969
417.600923 0.009313
417.600923 0.009588
417.600923 0.009064
417.600923 0.009424
417.600923 0.010042
417.600923 0.012381
417.600923 0.012471
417.600923 0.009285
417.600923 0.009254
417.600923 0.009273
417.600923 0.013207
417.600923 0.012585
417.600923 0.012745
417.600923 0.013399
417.600923 0.010428
417.600923 0.011748
417.600923 0.009221
417.600923 0.009008
417.600923 0.009890
417.600923 0.009253
417.600923 0.010595
417.600923 0.011601
417.600923 0.011901
417.600923 0.010687
417.600923 0.008598
417.600923 0.011816
417.600923 0.011320
417.600923 0.011194
417.600923 0.010954
417.600923 0.010883
417.600923 0.009146
417.600923 0.009201
417.600923 0.009141
417.600923 0.009538
417.600923 0.008810
417.600923 0.010234
417.600923 0.008965
417.600923 0.008690
417.600923 0.010923
417.600923 0.010687
417.600923 0.012344
417.600923 0.012287
417.600923 0.009097
417.600923 0.012369
417.600923 0.008558
417.600923 0.009410
417.600923 0.009392
417.600923 0.008750
417.600923 0.010837
417.600923 0.013000
417.600923 0.008679
417.600923 0.008940
417.600923 0.009308
417.600923 0.010424
417.600923 0.011544
417.600923 0.009950
417.600923 0.008373
417.600923 0.011066
417.600923 0.011400
417.600923 0.009786
417.600923 0.010740
417.600923 0.012560
417.600923 0.009474
417.600923 0.009986
417.600923 0.008616
417.600923 0.009451
417.600923 0.009589
417.600923 0.009970
417.600923 0.010130
417.600923 0.009379
417.600923 0.009955
417.600923 0.012258
417.600923 0.009517
417.600923 0.011634
417.600923 0.009433
417.600923 0.010372
417.600923 0.009176
417.600923 0.009739
417.600923 0.009380
417.600923 0.009544
417.600923 0.009650
417.600923 0.010564
417.600923 0.008578
417.600923 0.011037
417.600923 0.012986
417.600923 0.010580
417.600923 0.009711
417.600923 0.010538
417.600923 0.008921
417.600923 0.010106
417.600923 0.011057
417.600923 0.011592
417.600923 0.013221
417.600923 0.012622
417.600923 0.009317
417.600923 0.009071
417.600923 0.009688
417.600923 0.009337
417.600923 0.009237
417.600923 0.009581
417.600923 0.009197
417.600923 0.009591
417.600923 0.012051
417.600923 0.009723
417.600923 0.009430
417.600923 0.012799
417.600923 0.010350
417.600923 0.009089
417.600923 0.010243
417.600923 0.008673
417.600923 0.013248
417.600923 0.010161
417.600923 0.013115
417.600923 0.009377
417.600923 0.009063
417.600923 0.010553
417.600923 0.009414
417.600923 0.008966
417.600923 0.011210
417.600923 0.010453
417.600923 0.010784
417.600923 0.008871
417.600923 0.009913
417.600923 0.009655
417.600923 0.011436
417.600923 0.011927
417.600923 0.008857
417.600923 0.009619
417.600923 0.009649
417.600923 0.009146
417.600923 0.009333
417.600923 0.009631
417.600923 0.009323
417.600923 0.010023
417.600923 0.010271
417.600923 0.010331
417.600923 0.009338
417.600923 0.009383
417.600923 0.010041
417.600923 0.010297
417.600923 0.010362
417.600923 0.009239
417.600923 0.009387
417.600923 0.009827
417.600923 0.012940
417.600923 0.009485
417.600923 0.009044
417.600923 0.009026
417.600923 0.008317
417.600923 0.008912
417.600923 0.009442
417.600923 0.009850
417.600923 0.010351
417.600923 0.009244
417.600923 0.011940
417.600923 0.009297
417.600923 0.009513
417.600923 0.008960
417.600923 0.008745
417.600923 0.009492
417.600923 0.009403
417.600923 0.009456
417.600923 0.009891
417.600923 0.009977
417.600923 0.009453
417.600923 0.009474
417.600923 0.011078
417.600923 0.010248
417.600923 0.010468
417.600923 0.009499
417.600923 0.009759
417.600923 0.009344
417.600923 0.008434
417.600923 0.009655
417.600923 0.012666
417.600923 0.009442
417.600923 0.010469
417.600923 0.008943
417.600923 0.012370
417.600923 0.009000
417.600923 0.009440
417.600923 0.010739
417.600923 0.008792
417.600923 0.010049
417.600923 0.009645
417.600923 0.009293
417.600923 0.012488
417.600923 0.011492
417.600923 0.011108
417.600923 0.011181
417.600923 0.008695
417.600923 0.009683
417.600923 0.009016
417.600923 0.010024
417.600923 0.009816
417.600923 0.009737
417.600923 0.009961
417.600923 0.009337
417.600923 0.009805
417.600923 0.009616
417.600923 0.009964
417.600923 0.010055
417.600923 0.008985
417.600923 0.010081
417.600923 0.009716
417.600923 0.009631
417.600923 0.008773
417.600923 0.010175
417.600923 0.009298
417.600923 0.009070
417.600923 0.009559
417.600923 0.009670
417.600923 0.009459
417.600923 0.010424
417.600923 0.008833
417.600923 0.009219
417.600923 0.009432
417.600923 0.008860
417.600923 0.009246
417.600923 0.008929
417.600923 0.010310
417.600923 0.009669
417.600923 0.008453
417.600923 0.009397
417.600923 0.009200
417.600923 0.010025
417.600923 0.009837
417.600923 0.010501
417.600923 0.009521
417.600923 0.008933
417.600923 0.009928
417.600923 0.010082
417.600923 0.009781
417.600923 0.009359
417.600923 0.010481
417.600923 0.009701
417.600923 0.010465
417.600923 0.009393
417.600923 0.010074
417.600923 0.009937
417.600923 0.008577
417.600923 0.009329
417.600923 0.010586
417.600923 0.009229
417.600923 0.008781
417.600923 0.009383
417.600923 0.009647
417.600923 0.009794
417.600923 0.010326
417.600923 0.009302
417.600923 0.008493
417.600923 0.009680
417.600923 0.009237
417.600923 0.009036
417.600923 0.009006
417.600923 0.009288
417.600923 0.009137
417.600923 0.009865
417.600923 0.009475
417.600923 0.009669
417.600923 0.009442
417.600923 0.010048
417.600923 0.009926
417.600923 0.009953
417.600923 0.009634
417.600923 0.009304
417.600923 0.009390
417.600923 0.010261
417.600923 0.011351
417.600923 0.008657
417.600923 0.009099
417.600923 0.009113
417.600923 0.009621
417.600923 0.009826
417.600923 0.010496
417.600923 0.009175
417.600923 0.009510
417.600923 0.009015
417.600923 0.009769
417.600923 0.009669
417.600923 0.009347
417.600923 0.009004
417.600923 0.010610
417.600923 0.012176
417.600923 0.009376
417.600923 0.011160
417.600923 0.009274
417.600923 0.008784
417.600923 0.009515
417.600923 0.010306
417.600923 0.009036
417.600923 0.010525
417.600923 0.011712
417.600923 0.009171
417.600923 0.010022
417.600923 0.010025
417.600923 0.012288
417.600923 0.009337
417.600923 0.010969
417.600923 0.009316
417.600923 0.012850
417.600923 0.009245
417.600923 0.013052
417.600923 0.008976
417.600923 0.008765
417.600923 0.009203
417.600923 0.008640
417.600923 0.009785
417.600923 0.011096
417.600923 0.011509
417.600923 0.009005
417.600923 0.012636
417.600923 0.008942
417.600923 0.009816
417.600923 0.011433
417.600923 0.008647
417.600923 0.010517
417.600923 0.010845
417.600923 0.008837
417.600923 0.009640
417.600923 0.009222
417.600923 0.009206
417.600923 0.009829
417.600923 0.008777
417.600923 0.010267
417.600923 0.010005
417.600923 0.009972
417.600923 0.009632
417.600923 0.012850
417.600923 0.008989
417.600923 0.008774
417.600923 0.014804
417.600923 0.009653
417.600923 0.008799
417.600923 0.012905
417.600923 0.009422
417.600923 0.009200
417.600923 0.013280
417.600923 0.011568
417.600923 0.010953
417.600923 0.008303
417.600923 0.014809
417.600923 0.013947
417.600923 0.011083
417.600923 0.008980
417.600923 0.011137
417.600923 0.011808
417.600923 0.011443
417.600923 0.009905
417.600923 0.012054
417.600923 0.010076
417.600923 0.009680
417.600923 0.009521
417.600923 0.008938
417.600923 0.008880
417.600923 0.009608
417.600923 0.010274
417.600923 0.009987
417.600923 0.010291
417.600923 0.009515
417.600923 0.008123
417.600923 0.011270
417.600923 0.010246
417.600923 0.012363
417.600923 0.009384
417.600923 0.010473
417.600923 0.009766
417.600923 0.009135
417.600923 0.010001
417.600923 0.009281
417.600923 0.009589
417.600923 0.009499
417.600923 0.011466
417.600923 0.010280
417.600923 0.010981
417.600923 0.008849
417.600923 0.009048
417.600923 0.010462
417.600923 0.008891
417.600923 0.009355
417.600923 0.007202
417.600923 0.007264
417.600923 0.008800
417.600923 0.009832
417.600923 0.009707
417.600923 0.009091
417.600923 0.009015
417.600923 0.010144
417.600923 0.012463
417.600923 0.010304
417.600923 0.009567
417.600923 0.009620
417.600923 0.011340
417.600923 0.010150
417.600923 0.009494
417.600923 0.010018
417.600923 0.012568
417.600923 0.012979
417.600923 0.012534
417.600923 0.008781
417.600923 0.011548
417.600923 0.009132
417.600923 0.008798
417.600923 0.008754
417.600923 0.012024
417.600923 0.009185
417.600923 0.011449
417.600923 0.011082
417.600923 0.011103
417.600923 0.010090
417.600923 0.009275
417.600923 0.009329
417.600923 0.009288
417.600923 0.010803
417.600923 0.008825
417.600923 0.009155
417.600923 0.010124
417.600923 0.009722
417.600923 0.009522
417.600923 0.009423
417.600923 0.010384
417.600923 0.010336
417.600923 0.008911
417.600923 0.009016
417.600923 0.012174
417.600923 0.009361
417.600923 0.012710
417.600923 0.009697
417.600923 0.013302
417.600923 0.012090
417.600923 0.009272
417.600923 0.009616
417.600923 0.011921
417.600923 0.013654
417.600923 0.011833
417.600923 0.010630
417.600923 0.010629
417.600923 0.009596
417.600923 0.010610
417.600923 0.011216
417.600923 0.011600
417.600923 0.009062
417.600923 0.010552
417.600923 0.010524
417.600923 0.010439
417.600923 0.009977
417.600923 0.009581
417.600923 0.009706
417.600923 0.009284
417.600923 0.009743
417.600923 0.010058
417.600923 0.009611
417.600923 0.010354
417.600923 0.009694
417.600923 0.009435
417.600923 0.011064
417.600923 0.010399
417.600923 0.009522
417.600923 0.009618
417.600923 0.010409
417.600923 0.009825
417.600923 0.009586
417.600923 0.010286
417.600923 0.009886
417.600923 0.013079
417.600923 0.010169
417.600923 0.010902
417.600923 0.009262
417.600923 0.009100
417.600923 0.009128
417.600923 0.009795
417.600923 0.009196
417.600923 0.009768
417.600923 0.008869
417.600923 0.010598
417.600923 0.010579
417.600923 0.009045
417.600923 0.011616
417.600923 0.007834
417.600923 0.009041
417.600923 0.009494
417.600923 0.009087
417.600923 0.009191
417.600923 0.009192
417.600923 0.008766
417.600923 0.008937
417.600923 0.008822
417.600923 0.008740
417.600923 0.007990
417.600923 0.008768
417.600923 0.008917
417.600923 0.013095
417.600923 0.009832
417.600923 0.015639
417.600923 0.014499
417.600923 0.012899
417.600923 0.013301
417.600923 0.015463
417.600923 0.014723
417.600923 0.008320
417.600923 0.009516
417.600923 0.012214
417.600923 0.009822
417.600923 0.013146
417.600923 0.010282
417.600923 0.010108
417.600923 0.010490
417.600923 0.010994
417.600923 0.013598
417.600923 0.012520
417.600923 0.009230
417.600923 0.009355
417.600923 0.009731
417.600923 0.009722
417.600923 0.009985
417.600923 0.008903
417.600923 0.009516
417.600923 0.012379
417.600923 0.012414
417.600923 0.009298
417.600923 0.012509
417.600923 0.009510
417.600923 0.009341
417.600923 0.012704
417.600923 0.012296
417.600923 0.009426
417.600923 0.011641
417.600923 0.011195
417.600923 0.008937
417.600923 0.011041
417.600923 0.012713
417.600923 0.008711
417.600923 0.009111
417.600923 0.012784
417.600923 0.010911
417.600923 0.010443
417.600923 0.011215
417.600923 0.010106
417.600923 0.010676
417.600923 0.010497
417.600923 0.010708
417.600923 0.012414
417.600923 0.009428
417.600923 0.009534
417.600923 0.009581
417.600923 0.009623
417.600923 0.009611
417.600923 0.009577
417.600923 0.009479
417.600923 0.009308
417.600923 0.009720
417.600923 0.009652
417.600923 0.009785
417.600923 0.009286
417.600923 0.009973
417.600923 0.009869
417.600923 0.010097
417.600923 0.009581
417.600923 0.009582
417.600923 0.009439
417.600923 0.009543
417.600923 0.009263
417.600923 0.010110
417.600923 0.009073
417.600923 0.010528
417.600923 0.009286
417.600923 0.009138
417.600923 0.009061
417.600923 0.009531
417.600923 0.009398
417.600923 0.009525
417.600923 0.009131
417.600923 0.010369
417.600923 0.009950
417.600923 0.009365
417.600923 0.009359
417.600923 0.008915
417.600923 0.009700
417.600923 0.009338
417.600923 0.009819
417.600923 0.009394
417.600923 0.009849
417.600923 0.009524
417.600923 0.010144
417.600923 0.009495
417.600923 0.010129
417.600923 0.010291
417.600923 0.010190
417.600923 0.008961
417.600923 0.009418
417.600923 0.009644
417.600923 0.009314
417.600923 0.008972
417.600923 0.009339
417.600923 0.009651
417.600923 0.010374
417.600923 0.009635
417.600923 0.011979
417.600923 0.009312
417.600923 0.010516
417.600923 0.009994
417.600923 0.008983
417.600923 0.009416
417.600923 0.009228
417.600923 0.010503
417.600923 0.011230
417.600923 0.009327
417.600923 0.009248
417.600923 0.009103
417.600923 0.010169
417.600923 0.009590
417.600923 0.010099
417.600923 0.009462
417.600923 0.010292
417.600923 0.009315
417.600923 0.009311
417.600923 0.008989
417.600923 0.012061
417.600923 0.013962
417.600923 0.009258
417.600923 0.009464
417.600923 0.012456
417.600923 0.013858
417.600923 0.012564
417.600923 0.009260
417.600923 0.015099
417.600923 0.008900
417.600923 0.009021
417.600923 0.014637
417.600923 0.010354
417.600923 0.010281
417.600923 0.012435
417.600923 0.013121
417.600923 0.011778
417.600923 0.012603
417.600923 0.011000
417.600923 0.010041
417.600923 0.009704
417.600923 0.009269
417.600923 0.009996
417.600923 0.010530
417.600923 0.009729
417.600923 0.010575
417.600923 0.009350
417.600923 0.010247
417.600923 0.009158
417.600923 0.009328
417.600923 0.010010
417.600923 0.012226
417.600923 0.010066
417.600923 0.012365
417.600923 0.009420
417.600923 0.010429
417.600923 0.010419
417.600923 0.009972
417.600923 0.009485
417.600923 0.012385
417.600923 0.009571
417.600923 0.009417
417.600923 0.012662
417.600923 0.011342
417.600923 0.009858
417.600923 0.009242
417.600923 0.009377
417.600923 0.008807
417.600923 0.011069
417.600923 0.009383
417.600923 0.008998
417.600923 0.011113
417.600923 0.011166
417.600923 0.009333
417.600923 0.009586
417.600923 0.009271
417.600923 0.009709
417.600923 0.009661
417.600923 0.009020
417.600923 0.009374
417.600923 0.009626
417.600923 0.010090
417.600923 0.009683
417.600923 0.009625
417.600923 0.009233
417.600923 0.009745
417.600923 0.009235
417.600923 0.009259
417.600923 0.009079
417.600923 0.009492
417.600923 0.009547
417.600923 0.010180
417.600923 0.009464
417.600923 0.009007
417.600923 0.009130
417.600923 0.009097
417.600923 0.009035
417.600923 0.010511
417.600923 0.010593
417.600923 0.010548
417.600923 0.010531
417.600923 0.009096
417.600923 0.009350
417.600923 0.012370
417.600923 0.011982
417.600923 0.009200
417.600923 0.009741
417.600923 0.009537
417.600923 0.009265
417.600923 0.009843
417.600923 0.009337
417.600923 0.009464
417.600923 0.010169
417.600923 0.009876
417.600923 0.010560
417.600923 0.010020
417.600923 0.010469
417.600923 0.009564
417.600923 0.009722
417.600923 0.010353
417.600923 0.010167
417.600923 0.009626
417.600923 0.009400
417.600923 0.009790
417.600923 0.009968
422.098388 0.007769
417.600923 0.009557
417.600923 0.009314
422.098388 0.007611
422.098388 0.007904
417.600923 0.009644
417.600923 0.010042
417.600923 0.010310
422.098388 0.007906
417.600923 0.009475
417.600923 0.009779
417.600923 0.009485
422.098388 0.006260
422.098388 0.007616
422.098388 0.007696
422.098388 0.007524
422.098388 0.007469
422.098388 0.007312
422.098388 0.007911
422.098388 0.008460
422.098388 0.007490
422.098388 0.007608
422.098388 0.008142
422.098388 0.007323
422.098388 0.009010
422.098388 0.007145
422.098388 0.007327
422.098388 0.007577
422.098388 0.008794
422.098388 0.009927
422.098388 0.007309
422.098388 0.008387
422.098388 0.007550
422.098388 0.008032
422.098388 0.007167
422.098388 0.006140
422.098388 0.007842
422.098388 0.007333
422.098388 0.007853
422.098388 0.008645
422.098388 0.006745
422.098388 0.008675
422.098388 0.010278
422.098388 0.008867
422.098388 0.007139
422.098388 0.007708
422.098388 0.007604
422.098388 0.007603
422.098388 0.007171
422.098388 0.007184
422.098388 0.007736
422.098388 0.008010
422.098388 0.007415
422.098388 0.009028
422.098388 0.007929
422.098388 0.009902
422.098388 0.007190
422.098388 0.008267
422.098388 0.007923
422.098388 0.007075
422.098388 0.007129
422.098388 0.008271
422.098388 0.008041
422.098388 0.007320
422.098388 0.006968
422.098388 0.008443
422.098388 0.007256
422.098388 0.006987
422.098388 0.007336
422.098388 0.007344
422.098388 0.007269
422.098388 0.009793
422.098388 0.007669
422.098388 0.008470
422.098388 0.008051
422.098388 0.008490
422.098388 0.007473
422.098388 0.007299
422.098388 0.007175
422.098388 0.007227
422.098388 0.008049
422.098388 0.007187
422.098388 0.007591
422.098388 0.007584
422.098388 0.007886
422.098388 0.007657
422.098388 0.007238
422.098388 0.007285
422.098388 0.007866
422.098388 0.008335
422.098388 0.007158
422.098388 0.007337
422.098388 0.007326
422.098388 0.007306
422.098388 0.007144
422.098388 0.009630
422.098388 0.007354
422.098388 0.008509
422.098388 0.007253
422.098388 0.006877
422.098388 0.007467
422.098388 0.006695
422.098388 0.009700
422.098388 0.007551
422.098388 0.008114
422.098388 0.006603
422.098388 0.009145
422.098388 0.008922
422.098388 0.006718
422.098388 0.007705
422.098388 0.006179
422.098388 0.010042
422.098388 0.006721
422.098388 0.007669
422.098388 0.010028
422.098388 0.010223
422.098388 0.010872
422.098388 0.010262
422.098388 0.009230
422.098388 0.011242
422.098388 0.007424
422.098388 0.008197
422.098388 0.010422
422.098388 0.005979
422.098388 0.012855
422.098388 0.008514
422.098388 0.014535
422.098388 0.008431
422.098388 0.006654
422.098388 0.011806
422.098388 0.009115
422.098388 0.008361
422.098388 0.007467
422.098388 0.008565
422.098388 0.009053
422.098388 0.008476
422.098388 0.007916
422.098388 0.011862
422.098388 0.008758
422.098388 0.009592
422.098388 0.007157
422.098388 0.007205
422.098388 0.007148
422.098388 0.007684
422.098388 0.007505
422.098388 0.007112
422.098388 0.007225
422.098388 0.007603
422.098388 0.008122
422.098388 0.007414
422.098388 0.007686
422.098388 0.007134
422.098388 0.010410
422.098388 0.007149
422.098388 0.007171
422.098388 0.006840
422.098388 0.009283
422.098388 0.007302
422.098388 0.007396
422.098388 0.007093
422.098388 0.010875
422.098388 0.007257
422.098388 0.008388
422.098388 0.006886
422.098388 0.007130
422.098388 0.008575
422.098388 0.009790
422.098388 0.005990
422.098388 0.008502
422.098388 0.008689
422.098388 0.006994
422.098388 0.007900
422.098388 0.006881
422.098388 0.007534
422.098388 0.007499
422.098388 0.007074
422.098388 0.007837
422.098388 0.008279
422.098388 0.007415
422.098388 0.007662
422.098388 0.006693
422.098388 0.008444
422.098388 0.007776
422.098388 0.008297
422.098388 0.007627
422.098388 0.007372
422.098388 0.007104
422.098388 0.006963
422.098388 0.006640
422.098388 0.007613
422.098388 0.007598
422.098388 0.007811
422.098388 0.008511
422.098388 0.007085
422.098388 0.007207
422.098388 0.006976
422.098388 0.009933
422.098388 0.007247
422.098388 0.008472
422.098388 0.008271
422.098388 0.007664
422.098388 0.006936
422.098388 0.005944
422.098388 0.008020
422.098388 0.006990
422.098388 0.007768
422.098388 0.007669
422.098388 0.007664
422.098388 0.007737
422.098388 0.008463
422.098388 0.007945
422.098388 0.007205
422.098388 0.006763
422.098388 0.007454
422.098388 0.007252
422.098388 0.007251
422.098388 0.008083
422.098388 0.008293
422.098388 0.012203
422.098388 0.007102
422.098388 0.011652
422.098388 0.008840
422.098388 0.012939
422.098388 0.007910
422.098388 0.011916
422.098388 0.008110
422.098388 0.012573
422.098388 0.013684
422.098388 0.010460
422.098388 0.010545
422.098388 0.010133
422.098388 0.008931
422.098388 0.011453
422.098388 0.011114
422.098388 0.010671
422.098388 0.010738
422.098388 0.007042
422.098388 0.007705
422.098388 0.007733
422.098388 0.008070
422.098388 0.007907
422.098388 0.007868
422.098388 0.007954
422.098388 0.009609
422.098388 0.007851
422.098388 0.008084
422.098388 0.008531
422.098388 0.007619
422.098388 0.010130
422.098388 0.007404
422.098388 0.007331
422.098388 0.007348
422.098388 0.009491
422.098388 0.007402
422.098388 0.007051
422.098388 0.007478
422.098388 0.007451
422.098388 0.007848
422.098388 0.007193
422.098388 0.008323
422.098388 0.007414
422.098388 0.008124
422.098388 0.008536
422.098388 0.008434
422.098388 0.009308
422.098388 0.009635
422.098388 0.008077
422.098388 0.008232
422.098388 0.007165
422.098388 0.008081
422.098388 0.008413
422.098388 0.007074
422.098388 0.007747
422.098388 0.007892
422.098388 0.008676
422.098388 0.009667
422.098388 0.010028
422.098388 0.010501
422.098388 0.009175
422.098388 0.007518
422.098388 0.007584
422.098388 0.008405
422.098388 0.008275
422.098388 0.008177
422.098388 0.008937
422.098388 0.007400
422.098388 0.008911
422.098388 0.007417
422.098388 0.007102
422.098388 0.007684
422.098388 0.008597
422.098388 0.009579
422.098388 0.009018
422.098388 0.006292
422.098388 0.007724
422.098388 0.007259
422.098388 0.013105
422.098388 0.010082
422.098388 0.014473
422.098388 0.011026
422.098388 0.007653
422.098388 0.006781
422.098388 0.008876
422.098388 0.007882
422.098388 0.007615
422.098388 0.010442
422.098388 0.008681
422.098388 0.007688
422.098388 0.008485
422.098388 0.011117
422.098388 0.011359
422.098388 0.009598
422.098388 0.011013
422.098388 0.007038
422.098388 0.006233
422.098388 0.008408
422.098388 0.009763
422.098388 0.009203
422.098388 0.010850
422.098388 0.007065
422.098388 0.007018
422.098388 0.008930
422.098388 0.014058
422.098388 0.008827
422.098388 0.013660
422.098388 0.008956
422.098388 0.014082
422.098388 0.012448
422.098388 0.013828
422.098388 0.011331
422.098388 0.012454
422.098388 0.010850
422.098388 0.006886
422.098388 0.006604
422.098388 0.007045
422.098388 0.006938
422.098388 0.007788
422.098388 0.007344
422.098388 0.007989
422.098388 0.006757
422.098388 0.006695
422.098388 0.006113
422.098388 0.009400
422.098388 0.007327
422.098388 0.007547
422.098388 0.006565
422.098388 0.008561
422.098388 0.008542
422.098388 0.010131
422.098388 0.006430
422.098388 0.012664
422.098388 0.014767
422.098388 0.008793
422.098388 0.008957
422.098388 0.015097
422.098388 0.015056
422.098388 0.009936
422.098388 0.015164
422.098388 0.010973
422.098388 0.011116
422.098388 0.012726
422.098388 0.012085
422.098388 0.011861
422.098388 0.010147
422.098388 0.006811
422.098388 0.007195
422.098388 0.007552
422.098388 0.007298
422.098388 0.007523
422.098388 0.007406
422.098388 0.008124
422.098388 0.010217
422.098388 0.010015
422.098388 0.010402
422.098388 0.010068
422.098388 0.006684
422.098388 0.007178
422.098388 0.007134
422.098388 0.009712
422.098388 0.010278
422.098388 0.009751
422.098388 0.006523
422.098388 0.007210
422.098388 0.009986
422.098388 0.008435
422.098388 0.009094
422.098388 0.008764
422.098388 0.007016
422.098388 0.007671
422.098388 0.008266
422.098388 0.008182
422.098388 0.007699
422.098388 0.007965
422.098388 0.009542
422.098388 0.009456
422.098388 0.008213
422.098388 0.007168
422.098388 0.007191
422.098388 0.006932
422.098388 0.007691
422.098388 0.007717
422.098388 0.007545
422.098388 0.008749
422.098388 0.007086
422.098388 0.006573
422.098388 0.006846
422.098388 0.008849
422.098388 0.007380
422.098388 0.008108
422.098388 0.008414
422.098388 0.007572
422.098388 0.006919
422.098388 0.010151
422.098388 0.007280
422.098388 0.007371
422.098388 0.007227
422.098388 0.007156
422.098388 0.006632
422.098388 0.008086
422.098388 0.007190
422.098388 0.006383
422.098388 0.007566
422.098388 0.010759
422.098388 0.007095
422.098388 0.007021
422.098388 0.007153
422.098388 0.008590
422.098388 0.009044
422.098388 0.007273
422.098388 0.007483
422.098388 0.007344
422.098388 0.007813
422.098388 0.007694
422.098388 0.007860
422.098388 0.009741
422.098388 0.009767
422.098388 0.009525
422.098388 0.007769
422.098388 0.007486
422.098388 0.007525
422.098388 0.007945
422.098388 0.009494
422.098388 0.010613
422.098388 0.006962
422.098388 0.007471
422.098388 0.006893
422.098388 0.009593
422.098388 0.010925
422.098388 0.007213
422.098388 0.007249
422.098388 0.007359
422.098388 0.011035
422.098388 0.008997
422.098388 0.008614
422.098388 0.008533
422.098388 0.009471
422.098388 0.008722
422.098388 0.008506
422.098388 0.009211
422.098388 0.009185
422.098388 0.007180
422.098388 0.007722
422.098388 0.007202
422.098388 0.007561
422.098388 0.007279
422.098388 0.007341
422.098388 0.007318
422.098388 0.008442
422.098388 0.007466
422.098388 0.008202
422.098388 0.007803
422.098388 0.007881
422.098388 0.007465
422.098388 0.007956
422.098388 0.007452
422.098388 0.007140
422.098388 0.008111
422.098388 0.007446
422.098388 0.008641
422.098388 0.007686
422.098388 0.007444
422.098388 0.007077
422.098388 0.007339
422.098388 0.007087
422.098388 0.008604
422.098388 0.007108
422.098388 0.007201
422.098388 0.007079
422.098388 0.007314
422.098388 0.007950
422.098388 0.007540
422.098388 0.008603
422.098388 0.007474
422.098388 0.007590
422.098388 0.008124
422.098388 0.007576
422.098388 0.008696
422.098388 0.007541
422.098388 0.009006
422.098388 0.009379
422.098388 0.008802
422.098388 0.007266
422.098388 0.008345
422.098388 0.006943
422.098388 0.007372
422.098388 0.008385
422.098388 0.009455
422.098388 0.008497
422.098388 0.012566
422.098388 0.007818
422.098388 0.013004
422.098388 0.007907
422.098388 0.008644
422.098388 0.007636
422.098388 0.008630
422.098388 0.007790
422.098388 0.011840
422.098388 0.012244
422.098388 0.011142
422.098388 0.010446
422.098388 0.010895
422.098388 0.010793
422.098388 0.011285
422.098388 0.009851
422.098388 0.006698
422.098388 0.007477
422.098388 0.006180
422.098388 0.007877
422.098388 0.007329
422.098388 0.007612
422.098388 0.010292
422.098388 0.007943
422.098388 0.010374
422.098388 0.007291
422.098388 0.007945
422.098388 0.007309
422.098388 0.007277
422.098388 0.008375
422.098388 0.006639
422.098388 0.010660
422.098388 0.007089
422.098388 0.010760
422.098388 0.007055
422.098388 0.011276
422.098388 0.009617
422.098388 0.010313
422.098388 0.007669
422.098388 0.009292
422.098388 0.007859
422.098388 0.007361
422.098388 0.009347
422.098388 0.007074
422.098388 0.009919
422.098388 0.008876
422.098388 0.008019
422.098388 0.006059
422.098388 0.007337
422.098388 0.007293
422.098388 0.007347
422.098388 0.008018
422.098388 0.007518
422.098388 0.006436
422.098388 0.008251
422.098388 0.007823
422.098388 0.008219
422.098388 0.007367
422.098388 0.007867
422.098388 0.007264
422.098388 0.007163
422.098388 0.008465
422.098388 0.008920
422.098388 0.007382
422.098388 0.007986
422.098388 0.007619
422.098388 0.007462
422.098388 0.007438
422.098388 0.010761
422.098388 0.006993
422.098388 0.007405
422.098388 0.007093
422.098388 0.008615
422.098388 0.007726
422.098388 0.008872
422.098388 0.010919
422.098388 0.008951
422.098388 0.006025
422.098388 0.009853
422.098388 0.008856
422.098388 0.007470
422.098388 0.007381
422.098388 0.007755
422.098388 0.007304
422.098388 0.008731
422.098388 0.007595
422.098388 0.007722
422.098388 0.007691
422.098388 0.009215
422.098388 0.007883
422.098388 0.007945
422.098388 0.008033
422.098388 0.008376
422.098388 0.007476
422.098388 0.007734
422.098388 0.008368
422.098388 0.007667
422.098388 0.007687
422.098388 0.008490
422.098388 0.007284
422.098388 0.007827
422.098388 0.007254
422.098388 0.007370
422.098388 0.007517
422.098388 0.007507
422.098388 0.007353
422.098388 0.007286
422.098388 0.010049
422.098388 0.007172
422.098388 0.008141
422.098388 0.007338
422.098388 0.009377
422.098388 0.008365
422.098388 0.008344
422.098388 0.008412
422.098388 0.009663
422.098388 0.007888
422.098388 0.009275
422.098388 0.010397
422.098388 0.010089
422.098388 0.007214
422.098388 0.010210
422.098388 0.009517
422.098388 0.010772
422.098388 0.011779
422.098388 0.007982
422.098388 0.010528
422.098388 0.010002
422.098388 0.009550
422.098388 0.007986
422.098388 0.012225
422.098388 0.008394
422.098388 0.011666
422.098388 0.009658
422.098388 0.008920
422.098388 0.008390
422.098388 0.008508
422.098388 0.009147
422.098388 0.013826
422.098388 0.013469
422.098388 0.012102
422.098388 0.012487
422.098388 0.008990
422.098388 0.010613
422.098388 0.007770
422.098388 0.007768
422.098388 0.007266
422.098388 0.008062
422.098388 0.007802
422.098388 0.007375
422.098388 0.007927
422.098388 0.006634
422.098388 0.007560
422.098388 0.008673
422.098388 0.008211
422.098388 0.007335
422.098388 0.008178
422.098388 0.009724
422.098388 0.007514
422.098388 0.007130
422.098388 0.007669
422.098388 0.007098
422.098388 0.007359
422.098388 0.006977
422.098388 0.007212
422.098388 0.008170
422.098388 0.009809
422.098388 0.006683
422.098388 0.008238
422.098388 0.006802
422.098388 0.007837
422.098388 0.009406
422.098388 0.006794
422.098388 0.006838
422.098388 0.007359
422.098388 0.008274
422.098388 0.008603
422.098388 0.007078
422.098388 0.009455
422.098388 0.009454
422.098388 0.008062
422.098388 0.008767
422.098388 0.006990
422.098388 0.010660
422.098388 0.007432
422.098388 0.011155
422.098388 0.009449
422.098388 0.010894
422.098388 0.008383
422.098388 0.011741
422.098388 0.010708
422.098388 0.007351
422.098388 0.010035
422.098388 0.009511
422.098388 0.009489
422.098388 0.007745
422.098388 0.006817
422.098388 0.007883
422.098388 0.007937
422.098388 0.008944
422.098388 0.009608
422.098388 0.007407
422.098388 0.008530
422.098388 0.007817
422.098388 0.007312
422.098388 0.008446
422.098388 0.007856
422.098388 0.008151
422.098388 0.007533
422.098388 0.007771
422.098388 0.007947
422.098388 0.007582
422.098388 0.007589
422.098388 0.007573
422.098388 0.007201
422.098388 0.008101
422.098388 0.008194
422.098388 0.007876
422.098388 0.007463
422.098388 0.007362
422.098388 0.007527
422.098388 0.008239
422.098388 0.007639
422.098388 0.010216
422.098388 0.007543
422.098388 0.008652
422.098388 0.007242
422.098388 0.007325
422.098388 0.007214
422.098388 0.007782
422.098388 0.007024
422.098388 0.009372
422.098388 0.006938
422.098388 0.008373
422.098388 0.009815
422.098388 0.007236
422.098388 0.008040
422.098388 0.007341
422.098388 0.008747
422.098388 0.009333
422.098388 0.008104
422.098388 0.008228
422.098388 0.007629
422.098388 0.007586
422.098388 0.008432
422.098388 0.007917
422.098388 0.008776
422.098388 0.009807
422.098388 0.008281
422.098388 0.008323
422.098388 0.007587
422.098388 0.007683
422.098388 0.008414
422.098388 0.008426
422.098388 0.007868
422.098388 0.008163
422.098388 0.010471
422.098388 0.010731
422.098388 0.008546
422.098388 0.008194
422.098388 0.009952
422.098388 0.007549
422.098388 0.007071
422.098388 0.007392
422.098388 0.010849
422.098388 0.007324
422.098388 0.007261
422.098388 0.009265
422.098388 0.006693
422.098388 0.007679
422.098388 0.009154
422.098388 0.009413
422.098388 0.007016
422.098388 0.007682
422.098388 0.007630
422.098388 0.007331
422.098388 0.007684
422.098388 0.007925
422.098388 0.007708
422.098388 0.007878
422.098388 0.007436
422.098388 0.007900
422.098388 0.007829
422.098388 0.007619
422.098388 0.008748
422.098388 0.010426
422.098388 0.007723
422.098388 0.007302
422.098388 0.007515
422.098388 0.006765
422.098388 0.007102
422.098388 0.007085
422.098388 0.009622
422.098388 0.007321
422.098388 0.007148
422.098388 0.007217
422.098388 0.007192
422.098388 0.008600
422.098388 0.008928
422.098388 0.009231
422.098388 0.009180
422.098388 0.009167
422.098388 0.014989
422.098388 0.011622
422.098388 0.006085
422.098388 0.006432
422.098388 0.008667
422.098388 0.007378
422.098388 0.007493
422.098388 0.007615
422.098388 0.006843
422.098388 0.006756
422.098388 0.005989
422.098388 0.006817
422.098388 0.007039
422.098388 0.006122
422.098388 0.008543
422.098388 0.008467
422.098388 0.013694
422.098388 0.014806
422.098388 0.012299
422.098388 0.014140
422.098388 0.013571
422.098388 0.010897
422.098388 0.012814
422.098388 0.009644
422.098388 0.014507
422.098388 0.013995
422.098388 0.015393
422.098388 0.008862
422.098388 0.012111
422.098388 0.011224
422.098388 0.011573
422.098388 0.012070
422.098388 0.015460
422.098388 0.013659
422.098388 0.007219
422.098388 0.007639
422.098388 0.008156
422.098388 0.007360
422.098388 0.007180
422.098388 0.006949
422.098388 0.007833
422.098388 0.010346
422.098388 0.010495
422.098388 0.007388
422.098388 0.008170
422.098388 0.007232
422.098388 0.010231
422.098388 0.009016
422.098388 0.007623
422.098388 0.009879
422.098388 0.007180
422.098388 0.007183
422.098388 0.006770
422.098388 0.010331
422.098388 0.009032
422.098388 0.006922
422.098388 0.010120
422.098388 0.007198
422.098388 0.008449
422.098388 0.007903
422.098388 0.008958
422.098388 0.009961
422.098388 0.009339
422.098388 0.007527
422.098388 0.007980
422.098388 0.008709
422.098388 0.007296
422.098388 0.007731
422.098388 0.007699
422.098388 0.007553
422.098388 0.008218
422.098388 0.008016
422.098388 0.007390
422.098388 0.007568
422.098388 0.008996
422.098388 0.007677
422.098388 0.007462
422.098388 0.008173
422.098388 0.007787
422.098388 0.009398
422.098388 0.010026
422.098388 0.007270
422.098388 0.010595
422.098388 0.007404
422.098388 0.007951
422.098388 0.006948
422.098388 0.007292
422.098388 0.010955
422.098388 0.007185
422.098388 0.010913
422.098388 0.008735
422.098388 0.009990
422.098388 0.007123
422.098388 0.006790
422.098388 0.008401
422.098388 0.008699
422.098388 0.009424
422.098388 0.008217
422.098388 0.007411
422.098388 0.007667
422.098388 0.007176
422.098388 0.007858
422.098388 0.007940
422.098388 0.008085
422.098388 0.007615
422.098388 0.008194
422.098388 0.007404
422.098388 0.007982
422.098388 0.006906
422.098388 0.008347
422.098388 0.007813
422.098388 0.008137
422.098388 0.007909
422.098388 0.007380
422.098388 0.007792
422.098388 0.007550
422.098388 0.007490
422.098388 0.007120
422.098388 0.007334
422.098388 0.007723
422.098388 0.008123
422.098388 0.007058
422.098388 0.007814
422.098388 0.007680
422.098388 0.007151
422.098388 0.007169
422.098388 0.011164
422.098388 0.007824
422.098388 0.006266
422.098388 0.009395
422.098388 0.007202
422.098388 0.007517
422.098388 0.009533
422.098388 0.009378
422.098388 0.010034
422.098388 0.012015
422.098388 0.007567
422.098388 0.007404
422.098388 0.009118
422.098388 0.010107
422.098388 0.010221
422.098388 0.008054
422.098388 0.012010
422.098388 0.011496
422.098388 0.012231
422.098388 0.009919
422.098388 0.013513
422.098388 0.011025
422.098388 0.008098
422.098388 0.007593
422.098388 0.008049
422.098388 0.009357
422.098388 0.006908
422.098388 0.006486
422.098388 0.007396
422.098388 0.007232
422.098388 0.007950
422.098388 0.010093
422.098388 0.009668
422.098388 0.009472
422.098388 0.008008
422.098388 0.009097
422.098388 0.006830
422.098388 0.006975
422.098388 0.007991
422.098388 0.007852
422.098388 0.008210
422.098388 0.008262
422.098388 0.008347
422.098388 0.006725
422.098388 0.010059
422.098388 0.007139
422.098388 0.007761
422.098388 0.006531
422.098388 0.007767
422.098388 0.011364
422.098388 0.012118
422.098388 0.008615
422.098388 0.007522
422.098388 0.010866
422.098388 0.007414
422.098388 0.008432
422.098388 0.011054
422.098388 0.010150
422.098388 0.008740
422.098388 0.009602
422.098388 0.009308
422.098388 0.014680
422.098388 0.009175
422.098388 0.014595
422.098388 0.009066
422.098388 0.009031
422.098388 0.012503
422.098388 0.010747
422.098388 0.007121
422.098388 0.006800
422.098388 0.007147
422.098388 0.007386
422.098388 0.007429
422.098388 0.007593
422.098388 0.007720
422.098388 0.007131
422.098388 0.007887
422.098388 0.008530
422.098388 0.007660
422.098388 0.007185
422.098388 0.008172
422.098388 0.007202
422.098388 0.007429
422.098388 0.008055
422.098388 0.006739
422.098388 0.007318
422.098388 0.007273
422.098388 0.007253
422.098388 0.007249
422.098388 0.007434
422.098388 0.008251
422.098388 0.007151
422.098388 0.008585
422.098388 0.009257
422.098388 0.006715
422.098388 0.008390
422.098388 0.008464
422.098388 0.007590
422.098388 0.008094
422.098388 0.008895
422.098388 0.007199
422.098388 0.007414
422.098388 0.007879
422.098388 0.007266
422.098388 0.008027
422.098388 0.007462
422.098388 0.007385
422.098388 0.007829
422.098388 0.008148
422.098388 0.007450
422.098388 0.008550
422.098388 0.008387
422.098388 0.007734
422.098388 0.007507
422.098388 0.007222
422.098388 0.007333
422.098388 0.007646
422.098388 0.007149
422.098388 0.007328
422.098388 0.007788
422.098388 0.007746
422.098388 0.007114
422.098388 0.008166
422.098388 0.008060
422.098388 0.008488
422.098388 0.007163
422.098388 0.008331
422.098388 0.008561
422.098388 0.008605
422.098388 0.007950
422.098388 0.008552
422.098388 0.008519
422.098388 0.007449
422.098388 0.007202
422.098388 0.007911
422.098388 0.006849
422.098388 0.007353
422.098388 0.007093
422.098388 0.008376
422.098388 0.007431
422.098388 0.007802
422.098388 0.007831
422.098388 0.010196
422.098388 0.007340
422.098388 0.008119
422.098388 0.007485
422.098388 0.007753
422.098388 0.007216
422.098388 0.007931
422.098388 0.007738
422.098388 0.007090
422.098388 0.007288
422.098388 0.008917
422.098388 0.008558
422.098388 0.008718
422.098388 0.007778
422.098388 0.007687
422.098388 0.006586
422.098388 0.007123
422.098388 0.008473
422.098388 0.007251
422.098388 0.008328
422.098388 0.006883
422.098388 0.007004
422.098388 0.007191
422.098388 0.007317
422.098388 0.007160
422.098388 0.008900
422.098388 0.006988
422.098388 0.009193
422.098388 0.007963
422.098388 0.008904
422.098388 0.007323
422.098388 0.006759
422.098388 0.008494
422.098388 0.008037
422.098388 0.008148
422.098388 0.007281
422.098388 0.008371
422.098388 0.009816
422.098388 0.007309
422.098388 0.008410
422.098388 0.007202
422.098388 0.008439
422.098388 0.008752
422.098388 0.008673
422.098388 0.007769
422.098388 0.007181
422.098388 0.006747
422.098388 0.006785
422.098388 0.007965
422.098388 0.007719
422.098388 0.007403
422.098388 0.008883
422.098388 0.006486
422.098388 0.007530
422.098388 0.007565
422.098388 0.007554
422.098388 0.007214
422.098388 0.008012
422.098388 0.008303
422.098388 0.007732
422.098388 0.007390
422.098388 0.008336
422.098388 0.008223
422.098388 0.007419
422.098388 0.007588
422.098388 0.007523
422.098388 0.007552
422.098388 0.007625
422.098388 0.007379
422.098388 0.008263
422.098388 0.009449
422.098388 0.007297
422.098388 0.007167
422.098388 0.008491
422.098388 0.007380
422.098388 0.008355
422.098388 0.008138
422.098388 0.008501
422.098388 0.007244
422.098388 0.006911
422.098388 0.008345
422.098388 0.007376
422.098388 0.006942
422.098388 0.008960
422.098388 0.006988
422.098388 0.006910
422.098388 0.007193
422.098388 0.007505
422.098388 0.007286
422.098388 0.007668
422.098388 0.007529
422.098388 0.007547
422.098388 0.007245
422.098388 0.008066
422.098388 0.007722
422.098388 0.007248
422.098388 0.007491
422.098388 0.007306
422.098388 0.007267
422.098388 0.008043
422.098388 0.007631
422.098388 0.007375
422.098388 0.007346
422.098388 0.007862
422.098388 0.007854
422.098388 0.007159
422.098388 0.007251
422.098388 0.007146
422.098388 0.006891
422.098388 0.007161
422.098388 0.006409
422.098388 0.006909
422.098388 0.007252
422.098388 0.007054
422.098388 0.007335
422.098388 0.008636
422.098388 0.007432
422.098388 0.008638
422.098388 0.007760
422.098388 0.007367
422.098388 0.007795
422.098388 0.007426
422.098388 0.008156
422.098388 0.008028
422.098388 0.007791
422.098388 0.008486
422.098388 0.007826
422.098388 0.007948
422.098388 0.007972
422.098388 0.008402
422.098388 0.008383
422.098388 0.007550
422.098388 0.007521
422.098388 0.010401
422.098388 0.007192
422.098388 0.007687
422.098388 0.008134
422.098388 0.007301
422.098388 0.007477
422.098388 0.007775
422.098388 0.007108
422.098388 0.007446
422.098388 0.007755
422.098388 0.009049
422.098388 0.006978
422.098388 0.006983
422.098388 0.007805
422.098388 0.007609
422.098388 0.009717
422.098388 0.009376
422.098388 0.007089
422.098388 0.007376
422.098388 0.006788
422.098388 0.007222
422.098388 0.007398
422.098388 0.007545
422.098388 0.007744
422.098388 0.007920
422.098388 0.007397
422.098388 0.006739
422.098388 0.008612
422.098388 0.008074
422.098388 0.007892
422.098388 0.007307
422.098388 0.009296
422.098388 0.007229
422.098388 0.006807
422.098388 0.008328
422.098388 0.007466
422.098388 0.007558
422.098388 0.007127
422.098388 0.007328
422.098388 0.006530
422.098388 0.007475
422.098388 0.007448
422.098388 0.008352
422.098388 0.006874
422.098388 0.009919
422.098388 0.006161
422.098388 0.009601
422.098388 0.007100
422.098388 0.007751
422.098388 0.007134
422.098388 0.007110
422.098388 0.007078
422.098388 0.007987
422.098388 0.008067
422.098388 0.008228
422.098388 0.007426
422.098388 0.007484
422.098388 0.007331
422.098388 0.007988
422.098388 0.008559
422.098388 0.008188
422.098388 0.008112
422.098388 0.007386
422.098388 0.007049
422.098388 0.007055
422.098388 0.007583
422.098388 0.007202
422.098388 0.007258
422.098388 0.007900
422.098388 0.006984
422.098388 0.007493
422.098388 0.006880
422.098388 0.007245
422.098388 0.006914
422.098388 0.007644
422.098388 0.008671
422.098388 0.010564
422.098388 0.007027
422.098388 0.007368
422.098388 0.006996
422.098388 0.006309
422.098388 0.007551
422.098388 0.007500
422.098388 0.007403
422.098388 0.007536
422.098388 0.007733
422.098388 0.007602
422.098388 0.008512
422.098388 0.009519
422.098388 0.007902
422.098388 0.008085
422.098388 0.007719
422.098388 0.008058
422.098388 0.007878
422.098388 0.007159
422.098388 0.010127
422.098388 0.007554
422.098388 0.007923
422.098388 0.008338
422.098388 0.007594
422.098388 0.007420
422.098388 0.008375
422.098388 0.007544
422.098388 0.007203
422.098388 0.007287
422.098388 0.008926
422.098388 0.009351
422.098388 0.007459
422.098388 0.008880
422.098388 0.007864
422.098388 0.007375
422.098388 0.008936
422.098388 0.008230
422.098388 0.006785
422.098388 0.007363
422.098388 0.007151
422.098388 0.007499
422.098388 0.008239
422.098388 0.007596
422.098388 0.007921
422.098388 0.007807
422.098388 0.007512
422.098388 0.007191
422.098388 0.009868
422.098388 0.007150
422.098388 0.007264
422.098388 0.006963
422.098388 0.009726
422.098388 0.010131
422.098388 0.007372
422.098388 0.010303
422.098388 0.006691
422.098388 0.007313
422.098388 0.007072
422.098388 0.009819
422.098388 0.010714
422.098388 0.007945
422.098388 0.006891
422.098388 0.008647
422.098388 0.008433
422.098388 0.008134
422.098388 0.009333
422.098388 0.007543
422.098388 0.009469
422.098388 0.009310
422.098388 0.007082
422.098388 0.007480
422.098388 0.006800
422.098388 0.008258
422.098388 0.007873
422.098388 0.007239
422.098388 0.007441
422.098388 0.007675
422.098388 0.007573
422.098388 0.008207
422.098388 0.007636
422.098388 0.008755
422.098388 0.007449
422.098388 0.008259
422.098388 0.007185
422.098388 0.008095
422.098388 0.007969
422.098388 0.007773
422.098388 0.007368
422.098388 0.006950
422.098388 0.007584
422.098388 0.007760
422.098388 0.006733
422.098388 0.006944
422.098388 0.006707
422.098388 0.007252
422.098388 0.006993
422.098388 0.006931
422.098388 0.008761
422.098388 0.007377
422.098388 0.007176
422.098388 0.006427
422.098388 0.007478
422.098388 0.007835
422.098388 0.007511
422.098388 0.007919
422.098388 0.007613
422.098388 0.007713
422.098388 0.008172
422.098388 0.007469
422.098388 0.008233
422.098388 0.007845
422.098388 0.008459
422.098388 0.007413
422.098388 0.007591
422.098388 0.007368
422.098388 0.007623
422.098388 0.007781
422.098388 0.007700
422.098388 0.008010
422.098388 0.007665
422.098388 0.007800
422.098388 0.008434
422.098388 0.007336
422.098388 0.007086
422.098388 0.007582
422.098388 0.007166
422.098388 0.007283
422.098388 0.008668
422.098388 0.008621
422.098388 0.007250
422.098388 0.007566
422.098388 0.007708
422.098388 0.007287
422.098388 0.007353
422.098388 0.007254
422.098388 0.007652
422.098388 0.008401
422.098388 0.008048
422.098388 0.007277
422.098388 0.008433
422.098388 0.008572
422.098388 0.007800
422.098388 0.010305
422.098388 0.008895
422.098388 0.007394
422.098388 0.009707
422.098388 0.010292
422.098388 0.007400
422.098388 0.007194
422.098388 0.007686
422.098388 0.009500
422.098388 0.007200
422.098388 0.008904
422.098388 0.007567
422.098388 0.009182
422.098388 0.007297
422.098388 0.007639
422.098388 0.009048
422.098388 0.008739
422.098388 0.007058
422.098388 0.007113
422.098388 0.006615
422.098388 0.007827
422.098388 0.008867
422.098388 0.007894
422.098388 0.007410
422.098388 0.007941
422.098388 0.006748
422.098388 0.007235
422.098388 0.007546
422.098388 0.007144
422.098388 0.007367
422.098388 0.006869
422.098388 0.007854
422.098388 0.008294
422.098388 0.008303
422.098388 0.008642
422.098388 0.007205
422.098388 0.007917
422.098388 0.007467
422.098388 0.007491
422.098388 0.007559
422.098388 0.007293
422.098388 0.007417
422.098388 0.006793
422.098388 0.007653
422.098388 0.007006
422.098388 0.007494
422.098388 0.007258
422.098388 0.008439
422.098388 0.008126
422.098388 0.006923
422.098388 0.007406
422.098388 0.007111
422.098388 0.007098
422.098388 0.007037
422.098388 0.007828
422.098388 0.007711
422.098388 0.007817
422.098388 0.007703
422.098388 0.007877
422.098388 0.007990
422.098388 0.007581
422.098388 0.007504
422.098388 0.007917
422.098388 0.007222
422.098388 0.010543
422.098388 0.007444
422.098388 0.008124
422.098388 0.008093
422.098388 0.007660
422.098388 0.010680
422.098388 0.007776
422.098388 0.009263
422.098388 0.007388
422.098388 0.007234
422.098388 0.007566
422.098388 0.007313
422.098388 0.007646
422.098388 0.007435
422.098388 0.007284
422.098388 0.007297
422.098388 0.009604
422.098388 0.008767
422.098388 0.008616
422.098388 0.010312
422.098388 0.006750
422.098388 0.006441
422.098388 0.010103
422.098388 0.002275
422.098388 0.002309
422.098388 0.002496
422.098388 0.002789
422.098388 0.002660
422.098388 0.002827
422.098388 0.002733
422.098388 0.002842
422.098388 0.002388
422.098388 0.002512
422.098388 0.002425
422.098388 0.007711
422.098388 0.002531
422.098388 0.005647
422.098388 0.003375
422.098388 0.006921
422.098388 0.002681
422.098388 0.002523
422.098388 0.007561
422.098388 0.003490
422.098388 0.002563
422.098388 0.005410
422.098388 0.007276
422.098388 0.002667
422.098388 0.006440
422.098388 0.005191
422.098388 0.004660
422.098388 0.003741
422.098388 0.004864
422.098388 0.004693
422.098388 0.003435
422.098388 0.004243
422.098388 0.002601
422.098388 0.002416
422.098388 0.003436
422.098388 0.002490
422.098388 0.002902
422.098388 0.002940
422.098388 0.003196
422.098388 0.002586
422.098388 0.003007
422.098388 0.002826
422.098388 0.002436
422.098388 0.002838
422.098388 0.002618
422.098388 0.003444
422.098388 0.002586
422.098388 0.003660
422.098388 0.003010
422.098388 0.002526
422.098388 0.002443
422.098388 0.003612
422.098388 0.002729
422.098388 0.002760
422.098388 0.002902
422.098388 0.003234
422.098388 0.002572
422.098388 0.002635
422.098388 0.002518
422.098388 0.002488
422.098388 0.002896
422.098388 0.002749
422.098388 0.003183
422.098388 0.003338
422.098388 0.002467
422.098388 0.002345
422.098388 0.002636
422.098388 0.002613
422.098388 0.003672
422.098388 0.004038
422.098388 0.003411
422.098388 0.002923
422.098388 0.002478
422.098388 0.002945
422.098388 0.002606
422.098388 0.002755
422.098388 0.002646
422.098388 0.004184
422.098388 0.004231
422.098388 0.003858
422.098388 0.003067
422.098388 0.002546
422.098388 0.002642
422.098388 0.003648
422.098388 0.002397
422.098388 0.002400
422.098388 0.002692
422.098388 0.003159
422.098388 0.002385
422.098388 0.003518
422.098388 0.002332
422.098388 0.002359
422.098388 0.003272
422.098388 0.002940
422.098388 0.003230
422.098388 0.003384
422.098388 0.002843
422.098388 0.002387
422.098388 0.002629
422.098388 0.003783
422.098388 0.002610
422.098388 0.002967
422.098388 0.002954
422.098388 0.008198
422.098388 0.003130
422.098388 0.007609
422.098388 0.003870
422.098388 0.003367
422.098388 0.005093
422.098388 0.002446
422.098388 0.003361
422.098388 0.003179
422.098388 0.002467
422.098388 0.007356
422.098388 0.003032
422.098388 0.005316
422.098388 0.006430
422.098388 0.003490
422.098388 0.005277
422.098388 0.006091
422.098388 0.004652
422.098388 0.003607
422.098388 0.006055
422.098388 0.006003
422.098388 0.005904
422.098388 0.004413
422.098388 0.004552
422.098388 0.004533
422.098388 0.002743
422.098388 0.002437
422.098388 0.002606
422.098388 0.002699
422.098388 0.002737
422.098388 0.003634
422.098388 0.002840
422.098388 0.003511
422.098388 0.003405
422.098388 0.002746
422.098388 0.003258
422.098388 0.007661
422.098388 0.005387
422.098388 0.005076
422.098388 0.005258
422.098388 0.006064
422.098388 0.007123
422.098388 0.002777
422.098388 0.008089
422.098388 0.003327
422.098388 0.003272
422.098388 0.002927
422.098388 0.003418
422.098388 0.003361
422.098388 0.003589
422.098388 0.005933
422.098388 0.003814
422.098388 0.004303
422.098388 0.003079
422.098388 0.002596
422.098388 0.004030
422.098388 0.003373
422.098388 0.002736
422.098388 0.003103
422.098388 0.003790
422.098388 0.002969
422.098388 0.003732
422.098388 0.002975
422.098388 0.002701
422.098388 0.002992
422.098388 0.002738
422.098388 0.005582
422.098388 0.004827
422.098388 0.003289
422.098388 0.005918
422.098388 0.002780
422.098388 0.006621
422.098388 0.002792
422.098388 0.002917
422.098388 0.002897
422.098388 0.004542
422.098388 0.003287
422.098388 0.002510
422.098388 0.003041
422.098388 0.004033
422.098388 0.002716
422.098388 0.007642
422.098388 0.002392
422.098388 0.005666
422.098388 0.005058
422.098388 0.006676
422.098388 0.004850
422.098388 0.006330
422.098388 0.003291
422.098388 0.002767
422.098388 0.002420
422.098388 0.003405
422.098388 0.002543
422.098388 0.002561
422.098388 0.002369
422.098388 0.002677
422.098388 0.002337
422.098388 0.003466
422.098388 0.003490
422.098388 0.002405
422.098388 0.004468
422.098388 0.002684
422.098388 0.004361
422.098388 0.003080
422.098388 0.003287
422.098388 0.003852
422.098388 0.003162
422.098388 0.002562
422.098388 0.004386
422.098388 0.002695
422.098388 0.003382
422.098388 0.003309
422.098388 0.002445
422.098388 0.002383
422.098388 0.003718
422.098388 0.002654
422.098388 0.003507
422.098388 0.003678
422.098388 0.002721
422.098388 0.003329
422.098388 0.003381
422.098388 0.002302
422.098388 0.002347
422.098388 0.002363
422.098388 0.003701
422.098388 0.003120
422.098388 0.002918
422.098388 0.002677
422.098388 0.003035
422.098388 0.003389
422.098388 0.003096
422.098388 0.003312
422.098388 0.003114
422.098388 0.002369
422.098388 0.002508
422.098388 0.002431
422.098388 0.002481
422.098388 0.007777
422.098388 0.002672
422.098388 0.003690
422.098388 0.003150
422.098388 0.002408
422.098388 0.003104
422.098388 0.002808
422.098388 0.002816
422.098388 0.008419
422.098388 0.002417
422.098388 0.005166
422.098388 0.007083
422.098388 0.005824
422.098388 0.007644
422.098388 0.005544
422.098388 0.005414
422.098388 0.002293
422.098388 0.002696
422.098388 0.003118
422.098388 0.002541
422.098388 0.002375
422.098388 0.002555
422.098388 0.003056
422.098388 0.002893
422.098388 0.002554
422.098388 0.002721
422.098388 0.003185
422.098388 0.004499
422.098388 0.002348
422.098388 0.002621
422.098388 0.004241
422.098388 0.003397
422.098388 0.002322
422.098388 0.002657
422.098388 0.002466
422.098388 0.002801
422.098388 0.002596
422.098388 0.002683
422.098388 0.002581
422.098388 0.002320
422.098388 0.002760
422.098388 0.002765
422.098388 0.004056
422.098388 0.002512
422.098388 0.002632
422.098388 0.003353
422.098388 0.003369
422.098388 0.003459
422.098388 0.002314
422.098388 0.002313
422.098388 0.002617
422.098388 0.002425
422.098388 0.002642
422.098388 0.003786
422.098388 0.003204
422.098388 0.003269
422.098388 0.002378
422.098388 0.003227
422.098388 0.004027
422.098388 0.002499
422.098388 0.004992
422.098388 0.002784
422.098388 0.004134
422.098388 0.002807
422.098388 0.003904
422.098388 0.002440
422.098388 0.002706
422.098388 0.002784
422.098388 0.003712
422.098388 0.004347
422.098388 0.003351
422.098388 0.003428
422.098388 0.002469
422.098388 0.003928
422.098388 0.003359
422.098388 0.003640
422.098388 0.002896
422.098388 0.004101
422.098388 0.003744
422.098388 0.003504
422.098388 0.002350
422.098388 0.002335
422.098388 0.002374
422.098388 0.003286
422.098388 0.002435
422.098388 0.002736
422.098388 0.002727
422.098388 0.002559
422.098388 0.003101
422.098388 0.003075
422.098388 0.005000
422.098388 0.002983
422.098388 0.002718
422.098388 0.007844
422.098388 0.007646
422.098388 0.005810
422.098388 0.002362
422.098388 0.002398
422.098388 0.003438
422.098388 0.002341
422.098388 0.005461
422.098388 0.006792
422.098388 0.005976
422.098388 0.007624
422.098388 0.006753
422.098388 0.005315
422.098388 0.003600
422.098388 0.004868
422.098388 0.005410
422.098388 0.003076
422.098388 0.004445
422.098388 0.004712
422.098388 0.002275
422.098388 0.002659
422.098388 0.002908
422.098388 0.003454
422.098388 0.003476
422.098388 0.003290
422.098388 0.002954
422.098388 0.002475
422.098388 0.002906
422.098388 0.003138
422.098388 0.002642
422.098388 0.002540
422.098388 0.002412
422.098388 0.003160
422.098388 0.002529
422.098388 0.002643
422.098388 0.002894
422.098388 0.002504
422.098388 0.002388
422.098388 0.003195
422.098388 0.003688
422.098388 0.002611
422.098388 0.002819
422.098388 0.002834
422.098388 0.002428
422.098388 0.003574
422.098388 0.002859
422.098388 0.002909
422.098388 0.003240
422.098388 0.002372
422.098388 0.002600
422.098388 0.002718
422.098388 0.002267
422.098388 0.002565
422.098388 0.002385
422.098388 0.002623
422.098388 0.002795
422.098388 0.003622
422.098388 0.002790
422.098388 0.002450
422.098388 0.002657
422.098388 0.002683
422.098388 0.002602
422.098388 0.002673
422.098388 0.007909
422.098388 0.002391
422.098388 0.002557
422.098388 0.002468
422.098388 0.007786
422.098388 0.002287
422.098388 0.002401
422.098388 0.002305
422.098388 0.007438
422.098388 0.007638
422.098388 0.005914
422.098388 0.007644
422.098388 0.004327
422.098388 0.005629
422.098388 0.004714
422.098388 0.004904
422.098388 0.007982
422.098388 0.007589
422.098388 0.006717
422.098388 0.006771
422.098388 0.002302
422.098388 0.002521
422.098388 0.002377
422.098388 0.002699
422.098388 0.003851
422.098388 0.002871
422.098388 0.003199
422.098388 0.004220
422.098388 0.004107
422.098388 0.003288
422.098388 0.004340
422.098388 0.002580
422.098388 0.002848
422.098388 0.002446
422.098388 0.003244
422.098388 0.003233
422.098388 0.002531
422.098388 0.002408
422.098388 0.002368
422.098388 0.003737
422.098388 0.003846
422.098388 0.002821
422.098388 0.003755
422.098388 0.003355
422.098388 0.002454
422.098388 0.002633
422.098388 0.003889
422.098388 0.002989
422.098388 0.003255
422.098388 0.002489
422.098388 0.008844
422.098388 0.006275
422.098388 0.002289
422.098388 0.002422
422.098388 0.002831
422.098388 0.003164
422.098388 0.003611
422.098388 0.002552
422.098388 0.003082
422.098388 0.002821
422.098388 0.002460
422.098388 0.003961
422.098388 0.002550
422.098388 0.002290
422.098388 0.002614
422.098388 0.004142
422.098388 0.002612
422.098388 0.002889
422.098388 0.002676
422.098388 0.002555
422.098388 0.002573
422.098388 0.003482
422.098388 0.004814
422.098388 0.004041
422.098388 0.002949
422.098388 0.002507
422.098388 0.002688
422.098388 0.002509
422.098388 0.004002
422.098388 0.002319
422.098388 0.002448
422.098388 0.002570
422.098388 0.002509
422.098388 0.003692
422.098388 0.002296
422.098388 0.002446
422.098388 0.002573
422.098388 0.002695
422.098388 0.002467
422.098388 0.003615
422.098388 0.002645
422.098388 0.002794
422.098388 0.003920
422.098388 0.004047
422.098388 0.003041
422.098388 0.003700
422.098388 0.002406
422.098388 0.002576
422.098388 0.002518
422.098388 0.007460
422.098388 0.002564
422.098388 0.003656
422.098388 0.002368
422.098388 0.002399
422.098388 0.002345
422.098388 0.005870
422.098388 0.004746
422.098388 0.007295
422.098388 0.003339
422.098388 0.002523
422.098388 0.003335
422.098388 0.003232
422.098388 0.006748
422.098388 0.005095
422.098388 0.004391
422.098388 0.005666
422.098388 0.002308
422.098388 0.002742
422.098388 0.002397
422.098388 0.002290
422.098388 0.003138
422.098388 0.003747
422.098388 0.003733
422.098388 0.002510
422.098388 0.003742
422.098388 0.002584
422.098388 0.002902
422.098388 0.002584
422.098388 0.003207
422.098388 0.003579
422.098388 0.002613
422.098388 0.002935
422.098388 0.002543
422.098388 0.002573
422.098388 0.002548
422.098388 0.002399
422.098388 0.003312
422.098388 0.002516
422.098388 0.002721
422.098388 0.003251
422.098388 0.002689
422.098388 0.003395
422.098388 0.003213
422.098388 0.002757
422.098388 0.002499
422.098388 0.002433
422.098388 0.002782
422.098388 0.003252
422.098388 0.002342
422.098388 0.002535
422.098388 0.002774
422.098388 0.002655
422.098388 0.003083
422.098388 0.003063
422.098388 0.002924
422.098388 0.002909
422.098388 0.003889
422.098388 0.003114
422.098388 0.002741
422.098388 0.003207
422.098388 0.002714
422.098388 0.003785
422.098388 0.003543
422.098388 0.003004
422.098388 0.002979
422.098388 0.003104
422.098388 0.003579
422.098388 0.003179
422.098388 0.002657
422.098388 0.002973
422.098388 0.003017
422.098388 0.002432
422.098388 0.002644
422.098388 0.003634
422.098388 0.002403
422.098388 0.002985
422.098388 0.002838
422.098388 0.002401
422.098388 0.003290
422.098388 0.003491
422.098388 0.002269
422.098388 0.003318
422.098388 0.003164
422.098388 0.002701
422.098388 0.002766
422.098388 0.002489
422.098388 0.002465
422.098388 0.002760
422.098388 0.002660
422.098388 0.002446
422.098388 0.002304
422.098388 0.002941
422.098388 0.002643
422.098388 0.002984
422.098388 0.002655
422.098388 0.002375
422.098388 0.002438
422.098388 0.002493
422.098388 0.003442
422.098388 0.002799
422.098388 0.002814
422.098388 0.002689
422.098388 0.002339
422.098388 0.002513
422.098388 0.002391
422.098388 0.002716
422.098388 0.002468
422.098388 0.002368
422.098388 0.002651
422.098388 0.003193
422.098388 0.002351
422.098388 0.002638
422.098388 0.002340
422.098388 0.002366
422.098388 0.002635
422.098388 0.003543
422.098388 0.002459
422.098388 0.003745
422.098388 0.002393
422.098388 0.003365
422.098388 0.003916
422.098388 0.003938
422.098388 0.002658
422.098388 0.002571
422.098388 0.004525
422.098388 0.004309
422.098388 0.002364
422.098388 0.002628
422.098388 0.002511
422.098388 0.003370
422.098388 0.003459
422.098388 0.003781
422.098388 0.003381
422.098388 0.002438
422.098388 0.002362
422.098388 0.003202
422.098388 0.007612
422.098388 0.002415
422.098388 0.003765
422.098388 0.002956
422.098388 0.003492
422.098388 0.007724
422.098388 0.004605
422.098388 0.004854
422.098388 0.002472
422.098388 0.002507
422.098388 0.002589
422.098388 0.002609
422.098388 0.002681
422.098388 0.002794
422.098388 0.002492
422.098388 0.003697
422.098388 0.002631
422.098388 0.002913
422.098388 0.002460
422.098388 0.002570
422.098388 0.003182
422.098388 0.003361
422.098388 0.004447
422.098388 0.002481
422.098388 0.002528
422.098388 0.002480
422.098388 0.002675
422.098388 0.003631
422.098388 0.003145
422.098388 0.003015
422.098388 0.002925
422.098388 0.002511
422.098388 0.002714
422.098388 0.002660
422.098388 0.002913
422.098388 0.004393
422.098388 0.002950
422.098388 0.002364
422.098388 0.003260
422.098388 0.003700
422.098388 0.002310
422.098388 0.002841
422.098388 0.003004
422.098388 0.002760
422.098388 0.002538
422.098388 0.002754
422.098388 0.002977
422.098388 0.002558
422.098388 0.002489
422.098388 0.002771
422.098388 0.002536
422.098388 0.002988
422.098388 0.007274
422.098388 0.002576
422.098388 0.003762
422.098388 0.007188
422.098388 0.004283
422.098388 0.002553
422.098388 0.002585
422.098388 0.003357
422.098388 0.005708
422.098388 0.002745
422.098388 0.003353
422.098388 0.002399
422.098388 0.007392
422.098388 0.003977
422.098388 0.004887
422.098388 0.004424
422.098388 0.006582
422.098388 0.005114
422.098388 0.004525
422.098388 0.005478
422.098388 0.002519
422.098388 0.002420
422.098388 0.002367
422.098388 0.002327
422.098388 0.002398
422.098388 0.003952
422.098388 0.003585
422.098388 0.003092
422.098388 0.004482
422.098388 0.002609
422.098388 0.006108
422.098388 0.003274
422.098388 0.006235
422.098388 0.002917
422.098388 0.003827
422.098388 0.002506
422.098388 0.002451
422.098388 0.002753
422.098388 0.003718
422.098388 0.002878
422.098388 0.003889
422.098388 0.002321
422.098388 0.003174
422.098388 0.002613
422.098388 0.003811
422.098388 0.003588
422.098388 0.005642
422.098388 0.003299
422.098388 0.004895
422.098388 0.003456
422.098388 0.003316
422.098388 0.003413
422.098388 0.002456
422.098388 0.002297
422.098388 0.002793
422.098388 0.002521
422.098388 0.002742
422.098388 0.002527
422.098388 0.003543
422.098388 0.003356
422.098388 0.002403
422.098388 0.002783
422.098388 0.002835
422.098388 0.002722
422.098388 0.002609
422.098388 0.002614
422.098388 0.002387
422.098388 0.002321
422.098388 0.002449
422.098388 0.003183
422.098388 0.002712
422.098388 0.002683
422.098388 0.002991
422.098388 0.003266
422.098388 0.002523
422.098388 0.003989
422.098388 0.002522
422.098388 0.002572
422.098388 0.003235
422.098388 0.003364
422.098388 0.002983
422.098388 0.002469
422.098388 0.002434
422.098388 0.003661
422.098388 0.002321
422.098388 0.002410
422.098388 0.002335
422.098388 0.002515
422.098388 0.003591
422.098388 0.002660
422.098388 0.003411
422.098388 0.002381
422.098388 0.002414
422.098388 0.002365
422.098388 0.004584
422.098388 0.002436
422.098388 0.002687
422.098388 0.005328
422.098388 0.006278
422.098388 0.002801
422.098388 0.002297
422.098388 0.007743
422.098388 0.002473
422.098388 0.002631
422.098388 0.002328
422.098388 0.007378
422.098388 0.004731
422.098388 0.005631
422.098388 0.002341
422.098388 0.003340
422.098388 0.003948
422.098388 0.007549
422.098388 0.006128
422.098388 0.002940
422.098388 0.005567
422.098388 0.004455
422.098388 0.002310
422.098388 0.003738
422.098388 0.002508
422.098388 0.002576
422.098388 0.002457
422.098388 0.002867
422.098388 0.003647
422.098388 0.002411
422.098388 0.003550
422.098388 0.002383
422.098388 0.003237
422.098388 0.002761
422.098388 0.003030
422.098388 0.007750
422.098388 0.002705
422.098388 0.003942
422.098388 0.002402
422.098388 0.002965
422.098388 0.003372
422.098388 0.002904
422.098388 0.002361
422.098388 0.006920
422.098388 0.003303
422.098388 0.008317
422.098388 0.007133
422.098388 0.002604
422.098388 0.008131
422.098388 0.005137
422.098388 0.005446
422.098388 0.005208
422.098388 0.004723
422.098388 0.004917
422.098388 0.002304
422.098388 0.002333
422.098388 0.002540
422.098388 0.002515
422.098388 0.002719
422.098388 0.003187
422.098388 0.002683
422.098388 0.003850
422.098388 0.002629
422.098388 0.002642
422.098388 0.002933
422.098388 0.003417
422.098388 0.002868
422.098388 0.002679
422.098388 0.003165
422.098388 0.002574
422.098388 0.002555
422.098388 0.003907
422.098388 0.002563
422.098388 0.002517
422.098388 0.002812
422.098388 0.002711
422.098388 0.002813
422.098388 0.003628
422.098388 0.002392
422.098388 0.002553
422.098388 0.002403
422.098388 0.002425
422.098388 0.002441
422.098388 0.003341
422.098388 0.002381
422.098388 0.003346
422.098388 0.003262
422.098388 0.002712
422.098388 0.003330
422.098388 0.003121
422.098388 0.002788
422.098388 0.003472
422.098388 0.002972
422.098388 0.002484
422.098388 0.002372
422.098388 0.006561
422.098388 0.006858
422.098388 0.006720
422.098388 0.006638
422.098388 0.002537
422.098388 0.005729
422.098388 0.002376
422.098388 0.007640
422.098388 0.002372
422.098388 0.002780
422.098388 0.003341
422.098388 0.005945
422.098388 0.003333
422.098388 0.002277
422.098388 0.004530
422.098388 0.005096
422.098388 0.004786
422.098388 0.005755
422.098388 0.004906
422.098388 0.005341
422.098388 0.005411
422.098388 0.007612
422.098388 0.007015
422.098388 0.002284
422.098388 0.003088
422.098388 0.002672
422.098388 0.003356
422.098388 0.002996
422.098388 0.003799
422.098388 0.003455
422.098388 0.003118
422.098388 0.003310
422.098388 0.003331
422.098388 0.003229
422.098388 0.003096
422.098388 0.002529
422.098388 0.003141
422.098388 0.003238
422.098388 0.002734
422.098388 0.003395
422.098388 0.003082
422.098388 0.004185
422.098388 0.003321
422.098388 0.002889
422.098388 0.003455
422.098388 0.002715
422.098388 0.003483
422.098388 0.002761
422.098388 0.002715
422.098388 0.002387
422.098388 0.003125
422.098388 0.003618
422.098388 0.003571
422.098388 0.003496
422.098388 0.003372
422.098388 0.002309
422.098388 0.002378
422.098388 0.002375
422.098388 0.002517
422.098388 0.002488
422.098388 0.003223
422.098388 0.002933
422.098388 0.002555
422.098388 0.002988
422.098388 0.002887
422.098388 0.003090
422.098388 0.003009
422.098388 0.002662
422.098388 0.003164
422.098388 0.002991
422.098388 0.002448
422.098388 0.002688
422.098388 0.002765
422.098388 0.002888
422.098388 0.002543
422.098388 0.002724
422.098388 0.002458
422.098388 0.002762
422.098388 0.002666
422.098388 0.002545
422.098388 0.003306
422.098388 0.002521
422.098388 0.002437
422.098388 0.002418
422.098388 0.002529
422.098388 0.003437
422.098388 0.002385
422.098388 0.002353
422.098388 0.002366
422.098388 0.003094
422.098388 0.002881
422.098388 0.006814
422.098388 0.006572
422.098388 0.004590
422.098388 0.004136
422.098388 0.006541
422.098388 0.002842
422.098388 0.002692
422.098388 0.006129
422.098388 0.004048
422.098388 0.006726
422.098388 0.003748
422.098388 0.006779
422.098388 0.007066
422.098388 0.002357
422.098388 0.002369
422.098388 0.004133
422.098388 0.003482
422.098388 0.002517
422.098388 0.004020
422.098388 0.007268
422.098388 0.002953
422.098388 0.006788
422.098388 0.002957
422.098388 0.003091
422.098388 0.004292
422.098388 0.003506
422.098388 0.004162
422.098388 0.004647
422.098388 0.002745
422.098388 0.002332
422.098388 0.003756
422.098388 0.004044
422.098388 0.004284
422.098388 0.004308
422.098388 0.004142
422.098388 0.003340
422.098388 0.002569
422.098388 0.002694
422.098388 0.004207
422.098388 0.005297
422.098388 0.002909
422.098388 0.002703
422.098388 0.002558
422.098388 0.005179
422.098388 0.003533
422.098388 0.003459
422.098388 0.002637
422.098388 0.004017
422.098388 0.002974
422.098388 0.003932
422.098388 0.002270
422.098388 0.002974
422.098388 0.007476
422.098388 0.002555
422.098388 0.003679
422.098388 0.002328
422.098388 0.004461
422.098388 0.002376
422.098388 0.004550
422.098388 0.004851
422.098388 0.002318
422.098388 0.003028
422.098388 0.002744
422.098388 0.003558
422.098388 0.002795
422.098388 0.005138
422.098388 0.003356
422.098388 0.004812
422.098388 0.003833
422.098388 0.004126
422.098388 0.002501
422.098388 0.002739
422.098388 0.002952
422.098388 0.004839
422.098388 0.003621
422.098388 0.003796
422.098388 0.002504
422.098388 0.003357
422.098388 0.002620
422.098388 0.002489
422.098388 0.003591
422.098388 0.002802
422.098388 0.004586
422.098388 0.002734
422.098388 0.002425
422.098388 0.002538
422.098388 0.004903
422.098388 0.003131
422.098388 0.003780
422.098388 0.003336
422.098388 0.003969
422.098388 0.004081
422.098388 0.002318
422.098388 0.002653
422.098388 0.003735
422.098388 0.002830
422.098388 0.003305
422.098388 0.002942
422.098388 0.002635
422.098388 0.002726
422.098388 0.002628
422.098388 0.002789
422.098388 0.002695
422.098388 0.006150
422.098388 0.002458
422.098388 0.002402
422.098388 0.008313
422.098388 0.002457
422.098388 0.002563
422.098388 0.002397
422.098388 0.002411
422.098388 0.007980
422.098388 0.005346
422.098388 0.002989
422.098388 0.008404
422.098388 0.007678
422.098388 0.007254
422.098388 0.005880
422.098388 0.006983
422.098388 0.004951
422.098388 0.004635
422.098388 0.004866
422.098388 0.005521
422.098388 0.004509
422.098388 0.002341
422.098388 0.003292
422.098388 0.002433
422.098388 0.002312
422.098388 0.002761
422.098388 0.003329
422.098388 0.002684
422.098388 0.003486
422.098388 0.003880
422.098388 0.002319
422.098388 0.002321
422.098388 0.002999
422.098388 0.003784
422.098388 0.004478
422.098388 0.002329
422.098388 0.004505
422.098388 0.003321
422.098388 0.003377
422.098388 0.003531
422.098388 0.002518
422.098388 0.002688
422.098388 0.002911
422.098388 0.002395
422.098388 0.003104
422.098388 0.003081
422.098388 0.002426
422.098388 0.003804
422.098388 0.002541
422.098388 0.003053
422.098388 0.002654
422.098388 0.002851
422.098388 0.003329
422.098388 0.002350
422.098388 0.002472
422.098388 0.002616
422.098388 0.002994
422.098388 0.003494
422.098388 0.002776
422.098388 0.002941
422.098388 0.002871
422.098388 0.002317
422.098388 0.002502
422.098388 0.003348
422.098388 0.002379
422.098388 0.002869
422.098388 0.002483
422.098388 0.002504
422.098388 0.002870
422.098388 0.002435
422.098388 0.003162
422.098388 0.003308
422.098388 0.002540
422.098388 0.002571
422.098388 0.002368
422.098388 0.002952
422.098388 0.002541
422.098388 0.002332
422.098388 0.003679
422.098388 0.003349
422.098388 0.002359
422.098388 0.002910
422.098388 0.003414
422.098388 0.003046
422.098388 0.002445
422.098388 0.003236
422.098388 0.002483
422.098388 0.003321
422.098388 0.003037
422.098388 0.003158
422.098388 0.002927
422.098388 0.003194
422.098388 0.003070
422.098388 0.002879
422.098388 0.004972
422.098388 0.004063
422.098388 0.002785
422.098388 0.006905
422.098388 0.002712
422.098388 0.003771
422.098388 0.002721
422.098388 0.007740
422.098388 0.002314
422.098388 0.002932
422.098388 0.007849
422.098388 0.005830
422.098388 0.002391
422.098388 0.006257
422.098388 0.002674
422.098388 0.005476
422.098388 0.002905
422.098388 0.005233
422.098388 0.003334
422.098388 0.004355
422.098388 0.003715
422.098388 0.004332
422.098388 0.004025
422.098388 0.002582
422.098388 0.002343
422.098388 0.002925
422.098388 0.003384
422.098388 0.002802
422.098388 0.002693
422.098388 0.002517
422.098388 0.002851
422.098388 0.004189
422.098388 0.006375
422.098388 0.002331
422.098388 0.002480
422.098388 0.005668
422.098388 0.007888
422.098388 0.002697
422.098388 0.006305
422.098388 0.002730
422.098388 0.007184
422.098388 0.002533
422.098388 0.002468
422.098388 0.002396
422.098388 0.005181
422.098388 0.007160
422.098388 0.002364
422.098388 0.004189
422.098388 0.004240
422.098388 0.003532
422.098388 0.002921
422.098388 0.007748
422.098388 0.003473
422.098388 0.004733
422.098388 0.005783
422.098388 0.002838
422.098388 0.002603
422.098388 0.002773
422.098388 0.002359
422.098388 0.002782
422.098388 0.003342
422.098388 0.002364
422.098388 0.002918
422.098388 0.003112
422.098388 0.002304
422.098388 0.003897
422.098388 0.002625
422.098388 0.003734
422.098388 0.003874
422.098388 0.002739
422.098388 0.002445
422.098388 0.004032
422.098388 0.002648
422.098388 0.002418
422.098388 0.002744
422.098388 0.002599
422.098388 0.002939
422.098388 0.002820
422.098388 0.002292
422.098388 0.002428
422.098388 0.002387
422.098388 0.002355
422.098388 0.002317
422.098388 0.002337
422.098388 0.003334
422.098388 0.003415
422.098388 0.003401
422.098388 0.002316
422.098388 0.002848
422.098388 0.002712
422.098388 0.002526
422.098388 0.003087
422.098388 0.002967
422.098388 0.005708
422.098388 0.002965
422.098388 0.003149
422.098388 0.005507
422.098388 0.005340
422.098388 0.002802
422.098388 0.002927
422.098388 0.003540
422.098388 0.003366
422.098388 0.004545
422.098388 0.004697
422.098388 0.002658
422.098388 0.004988
422.098388 0.003829
422.098388 0.007802
422.098388 0.003409
422.098388 0.003829
422.098388 0.003312
422.098388 0.002644
422.098388 0.003497
422.098388 0.003435
422.098388 0.003781
422.098388 0.003549
422.098388 0.003748
422.098388 0.003954
422.098388 0.004783
422.098388 0.002570
422.098388 0.003258
422.098388 0.002324
422.098388 0.004041
422.098388 0.002663
422.098388 0.003207
422.098388 0.002439
422.098388 0.003717
422.098388 0.002652
422.098388 0.002542
422.098388 0.003661
422.098388 0.002671
422.098388 0.002611
422.098388 0.002660
422.098388 0.002964
422.098388 0.002653
422.098388 0.003522
422.098388 0.002325
422.098388 0.004350
422.098388 0.002524
422.098388 0.002466
422.098388 0.002402
422.098388 0.002410
422.098388 0.003252
422.098388 0.002357
422.098388 0.003284
422.098388 0.003321
422.098388 0.003848
422.098388 0.002390
422.098388 0.003221
422.098388 0.002481
422.098388 0.003538
422.098388 0.002424
422.098388 0.002426
422.098388 0.002336
422.098388 0.002379
422.098388 0.002522
422.098388 0.002411
422.098388 0.003930
422.098388 0.002911
422.098388 0.002737
422.098388 0.002592
422.098388 0.002661
422.098388 0.003239
422.098388 0.003466
422.098388 0.002896
422.098388 0.003919
422.098388 0.002386
422.098388 0.002599
422.098388 0.002799
422.098388 0.002603
422.098388 0.003581
422.098388 0.002377
422.098388 0.003072
422.098388 0.002441
422.098388 0.007224
422.098388 0.002899
422.098388 0.002452
422.098388 0.003671
422.098388 0.003419
422.098388 0.003336
422.098388 0.004594
422.098388 0.003169
422.098388 0.003374
422.098388 0.003012
422.098388 0.002783
422.098388 0.002905
422.098388 0.003292
422.098388 0.002726
422.098388 0.002512
422.098388 0.002951
422.098388 0.002828
422.098388 0.002417
422.098388 0.002455
422.098388 0.003420
422.098388 0.003276
422.098388 0.003186
422.098388 0.002611
422.098388 0.002974
422.098388 0.002885
422.098388 0.002687
422.098388 0.002957
422.098388 0.002548
422.098388 0.002686
422.098388 0.003366
422.098388 0.003195
422.098388 0.002402
422.098388 0.002808
422.098388 0.002452
422.098388 0.003415
422.098388 0.003105
422.098388 0.002491
422.098388 0.002504
422.098388 0.003178
422.098388 0.002544
422.098388 0.002340
422.098388 0.003260
422.098388 0.002685
422.098388 0.002579
422.098388 0.002957
422.098388 0.003284
422.098388 0.003362
422.098388 0.003504
422.098388 0.004729
422.098388 0.002702
422.098388 0.005751
422.098388 0.006395
422.098388 0.005977
422.098388 0.002618
422.098388 0.003846
422.098388 0.003380
422.098388 0.005227
422.098388 0.003918
422.098388 0.003410
422.098388 0.003732
422.098388 0.004742
422.098388 0.004187
422.098388 0.003040
422.098388 0.003098
422.098388 0.003936
422.098388 0.004200
422.098388 0.002546
422.098388 0.002442
422.098388 0.002571
422.098388 0.003254
422.098388 0.003396
422.098388 0.003346
422.098388 0.003318
422.098388 0.002326
422.098388 0.002561
422.098388 0.002468
422.098388 0.002396
422.098388 0.003120
422.098388 0.002476
422.098388 0.002313
422.098388 0.004173
422.098388 0.003356
422.098388 0.002699
422.098388 0.002927
422.098388 0.003175
422.098388 0.002385
422.098388 0.004067
422.098388 0.002587
422.098388 0.003700
422.098388 0.003497
422.098388 0.002449
422.098388 0.002445
422.098388 0.002596
422.098388 0.003094
422.098388 0.003012
422.098388 0.002434
422.098388 0.002967
422.098388 0.003566
422.098388 0.003526
422.098388 0.003613
422.098388 0.002747
422.098388 0.003674
422.098388 0.003424
422.098388 0.003668
422.098388 0.002569
422.098388 0.002494
422.098388 0.002468
422.098388 0.003111
422.098388 0.002546
422.098388 0.003143
422.098388 0.003176
422.098388 0.003221
422.098388 0.002948
422.098388 0.002574
422.098388 0.003257
422.098388 0.003383
422.098388 0.002503
422.098388 0.003920
422.098388 0.003452
422.098388 0.002545
422.098388 0.003251
422.098388 0.003113
422.098388 0.003643
422.098388 0.002604
422.098388 0.003477
422.098388 0.002586
422.098388 0.004218
422.098388 0.002707
422.098388 0.003448
422.098388 0.002809
422.098388 0.002464
422.098388 0.003311
422.098388 0.002562
422.098388 0.003567
422.098388 0.003427
422.098388 0.002386
422.098388 0.003731
422.098388 0.002434
422.098388 0.002559
422.098388 0.002918
422.098388 0.002700
422.098388 0.002734
422.098388 0.003446
422.098388 0.002531
422.098388 0.003188
422.098388 0.003667
422.098388 0.002549
422.098388 0.003130
422.098388 0.002825
422.098388 0.002446
422.098388 0.002859
422.098388 0.002581
422.098388 0.003817
422.098388 0.002406
422.098388 0.003261
422.098388 0.002652
422.098388 0.002566
422.098388 0.002546
422.098388 0.002602
422.098388 0.003461
422.098388 0.003543
422.098388 0.002318
422.098388 0.003022
422.098388 0.002649
422.098388 0.002407
422.098388 0.002499
422.098388 0.002410
422.098388 0.002530
422.098388 0.002418
422.098388 0.002344
422.098388 0.002728
422.098388 0.002334
422.098388 0.003274
422.098388 0.002934
422.098388 0.003072
422.098388 0.003908
422.098388 0.002983
422.098388 0.002744
422.098388 0.003177
422.098388 0.002743
422.098388 0.002734
422.098388 0.002533
422.098388 0.002582
422.098388 0.002524
422.098388 0.002461
422.098388 0.002993
422.098388 0.002979
422.098388 0.002459
422.098388 0.002401
422.098388 0.002417
422.098388 0.002738
422.098388 0.002319
422.098388 0.002456
422.098388 0.003372
422.098388 0.002372
422.098388 0.002758
422.098388 0.002592
422.098388 0.002574
422.098388 0.002948
422.098388 0.007020
422.098388 0.004272
422.098388 0.002443
422.098388 0.002334
422.098388 0.002338
422.098388 0.002555
422.098388 0.002693
422.098388 0.003034
422.098388 0.002858
422.098388 0.003008
422.098388 0.002415
422.098388 0.003380
422.098388 0.002863
422.098388 0.002433
422.098388 0.003231
422.098388 0.002836
422.098388 0.002337
422.098388 0.002350
422.098388 0.003080
422.098388 0.003958
422.098388 0.002820
422.098388 0.003233
422.098388 0.002789
422.098388 0.002785
422.098388 0.004466
422.098388 0.002813
422.098388 0.003335
422.098388 0.005330
422.098388 0.003231
422.098388 0.002425
422.098388 0.002305
422.098388 0.003170
422.098388 0.003309
422.098388 0.005061
422.098388 0.002387
422.098388 0.002345
422.098388 0.002448
422.098388 0.002955
422.098388 0.002706
422.098388 0.002330
422.098388 0.002421
422.098388 0.002835
422.098388 0.002323
422.098388 0.002536
422.098388 0.003597
422.098388 0.002777
422.098388 0.002504
422.098388 0.002510
422.098388 0.002837
422.098388 0.004219
422.098388 0.002356
422.098388 0.004571
422.098388 0.002674
422.098388 0.002494
422.098388 0.002563
422.098388 0.002840
422.098388 0.002299
422.098388 0.003344
422.098388 0.002477
422.098388 0.002370
422.098388 0.002362
422.098388 0.003342
422.098388 0.002356
422.098388 0.002919
422.098388 0.003598
422.098388 0.003356
422.098388 0.002489
422.098388 0.003294
422.098388 0.003374
422.098388 0.002857
422.098388 0.003072
422.098388 0.002998
422.098388 0.004204
422.098388 0.003166
422.098388 0.003054
422.098388 0.002927
422.098388 0.003223
422.098388 0.003111
422.098388 0.004808
422.098388 0.002753
422.098388 0.003888
422.098388 0.002720
422.098388 0.003226
422.098388 0.003299
422.098388 0.002708
422.098388 0.003314
422.098388 0.003004
422.098388 0.002593
422.098388 0.002675
422.098388 0.002908
422.098388 0.002409
422.098388 0.003528
422.098388 0.002703
422.098388 0.002943
422.098388 0.003421
422.098388 0.002769
422.098388 0.004407
422.098388 0.002985
422.098388 0.003391
422.098388 0.002791
422.098388 0.003674
422.098388 0.003440
422.098388 0.003184
422.098388 0.004912
422.098388 0.002864
422.098388 0.003542
422.098388 0.006193
422.098388 0.006622
422.098388 0.005691
422.098388 0.003279
422.098388 0.002578
422.098388 0.004858
422.098388 0.003758
422.098388 0.006429
422.098388 0.004330
422.098388 0.004049
422.098388 0.003082
422.098388 0.003222
422.098388 0.003199
422.098388 0.003825
422.098388 0.003967
422.098388 0.003158
422.098388 0.002338
422.098388 0.002323
422.098388 0.007223
422.098388 0.003403
422.098388 0.002576
422.098388 0.005548
422.098388 0.004513
422.098388 0.005416
422.098388 0.002287
422.098388 0.003303
422.098388 0.002812
422.098388 0.002747
422.098388 0.003299
422.098388 0.002813
422.098388 0.003174
422.098388 0.003002
422.098388 0.002431
422.098388 0.004016
422.098388 0.004614
422.098388 0.003730
422.098388 0.004404
422.098388 0.002777
422.098388 0.005115
422.098388 0.002454
422.098388 0.003226
422.098388 0.002457
422.098388 0.002617
422.098388 0.002473
422.098388 0.004036
422.098388 0.002440
422.098388 0.002455
422.098388 0.003366
422.098388 0.002688
422.098388 0.002486
422.098388 0.002796
422.098388 0.004142
422.098388 0.002635
422.098388 0.003936
422.098388 0.003425
422.098388 0.004488
422.098388 0.002304
422.098388 0.002271
422.098388 0.002359
422.098388 0.002484
422.098388 0.002759
422.098388 0.003709
422.098388 0.003530
422.098388 0.002308
422.098388 0.002614
422.098388 0.002517
422.098388 0.003176
422.098388 0.002309
422.098388 0.002399
422.098388 0.002692
422.098388 0.004315
422.098388 0.002433
422.098388 0.002458
422.098388 0.002428
422.098388 0.002860
422.098388 0.002713
422.098388 0.002478
422.098388 0.003653
422.098388 0.003944
422.098388 0.002420
422.098388 0.002263
422.098388 0.002394
422.098388 0.003861
422.098388 0.002686
422.098388 0.002550
422.098388 0.003412
422.098388 0.003509
422.098388 0.002700
422.098388 0.002271
422.098388 0.002328
422.098388 0.002545
422.098388 0.002866
422.098388 0.002452
422.098388 0.003084
422.098388 0.002322
422.098388 0.002799
422.098388 0.002607
422.098388 0.003066
422.098388 0.002528
422.098388 0.002577
422.098388 0.003142
422.098388 0.002547
422.098388 0.003719
422.098388 0.002457
422.098388 0.004239
422.098388 0.002608
422.098388 0.002485
422.098388 0.002435
422.098388 0.007928
422.098388 0.002655
422.098388 0.002450
422.098388 0.003568
422.098388 0.006567
422.098388 0.005727
422.098388 0.003627
422.098388 0.004405
422.098388 0.006789
422.098388 0.006247
422.098388 0.005265
422.098388 0.004836
422.098388 0.002336
422.098388 0.002602
422.098388 0.002362
422.098388 0.003299
422.098388 0.003435
422.098388 0.003367
422.098388 0.003795
422.098388 0.002593
422.098388 0.003206
422.098388 0.002850
422.098388 0.002369
422.098388 0.002675
422.098388 0.002401
422.098388 0.003431
422.098388 0.002914
422.098388 0.002546
422.098388 0.002398
422.098388 0.002606
422.098388 0.003231
422.098388 0.002469
422.098388 0.003154
422.098388 0.003895
422.098388 0.003357
422.098388 0.003403
422.098388 0.003013
422.098388 0.003924
422.098388 0.003673
422.098388 0.003593
422.098388 0.002307
422.098388 0.002428
422.098388 0.002987
422.098388 0.002474
422.098388 0.003163
422.098388 0.002443
422.098388 0.003595
422.098388 0.002703
422.098388 0.002827
422.098388 0.003493
422.098388 0.002353
422.098388 0.003427
422.098388 0.002491
422.098388 0.002367
422.098388 0.002798
422.098388 0.004106
422.098388 0.002673
422.098388 0.003523
422.098388 0.003896
422.098388 0.002729
422.098388 0.002355
422.098388 0.003313
422.098388 0.002384
422.098388 0.002576
422.098388 0.002397
422.098388 0.003759
422.098388 0.003625
422.098388 0.003426
422.098388 0.002391
422.098388 0.003785
422.098388 0.003358
422.098388 0.002534
422.098388 0.002819
422.098388 0.002386
422.098388 0.002664
422.098388 0.002654
422.098388 0.002267
422.098388 0.003016
422.098388 0.002441
422.098388 0.002319
422.098388 0.002637
422.098388 0.002532
422.098388 0.002633
422.098388 0.002328
422.098388 0.002559
422.098388 0.002846
422.098388 0.002470
422.098388 0.003637
422.098388 0.003289
422.098388 0.006888
422.098388 0.004636
422.098388 0.006903
417.600923 0.007704
417.600923 0.007761
417.600923 0.007733
417.600923 0.007712
417.600923 0.008729
417.600923 0.008515
417.600923 0.009466
417.600923 0.007757
417.600923 0.007851
417.600923 0.007544
417.600923 0.009821
417.600923 0.010744
417.600923 0.009569
417.600923 0.010999
417.600923 0.010573
417.600923 0.012296
417.600923 0.009957
417.600923 0.009986
417.600923 0.010339
417.600923 0.009980
417.600923 0.009838
417.600923 0.010647
417.600923 0.013112
417.600923 0.010627
417.600923 0.010669
417.600923 0.009867
417.600923 0.013568
417.600923 0.012100
417.600923 0.014001
417.600923 0.013829
417.600923 0.015410
417.600923 0.014139
417.600923 0.009799
417.600923 0.013198
417.600923 0.009697
417.600923 0.009951
417.600923 0.010430
417.600923 0.011303
417.600923 0.010232
417.600923 0.011294
417.600923 0.012678
417.600923 0.012182
417.600923 0.010212
417.600923 0.013999
417.600923 0.012317
417.600923 0.011108
417.600923 0.012080
417.600923 0.011860
417.600923 0.009577
417.600923 0.010110
417.600923 0.010215
417.600923 0.010054
417.600923 0.010532
417.600923 0.010046
417.600923 0.010496
417.600923 0.010526
417.600923 0.010963
417.600923 0.011052
417.600923 0.010793
417.600923 0.010843
417.600923 0.010124
417.600923 0.010027
417.600923 0.009569
417.600923 0.010074
417.600923 0.010176
417.600923 0.010152
417.600923 0.008158
417.600923 0.011173
417.600923 0.010239
417.600923 0.009989
417.600923 0.010285
417.600923 0.010075
417.600923 0.010129
417.600923 0.010030
417.600923 0.010178
417.600923 0.010062
417.600923 0.011314
417.600923 0.010969
417.600923 0.011280
417.600923 0.007379
417.600923 0.016672
417.600923 0.012068
417.600923 0.016806
417.600923 0.014725
417.600923 0.013969
417.600923 0.011907
417.600923 0.014617
417.600923 0.017640
417.600923 0.012362
417.600923 0.011460
417.600923 0.016904
417.600923 0.015477
417.600923 0.017823
417.600923 0.011215
417.600923 0.016696
417.600923 0.010576
417.600923 0.017623
417.600923 0.011124
417.600923 0.010849
417.600923 0.017648
417.600923 0.015593
417.600923 0.012777
417.600923 0.012754
417.600923 0.013519
417.600923 0.012886
417.600923 0.013723
417.600923 0.013634
417.600923 0.012760
417.600923 0.012160
417.600923 0.016470
417.600923 0.012563
417.600923 0.013929
417.600923 0.010018
417.600923 0.010838
417.600923 0.010155
417.600923 0.009999
417.600923 0.009244
417.600923 0.010802
417.600923 0.010490
417.600923 0.009976
417.600923 0.010469
417.600923 0.011034
417.600923 0.012800
417.600923 0.010967
417.600923 0.010417
417.600923 0.012398
417.600923 0.009539
417.600923 0.012503
417.600923 0.011798
417.600923 0.010143
417.600923 0.009573
417.600923 0.009624
417.600923 0.011044
417.600923 0.012181
417.600923 0.009941
417.600923 0.009491
417.600923 0.009192
417.600923 0.010130
417.600923 0.009850
417.600923 0.011330
417.600923 0.008970
417.600923 0.010759
417.600923 0.010321
417.600923 0.011159
417.600923 0.009971
417.600923 0.009996
417.600923 0.010363
417.600923 0.010055
417.600923 0.009421
417.600923 0.010528
417.600923 0.010357
417.600923 0.009358
417.600923 0.010647
417.600923 0.009939
417.600923 0.009815
417.600923 0.011223
417.600923 0.009886
417.600923 0.010237
417.600923 0.009981
417.600923 0.011083
417.600923 0.010416
417.600923 0.010178
417.600923 0.009980
417.600923 0.009863
417.600923 0.009764
417.600923 0.012357
417.600923 0.009881
417.600923 0.010301
417.600923 0.009582
417.600923 0.009306
417.600923 0.009017
417.600923 0.011313
417.600923 0.011364
417.600923 0.011351
417.600923 0.009795
417.600923 0.009511
417.600923 0.010206
417.600923 0.010316
417.600923 0.010608
417.600923 0.011009
417.600923 0.010291
417.600923 0.010076
417.600923 0.010208
417.600923 0.009773
417.600923 0.010319
417.600923 0.010304
417.600923 0.010031
417.600923 0.010857
417.600923 0.010921
417.600923 0.010293
417.600923 0.010697
417.600923 0.010358
417.600923 0.011130
417.600923 0.010877
417.600923 0.010171
417.600923 0.010190
417.600923 0.009784
417.600923 0.010439
417.600923 0.009999
417.600923 0.009799
417.600923 0.010533
417.600923 0.010160
417.600923 0.009589
417.600923 0.010559
417.600923 0.009237
417.600923 0.009810
417.600923 0.009731
417.600923 0.009801
417.600923 0.010218
417.600923 0.010057
417.600923 0.010277
417.600923 0.009922
417.600923 0.010419
417.600923 0.009921
417.600923 0.010565
417.600923 0.009960
417.600923 0.010256
417.600923 0.010628
417.600923 0.010604
417.600923 0.010171
417.600923 0.010574
417.600923 0.010949
417.600923 0.010124
417.600923 0.011132
417.600923 0.010101
417.600923 0.010035
417.600923 0.010179
417.600923 0.010166
417.600923 0.009844
417.600923 0.010103
417.600923 0.010987
417.600923 0.010003
417.600923 0.010121
417.600923 0.010040
417.600923 0.009560
417.600923 0.010033
417.600923 0.010221
417.600923 0.009858
417.600923 0.009602
417.600923 0.010341
417.600923 0.009668
417.600923 0.010146
417.600923 0.010322
417.600923 0.010122
417.600923 0.009855
417.600923 0.010156
417.600923 0.010418
417.600923 0.009995
417.600923 0.010218
417.600923 0.010485
417.600923 0.010906
417.600923 0.010749
417.600923 0.010203
417.600923 0.010378
417.600923 0.010409
417.600923 0.010177
417.600923 0.010504
417.600923 0.009987
417.600923 0.009834
417.600923 0.009861
417.600923 0.009875
417.600923 0.009631
417.600923 0.010015
417.600923 0.010093
417.600923 0.009929
417.600923 0.009757
417.600923 0.009682
417.600923 0.009350
417.600923 0.009441
417.600923 0.009496
417.600923 0.009729
417.600923 0.009792
417.600923 0.009903
417.600923 0.010862
417.600923 0.010236
417.600923 0.010102
417.600923 0.011677
417.600923 0.010702
417.600923 0.012227
417.600923 0.009880
417.600923 0.014036
417.600923 0.011103
417.600923 0.012411
417.600923 0.010995
417.600923 0.011040
417.600923 0.010060
417.600923 0.014186
417.600923 0.009930
417.600923 0.013298
417.600923 0.010604
417.600923 0.013754
417.600923 0.012079
417.600923 0.012809
417.600923 0.016051
417.600923 0.014843
417.600923 0.013424
417.600923 0.011146
417.600923 0.012353
417.600923 0.009705
417.600923 0.011742
417.600923 0.012147
417.600923 0.010488
417.600923 0.011682
417.600923 0.012552
417.600923 0.010206
417.600923 0.010158
417.600923 0.010402
417.600923 0.009956
417.600923 0.010246
417.600923 0.010645
417.600923 0.010288
417.600923 0.010446
417.600923 0.010858
417.600923 0.010671
417.600923 0.013067
417.600923 0.010397
417.600923 0.010107
417.600923 0.010112
417.600923 0.011033
417.600923 0.009965
417.600923 0.011263
417.600923 0.010187
417.600923 0.010573
417.600923 0.013189
417.600923 0.010172
417.600923 0.010002
417.600923 0.009789
417.600923 0.009758
417.600923 0.009900
417.600923 0.011929
417.600923 0.010408
417.600923 0.009854
417.600923 0.009724
417.600923 0.010153
417.600923 0.012118
417.600923 0.010107
417.600923 0.010291
417.600923 0.010238
417.600923 0.010503
417.600923 0.009631
417.600923 0.010357
417.600923 0.010874
417.600923 0.010291
417.600923 0.010325
417.600923 0.010690
417.600923 0.010262
417.600923 0.010226
417.600923 0.010945
417.600923 0.011026
417.600923 0.010907
417.600923 0.010303
417.600923 0.010389
417.600923 0.011001
417.600923 0.009906
417.600923 0.010309
417.600923 0.015418
417.600923 0.010021
417.600923 0.010510
417.600923 0.009825
417.600923 0.009777
417.600923 0.011243
417.600923 0.010339
417.600923 0.010140
417.600923 0.011085
417.600923 0.010388
417.600923 0.010027
417.600923 0.009788
417.600923 0.011778
417.600923 0.009699
417.600923 0.009910
417.600923 0.009924
417.600923 0.010947
417.600923 0.010406
417.600923 0.011557
417.600923 0.010531
417.600923 0.010759
417.600923 0.013116
417.600923 0.011681
417.600923 0.012392
417.600923 0.010990
417.600923 0.010012
417.600923 0.010090
417.600923 0.009674
417.600923 0.010186
417.600923 0.010337
417.600923 0.010902
417.600923 0.009677
417.600923 0.009775
417.600923 0.009755
417.600923 0.011452
417.600923 0.011730
417.600923 0.010268
417.600923 0.010113
417.600923 0.010080
417.600923 0.015140
417.600923 0.015584
417.600923 0.016817
417.600923 0.012792
417.600923 0.013452
417.600923 0.012649
417.600923 0.009824
417.600923 0.009925
417.600923 0.009965
417.600923 0.011020
417.600923 0.010118
417.600923 0.010528
417.600923 0.010339
417.600923 0.011861
417.600923 0.010286
417.600923 0.010851
417.600923 0.013303
417.600923 0.013143
417.600923 0.010428
417.600923 0.010172
417.600923 0.013155
417.600923 0.009240
417.600923 0.012978
417.600923 0.011200
417.600923 0.009668
417.600923 0.008958
417.600923 0.013387
417.600923 0.011927
417.600923 0.011240
417.600923 0.010332
417.600923 0.012523
417.600923 0.009721
417.600923 0.009821
417.600923 0.010882
417.600923 0.009642
417.600923 0.012015
417.600923 0.011539
417.600923 0.011348
417.600923 0.009890
417.600923 0.010178
417.600923 0.010383
417.600923 0.009767
417.600923 0.010279
417.600923 0.011627
417.600923 0.010011
417.600923 0.012918
417.600923 0.013211
417.600923 0.010286
417.600923 0.011451
417.600923 0.010053
417.600923 0.010023
417.600923 0.012827
417.600923 0.013031
417.600923 0.013506
417.600923 0.009748
417.600923 0.011954
417.600923 0.010976
417.600923 0.010084
417.600923 0.009623
417.600923 0.011107
417.600923 0.009888
417.600923 0.011899
417.600923 0.012694
417.600923 0.013482
417.600923 0.011422
417.600923 0.010165
417.600923 0.010385
417.600923 0.010360
417.600923 0.011910
417.600923 0.012083
417.600923 0.010312
417.600923 0.010286
417.600923 0.010884
417.600923 0.010740
417.600923 0.009846
417.600923 0.011119
417.600923 0.010703
417.600923 0.010929
417.600923 0.010236
417.600923 0.013095
417.600923 0.010914
417.600923 0.010309
417.600923 0.011387
417.600923 0.010594
417.600923 0.012648
417.600923 0.013351
417.600923 0.010284
417.600923 0.011163
417.600923 0.013450
417.600923 0.009926
417.600923 0.010193
417.600923 0.013396
417.600923 0.010107
417.600923 0.010612
417.600923 0.010145
417.600923 0.010889
417.600923 0.011930
417.600923 0.009854
417.600923 0.012288
417.600923 0.011767
417.600923 0.011733
417.600923 0.011041
417.600923 0.009584
417.600923 0.010287
417.600923 0.010165
417.600923 0.010635
417.600923 0.010349
417.600923 0.010369
417.600923 0.013342
417.600923 0.010477
417.600923 0.013316
417.600923 0.009561
417.600923 0.013386
417.600923 0.013673
417.600923 0.010317
417.600923 0.010152
417.600923 0.009958
417.600923 0.013230
417.600923 0.013491
417.600923 0.009777
417.600923 0.012449
417.600923 0.009466
417.600923 0.012323
417.600923 0.012403
417.600923 0.010999
417.600923 0.009884
417.600923 0.012081
417.600923 0.011467
417.600923 0.011237
417.600923 0.010623
417.600923 0.017557
417.600923 0.017393
417.600923 0.013491
417.600923 0.014016
417.600923 0.010032
417.600923 0.009885
417.600923 0.010197
417.600923 0.010194
417.600923 0.010426
417.600923 0.010008
417.600923 0.009825
417.600923 0.012955
417.600923 0.009695
417.600923 0.009966
417.600923 0.011125
417.600923 0.012552
417.600923 0.012879
417.600923 0.011820
417.600923 0.012910
417.600923 0.012834
417.600923 0.009850
417.600923 0.009923
417.600923 0.011593
417.600923 0.010201
417.600923 0.009233
417.600923 0.009115
417.600923 0.011286
417.600923 0.011812
417.600923 0.011283
417.600923 0.012735
417.600923 0.010821
417.600923 0.010927
417.600923 0.010188
417.600923 0.009375
417.600923 0.010399
417.600923 0.011690
417.600923 0.009875
417.600923 0.009483
417.600923 0.010569
417.600923 0.010179
417.600923 0.012359
417.600923 0.012186
417.600923 0.010864
417.600923 0.012348
417.600923 0.009270
417.600923 0.009694
417.600923 0.009565
417.600923 0.011011
417.600923 0.009047
417.600923 0.009669
417.600923 0.009813
417.600923 0.011029
417.600923 0.017737
417.600923 0.017121
417.600923 0.010801
417.600923 0.010678
417.600923 0.017810
417.600923 0.017596
417.600923 0.014385
417.600923 0.017617
417.600923 0.013593
417.600923 0.014508
417.600923 0.013955
417.600923 0.018258
417.600923 0.013249
417.600923 0.017238
417.600923 0.014064
417.600923 0.014650
417.600923 0.009259
417.600923 0.011410
417.600923 0.011031
417.600923 0.010046
417.600923 0.012252
417.600923 0.009695
417.600923 0.010597
417.600923 0.010368
417.600923 0.013596
417.600923 0.013651
417.600923 0.011658
417.600923 0.013324
417.600923 0.010755
417.600923 0.009790
417.600923 0.009124
417.600923 0.013200
417.600923 0.009582
417.600923 0.009910
417.600923 0.013146
417.600923 0.009918
417.600923 0.012208
417.600923 0.009836
417.600923 0.011838
417.600923 0.011271
417.600923 0.010781
417.600923 0.011136
417.600923 0.014802
417.600923 0.016482
417.600923 0.015661
417.600923 0.017085
417.600923 0.012472
417.600923 0.013249
417.600923 0.010122
417.600923 0.009611
417.600923 0.010193
417.600923 0.010508
417.600923 0.010929
417.600923 0.011872
417.600923 0.009955
417.600923 0.010857
417.600923 0.010228
417.600923 0.011391
417.600923 0.010775
417.600923 0.010959
417.600923 0.010842
417.600923 0.010278
417.600923 0.010178
417.600923 0.010111
417.600923 0.010803
417.600923 0.010781
417.600923 0.010320
417.600923 0.010034
417.600923 0.009582
417.600923 0.011524
417.600923 0.009983
417.600923 0.009813
417.600923 0.011230
417.600923 0.009887
417.600923 0.010111
417.600923 0.010278
417.600923 0.009887
417.600923 0.011055
417.600923 0.010142
417.600923 0.010037
417.600923 0.010167
417.600923 0.010218
417.600923 0.010469
417.600923 0.010569
417.600923 0.009854
417.600923 0.010361
417.600923 0.009753
417.600923 0.010655
417.600923 0.010490
417.600923 0.011075
417.600923 0.010627
417.600923 0.011931
417.600923 0.011001
417.600923 0.010103
417.600923 0.010588
417.600923 0.010096
417.600923 0.009926
417.600923 0.010199
417.600923 0.010965
417.600923 0.010659
417.600923 0.010206
417.600923 0.011488
417.600923 0.010272
417.600923 0.009624
417.600923 0.009973
417.600923 0.010173
417.600923 0.009588
417.600923 0.010065
417.600923 0.009794
417.600923 0.010216
417.600923 0.010098
417.600923 0.010380
417.600923 0.009354
417.600923 0.010155
417.600923 0.010248
417.600923 0.010534
417.600923 0.010438
417.600923 0.010155
417.600923 0.010319
417.600923 0.010104
417.600923 0.010781
417.600923 0.010729
417.600923 0.011100
417.600923 0.010407
417.600923 0.010898
417.600923 0.010272
417.600923 0.010938
417.600923 0.011491
417.600923 0.010287
417.600923 0.010331
417.600923 0.009179
417.600923 0.010207
417.600923 0.010088
417.600923 0.010258
417.600923 0.010018
417.600923 0.009935
417.600923 0.010148
417.600923 0.013069
417.600923 0.009878
417.600923 0.010004
417.600923 0.010980
417.600923 0.010228
417.600923 0.009508
417.600923 0.012185
417.600923 0.009860
417.600923 0.010947
417.600923 0.010562
417.600923 0.010565
417.600923 0.010706
417.600923 0.010793
417.600923 0.012992
417.600923 0.010678
417.600923 0.013059
417.600923 0.013510
417.600923 0.009938
417.600923 0.013195
417.600923 0.013316
417.600923 0.010596
417.600923 0.010223
417.600923 0.009813
417.600923 0.009511
417.600923 0.010087
417.600923 0.009940
417.600923 0.012153
417.600923 0.012117
417.600923 0.009627
417.600923 0.012036
417.600923 0.010149
417.600923 0.011850
417.600923 0.011856
417.600923 0.014820
417.600923 0.018028
417.600923 0.011792
417.600923 0.018415
417.600923 0.014550
417.600923 0.014750
417.600923 0.010083
417.600923 0.009321
417.600923 0.009721
417.600923 0.010107
417.600923 0.010737
417.600923 0.010099
417.600923 0.010126
417.600923 0.009808
417.600923 0.013204
417.600923 0.012677
417.600923 0.013161
417.600923 0.013795
417.600923 0.012177
417.600923 0.009891
417.600923 0.011272
417.600923 0.009981
417.600923 0.012795
417.600923 0.009511
417.600923 0.013017
417.600923 0.012731
417.600923 0.009782
417.600923 0.012027
417.600923 0.011321
417.600923 0.011156
417.600923 0.009686
417.600923 0.010588
417.600923 0.010112
417.600923 0.009257
417.600923 0.010746
417.600923 0.010528
417.600923 0.009707
417.600923 0.011091
417.600923 0.009975
417.600923 0.009771
417.600923 0.009810
417.600923 0.010625
417.600923 0.010293
417.600923 0.010834
417.600923 0.013353
417.600923 0.010660
417.600923 0.010819
417.600923 0.013401
417.600923 0.009970
417.600923 0.011209
417.600923 0.009842
417.600923 0.012514
417.600923 0.013703
417.600923 0.011186
417.600923 0.009917
417.600923 0.012480
417.600923 0.013721
417.600923 0.010309
417.600923 0.009910
417.600923 0.012272
417.600923 0.009772
417.600923 0.010172
417.600923 0.010095
417.600923 0.010767
417.600923 0.011533
417.600923 0.011377
417.600923 0.011362
417.600923 0.011313
417.600923 0.010779
417.600923 0.010732
417.600923 0.009966
417.600923 0.009867
417.600923 0.009819
417.600923 0.010462
417.600923 0.010610
417.600923 0.010527
417.600923 0.009916
417.600923 0.010081
417.600923 0.013695
417.600923 0.012416
417.600923 0.013636
417.600923 0.009755
417.600923 0.013106
417.600923 0.010058
417.600923 0.009751
417.600923 0.009976
417.600923 0.012910
417.600923 0.010040
417.600923 0.009608
417.600923 0.013406
417.600923 0.011529
417.600923 0.011046
417.600923 0.011755
417.600923 0.011501
417.600923 0.011368
417.600923 0.013381
417.600923 0.011124
417.600923 0.011460
417.600923 0.011384
417.600923 0.012192
417.600923 0.011684
417.600923 0.008276
417.600923 0.011180
417.600923 0.011449
417.600923 0.012709
417.600923 0.012101
417.600923 0.011953
417.600923 0.010527
417.600923 0.012365
417.600923 0.012526
417.600923 0.013399
417.600923 0.009728
417.600923 0.009570
417.600923 0.010746
417.600923 0.017588
417.600923 0.010184
417.600923 0.013364
417.600923 0.009934
417.600923 0.017269
417.600923 0.014750
417.600923 0.009490
417.600923 0.015118
417.600923 0.009164
417.600923 0.018125
417.600923 0.016908
417.600923 0.009597
417.600923 0.013621
417.600923 0.011311
417.600923 0.013647
417.600923 0.011792
417.600923 0.010791
417.600923 0.014109
417.600923 0.012109
417.600923 0.012363
417.600923 0.009502
417.600923 0.010232
417.600923 0.010200
417.600923 0.010080
417.600923 0.009989
417.600923 0.010784
417.600923 0.010757
417.600923 0.010871
417.600923 0.009704
417.600923 0.010597
417.600923 0.010459
417.600923 0.011964
417.600923 0.010233
417.600923 0.010452
417.600923 0.011171
417.600923 0.010214
417.600923 0.010141
417.600923 0.009269
417.600923 0.009982
417.600923 0.009732
417.600923 0.013572
417.600923 0.010541
417.600923 0.013851
417.600923 0.010143
417.600923 0.009204
417.600923 0.010000
417.600923 0.011092
417.600923 0.009684
417.600923 0.014351
417.600923 0.013409
417.600923 0.011802
417.600923 0.012202
417.600923 0.010090
417.600923 0.010091
417.600923 0.010023
417.600923 0.010075
417.600923 0.010365
417.600923 0.010709
417.600923 0.010608
417.600923 0.010184
417.600923 0.010443
417.600923 0.010767
417.600923 0.012374
417.600923 0.010500
417.600923 0.009725
417.600923 0.010295
417.600923 0.010179
417.600923 0.012734
417.600923 0.010663
417.600923 0.010162
417.600923 0.009832
417.600923 0.009846
417.600923 0.010073
417.600923 0.009926
417.600923 0.009747
417.600923 0.012383
417.600923 0.009999
417.600923 0.009727
417.600923 0.011139
417.600923 0.014376
417.600923 0.010994
417.600923 0.011166
417.600923 0.009719
417.600923 0.010730
417.600923 0.009523
417.600923 0.010554
417.600923 0.010681
417.600923 0.010687
417.600923 0.010371
417.600923 0.011059
417.600923 0.009817
417.600923 0.010789
417.600923 0.010611
417.600923 0.010539
417.600923 0.010931
417.600923 0.010004
417.600923 0.010691
417.600923 0.010561
417.600923 0.012697
417.600923 0.011274
417.600923 0.011138
417.600923 0.013412
417.600923 0.010237
417.600923 0.009226
417.600923 0.011042
417.600923 0.010198
417.600923 0.011343
417.600923 0.010717
417.600923 0.009630
417.600923 0.010032
417.600923 0.010603
417.600923 0.009952
417.600923 0.011870
417.600923 0.009854
417.600923 0.012293
417.600923 0.011285
417.600923 0.009966
417.600923 0.009650
417.600923 0.009892
417.600923 0.009758
417.600923 0.009985
417.600923 0.010577
417.600923 0.011021
417.600923 0.010717
417.600923 0.012759
417.600923 0.009653
417.600923 0.009610
417.600923 0.011924
417.600923 0.009868
417.600923 0.011114
417.600923 0.010480
417.600923 0.013054
417.600923 0.009742
417.600923 0.009785
417.600923 0.010121
417.600923 0.013142
417.600923 0.009812
417.600923 0.009824
417.600923 0.011102
417.600923 0.010364
417.600923 0.013657
417.600923 0.011100
417.600923 0.009912
417.600923 0.012081
417.600923 0.011509
417.600923 0.014631
417.600923 0.011503
417.600923 0.012191
417.600923 0.010294
417.600923 0.010101
417.600923 0.009951
417.600923 0.010256
417.600923 0.010446
417.600923 0.010609
417.600923 0.011254
417.600923 0.012682
417.600923 0.010313
417.600923 0.010431
417.600923 0.010034
417.600923 0.013421
417.600923 0.010688
417.600923 0.010177
417.600923 0.011030
417.600923 0.013418
417.600923 0.010878
417.600923 0.010262
417.600923 0.010174
417.600923 0.009846
417.600923 0.010682
417.600923 0.010007
417.600923 0.010695
417.600923 0.011349
417.600923 0.011749
417.600923 0.010349
417.600923 0.012073
417.600923 0.010267
417.600923 0.010512
417.600923 0.009624
417.600923 0.009796
417.600923 0.010958
417.600923 0.009736
417.600923 0.010141
417.600923 0.010173
417.600923 0.010765
417.600923 0.010437
417.600923 0.012599
417.600923 0.011007
417.600923 0.010640
417.600923 0.013415
417.600923 0.010589
417.600923 0.010163
417.600923 0.013520
417.600923 0.010320
417.600923 0.009411
417.600923 0.010448
417.600923 0.011645
417.600923 0.012871
417.600923 0.010103
417.600923 0.010009
417.600923 0.011857
417.600923 0.013683
417.600923 0.014448
417.600923 0.011188
417.600923 0.009917
417.600923 0.010000
417.600923 0.010924
417.600923 0.011141
417.600923 0.013558
417.600923 0.011806
417.600923 0.012480
417.600923 0.011972
417.600923 0.010772
417.600923 0.010320
417.600923 0.010159
417.600923 0.009866
417.600923 0.010627
417.600923 0.010911
417.600923 0.010104
417.600923 0.010646
417.600923 0.010691
417.600923 0.011689
417.600923 0.010374
417.600923 0.011061
417.600923 0.010206
417.600923 0.012677
417.600923 0.010043
417.600923 0.011402
417.600923 0.010346
417.600923 0.010462
417.600923 0.010624
417.600923 0.010975
417.600923 0.010039
417.600923 0.011198
417.600923 0.010409
417.600923 0.009932
417.600923 0.009717
417.600923 0.009526
417.600923 0.011035
417.600923 0.010783
417.600923 0.010446
417.600923 0.010266
417.600923 0.010007
417.600923 0.011717
417.600923 0.010423
417.600923 0.010052
417.600923 0.010561
417.600923 0.009541
417.600923 0.010430
417.600923 0.010085
417.600923 0.010521
417.600923 0.010179
417.600923 0.010308
417.600923 0.010101
417.600923 0.010202
417.600923 0.010693
417.600923 0.010510
417.600923 0.010341
417.600923 0.010055
417.600923 0.010044
417.600923 0.009984
417.600923 0.010315
417.600923 0.010400
417.600923 0.011224
417.600923 0.011131
417.600923 0.009616
417.600923 0.009890
417.600923 0.009753
417.600923 0.010500
417.600923 0.010106
417.600923 0.009921
417.600923 0.009675
417.600923 0.009922
417.600923 0.009928
417.600923 0.009649
417.600923 0.009864
417.600923 0.010128
417.600923 0.009498
417.600923 0.010009
417.600923 0.009990
417.600923 0.013015
417.600923 0.009401
417.600923 0.010334
417.600923 0.013335
417.600923 0.012885
417.600923 0.010292
417.600923 0.010984
417.600923 0.009866
417.600923 0.013932
417.600923 0.015680
417.600923 0.012695
417.600923 0.012856
417.600923 0.009674
417.600923 0.011554
417.600923 0.009639
417.600923 0.011533
417.600923 0.015617
417.600923 0.010569
417.600923 0.015989
417.600923 0.011376
417.600923 0.011349
417.600923 0.011680
417.600923 0.010553
417.600923 0.009642
417.600923 0.011675
417.600923 0.012385
417.600923 0.010866
417.600923 0.011757
417.600923 0.013609
417.600923 0.010262
417.600923 0.010415
417.600923 0.009766
417.600923 0.010294
417.600923 0.009969
417.600923 0.010276
417.600923 0.010659
417.600923 0.010260
417.600923 0.010796
417.600923 0.009802
417.600923 0.010290
417.600923 0.010360
417.600923 0.009983
417.600923 0.010550
417.600923 0.010049
417.600923 0.010156
417.600923 0.010358
417.600923 0.009988
417.600923 0.009967
417.600923 0.009955
417.600923 0.013247
417.600923 0.009242
417.600923 0.009752
417.600923 0.009541
417.600923 0.009904
417.600923 0.009592
417.600923 0.011153
417.600923 0.011256
417.600923 0.010021
417.600923 0.010988
417.600923 0.011033
417.600923 0.011365
417.600923 0.009569
417.600923 0.010388
417.600923 0.009952
417.600923 0.008190
417.600923 0.010412
417.600923 0.010541
417.600923 0.010038
417.600923 0.010850
417.600923 0.010309
417.600923 0.010687
417.600923 0.010315
417.600923 0.010755
417.600923 0.010272
417.600923 0.011375
417.600923 0.010141
417.600923 0.010641
417.600923 0.010236
417.600923 0.009657
417.600923 0.009694
417.600923 0.010019
417.600923 0.009809
417.600923 0.010111
417.600923 0.010110
417.600923 0.011532
417.600923 0.010641
417.600923 0.010031
417.600923 0.010030
417.600923 0.010129
417.600923 0.009968
417.600923 0.010489
417.600923 0.010940
417.600923 0.007503
417.600923 0.009900
417.600923 0.010241
417.600923 0.010038
417.600923 0.010438
417.600923 0.010751
417.600923 0.010618
417.600923 0.013356
417.600923 0.013274
417.600923 0.010645
417.600923 0.010041
417.600923 0.010845
417.600923 0.010260
417.600923 0.010043
417.600923 0.013541
417.600923 0.010267
417.600923 0.013742
417.600923 0.009949
417.600923 0.013552
417.600923 0.014413
417.600923 0.012495
417.600923 0.012442
417.600923 0.012919
417.600923 0.010115
417.600923 0.009350
417.600923 0.012321
417.600923 0.011289
417.600923 0.011190
417.600923 0.011973
417.600923 0.012258
417.600923 0.011657
417.600923 0.010105
417.600923 0.011770
417.600923 0.009793
417.600923 0.010389
417.600923 0.010439
417.600923 0.009875
417.600923 0.010046
417.600923 0.010701
417.600923 0.009976
417.600923 0.010398
417.600923 0.010609
417.600923 0.010925
417.600923 0.010184
417.600923 0.012677
417.600923 0.010259
417.600923 0.013206
417.600923 0.009790
417.600923 0.010811
417.600923 0.013477
417.600923 0.009748
417.600923 0.010119
417.600923 0.010004
417.600923 0.010048
417.600923 0.009778
417.600923 0.013733
417.600923 0.009854
417.600923 0.012308
417.600923 0.011768
417.600923 0.010261
417.600923 0.011864
417.600923 0.009649
417.600923 0.011993
417.600923 0.011349
417.600923 0.011781
417.600923 0.012039
417.600923 0.012118
417.600923 0.012529
417.600923 0.011832
417.600923 0.011632
417.600923 0.012036
417.600923 0.013412
417.600923 0.012674
417.600923 0.012885
417.600923 0.013047
417.600923 0.012320
417.600923 0.013567
417.600923 0.011544
417.600923 0.011034
417.600923 0.011330
417.600923 0.010046
417.600923 0.010958
417.600923 0.009770
417.600923 0.009961
417.600923 0.011605
417.600923 0.010161
417.600923 0.011825
417.600923 0.011417
417.600923 0.013544
417.600923 0.009911
417.600923 0.010977
417.600923 0.010269
417.600923 0.017072
417.600923 0.015540
417.600923 0.011900
417.600923 0.013021
417.600923 0.012214
422.098388 0.002040
422.098388 0.002284
422.098388 0.002186
422.098388 0.002419
422.098388 0.002230
422.098388 0.002553
422.098388 0.002630
422.098388 0.002292
422.098388 0.002351
422.098388 0.002327
422.098388 0.002186
422.098388 0.002667
422.098388 0.002098
422.098388 0.002193
422.098388 0.002645
422.098388 0.002874
422.098388 0.002204
422.098388 0.002321
422.098388 0.002651
422.098388 0.002996
422.098388 0.003051
422.098388 0.002125
422.098388 0.002142
422.098388 0.002795
422.098388 0.002825
422.098388 0.002135
422.098388 0.002359
422.098388 0.002438
422.098388 0.002976
417.600923 0.009338
422.098388 0.002358
422.098388 0.002974
422.098388 0.002297
422.098388 0.002233
422.098388 0.003190
422.098388 0.002174
422.098388 0.003135
422.098388 0.002490
422.098388 0.003653
422.098388 0.002481
422.098388 0.002339
422.098388 0.002338
422.098388 0.002841
422.098388 0.004056
422.098388 0.003275
422.098388 0.002151
422.098388 0.002101
422.098388 0.002839
422.098388 0.002382
422.098388 0.007638
422.098388 0.007949
422.098388 0.006655
422.098388 0.007179
422.098388 0.002125
422.098388 0.006973
422.098388 0.006118
422.098388 0.002054
422.098388 0.003456
422.098388 0.005064
422.098388 0.003904
422.098388 0.003666
422.098388 0.004111
422.098388 0.003283
422.098388 0.004379
422.098388 0.002035
422.098388 0.002241
422.098388 0.002164
422.098388 0.002772
422.098388 0.002130
422.098388 0.002497
422.098388 0.002288
422.098388 0.003904
422.098388 0.003644
422.098388 0.006288
422.098388 0.002967
422.098388 0.003508
422.098388 0.004895
422.098388 0.004273
422.098388 0.002154
422.098388 0.002946
422.098388 0.004737
422.098388 0.002189
422.098388 0.002706
422.098388 0.004088
422.098388 0.002941
422.098388 0.005069
422.098388 0.003957
422.098388 0.003364
422.098388 0.002343
422.098388 0.002213
422.098388 0.003930
422.098388 0.002805
422.098388 0.002220
422.098388 0.002752
422.098388 0.004410
422.098388 0.004324
422.098388 0.002330
422.098388 0.002335
422.098388 0.002569
422.098388 0.002522
422.098388 0.002273
422.098388 0.002224
422.098388 0.003098
422.098388 0.002826
422.098388 0.003938
422.098388 0.003188
422.098388 0.002732
422.098388 0.002746
422.098388 0.003241
422.098388 0.002480
422.098388 0.002627
422.098388 0.003550
422.098388 0.003240
422.098388 0.003597
422.098388 0.003192
422.098388 0.002166
422.098388 0.002808
422.098388 0.002850
422.098388 0.003097
422.098388 0.002980
422.098388 0.002905
422.098388 0.002877
422.098388 0.003051
422.098388 0.002345
422.098388 0.002611
422.098388 0.002427
422.098388 0.002258
422.098388 0.003077
422.098388 0.002044
422.098388 0.002698
422.098388 0.002412
422.098388 0.002271
422.098388 0.002408
422.098388 0.002264
422.098388 0.002531
422.098388 0.003283
422.098388 0.003730
422.098388 0.002822
422.098388 0.002211
422.098388 0.002608
422.098388 0.002652
422.098388 0.002641
422.098388 0.004229
422.098388 0.002607
422.098388 0.002412
422.098388 0.002286
422.098388 0.002203
422.098388 0.003284
422.098388 0.002370
422.098388 0.002152
422.098388 0.003928
422.098388 0.002182
422.098388 0.002999
422.098388 0.002375
422.098388 0.003366
422.098388 0.002526
422.098388 0.003755
422.098388 0.002638
422.098388 0.002855
422.098388 0.002141
422.098388 0.002070
422.098388 0.002686
422.098388 0.003260
422.098388 0.003267
422.098388 0.003345
422.098388 0.002354
422.098388 0.003335
422.098388 0.002151
422.098388 0.002405
422.098388 0.003118
422.098388 0.003076
422.098388 0.002361
422.098388 0.002652
422.098388 0.002557
422.098388 0.003474
422.098388 0.003247
422.098388 0.002287
422.098388 0.002294
422.098388 0.003061
422.098388 0.002708
422.098388 0.002742
422.098388 0.003451
422.098388 0.002162
422.098388 0.003150
422.098388 0.002772
422.098388 0.002813
422.098388 0.003173
422.098388 0.002791
422.098388 0.003029
422.098388 0.002534
422.098388 0.002605
422.098388 0.002539
422.098388 0.002254
422.098388 0.002898
422.098388 0.002601
422.098388 0.005406
422.098388 0.005475
422.098388 0.005807
422.098388 0.003848
422.098388 0.005698
422.098388 0.003815
422.098388 0.006006
422.098388 0.002938
422.098388 0.003978
422.098388 0.005685
422.098388 0.004550
422.098388 0.002082
422.098388 0.003490
422.098388 0.003184
422.098388 0.006139
422.098388 0.003192
422.098388 0.003368
422.098388 0.003163
422.098388 0.003102
422.098388 0.006755
422.098388 0.003138
422.098388 0.003713
422.098388 0.002912
422.098388 0.003580
422.098388 0.003642
422.098388 0.003064
422.098388 0.003818
422.098388 0.002913
422.098388 0.004030
422.098388 0.002054
422.098388 0.002180
422.098388 0.002292
422.098388 0.002017
422.098388 0.002720
422.098388 0.003157
422.098388 0.002509
422.098388 0.002248
422.098388 0.002609
422.098388 0.002686
422.098388 0.002014
422.098388 0.002126
422.098388 0.007585
422.098388 0.004182
422.098388 0.006843
422.098388 0.002058
422.098388 0.002542
422.098388 0.007262
422.098388 0.002417
422.098388 0.002119
422.098388 0.002195
422.098388 0.006614
422.098388 0.005549
422.098388 0.003175
422.098388 0.002179
422.098388 0.002354
422.098388 0.005938
422.098388 0.003121
422.098388 0.004169
422.098388 0.003924
422.098388 0.003931
422.098388 0.003046
422.098388 0.002397
422.098388 0.004801
422.098388 0.005042
422.098388 0.003288
422.098388 0.006475
422.098388 0.005256
422.098388 0.006498
422.098388 0.006775
422.098388 0.006497
422.098388 0.002946
422.098388 0.005331
422.098388 0.003243
422.098388 0.006454
422.098388 0.003159
422.098388 0.005080
422.098388 0.005541
422.098388 0.004128
422.098388 0.003189
422.098388 0.005105
422.098388 0.004650
422.098388 0.003296
422.098388 0.003400
422.098388 0.002905
422.098388 0.004984
422.098388 0.003431
422.098388 0.003721
422.098388 0.003293
422.098388 0.003959
422.098388 0.003415
422.098388 0.004202
422.098388 0.002494
422.098388 0.004381
422.098388 0.002043
422.098388 0.002104
422.098388 0.002480
422.098388 0.002889
422.098388 0.003792
422.098388 0.004907
422.098388 0.002551
422.098388 0.002528
422.098388 0.002588
422.098388 0.003182
422.098388 0.006772
422.098388 0.002160
422.098388 0.006935
422.098388 0.002846
422.098388 0.005365
422.098388 0.002535
422.098388 0.003498
422.098388 0.005142
422.098388 0.002131
422.098388 0.006826
422.098388 0.002120
422.098388 0.002454
422.098388 0.003425
422.098388 0.004322
422.098388 0.002546
422.098388 0.005772
422.098388 0.003378
422.098388 0.003078
422.098388 0.003632
422.098388 0.003213
422.098388 0.003734
422.098388 0.003998
422.098388 0.002044
422.098388 0.002961
422.098388 0.002899
422.098388 0.002337
422.098388 0.002911
422.098388 0.002500
422.098388 0.002681
422.098388 0.002955
422.098388 0.002768
422.098388 0.002358
422.098388 0.003170
422.098388 0.002170
422.098388 0.002043
422.098388 0.002790
422.098388 0.003762
422.098388 0.003301
422.098388 0.002452
422.098388 0.002059
422.098388 0.003332
422.098388 0.002501
422.098388 0.002484
422.098388 0.002082
422.098388 0.005080
422.098388 0.002096
422.098388 0.002119
422.098388 0.002573
422.098388 0.002922
422.098388 0.003034
422.098388 0.002141
422.098388 0.003594
422.098388 0.003537
422.098388 0.004475
422.098388 0.002214
422.098388 0.002407
422.098388 0.002564
422.098388 0.002218
422.098388 0.002363
422.098388 0.002692
422.098388 0.003039
422.098388 0.002370
422.098388 0.002206
422.098388 0.002665
422.098388 0.002263
422.098388 0.002065
422.098388 0.002724
422.098388 0.002600
422.098388 0.002332
422.098388 0.002278
422.098388 0.002719
422.098388 0.002703
422.098388 0.002511
422.098388 0.002359
422.098388 0.003391
422.098388 0.002441
422.098388 0.002381
422.098388 0.002518
422.098388 0.002763
422.098388 0.002165
422.098388 0.002328
422.098388 0.002152
422.098388 0.002158
422.098388 0.002105
422.098388 0.002978
422.098388 0.002207
422.098388 0.002238
422.098388 0.002315
422.098388 0.002336
422.098388 0.002445
422.098388 0.002172
422.098388 0.002223
422.098388 0.002915
422.098388 0.002480
422.098388 0.002282
422.098388 0.002721
422.098388 0.003172
422.098388 0.003236
422.098388 0.002441
422.098388 0.002095
422.098388 0.003513
422.098388 0.002264
422.098388 0.002767
422.098388 0.003105
422.098388 0.002892
422.098388 0.002252
422.098388 0.003077
422.098388 0.002149
422.098388 0.002158
422.098388 0.002271
422.098388 0.002141
422.098388 0.002080
422.098388 0.002169
422.098388 0.002982
422.098388 0.002457
422.098388 0.003248
422.098388 0.002648
422.098388 0.002972
422.098388 0.002703
422.098388 0.002031
422.098388 0.002186
422.098388 0.002471
422.098388 0.003263
422.098388 0.002676
422.098388 0.004723
422.098388 0.002298
422.098388 0.003402
422.098388 0.002589
422.098388 0.003935
422.098388 0.002539
422.098388 0.003471
422.098388 0.003601
422.098388 0.003323
422.098388 0.002953
422.098388 0.002494
422.098388 0.002425
422.098388 0.003053
422.098388 0.002247
422.098388 0.002473
422.098388 0.003353
422.098388 0.003379
422.098388 0.002419
422.098388 0.002765
422.098388 0.002856
422.098388 0.004243
422.098388 0.003365
422.098388 0.002855
422.098388 0.002324
422.098388 0.003388
422.098388 0.002065
422.098388 0.002052
422.098388 0.002419
422.098388 0.002336
422.098388 0.003867
422.098388 0.002281
422.098388 0.002361
422.098388 0.002563
422.098388 0.002414
422.098388 0.002322
422.098388 0.003567
422.098388 0.002104
422.098388 0.004832
422.098388 0.002134
422.098388 0.007173
422.098388 0.002161
422.098388 0.005076
422.098388 0.002494
422.098388 0.003047
422.098388 0.002915
422.098388 0.006927
422.098388 0.002249
422.098388 0.002827
422.098388 0.003000
422.098388 0.003781
422.098388 0.006111
422.098388 0.002240
422.098388 0.002683
422.098388 0.006777
422.098388 0.003459
422.098388 0.003215
422.098388 0.004406
422.098388 0.004181
422.098388 0.002795
422.098388 0.004037
422.098388 0.003015
422.098388 0.003090
422.098388 0.003270
422.098388 0.005193
422.098388 0.003040
422.098388 0.005540
422.098388 0.002886
422.098388 0.002970
422.098388 0.003378
422.098388 0.005083
422.098388 0.002927
422.098388 0.005524
422.098388 0.006146
422.098388 0.002569
422.098388 0.003486
422.098388 0.002469
422.098388 0.002516
422.098388 0.002508
422.098388 0.006499
422.098388 0.002346
422.098388 0.003808
422.098388 0.005249
422.098388 0.002141
422.098388 0.003596
422.098388 0.004063
422.098388 0.005828
422.098388 0.002821
422.098388 0.005663
422.098388 0.005329
422.098388 0.004614
422.098388 0.002509
422.098388 0.002073
422.098388 0.002143
422.098388 0.002606
422.098388 0.002049
422.098388 0.002183
422.098388 0.003633
422.098388 0.003561
422.098388 0.002781
422.098388 0.002744
422.098388 0.002212
422.098388 0.002978
422.098388 0.002026
422.098388 0.002034
422.098388 0.003316
422.098388 0.002148
422.098388 0.002356
422.098388 0.002059
422.098388 0.002168
422.098388 0.002081
422.098388 0.003042
422.098388 0.004086
422.098388 0.003999
422.098388 0.003127
422.098388 0.003669
422.098388 0.002176
422.098388 0.002388
422.098388 0.002790
422.098388 0.002165
422.098388 0.002052
422.098388 0.002383
422.098388 0.002388
422.098388 0.002034
422.098388 0.002208
422.098388 0.002122
422.098388 0.003584
422.098388 0.002843
422.098388 0.002150
422.098388 0.002146
422.098388 0.003223
422.098388 0.002756
422.098388 0.002431
422.098388 0.006271
422.098388 0.002321
422.098388 0.002690
422.098388 0.002443
422.098388 0.002164
422.098388 0.002239
422.098388 0.002304
422.098388 0.002901
422.098388 0.002350
422.098388 0.007062
422.098388 0.002074
422.098388 0.002575
422.098388 0.002137
422.098388 0.005455
422.098388 0.002514
422.098388 0.005825
422.098388 0.003315
422.098388 0.004044
422.098388 0.002052
422.098388 0.003915
422.098388 0.004025
422.098388 0.004672
422.098388 0.003383
422.098388 0.003941
422.098388 0.002842
422.098388 0.003893
422.098388 0.004964
422.098388 0.002975
422.098388 0.004913
422.098388 0.002525
422.098388 0.005631
422.098388 0.005009
422.098388 0.002556
422.098388 0.006020
422.098388 0.003726
422.098388 0.003338
422.098388 0.003329
422.098388 0.005882
422.098388 0.002663
422.098388 0.002322
422.098388 0.002115
422.098388 0.002431
422.098388 0.002213
422.098388 0.004399
422.098388 0.002891
422.098388 0.006100
422.098388 0.002562
422.098388 0.002987
422.098388 0.007760
422.098388 0.004984
422.098388 0.003991
422.098388 0.004985
422.098388 0.004902
422.098388 0.003271
422.098388 0.002679
422.098388 0.002470
422.098388 0.002209
422.098388 0.002695
422.098388 0.002531
422.098388 0.003208
422.098388 0.003103
422.098388 0.002892
422.098388 0.002764
422.098388 0.002915
422.098388 0.002646
422.098388 0.002570
422.098388 0.002646
422.098388 0.004071
422.098388 0.002694
422.098388 0.002129
422.098388 0.002702
422.098388 0.003079
422.098388 0.002506
422.098388 0.002146
422.098388 0.002605
422.098388 0.002996
422.098388 0.006429
422.098388 0.004346
422.098388 0.002624
422.098388 0.004152
422.098388 0.002113
422.098388 0.002663
422.098388 0.002274
422.098388 0.003465
422.098388 0.002266
422.098388 0.004122
422.098388 0.002224
422.098388 0.002647
422.098388 0.003160
422.098388 0.005599
422.098388 0.002851
422.098388 0.006212
422.098388 0.004747
422.098388 0.002805
422.098388 0.005445
422.098388 0.005415
422.098388 0.003618
422.098388 0.002676
422.098388 0.006061
422.098388 0.002665
422.098388 0.003878
422.098388 0.005824
422.098388 0.004462
422.098388 0.002669
422.098388 0.005785
422.098388 0.002920
422.098388 0.003667
422.098388 0.002111
422.098388 0.002381
422.098388 0.002246
422.098388 0.003716
422.098388 0.002458
422.098388 0.003368
422.098388 0.002286
422.098388 0.003076
422.098388 0.003253
422.098388 0.003714
422.098388 0.004547
422.098388 0.002357
422.098388 0.002146
422.098388 0.002180
422.098388 0.003089
422.098388 0.002990
422.098388 0.003194
422.098388 0.002142
422.098388 0.002126
422.098388 0.002057
422.098388 0.004825
422.098388 0.003767
422.098388 0.003493
422.098388 0.002440
422.098388 0.002366
422.098388 0.003816
422.098388 0.003327
422.098388 0.002302
422.098388 0.002444
422.098388 0.002352
422.098388 0.003216
422.098388 0.003017
422.098388 0.003126
422.098388 0.002094
422.098388 0.002964
422.098388 0.002931
422.098388 0.002264
422.098388 0.005259
422.098388 0.002115
422.098388 0.002789
422.098388 0.003151
422.098388 0.002089
422.098388 0.002526
422.098388 0.002189
422.098388 0.002165
422.098388 0.002948
422.098388 0.002092
422.098388 0.002211
422.098388 0.002875
422.098388 0.003013
422.098388 0.002340
422.098388 0.002877
422.098388 0.003146
422.098388 0.003082
422.098388 0.002271
422.098388 0.002143
422.098388 0.002413
422.098388 0.002383
422.098388 0.002323
422.098388 0.002147
422.098388 0.002107
422.098388 0.002067
422.098388 0.003225
422.098388 0.004643
422.098388 0.002511
422.098388 0.003105
422.098388 0.002139
422.098388 0.002247
422.098388 0.003073
422.098388 0.002351
422.098388 0.002445
422.098388 0.002703
422.098388 0.002121
422.098388 0.002702
422.098388 0.002120
422.098388 0.002069
422.098388 0.002048
422.098388 0.002532
422.098388 0.002513
422.098388 0.002718
422.098388 0.002407
422.098388 0.002107
422.098388 0.002898
422.098388 0.002774
422.098388 0.002208
422.098388 0.002553
422.098388 0.002988
422.098388 0.002120
422.098388 0.004408
422.098388 0.002524
422.098388 0.002348
422.098388 0.003398
422.098388 0.002769
422.098388 0.003711
422.098388 0.002177
422.098388 0.002613
422.098388 0.003271
422.098388 0.002920
422.098388 0.002010
422.098388 0.002129
422.098388 0.002850
422.098388 0.003037
422.098388 0.002335
422.098388 0.002192
422.098388 0.003282
422.098388 0.002993
422.098388 0.003437
422.098388 0.002048
422.098388 0.002223
422.098388 0.002282
422.098388 0.002485
422.098388 0.002542
422.098388 0.003257
422.098388 0.002092
422.098388 0.004124
422.098388 0.002551
422.098388 0.003428
422.098388 0.002997
422.098388 0.005413
422.098388 0.002482
422.098388 0.003891
422.098388 0.002339
422.098388 0.002268
422.098388 0.003016
422.098388 0.002791
422.098388 0.003848
422.098388 0.003285
422.098388 0.002612
422.098388 0.003747
422.098388 0.004619
422.098388 0.002507
422.098388 0.002234
422.098388 0.002387
422.098388 0.002278
422.098388 0.002699
422.098388 0.002316
422.098388 0.003007
422.098388 0.003276
422.098388 0.002927
422.098388 0.002063
422.098388 0.002074
422.098388 0.002290
422.098388 0.002222
422.098388 0.002376
422.098388 0.002131
422.098388 0.002676
422.098388 0.002532
422.098388 0.006068
422.098388 0.002049
422.098388 0.002510
422.098388 0.002751
422.098388 0.002145
422.098388 0.007289
422.098388 0.002107
422.098388 0.006333
422.098388 0.002276
422.098388 0.007535
422.098388 0.002039
422.098388 0.007027
422.098388 0.006378
422.098388 0.002162
422.098388 0.005028
422.098388 0.005580
422.098388 0.006222
422.098388 0.003361
422.098388 0.005165
422.098388 0.004351
422.098388 0.003826
422.098388 0.003897
422.098388 0.003922
422.098388 0.004413
422.098388 0.002374
422.098388 0.002327
422.098388 0.002944
422.098388 0.002462
422.098388 0.003117
422.098388 0.004169
422.098388 0.002453
422.098388 0.003596
422.098388 0.003093
422.098388 0.002509
422.098388 0.003952
422.098388 0.004504
422.098388 0.003658
422.098388 0.003472
422.098388 0.002743
422.098388 0.002687
422.098388 0.003038
422.098388 0.002156
422.098388 0.002080
422.098388 0.003888
422.098388 0.002060
422.098388 0.002158
422.098388 0.002170
422.098388 0.002111
422.098388 0.003566
422.098388 0.003176
422.098388 0.002155
422.098388 0.003875
422.098388 0.003226
422.098388 0.003835
422.098388 0.003012
422.098388 0.002950
422.098388 0.003164
422.098388 0.002455
422.098388 0.003230
422.098388 0.002953
422.098388 0.003052
422.098388 0.003350
422.098388 0.002172
422.098388 0.005524
422.098388 0.002819
422.098388 0.005297
422.098388 0.003330
422.098388 0.005937
422.098388 0.005111
422.098388 0.002542
422.098388 0.003308
422.098388 0.003560
422.098388 0.003414
422.098388 0.005642
422.098388 0.002186
422.098388 0.003090
422.098388 0.004138
422.098388 0.002156
422.098388 0.002989
422.098388 0.003248
422.098388 0.003603
422.098388 0.002160
422.098388 0.003060
422.098388 0.002860
422.098388 0.003978
422.098388 0.002532
422.098388 0.002925
422.098388 0.004890
422.098388 0.002775
422.098388 0.002040
422.098388 0.002541
422.098388 0.002831
422.098388 0.002052
422.098388 0.002428
422.098388 0.002046
422.098388 0.002366
422.098388 0.002547
422.098388 0.003326
422.098388 0.005096
422.098388 0.004298
422.098388 0.002222
422.098388 0.004324
422.098388 0.004929
422.098388 0.004318
422.098388 0.003479
422.098388 0.002622
422.098388 0.002273
422.098388 0.002132
422.098388 0.003194
422.098388 0.004189
422.098388 0.002312
422.098388 0.003898
422.098388 0.004062
422.098388 0.003110
422.098388 0.003902
422.098388 0.002898
422.098388 0.003609
422.098388 0.003068
422.098388 0.002995
422.098388 0.002904
