425.510187 1.503954
425.510187 1.504089
425.510187 1.509949
425.510187 1.511884
425.510187 1.504481
425.510187 1.511854
425.510187 1.512285
425.510187 1.510374
425.510187 1.513651
425.510187 1.507704
425.510187 1.508503
425.510187 1.512165
425.510187 1.508173
425.510187 1.506909
425.510187 1.508025
425.510187 1.510079
425.510187 1.507657
425.510187 1.512658
425.510187 1.508241
425.510187 1.515009
425.510187 1.509359
425.510187 1.510093
425.510187 1.509964
425.510187 1.521903
425.510187 1.516039
425.510187 1.524005
425.510187 1.510600
425.510187 1.523081
425.510187 1.518891
425.510187 1.525181
425.510187 1.520185
425.510187 1.519631
417.600923 1.375364
417.600923 1.376890
417.600923 1.374988
417.600923 1.378719
417.600923 1.380047
417.600923 1.378849
417.600923 1.379248
417.600923 1.376726
417.600923 1.381495
417.600923 1.377355
417.600923 1.379141
417.600923 1.381504
417.600923 1.378500
417.600923 1.377837
417.600923 1.379484
417.600923 1.379693
417.600923 1.380185
417.600923 1.386460
417.600923 1.386103
417.600923 1.373369
417.600923 1.384753
417.600923 1.387971
417.600923 1.388502
417.600923 1.386346
417.600923 1.389901
417.600923 1.388009
417.600923 1.391666
417.600923 1.387172
417.600923 1.393814
417.600923 1.389867
417.600923 1.392266
417.600923 1.407767
422.098388 1.874744
422.098388 1.870498
422.098388 1.874780
422.098388 1.873715
422.098388 1.869974
422.098388 1.872015
422.098388 1.875606
422.098388 1.877703
422.098388 1.871871
422.098388 1.878729
422.098388 1.879252
422.098388 1.879594
422.098388 1.873242
422.098388 1.875971
422.098388 1.875551
422.098388 1.871741
422.098388 1.875323
422.098388 1.872723
422.098388 1.878314
422.098388 1.880872
422.098388 1.874673
422.098388 1.879272
422.098388 1.890044
422.098388 1.889252
422.098388 1.885638
422.098388 1.891925
422.098388 1.885131
422.098388 1.886882
422.098388 1.886547
422.098388 1.888563
422.098388 1.885038
422.098388 1.899857
422.098388 1.842382
422.098388 1.844461
422.098388 1.843258
422.098388 1.844605
422.098388 1.846127
422.098388 1.846134
422.098388 1.840084
422.098388 1.842967
422.098388 1.844808
422.098388 1.845788
422.098388 1.842264
422.098388 1.848004
422.098388 1.841749
422.098388 1.848543
422.098388 1.842774
422.098388 1.846950
422.098388 1.843133
422.098388 1.843332
422.098388 1.842494
422.098388 1.845741
422.098388 1.844126
422.098388 1.848000
422.098388 1.843798
422.098388 1.848802
422.098388 1.857354
422.098388 1.852386
422.098388 1.853598
422.098388 1.862227
422.098388 1.838583
422.098388 1.862443
422.098388 1.859540
422.098388 1.858641
425.510187 1.340010
425.510187 1.338946
425.510187 1.342911
425.510187 1.343384
425.510187 1.339086
425.510187 1.339426
425.510187 1.341705
425.510187 1.340950
425.510187 1.339953
425.510187 1.341259
425.510187 1.342957
425.510187 1.345236
425.510187 1.338224
425.510187 1.340034
425.510187 1.340373
425.510187 1.345870
425.510187 1.342664
425.510187 1.340792
425.510187 1.350855
425.510187 1.348917
425.510187 1.343305
425.510187 1.342505
425.510187 1.352147
425.510187 1.347399
425.510187 1.345478
425.510187 1.352990
425.510187 1.338862
425.510187 1.350317
425.510187 1.353724
425.510187 1.351781
425.510187 1.362707
425.510187 1.360136
422.098388 1.409303
422.098388 1.409757
422.098388 1.408464
422.098388 1.413867
422.098388 1.415855
422.098388 1.416924
422.098388 1.414529
422.098388 1.409536
422.098388 1.414086
422.098388 1.409708
422.098388 1.413551
422.098388 1.419601
422.098388 1.417173
422.098388 1.411174
422.098388 1.412480
422.098388 1.418608
422.098388 1.417916
422.098388 1.414230
422.098388 1.418155
422.098388 1.413720
422.098388 1.422004
422.098388 1.414701
422.098388 1.416878
422.098388 1.413935
422.098388 1.413842
422.098388 1.413713
422.098388 1.414454
422.098388 1.420764
422.098388 1.426939
422.098388 1.429920
422.098388 1.426001
422.098388 1.424149
422.098388 1.631255
422.098388 1.632741
422.098388 1.632553
422.098388 1.632893
422.098388 1.632156
422.098388 1.633315
422.098388 1.631842
422.098388 1.631333
422.098388 1.634383
422.098388 1.631860
422.098388 1.631921
422.098388 1.631149
422.098388 1.633990
422.098388 1.632088
422.098388 1.634441
422.098388 1.633179
422.098388 1.632907
422.098388 1.632857
422.098388 1.638016
422.098388 1.636260
422.098388 1.644040
422.098388 1.646084
422.098388 1.643012
422.098388 1.644388
422.098388 1.649083
422.098388 1.650664
422.098388 1.646114
422.098388 1.648089
422.098388 1.650418
422.098388 1.651896
422.098388 1.653421
422.098388 1.638219
422.098388 2.378711
422.098388 2.371492
422.098388 2.375533
422.098388 2.381264
422.098388 2.374585
422.098388 2.379166
422.098388 2.374507
422.098388 2.380164
422.098388 2.379168
422.098388 2.377558
422.098388 2.382493
422.098388 2.374590
422.098388 2.382717
422.098388 2.375574
422.098388 2.380024
422.098388 2.377059
422.098388 2.383159
422.098388 2.381807
422.098388 2.376940
422.098388 2.369475
422.098388 2.375120
422.098388 2.376872
422.098388 2.378793
422.098388 2.378635
422.098388 2.382198
422.098388 2.391082
422.098388 2.383884
422.098388 2.392540
422.098388 2.395542
422.098388 2.392106
422.098388 2.398079
422.098388 2.392995
422.098388 1.354365
422.098388 1.354784
422.098388 1.354809
422.098388 1.357784
422.098388 1.356845
422.098388 1.357097
422.098388 1.356593
422.098388 1.359198
422.098388 1.352678
422.098388 1.355328
422.098388 1.353577
422.098388 1.360656
422.098388 1.354243
422.098388 1.354244
422.098388 1.354368
422.098388 1.353381
422.098388 1.355906
422.098388 1.358245
422.098388 1.360694
422.098388 1.359440
422.098388 1.357908
422.098388 1.360002
422.098388 1.357179
422.098388 1.356216
422.098388 1.360251
422.098388 1.365296
422.098388 1.357646
422.098388 1.363248
422.098388 1.362170
422.098388 1.356599
422.098388 1.374632
422.098388 1.371811
422.098388 2.055838
422.098388 2.059834
422.098388 2.058775
422.098388 2.056522
422.098388 2.056367
422.098388 2.057136
422.098388 2.055350
422.098388 2.057652
422.098388 2.054686
422.098388 2.057350
422.098388 2.054526
422.098388 2.061480
422.098388 2.061689
422.098388 2.056874
422.098388 2.059732
422.098388 2.059291
422.098388 2.056371
422.098388 2.057717
422.098388 2.058471
422.098388 2.071721
422.098388 2.069870
422.098388 2.070961
422.098388 2.057511
422.098388 2.073443
422.098388 2.068097
422.098388 2.069318
422.098388 2.075872
422.098388 2.068451
422.098388 2.066783
422.098388 2.082347
422.098388 2.073906
422.098388 2.077588
425.510187 1.757336
425.510187 1.758640
425.510187 1.758306
425.510187 1.760139
425.510187 1.761410
425.510187 1.760250
425.510187 1.759480
425.510187 1.762479
425.510187 1.757734
425.510187 1.755257
425.510187 1.762863
425.510187 1.759519
425.510187 1.758093
425.510187 1.760362
425.510187 1.756923
425.510187 1.755435
425.510187 1.758397
425.510187 1.758993
425.510187 1.755081
425.510187 1.756344
425.510187 1.766591
425.510187 1.768363
425.510187 1.765834
425.510187 1.762130
425.510187 1.769345
425.510187 1.770993
425.510187 1.766690
425.510187 1.766851
425.510187 1.764759
425.510187 1.768832
425.510187 1.752280
425.510187 1.772307
434.617239 1.409412
434.617239 1.410943
434.617239 1.411207
434.617239 1.410858
434.617239 1.409182
434.617239 1.411699
434.617239 1.409091
434.617239 1.414043
434.617239 1.409569
434.617239 1.409410
434.617239 1.415343
434.617239 1.413801
434.617239 1.414857
434.617239 1.409885
434.617239 1.412714
434.617239 1.411597
434.617239 1.411558
434.617239 1.413220
434.617239 1.418164
434.617239 1.412707
434.617239 1.417419
434.617239 1.415943
434.617239 1.408028
434.617239 1.422284
434.617239 1.420107
434.617239 1.416242
434.617239 1.421487
434.617239 1.423389
434.617239 1.419644
434.617239 1.420694
434.617239 1.423167
434.617239 1.427946
433.575722 1.376994
433.575722 1.378670
433.575722 1.378843
433.575722 1.380913
433.575722 1.381175
433.575722 1.380468
433.575722 1.380535
433.575722 1.377554
433.575722 1.378222
433.575722 1.379748
433.575722 1.378554
433.575722 1.380231
433.575722 1.378397
433.575722 1.380479
433.575722 1.386529
433.575722 1.380150
433.575722 1.382846
433.575722 1.379639
433.575722 1.386137
433.575722 1.381568
433.575722 1.385465
433.575722 1.383870
433.575722 1.385444
433.575722 1.392211
433.575722 1.393081
433.575722 1.388621
433.575722 1.395157
433.575722 1.391021
433.575722 1.380693
433.575722 1.391355
433.575722 1.391999
433.575722 1.434012
422.098388 2.341728
422.098388 2.347661
422.098388 2.338041
422.098388 2.348681
422.098388 2.343041
422.098388 2.348323
422.098388 2.346240
422.098388 2.341324
422.098388 2.341256
422.098388 2.347109
422.098388 2.344952
422.098388 2.343755
422.098388 2.349535
422.098388 2.351833
422.098388 2.342897
422.098388 2.344666
422.098388 2.348610
422.098388 2.348750
422.098388 2.344456
422.098388 2.347309
422.098388 2.344495
422.098388 2.357491
422.098388 2.345919
422.098388 2.359838
422.098388 2.354626
422.098388 2.356458
422.098388 2.366564
422.098388 2.361240
422.098388 2.368692
422.098388 2.359340
422.098388 2.363140
422.098388 2.358303
438.073188 1.436341
438.073188 1.435617
438.073188 1.440412
438.073188 1.440301
438.073188 1.435445
438.073188 1.437852
438.073188 1.439485
438.073188 1.438298
438.073188 1.438202
438.073188 1.445116
438.073188 1.443666
438.073188 1.444478
438.073188 1.441840
438.073188 1.438418
438.073188 1.445940
438.073188 1.440311
438.073188 1.444515
438.073188 1.440521
438.073188 1.445573
438.073188 1.441401
438.073188 1.440144
438.073188 1.445787
438.073188 1.442486
438.073188 1.442257
438.073188 1.453063
438.073188 1.435409
438.073188 1.447781
438.073188 1.456974
438.073188 1.456784
438.073188 1.451052
438.073188 1.453157
438.073188 1.495931
423.510023 1.381398
423.510023 1.381083
423.510023 1.384436
423.510023 1.388705
423.510023 1.382384
423.510023 1.388370
423.510023 1.385910
423.510023 1.389214
423.510023 1.386075
423.510023 1.387087
423.510023 1.388369
423.510023 1.386001
423.510023 1.385084
423.510023 1.384770
423.510023 1.383656
423.510023 1.387250
423.510023 1.384901
423.510023 1.389850
423.510023 1.391425
423.510023 1.386583
423.510023 1.395329
423.510023 1.391502
423.510023 1.396748
423.510023 1.396644
423.510023 1.393805
423.510023 1.394013
423.510023 1.392194
423.510023 1.396679
423.510023 1.399038
423.510023 1.394853
423.510023 1.399669
423.510023 1.391307
425.510187 2.465291
425.510187 2.465086
425.510187 2.467441
425.510187 2.464680
425.510187 2.463867
425.510187 2.468773
425.510187 2.469877
425.510187 2.462922
425.510187 2.469564
425.510187 2.467081
425.510187 2.465758
425.510187 2.467222
425.510187 2.472374
425.510187 2.470074
425.510187 2.469930
425.510187 2.465499
425.510187 2.463435
425.510187 2.472954
425.510187 2.464289
425.510187 2.466115
425.510187 2.469166
425.510187 2.474995
425.510187 2.469730
425.510187 2.472207
425.510187 2.481680
425.510187 2.479055
425.510187 2.485604
425.510187 2.481792
425.510187 2.484189
425.510187 2.485406
425.510187 2.484199
425.510187 2.474860
438.073188 1.784376
438.073188 1.785551
438.073188 1.781112
438.073188 1.782199
438.073188 1.787166
438.073188 1.790438
438.073188 1.786287
438.073188 1.791121
438.073188 1.788771
438.073188 1.781838
438.073188 1.786735
438.073188 1.787455
438.073188 1.784462
438.073188 1.788506
438.073188 1.779635
438.073188 1.789044
438.073188 1.784051
438.073188 1.785461
438.073188 1.782945
438.073188 1.784759
438.073188 1.784371
438.073188 1.784151
438.073188 1.784477
438.073188 1.782659
438.073188 1.793658
438.073188 1.789613
438.073188 1.796342
438.073188 1.798463
438.073188 1.791711
438.073188 1.794704
438.073188 1.802838
438.073188 1.799674
422.098388 2.043330
422.098388 2.044969
422.098388 2.041662
422.098388 2.048814
422.098388 2.041980
422.098388 2.045136
422.098388 2.042380
422.098388 2.051797
422.098388 2.042002
422.098388 2.045964
422.098388 2.047790
422.098388 2.046946
422.098388 2.047632
422.098388 2.045228
422.098388 2.052563
422.098388 2.038974
422.098388 2.048685
422.098388 2.053461
422.098388 2.046482
422.098388 2.048259
422.098388 2.057351
422.098388 2.050589
422.098388 2.062447
422.098388 2.059017
422.098388 2.064374
422.098388 2.067007
422.098388 2.063451
422.098388 2.061196
422.098388 2.066271
422.098388 2.060002
422.098388 2.063048
422.098388 2.061698
425.510187 2.280963
425.510187 2.280771
425.510187 2.282458
425.510187 2.281720
425.510187 2.285473
425.510187 2.284515
425.510187 2.281738
425.510187 2.279780
425.510187 2.285411
425.510187 2.280635
425.510187 2.280753
425.510187 2.283434
425.510187 2.283466
425.510187 2.283410
425.510187 2.284608
425.510187 2.292794
425.510187 2.289060
425.510187 2.288736
425.510187 2.294485
425.510187 2.289032
425.510187 2.291128
425.510187 2.294128
425.510187 2.292093
425.510187 2.301815
425.510187 2.298484
425.510187 2.279744
425.510187 2.304515
425.510187 2.301876
425.510187 2.306597
425.510187 2.304380
425.510187 2.313528
425.510187 2.313751
422.098388 1.368154
422.098388 1.372151
422.098388 1.373045
422.098388 1.366960
422.098388 1.371638
422.098388 1.368940
422.098388 1.372643
422.098388 1.373362
422.098388 1.373985
422.098388 1.366609
422.098388 1.373927
422.098388 1.367792
422.098388 1.372805
422.098388 1.372938
422.098388 1.365937
422.098388 1.366076
422.098388 1.368809
422.098388 1.367304
422.098388 1.368545
422.098388 1.374611
422.098388 1.369054
422.098388 1.368054
422.098388 1.369330
422.098388 1.369198
422.098388 1.370547
422.098388 1.368531
422.098388 1.372783
422.098388 1.365459
422.098388 1.375314
422.098388 1.374629
422.098388 1.385778
422.098388 1.380968
422.098388 1.732337
422.098388 1.728030
422.098388 1.732111
422.098388 1.734506
422.098388 1.731991
422.098388 1.731757
422.098388 1.727911
422.098388 1.733733
422.098388 1.730539
422.098388 1.735510
422.098388 1.732640
422.098388 1.735570
422.098388 1.729733
422.098388 1.733196
422.098388 1.730093
422.098388 1.732260
422.098388 1.732176
422.098388 1.730364
422.098388 1.730821
422.098388 1.731978
422.098388 1.735849
422.098388 1.733661
422.098388 1.744348
422.098388 1.745422
422.098388 1.741930
422.098388 1.745001
422.098388 1.733155
422.098388 1.742791
422.098388 1.749785
422.098388 1.750625
422.098388 1.748115
422.098388 1.747072
417.600923 1.415013
417.600923 1.417007
417.600923 1.416559
417.600923 1.420481
417.600923 1.417961
417.600923 1.415795
417.600923 1.419811
417.600923 1.415137
417.600923 1.423649
417.600923 1.416993
417.600923 1.416939
417.600923 1.422738
417.600923 1.416012
417.600923 1.419781
417.600923 1.419771
417.600923 1.420224
417.600923 1.423248
417.600923 1.416626
417.600923 1.418453
417.600923 1.424953
417.600923 1.418050
417.600923 1.421229
417.600923 1.417802
417.600923 1.426404
417.600923 1.426246
417.600923 1.418307
417.600923 1.420782
417.600923 1.421037
417.600923 1.432280
417.600923 1.416991
417.600923 1.423381
417.600923 1.428046
425.510187 1.702787
425.510187 1.701898
425.510187 1.705537
425.510187 1.701819
425.510187 1.706119
425.510187 1.705404
425.510187 1.704060
425.510187 1.704198
425.510187 1.704581
425.510187 1.700958
425.510187 1.704205
425.510187 1.702619
425.510187 1.708131
425.510187 1.709193
425.510187 1.703755
425.510187 1.703755
425.510187 1.703005
425.510187 1.704464
425.510187 1.706236
425.510187 1.709929
425.510187 1.705310
425.510187 1.706715
425.510187 1.708535
425.510187 1.701393
425.510187 1.716151
425.510187 1.715967
425.510187 1.715734
425.510187 1.714861
425.510187 1.717390
425.510187 1.717311
425.510187 1.725785
425.510187 1.723521
430.017127 1.441117
430.017127 1.439594
430.017127 1.448722
430.017127 1.440408
430.017127 1.438404
430.017127 1.446126
430.017127 1.442199
430.017127 1.445382
430.017127 1.449194
430.017127 1.447886
430.017127 1.445617
430.017127 1.442994
430.017127 1.445602
430.017127 1.442736
430.017127 1.456823
430.017127 1.445200
430.017127 1.457643
430.017127 1.458373
430.017127 1.459502
430.017127 1.458796
430.017127 1.452554
430.017127 1.450373
430.017127 1.453048
430.017127 1.454459
430.017127 1.453472
430.017127 1.444121
430.017127 1.459147
430.017127 1.459005
430.017127 1.464343
430.017127 1.455280
430.017127 1.455738
430.017127 1.459158
417.600923 1.351712
417.600923 1.350975
417.600923 1.352622
417.600923 1.352856
417.600923 1.350123
417.600923 1.352279
417.600923 1.352351
417.600923 1.350195
417.600923 1.352796
417.600923 1.349765
417.600923 1.349395
417.600923 1.352975
417.600923 1.352022
417.600923 1.351303
417.600923 1.349669
417.600923 1.350196
417.600923 1.351941
417.600923 1.350982
417.600923 1.355479
417.600923 1.351926
417.600923 1.351075
417.600923 1.351074
417.600923 1.353121
417.600923 1.360743
417.600923 1.359241
417.600923 1.348298
417.600923 1.364222
417.600923 1.359035
417.600923 1.361049
417.600923 1.357427
417.600923 1.358337
417.600923 1.363098
422.098388 1.422216
422.098388 1.424490
422.098388 1.424349
422.098388 1.421756
422.098388 1.427128
422.098388 1.429139
422.098388 1.429211
422.098388 1.428590
422.098388 1.429646
422.098388 1.434664
422.098388 1.434401
422.098388 1.442647
422.098388 1.560745
422.098388 1.560180
422.098388 1.562290
422.098388 1.563510
422.098388 1.562607
422.098388 1.563359
422.098388 1.565308
422.098388 1.565455
422.098388 1.567469
422.098388 1.568946
422.098388 1.571152
422.098388 1.578866
422.098388 1.618589
422.098388 1.620299
422.098388 1.620684
422.098388 1.616919
422.098388 1.619882
422.098388 1.625864
422.098388 1.627059
422.098388 1.624775
422.098388 1.491236
422.098388 1.491810
422.098388 1.492571
422.098388 1.491427
422.098388 1.494851
422.098388 1.486265
422.098388 1.489362
422.098388 1.495325
422.098388 1.487025
422.098388 1.492351
422.098388 1.486938
422.098388 1.489706
422.098388 1.487595
422.098388 1.493972
422.098388 1.487854
422.098388 1.490445
422.098388 1.489411
422.098388 1.491505
422.098388 1.495179
422.098388 1.498527
422.098388 1.485585
422.098388 1.491645
422.098388 1.503784
422.098388 1.495207
422.098388 1.495545
422.098388 1.504469
422.098388 1.500499
422.098388 1.499773
422.098388 1.504865
422.098388 1.510041
422.098388 1.501984
422.098388 1.506477
433.575722 1.336180
433.575722 1.334772
433.575722 1.345114
433.575722 1.347483
433.575722 1.346670
433.575722 1.345683
433.575722 1.345342
433.575722 1.344541
433.575722 1.349588
433.575722 1.346087
433.575722 1.346303
433.575722 1.352015
433.575722 1.347078
433.575722 1.347003
433.575722 1.346034
433.575722 1.354074
433.575722 1.352221
433.575722 1.349560
433.575722 1.349166
433.575722 1.350285
433.575722 1.357570
433.575722 1.357987
433.575722 1.355753
433.575722 1.356205
433.575722 1.362460
433.575722 1.354853
433.575722 1.361936
433.575722 1.359330
433.575722 1.351864
433.575722 1.358568
433.575722 1.363283
433.575722 1.361503
425.510187 1.377855
425.510187 1.376954
425.510187 1.374743
425.510187 1.376061
425.510187 1.375982
425.510187 1.378223
425.510187 1.379718
425.510187 1.374011
425.510187 1.374268
425.510187 1.379158
425.510187 1.374850
425.510187 1.379345
425.510187 1.380156
425.510187 1.373645
425.510187 1.381122
425.510187 1.378053
425.510187 1.378422
425.510187 1.375913
425.510187 1.377311
425.510187 1.380048
425.510187 1.380465
425.510187 1.382458
425.510187 1.379223
425.510187 1.378886
425.510187 1.384544
425.510187 1.384815
425.510187 1.381095
425.510187 1.380970
425.510187 1.381657
425.510187 1.377757
425.510187 1.384019
425.510187 1.377520
425.510187 1.499750
425.510187 1.503425
425.510187 1.500898
425.510187 1.502950
425.510187 1.506072
425.510187 1.503875
425.510187 1.507643
425.510187 1.500062
425.510187 1.499291
425.510187 1.506074
425.510187 1.500782
425.510187 1.503899
425.510187 1.501537
425.510187 1.502699
425.510187 1.502844
425.510187 1.503794
425.510187 1.509631
425.510187 1.509122
425.510187 1.510239
425.510187 1.504355
425.510187 1.511209
425.510187 1.505519
425.510187 1.505339
425.510187 1.501626
425.510187 1.507732
425.510187 1.509219
425.510187 1.519623
425.510187 1.516207
425.510187 1.520486
425.510187 1.520704
425.510187 1.516965
425.510187 1.516390
425.810137 1.368799
425.810137 1.371072
425.810137 1.372780
425.810137 1.373073
425.810137 1.372528
425.810137 1.369717
425.810137 1.375848
425.810137 1.369110
425.810137 1.371049
425.810137 1.368870
425.810137 1.377817
425.810137 1.369013
425.810137 1.373140
425.810137 1.371175
425.810137 1.380922
425.810137 1.377996
425.810137 1.378477
425.810137 1.371357
425.810137 1.377142
425.810137 1.376642
425.810137 1.372237
425.810137 1.382208
425.810137 1.383935
425.810137 1.385757
425.810137 1.377717
425.810137 1.387823
425.810137 1.388743
425.810137 1.381539
425.810137 1.384739
425.810137 1.380606
425.810137 1.381928
425.810137 1.383257
422.098388 3.415737
422.098388 3.416539
422.098388 3.413174
422.098388 3.417399
422.098388 3.413500
422.098388 3.418388
422.098388 3.421888
422.098388 3.419986
422.098388 3.411452
422.098388 3.419565
422.098388 3.413537
422.098388 3.414443
422.098388 3.414729
422.098388 3.421217
422.098388 3.412678
422.098388 3.417657
422.098388 3.417569
422.098388 3.414760
422.098388 3.421208
422.098388 3.421744
422.098388 3.418773
422.098388 3.418101
422.098388 3.419052
422.098388 3.431321
422.098388 3.427727
422.098388 3.409682
422.098388 3.437461
422.098388 3.433382
422.098388 3.434694
422.098388 3.434708
422.098388 3.441449
422.098388 3.436039
425.510187 1.422547
425.510187 1.421087
425.510187 1.426532
425.510187 1.420417
425.510187 1.428878
425.510187 1.427554
425.510187 1.428188
425.510187 1.427774
425.510187 1.421864
425.510187 1.423160
425.510187 1.429685
425.510187 1.429487
425.510187 1.425293
425.510187 1.431916
425.510187 1.424122
425.510187 1.430110
425.510187 1.426378
425.510187 1.430559
425.510187 1.424457
425.510187 1.423064
425.510187 1.424869
425.510187 1.425660
425.510187 1.431784
425.510187 1.426195
425.510187 1.426854
425.510187 1.426511
425.510187 1.428346
425.510187 1.426684
425.510187 1.430475
425.510187 1.439923
425.510187 1.425918
425.510187 1.435121
417.600923 1.352652
417.600923 1.351847
417.600923 1.353592
417.600923 1.352808
417.600923 1.356352
417.600923 1.350972
417.600923 1.357261
417.600923 1.355871
417.600923 1.351652
417.600923 1.353830
417.600923 1.351884
417.600923 1.355173
417.600923 1.351269
417.600923 1.353653
417.600923 1.362214
417.600923 1.361578
417.600923 1.353898
417.600923 1.363571
417.600923 1.357838
417.600923 1.360360
417.600923 1.358067
417.600923 1.351832
417.600923 1.359205
417.600923 1.362584
417.600923 1.358145
417.600923 1.358498
417.600923 1.367983
417.600923 1.360967
417.600923 1.369750
417.600923 1.360660
417.600923 1.364610
417.600923 1.367387
427.717013 1.342309
427.717013 1.345136
427.717013 1.346727
427.717013 1.343503
427.717013 1.346194
427.717013 1.340691
427.717013 1.345241
427.717013 1.347574
427.717013 1.350875
427.717013 1.342025
427.717013 1.343263
427.717013 1.341477
427.717013 1.341344
427.717013 1.343608
427.717013 1.342978
427.717013 1.352957
427.717013 1.354394
427.717013 1.353253
427.717013 1.352189
427.717013 1.356077
427.717013 1.346776
427.717013 1.347730
427.717013 1.347277
427.717013 1.350184
427.717013 1.351977
427.717013 1.351391
427.717013 1.348688
427.717013 1.360449
427.717013 1.366200
427.717013 1.354532
427.717013 1.361754
427.717013 1.348167
417.600923 1.360377
417.600923 1.363804
417.600923 1.363966
417.600923 1.363512
417.600923 1.356766
417.600923 1.361862
417.600923 1.364718
417.600923 1.359295
417.600923 1.366225
417.600923 1.360335
417.600923 1.360412
417.600923 1.369148
417.600923 1.358984
417.600923 1.359697
417.600923 1.366042
417.600923 1.360371
417.600923 1.365857
417.600923 1.366005
417.600923 1.362734
417.600923 1.371002
417.600923 1.362036
417.600923 1.365442
417.600923 1.374316
417.600923 1.377307
417.600923 1.371175
417.600923 1.370106
417.600923 1.369825
417.600923 1.373082
417.600923 1.376946
417.600923 1.370499
417.600923 1.373584
417.600923 1.367150
433.575722 1.353488
433.575722 1.356019
433.575722 1.358628
433.575722 1.359664
433.575722 1.357907
433.575722 1.354121
433.575722 1.358987
433.575722 1.361143
433.575722 1.360515
433.575722 1.357030
433.575722 1.355060
433.575722 1.357641
433.575722 1.355976
433.575722 1.358697
433.575722 1.357960
433.575722 1.355752
433.575722 1.356684
433.575722 1.356308
433.575722 1.356680
433.575722 1.363049
433.575722 1.364025
433.575722 1.360198
433.575722 1.367729
433.575722 1.359742
433.575722 1.368263
433.575722 1.353996
433.575722 1.370037
433.575722 1.365714
433.575722 1.363924
433.575722 1.366862
433.575722 1.369644
433.575722 1.376186
425.510187 2.244983
425.510187 2.242467
425.510187 2.249616
425.510187 2.247545
425.510187 2.251772
425.510187 2.253149
425.510187 2.247670
425.510187 2.249245
425.510187 2.250516
425.510187 2.255913
425.510187 2.248406
425.510187 2.257656
425.510187 2.256071
425.510187 2.252451
425.510187 2.249298
425.510187 2.252179
425.510187 2.255187
425.510187 2.261939
425.510187 2.250025
425.510187 2.266168
425.510187 2.258424
425.510187 2.264781
425.510187 2.262300
425.510187 2.267656
425.510187 2.260845
425.510187 2.262838
425.510187 2.274810
425.510187 2.274900
425.510187 2.273020
425.510187 2.284843
425.510187 2.287882
425.510187 2.285834
427.717013 1.412778
427.717013 1.417306
427.717013 1.419203
427.717013 1.419398
427.717013 1.413694
427.717013 1.421916
427.717013 1.414566
427.717013 1.412993
427.717013 1.419864
427.717013 1.420022
427.717013 1.412010
427.717013 1.414038
427.717013 1.419296
427.717013 1.422699
427.717013 1.412302
427.717013 1.412072
427.717013 1.414665
427.717013 1.413212
427.717013 1.414271
427.717013 1.422417
427.717013 1.428623
427.717013 1.430082
427.717013 1.429892
427.717013 1.417991
427.717013 1.418438
427.717013 1.419976
427.717013 1.426667
427.717013 1.423061
427.717013 1.432965
427.717013 1.425759
427.717013 1.431809
427.717013 1.432264
422.098388 1.343909
422.098388 1.341034
422.098388 1.346608
422.098388 1.337339
422.098388 1.345114
422.098388 1.341441
422.098388 1.341866
422.098388 1.343761
422.098388 1.347838
422.098388 1.345252
422.098388 1.348333
422.098388 1.343557
422.098388 1.349974
422.098388 1.341815
422.098388 1.340062
422.098388 1.342597
422.098388 1.343274
422.098388 1.348427
422.098388 1.346683
422.098388 1.341557
422.098388 1.342581
422.098388 1.344876
422.098388 1.342393
422.098388 1.342898
422.098388 1.342427
422.098388 1.350409
422.098388 1.339439
422.098388 1.351849
422.098388 1.345350
422.098388 1.346795
422.098388 1.356898
422.098388 1.351160
425.510187 1.359167
425.510187 1.361438
425.510187 1.362693
425.510187 1.365154
425.510187 1.359259
425.510187 1.360507
425.510187 1.366612
425.510187 1.367128
425.510187 1.365910
425.510187 1.365294
425.510187 1.364154
425.510187 1.365379
425.510187 1.361685
425.510187 1.366007
425.510187 1.362654
425.510187 1.363842
425.510187 1.363434
425.510187 1.363565
425.510187 1.365246
425.510187 1.371292
425.510187 1.372885
425.510187 1.370386
425.510187 1.369594
425.510187 1.375682
425.510187 1.375631
425.510187 1.358799
425.510187 1.372482
425.510187 1.373960
425.510187 1.381546
425.510187 1.379009
425.510187 1.384266
425.510187 1.396840
417.600923 1.397117
417.600923 1.403484
417.600923 1.403726
417.600923 1.404443
417.600923 1.404330
417.600923 1.399673
417.600923 1.401381
417.600923 1.396403
417.600923 1.399491
417.600923 1.402199
417.600923 1.407029
417.600923 1.401168
417.600923 1.405689
417.600923 1.402565
417.600923 1.400486
417.600923 1.407931
417.600923 1.401118
417.600923 1.408225
417.600923 1.403377
417.600923 1.404353
417.600923 1.413914
417.600923 1.412960
417.600923 1.413864
417.600923 1.407756
417.600923 1.418048
417.600923 1.408926
417.600923 1.408911
417.600923 1.418391
417.600923 1.408999
417.600923 1.413178
417.600923 1.414518
417.600923 1.411431
425.510187 1.837826
425.510187 1.840002
425.510187 1.837138
425.510187 1.835029
425.510187 1.841297
425.510187 1.842939
425.510187 1.842015
425.510187 1.841296
425.510187 1.837723
425.510187 1.839294
425.510187 1.838790
425.510187 1.835466
425.510187 1.836638
425.510187 1.844757
425.510187 1.837878
425.510187 1.838897
425.510187 1.839010
425.510187 1.845933
425.510187 1.846566
425.510187 1.840093
425.510187 1.844929
425.510187 1.839464
425.510187 1.839169
425.510187 1.844316
425.510187 1.839959
425.510187 1.839774
425.510187 1.833986
425.510187 1.842743
425.510187 1.858145
425.510187 1.857420
425.510187 1.854939
425.510187 1.853842
425.510187 1.645070
425.510187 1.645009
425.510187 1.643921
425.510187 1.645169
425.510187 1.645601
425.510187 1.645259
425.510187 1.646490
425.510187 1.646074
425.510187 1.643603
425.510187 1.644645
425.510187 1.643761
425.510187 1.644557
425.510187 1.645653
425.510187 1.644321
425.510187 1.643890
425.510187 1.642003
425.510187 1.647466
425.510187 1.643640
425.510187 1.646595
425.510187 1.648009
425.510187 1.646592
425.510187 1.643408
425.510187 1.645971
425.510187 1.645599
425.510187 1.646317
425.510187 1.646217
425.510187 1.654044
425.510187 1.653330
425.510187 1.656683
425.510187 1.653855
425.510187 1.660217
425.510187 1.657906
417.600923 1.387408
417.600923 1.388421
417.600923 1.388351
417.600923 1.384702
417.600923 1.384331
417.600923 1.385240
417.600923 1.391145
417.600923 1.388010
417.600923 1.388274
417.600923 1.389784
417.600923 1.390068
417.600923 1.392033
417.600923 1.386167
417.600923 1.382819
417.600923 1.383264
417.600923 1.394301
417.600923 1.387850
417.600923 1.386193
417.600923 1.384853
417.600923 1.385326
417.600923 1.381565
417.600923 1.390123
417.600923 1.394633
417.600923 1.396574
417.600923 1.390265
417.600923 1.397777
417.600923 1.391803
417.600923 1.393116
417.600923 1.397875
417.600923 1.394616
417.600923 1.396785
417.600923 1.406615
422.098388 2.680069
422.098388 2.683225
422.098388 2.678601
422.098388 2.682747
422.098388 2.682116
422.098388 2.687340
422.098388 2.688925
422.098388 2.682682
422.098388 2.683569
422.098388 2.684351
422.098388 2.689745
422.098388 2.690640
422.098388 2.685714
422.098388 2.687174
422.098388 2.680696
422.098388 2.688883
422.098388 2.688718
422.098388 2.699147
422.098388 2.691990
422.098388 2.701276
422.098388 2.699116
422.098388 2.706613
422.098388 2.679821
422.098388 2.708346
422.098388 2.704400
422.098388 2.704185
422.098388 2.711038
422.098388 2.713085
422.098388 2.706915
422.098388 2.711215
422.098388 2.713407
422.098388 2.715728
422.098388 2.688360
422.098388 2.692995
422.098388 2.682746
422.098388 2.693936
422.098388 2.694931
422.098388 2.698199
422.098388 2.687889
422.098388 2.693004
422.098388 2.692993
422.098388 2.688315
422.098388 2.689836
422.098388 2.693531
422.098388 2.696752
422.098388 2.691468
422.098388 2.696776
422.098388 2.687802
422.098388 2.696660
422.098388 2.689178
422.098388 2.690503
422.098388 2.689519
422.098388 2.691334
422.098388 2.701185
422.098388 2.691477
422.098388 2.690650
422.098388 2.696520
422.098388 2.679325
422.098388 2.707527
422.098388 2.714370
422.098388 2.702994
422.098388 2.712692
422.098388 2.707642
422.098388 2.712261
417.600923 1.337966
417.600923 1.338416
417.600923 1.344612
417.600923 1.344358
417.600923 1.345570
417.600923 1.343198
417.600923 1.340643
417.600923 1.341935
417.600923 1.342442
417.600923 1.341501
417.600923 1.341410
417.600923 1.344187
417.600923 1.342727
417.600923 1.349846
417.600923 1.344048
417.600923 1.348386
417.600923 1.347104
417.600923 1.347231
417.600923 1.351685
417.600923 1.344856
417.600923 1.352100
417.600923 1.347269
417.600923 1.349910
417.600923 1.350903
417.600923 1.353920
417.600923 1.348481
417.600923 1.350519
417.600923 1.350735
417.600923 1.355708
417.600923 1.352071
417.600923 1.343000
417.600923 1.353826
421.894793 1.442254
421.894793 1.441584
421.894793 1.444504
421.894793 1.444948
421.894793 1.443857
421.894793 1.445592
421.894793 1.447137
421.894793 1.440286
421.894793 1.445369
421.894793 1.446727
421.894793 1.445123
421.894793 1.442865
421.894793 1.441907
421.894793 1.441934
421.894793 1.441100
421.894793 1.445784
421.894793 1.443590
421.894793 1.444627
421.894793 1.447820
421.894793 1.445214
421.894793 1.444383
421.894793 1.446762
421.894793 1.455224
421.894793 1.455233
421.894793 1.459538
421.894793 1.452310
421.894793 1.452859
421.894793 1.458077
421.894793 1.455761
421.894793 1.455492
421.894793 1.457867
421.894793 1.455348
425.510187 2.678313
425.510187 2.676783
425.510187 2.681964
425.510187 2.674347
425.510187 2.675547
425.510187 2.681609
425.510187 2.684058
425.510187 2.679709
425.510187 2.681673
425.510187 2.684064
425.510187 2.681829
425.510187 2.684406
425.510187 2.680389
425.510187 2.675058
425.510187 2.676092
425.510187 2.684972
425.510187 2.686836
425.510187 2.677171
425.510187 2.683479
425.510187 2.682506
425.510187 2.678278
425.510187 2.680245
425.510187 2.676501
425.510187 2.682827
425.510187 2.678983
425.510187 2.679898
425.510187 2.675165
425.510187 2.681956
425.510187 2.695194
425.510187 2.697756
425.510187 2.693098
425.510187 2.696854
425.510187 1.544534
425.510187 1.546507
425.510187 1.546437
425.510187 1.543503
425.510187 1.548870
425.510187 1.542018
425.510187 1.547918
425.510187 1.540173
425.510187 1.551166
425.510187 1.542912
425.510187 1.543328
425.510187 1.551495
425.510187 1.545914
425.510187 1.543653
425.510187 1.550918
425.510187 1.551527
425.510187 1.542606
425.510187 1.548124
425.510187 1.550912
425.510187 1.547692
425.510187 1.544807
425.510187 1.546119
425.510187 1.545892
425.510187 1.550791
425.510187 1.556953
425.510187 1.549759
425.510187 1.556351
425.510187 1.552540
425.510187 1.555763
425.510187 1.550277
425.510187 1.567225
425.510187 1.561177
425.510187 1.585759
425.510187 1.587933
425.510187 1.587971
425.510187 1.589956
425.510187 1.586507
425.510187 1.582897
425.510187 1.582785
425.510187 1.592075
425.510187 1.589597
425.510187 1.593545
425.510187 1.585515
425.510187 1.590448
425.510187 1.586705
425.510187 1.587487
425.510187 1.587450
425.510187 1.581936
425.510187 1.592292
425.510187 1.591031
425.510187 1.586115
425.510187 1.592014
425.510187 1.583225
425.510187 1.584691
425.510187 1.587075
425.510187 1.587361
425.510187 1.590780
425.510187 1.588038
425.510187 1.586594
425.510187 1.586188
425.510187 1.585450
425.510187 1.587925
425.510187 1.587438
425.510187 1.590430
437.869593 1.353425
437.869593 1.355428
437.869593 1.353115
437.869593 1.352895
437.869593 1.353893
437.869593 1.355253
437.869593 1.352996
437.869593 1.355777
437.869593 1.352556
437.869593 1.357525
437.869593 1.352255
437.869593 1.353438
437.869593 1.356039
437.869593 1.355467
437.869593 1.354738
437.869593 1.359426
437.869593 1.354927
437.869593 1.353980
437.869593 1.355406
437.869593 1.356170
437.869593 1.362576
437.869593 1.358010
437.869593 1.358093
437.869593 1.358975
437.869593 1.359098
437.869593 1.359349
437.869593 1.360484
437.869593 1.359804
437.869593 1.362852
437.869593 1.368889
437.869593 1.363275
437.869593 1.365329
425.810137 1.497986
425.810137 1.498881
425.810137 1.501951
425.810137 1.498083
425.810137 1.501841
425.810137 1.500016
425.810137 1.502068
425.810137 1.505175
425.810137 1.502303
425.810137 1.497540
425.810137 1.501292
425.810137 1.503525
425.810137 1.500522
425.810137 1.499105
425.810137 1.497792
425.810137 1.508268
425.810137 1.500197
425.810137 1.499954
425.810137 1.500738
425.810137 1.500760
425.810137 1.504062
425.810137 1.504640
425.810137 1.503629
425.810137 1.511836
425.810137 1.508398
425.810137 1.512750
425.810137 1.507672
425.810137 1.504403
425.810137 1.516420
425.810137 1.510158
425.810137 1.511328
425.810137 1.513652
422.098388 1.423821
422.098388 1.423477
422.098388 1.425214
422.098388 1.422990
422.098388 1.426701
422.098388 1.423490
422.098388 1.425280
422.098388 1.430312
422.098388 1.429679
422.098388 1.427260
422.098388 1.428126
422.098388 1.426016
422.098388 1.423956
422.098388 1.427099
422.098388 1.427104
422.098388 1.427417
422.098388 1.432006
422.098388 1.425877
422.098388 1.425925
422.098388 1.428225
422.098388 1.433022
422.098388 1.429726
422.098388 1.439385
422.098388 1.441429
422.098388 1.437563
422.098388 1.439259
422.098388 1.441163
422.098388 1.438109
422.098388 1.442703
422.098388 1.440657
422.098388 1.438745
422.098388 1.431138
422.098388 2.743564
422.098388 2.746038
422.098388 2.745995
422.098388 2.741657
422.098388 2.741408
422.098388 2.751605
422.098388 2.741702
422.098388 2.750850
422.098388 2.749520
422.098388 2.747590
422.098388 2.748966
422.098388 2.751631
422.098388 2.753257
422.098388 2.746268
422.098388 2.745457
422.098388 2.757351
422.098388 2.746955
422.098388 2.753692
422.098388 2.750784
422.098388 2.758068
422.098388 2.740605
422.098388 2.758820
422.098388 2.767383
422.098388 2.767903
422.098388 2.770112
422.098388 2.769167
422.098388 2.763260
422.098388 2.764788
422.098388 2.764102
422.098388 2.770952
422.098388 2.766115
422.098388 2.764746
421.894793 1.352870
421.894793 1.354112
421.894793 1.354398
421.894793 1.357550
421.894793 1.355423
421.894793 1.353512
421.894793 1.356141
421.894793 1.358371
421.894793 1.356818
421.894793 1.353283
421.894793 1.352168
421.894793 1.356152
421.894793 1.352899
421.894793 1.354479
421.894793 1.353389
421.894793 1.358745
421.894793 1.357637
421.894793 1.354456
421.894793 1.355465
421.894793 1.356711
421.894793 1.362196
421.894793 1.357244
421.894793 1.358163
421.894793 1.358006
421.894793 1.369017
421.894793 1.357118
421.894793 1.369670
421.894793 1.367243
421.894793 1.356550
421.894793 1.366262
421.894793 1.367979
421.894793 1.367167
421.894793 1.342434
421.894793 1.343168
421.894793 1.343861
421.894793 1.343041
421.894793 1.342794
421.894793 1.341938
421.894793 1.344356
421.894793 1.343403
421.894793 1.343153
421.894793 1.345133
421.894793 1.341051
421.894793 1.342475
421.894793 1.347511
421.894793 1.347167
421.894793 1.343178
421.894793 1.343727
421.894793 1.343589
421.894793 1.343977
421.894793 1.346752
421.894793 1.345677
421.894793 1.351479
421.894793 1.345137
421.894793 1.350737
421.894793 1.355845
421.894793 1.354856
421.894793 1.342696
421.894793 1.356820
421.894793 1.354187
421.894793 1.355344
421.894793 1.356228
421.894793 1.359656
421.894793 1.358036
425.510187 1.500908
425.510187 1.500273
425.510187 1.498539
425.510187 1.501047
425.510187 1.499070
425.510187 1.498090
425.510187 1.502658
425.510187 1.500331
425.510187 1.497298
425.510187 1.504562
425.510187 1.497870
425.510187 1.496063
425.510187 1.496884
425.510187 1.497139
425.510187 1.498845
425.510187 1.504410
425.510187 1.497197
425.510187 1.500591
425.510187 1.504533
425.510187 1.499839
425.510187 1.499846
425.510187 1.508123
425.510187 1.494939
425.510187 1.512908
425.510187 1.514525
425.510187 1.513457
425.510187 1.506208
425.510187 1.508315
425.510187 1.509375
425.510187 1.511770
425.510187 1.516882
425.510187 1.511496
438.073188 1.434980
438.073188 1.437837
438.073188 1.436435
438.073188 1.439156
438.073188 1.437932
438.073188 1.435255
438.073188 1.434407
438.073188 1.436069
438.073188 1.444152
438.073188 1.436194
438.073188 1.437386
438.073188 1.445426
438.073188 1.438410
438.073188 1.444084
438.073188 1.439129
438.073188 1.438789
438.073188 1.445832
438.073188 1.445865
438.073188 1.444957
438.073188 1.448221
438.073188 1.441441
438.073188 1.440570
438.073188 1.438731
438.073188 1.441227
438.073188 1.441813
438.073188 1.441652
438.073188 1.445455
438.073188 1.453832
438.073188 1.437853
438.073188 1.448165
438.073188 1.457155
438.073188 1.455037
417.600923 1.362824
417.600923 1.360540
417.600923 1.362930
417.600923 1.362523
417.600923 1.361148
417.600923 1.363423
417.600923 1.359099
417.600923 1.360525
417.600923 1.359146
417.600923 1.364661
417.600923 1.357954
417.600923 1.357985
417.600923 1.360179
417.600923 1.357012
417.600923 1.357323
417.600923 1.366279
417.600923 1.360397
417.600923 1.364904
417.600923 1.364030
417.600923 1.366139
417.600923 1.362803
417.600923 1.360186
417.600923 1.363789
417.600923 1.357537
417.600923 1.367655
417.600923 1.372707
417.600923 1.367548
417.600923 1.367634
417.600923 1.373161
417.600923 1.368927
417.600923 1.373312
417.600923 1.370348
425.510187 1.494056
425.510187 1.496640
425.510187 1.498571
425.510187 1.497747
425.510187 1.500133
425.510187 1.494953
425.510187 1.493579
425.510187 1.494936
425.510187 1.499604
425.510187 1.499034
425.510187 1.493698
425.510187 1.497160
425.510187 1.495381
425.510187 1.495529
425.510187 1.495018
425.510187 1.493115
425.510187 1.510296
425.510187 1.508651
425.510187 1.508806
425.510187 1.508320
425.510187 1.506206
425.510187 1.506729
425.510187 1.505938
425.510187 1.506426
425.510187 1.516094
425.510187 1.517328
425.510187 1.511128
425.510187 1.512546
425.510187 1.518931
425.510187 1.513734
425.510187 1.522564
425.510187 1.522228
425.510187 2.010824
425.510187 2.012177
425.510187 2.016518
425.510187 2.009116
425.510187 2.016158
425.510187 2.019601
425.510187 2.010970
425.510187 2.015880
425.510187 2.018209
425.510187 2.015041
425.510187 2.021905
425.510187 2.016328
425.510187 2.012030
425.510187 2.012409
425.510187 2.018556
425.510187 2.022285
425.510187 2.012493
425.510187 2.016217
425.510187 2.014285
425.510187 2.013485
425.510187 2.022535
425.510187 2.015860
425.510187 2.017441
425.510187 2.024609
425.510187 2.012566
425.510187 2.019674
425.510187 2.034922
425.510187 2.028306
425.510187 2.026990
425.510187 2.034958
425.510187 2.030288
425.510187 2.028449
438.073188 1.945187
438.073188 1.947632
438.073188 1.947870
438.073188 1.945654
438.073188 1.950847
438.073188 1.946863
438.073188 1.952087
438.073188 1.948563
438.073188 1.951889
438.073188 1.947068
438.073188 1.952749
438.073188 1.954571
438.073188 1.949157
438.073188 1.954946
438.073188 1.949466
438.073188 1.950283
438.073188 1.952574
438.073188 1.953840
438.073188 1.954392
438.073188 1.952729
438.073188 1.953257
438.073188 1.959264
438.073188 1.956615
438.073188 1.962785
438.073188 1.964722
438.073188 1.965585
438.073188 1.962036
438.073188 1.942488
438.073188 1.962606
438.073188 1.969294
438.073188 1.965621
438.073188 1.964107
425.510187 2.029600
425.510187 2.031970
425.510187 2.030709
425.510187 2.030899
425.510187 2.036541
425.510187 2.031105
425.510187 2.030814
425.510187 2.036517
425.510187 2.035126
425.510187 2.042688
425.510187 2.041230
425.510187 2.037252
425.510187 2.038412
425.510187 2.037229
425.510187 2.045691
425.510187 2.039277
425.510187 2.047508
425.510187 2.034003
425.510187 2.044702
425.510187 2.047788
425.510187 2.045483
425.510187 2.046263
425.510187 2.048788
425.510187 2.050542
425.510187 2.050082
425.510187 2.047547
425.510187 2.047772
425.510187 2.048029
425.510187 2.052631
425.510187 2.050349
425.510187 2.070625
425.510187 2.067528
423.510023 1.413559
423.510023 1.411549
423.510023 1.412816
423.510023 1.416032
423.510023 1.408305
423.510023 1.410925
423.510023 1.414091
423.510023 1.416273
423.510023 1.414417
423.510023 1.408059
423.510023 1.414716
423.510023 1.410898
423.510023 1.408606
423.510023 1.405621
423.510023 1.407256
423.510023 1.411176
423.510023 1.412208
423.510023 1.411149
423.510023 1.411555
423.510023 1.416453
423.510023 1.406648
423.510023 1.409814
423.510023 1.416582
423.510023 1.413688
423.510023 1.424946
423.510023 1.418119
423.510023 1.419617
423.510023 1.415207
423.510023 1.422214
423.510023 1.416785
423.510023 1.418759
423.510023 1.419320
421.894793 1.347773
421.894793 1.347841
421.894793 1.348259
421.894793 1.345993
421.894793 1.348670
421.894793 1.347201
421.894793 1.347223
421.894793 1.348049
421.894793 1.351881
421.894793 1.351577
421.894793 1.349004
421.894793 1.350494
421.894793 1.348505
421.894793 1.350169
421.894793 1.357113
421.894793 1.350993
421.894793 1.353850
421.894793 1.354016
421.894793 1.356443
421.894793 1.355370
421.894793 1.355480
421.894793 1.353004
421.894793 1.352605
421.894793 1.355876
421.894793 1.356518
421.894793 1.366556
421.894793 1.365228
421.894793 1.364060
421.894793 1.362273
421.894793 1.354035
421.894793 1.360449
421.894793 1.361739
423.510023 1.361345
423.510023 1.363363
423.510023 1.364988
423.510023 1.366042
423.510023 1.363090
423.510023 1.362268
423.510023 1.361588
423.510023 1.362892
423.510023 1.367645
423.510023 1.363197
423.510023 1.367190
423.510023 1.369490
423.510023 1.369326
423.510023 1.363955
423.510023 1.364476
423.510023 1.364794
423.510023 1.366439
423.510023 1.365537
423.510023 1.372596
423.510023 1.376649
423.510023 1.362282
423.510023 1.376962
423.510023 1.375205
423.510023 1.373859
423.510023 1.371729
423.510023 1.380366
423.510023 1.372194
423.510023 1.376153
423.510023 1.378726
423.510023 1.381796
423.510023 1.377679
423.510023 1.395982
438.073188 1.872740
438.073188 1.872743
438.073188 1.875067
438.073188 1.881647
438.073188 1.872918
438.073188 1.882495
438.073188 1.877942
438.073188 1.880289
438.073188 1.883362
438.073188 1.880454
438.073188 1.877803
438.073188 1.885016
438.073188 1.878621
438.073188 1.884045
438.073188 1.880861
438.073188 1.877192
438.073188 1.881816
438.073188 1.880556
438.073188 1.876922
438.073188 1.877698
438.073188 1.878494
438.073188 1.878898
438.073188 1.887983
438.073188 1.879723
438.073188 1.891155
438.073188 1.891506
438.073188 1.884596
438.073188 1.887062
438.073188 1.878461
438.073188 1.893701
438.073188 1.887637
438.073188 1.890168
423.510023 1.407549
423.510023 1.406938
423.510023 1.405692
423.510023 1.411213
423.510023 1.410066
423.510023 1.414135
423.510023 1.405170
423.510023 1.404929
423.510023 1.413421
423.510023 1.413345
423.510023 1.407338
423.510023 1.408332
423.510023 1.406472
423.510023 1.409477
423.510023 1.408963
423.510023 1.409975
423.510023 1.407796
423.510023 1.416034
423.510023 1.418814
423.510023 1.406979
423.510023 1.414575
423.510023 1.414841
423.510023 1.409149
423.510023 1.418606
423.510023 1.411190
423.510023 1.414935
423.510023 1.414545
423.510023 1.416549
423.510023 1.422477
423.510023 1.417827
423.510023 1.417086
423.510023 1.415588
417.600923 1.404714
417.600923 1.403696
417.600923 1.403667
417.600923 1.406093
417.600923 1.402867
417.600923 1.402937
417.600923 1.406423
417.600923 1.402572
417.600923 1.400827
417.600923 1.402420
417.600923 1.402294
417.600923 1.406354
417.600923 1.404084
417.600923 1.405380
417.600923 1.407318
417.600923 1.405162
417.600923 1.402423
417.600923 1.408457
417.600923 1.401736
417.600923 1.408413
417.600923 1.409571
417.600923 1.405732
417.600923 1.403374
417.600923 1.405042
417.600923 1.403849
417.600923 1.402843
417.600923 1.410034
417.600923 1.405340
417.600923 1.398381
417.600923 1.408177
417.600923 1.418754
417.600923 1.414144
422.098388 1.510851
422.098388 1.514558
422.098388 1.512750
422.098388 1.510414
422.098388 1.513034
422.098388 1.515463
422.098388 1.516891
422.098388 1.517354
422.098388 1.511166
422.098388 1.515623
422.098388 1.511142
422.098388 1.512181
422.098388 1.516836
422.098388 1.516921
422.098388 1.514106
422.098388 1.513766
422.098388 1.513768
422.098388 1.513647
422.098388 1.513854
422.098388 1.522433
422.098388 1.524990
422.098388 1.523978
422.098388 1.512306
422.098388 1.521266
422.098388 1.523197
422.098388 1.525329
422.098388 1.528426
422.098388 1.521367
422.098388 1.523143
422.098388 1.532353
422.098388 1.526347
422.098388 1.529750
438.073188 1.594104
438.073188 1.596712
438.073188 1.595508
438.073188 1.595470
438.073188 1.599647
438.073188 1.600088
438.073188 1.594502
438.073188 1.598195
438.073188 1.597739
438.073188 1.597481
438.073188 1.598851
438.073188 1.591678
438.073188 1.594001
438.073188 1.596218
438.073188 1.595799
438.073188 1.593511
438.073188 1.600321
438.073188 1.594055
438.073188 1.596021
438.073188 1.595277
438.073188 1.594198
438.073188 1.596526
438.073188 1.595936
438.073188 1.596297
438.073188 1.601226
438.073188 1.604925
438.073188 1.596538
438.073188 1.598642
438.073188 1.609875
438.073188 1.605160
438.073188 1.609175
438.073188 1.606656
422.098388 2.184236
422.098388 2.185087
422.098388 2.180418
422.098388 2.180757
422.098388 2.186066
422.098388 2.189265
422.098388 2.184904
422.098388 2.185219
422.098388 2.182815
422.098388 2.181718
422.098388 2.184890
422.098388 2.189950
422.098388 2.192097
422.098388 2.190501
422.098388 2.188926
422.098388 2.189834
422.098388 2.198078
422.098388 2.199720
422.098388 2.193525
422.098388 2.195722
422.098388 2.198248
422.098388 2.201231
422.098388 2.202092
422.098388 2.196579
422.098388 2.197808
422.098388 2.203123
422.098388 2.198300
422.098388 2.203897
422.098388 2.198844
422.098388 2.200186
422.098388 2.201125
422.098388 2.190772
427.717013 1.393716
427.717013 1.393180
427.717013 1.395827
427.717013 1.394699
427.717013 1.397014
427.717013 1.391002
427.717013 1.392992
427.717013 1.399175
427.717013 1.396323
427.717013 1.390637
427.717013 1.394120
427.717013 1.401312
427.717013 1.403134
427.717013 1.392522
427.717013 1.392325
427.717013 1.392846
427.717013 1.406126
427.717013 1.397473
427.717013 1.406745
427.717013 1.400348
427.717013 1.403470
427.717013 1.397222
427.717013 1.400093
427.717013 1.400975
427.717013 1.412253
427.717013 1.410434
427.717013 1.401960
427.717013 1.405515
427.717013 1.407964
427.717013 1.404231
427.717013 1.403080
427.717013 1.444069
425.510187 1.351195
425.510187 1.360094
425.510187 1.361194
425.510187 1.350879
425.510187 1.361520
425.510187 1.358886
425.510187 1.354096
425.510187 1.355517
425.510187 1.357996
425.510187 1.360203
425.510187 1.361332
425.510187 1.359613
425.510187 1.361570
425.510187 1.356385
425.510187 1.354154
425.510187 1.362679
425.510187 1.357765
425.510187 1.354681
425.510187 1.364904
425.510187 1.356911
425.510187 1.359152
425.510187 1.356914
425.510187 1.355734
425.510187 1.355630
425.510187 1.355890
425.510187 1.356502
425.510187 1.358010
425.510187 1.357604
425.510187 1.360097
425.510187 1.359414
425.510187 1.370673
425.510187 1.365249
422.098388 1.419198
422.098388 1.418663
422.098388 1.420959
422.098388 1.418389
422.098388 1.421235
422.098388 1.418627
422.098388 1.420309
422.098388 1.420007
422.098388 1.421659
422.098388 1.419330
422.098388 1.419730
422.098388 1.422391
422.098388 1.420910
422.098388 1.421043
422.098388 1.420996
422.098388 1.422581
422.098388 1.422323
422.098388 1.430648
422.098388 1.416622
422.098388 1.431144
422.098388 1.431065
422.098388 1.429562
422.098388 1.429840
422.098388 1.429079
422.098388 1.433879
422.098388 1.435126
422.098388 1.429446
422.098388 1.430233
422.098388 1.433078
422.098388 1.434614
422.098388 1.440238
422.098388 1.437521
422.098388 1.354265
432.691991 1.350775
422.098388 1.358556
432.691991 1.348774
432.691991 1.348330
432.691991 1.347994
422.098388 1.358565
422.098388 1.356173
432.691991 1.349703
432.691991 1.350254
432.691991 1.349806
432.691991 1.349015
422.098388 1.359615
422.098388 1.359892
432.691991 1.352736
432.691991 1.351288
422.098388 1.357077
432.691991 1.350728
422.098388 1.358496
422.098388 1.364015
422.098388 1.359004
422.098388 1.361307
422.098388 1.361232
422.098388 1.364698
432.691991 1.358246
432.691991 1.360459
432.691991 1.358309
432.691991 1.361930
422.098388 1.357904
422.098388 1.371844
422.098388 1.368060
422.098388 1.372101
425.510187 1.408011
425.510187 1.410157
425.510187 1.411181
425.510187 1.410729
425.510187 1.412200
425.510187 1.412096
425.510187 1.411501
425.510187 1.410490
425.510187 1.412712
425.510187 1.408282
425.510187 1.408680
425.510187 1.409626
425.510187 1.415613
425.510187 1.411361
425.510187 1.411457
425.510187 1.410612
425.510187 1.413154
425.510187 1.413597
425.510187 1.414536
425.510187 1.414332
425.510187 1.422300
425.510187 1.422597
425.510187 1.414321
425.510187 1.422205
425.510187 1.406196
425.510187 1.420130
425.510187 1.423618
425.510187 1.420136
425.510187 1.420867
425.510187 1.426180
425.510187 1.440364
425.510187 1.437896
422.098388 1.407757
422.098388 1.408230
422.098388 1.406283
422.098388 1.408763
422.098388 1.409453
422.098388 1.405436
422.098388 1.410164
422.098388 1.405170
422.098388 1.408803
422.098388 1.406409
422.098388 1.407280
422.098388 1.407553
422.098388 1.414249
422.098388 1.412346
422.098388 1.410030
422.098388 1.412808
422.098388 1.409880
422.098388 1.414901
422.098388 1.412752
422.098388 1.414032
422.098388 1.410391
422.098388 1.412600
422.098388 1.408667
422.098388 1.411973
422.098388 1.410216
422.098388 1.409454
422.098388 1.421686
422.098388 1.419660
422.098388 1.423140
422.098388 1.420075
422.098388 1.424749
422.098388 1.421305
423.510023 1.396662
423.510023 1.399905
423.510023 1.394579
423.510023 1.398442
423.510023 1.399084
423.510023 1.395922
423.510023 1.395796
423.510023 1.393496
423.510023 1.394793
423.510023 1.398116
423.510023 1.394651
423.510023 1.400855
423.510023 1.402637
423.510023 1.395142
423.510023 1.394433
423.510023 1.401334
423.510023 1.394097
423.510023 1.401319
423.510023 1.396598
423.510023 1.399301
423.510023 1.406137
423.510023 1.398497
423.510023 1.396389
423.510023 1.401337
423.510023 1.402586
423.510023 1.397615
423.510023 1.406348
423.510023 1.405174
423.510023 1.402982
423.510023 1.412377
423.510023 1.406857
423.510023 1.405478
422.098388 2.479177
422.098388 2.480497
422.098388 2.479187
422.098388 2.479066
422.098388 2.482261
422.098388 2.478571
422.098388 2.484296
422.098388 2.482712
422.098388 2.482848
422.098388 2.479414
422.098388 2.486044
422.098388 2.482269
422.098388 2.481436
422.098388 2.487723
422.098388 2.488874
422.098388 2.488635
422.098388 2.489684
422.098388 2.484611
422.098388 2.485048
422.098388 2.484905
422.098388 2.488740
422.098388 2.488197
422.098388 2.486512
422.098388 2.475983
422.098388 2.499761
422.098388 2.497216
422.098388 2.502166
422.098388 2.503304
422.098388 2.499910
422.098388 2.504518
422.098388 2.501376
422.098388 2.510102
432.691991 1.346763
432.691991 1.345730
432.691991 1.353112
432.691991 1.354053
432.691991 1.352940
432.691991 1.355793
432.691991 1.355652
432.691991 1.349531
432.691991 1.349355
432.691991 1.354687
432.691991 1.353433
432.691991 1.351374
432.691991 1.354898
432.691991 1.356056
432.691991 1.349070
432.691991 1.352226
432.691991 1.350443
432.691991 1.351916
432.691991 1.350206
432.691991 1.349507
432.691991 1.352992
432.691991 1.351012
432.691991 1.359500
432.691991 1.361413
432.691991 1.359044
432.691991 1.362751
432.691991 1.360098
432.691991 1.358332
432.691991 1.366980
432.691991 1.358890
432.691991 1.362413
432.691991 1.361776
425.510187 1.839044
425.510187 1.841645
425.510187 1.839085
425.510187 1.838362
425.510187 1.838620
425.510187 1.841061
425.510187 1.843420
425.510187 1.842813
425.510187 1.837868
425.510187 1.843669
425.510187 1.847302
425.510187 1.839979
425.510187 1.839751
425.510187 1.837224
425.510187 1.849344
425.510187 1.839701
425.510187 1.842342
425.510187 1.845392
425.510187 1.852507
425.510187 1.851867
425.510187 1.852918
425.510187 1.850778
425.510187 1.852911
425.510187 1.854227
425.510187 1.850595
425.510187 1.855110
425.510187 1.849516
425.510187 1.852832
425.510187 1.850483
425.510187 1.859258
425.510187 1.854184
425.510187 1.854360
417.600923 1.409588
417.600923 1.410977
417.600923 1.411036
417.600923 1.412526
417.600923 1.413057
417.600923 1.410408
417.600923 1.412768
417.600923 1.410415
417.600923 1.411806
417.600923 1.413777
417.600923 1.409608
417.600923 1.413045
417.600923 1.410264
417.600923 1.413013
417.600923 1.410277
417.600923 1.411727
417.600923 1.408846
417.600923 1.413620
417.600923 1.410453
417.600923 1.411971
417.600923 1.411682
417.600923 1.413078
417.600923 1.409855
417.600923 1.413415
417.600923 1.411702
417.600923 1.414444
417.600923 1.414252
417.600923 1.413007
417.600923 1.413363
417.600923 1.411548
417.600923 1.428955
417.600923 1.426208
437.869593 1.342876
437.869593 1.347303
437.869593 1.347672
437.869593 1.349924
437.869593 1.347595
437.869593 1.350301
437.869593 1.343641
437.869593 1.345998
437.869593 1.342705
437.869593 1.349702
437.869593 1.344295
437.869593 1.345874
437.869593 1.343720
437.869593 1.346270
437.869593 1.351171
437.869593 1.352784
437.869593 1.352241
437.869593 1.346615
437.869593 1.348296
437.869593 1.354196
437.869593 1.350819
437.869593 1.347920
437.869593 1.354563
437.869593 1.346714
437.869593 1.349179
437.869593 1.350291
437.869593 1.353886
437.869593 1.359748
437.869593 1.363024
437.869593 1.354573
437.869593 1.352953
437.869593 1.356378
425.510187 1.504460
425.510187 1.505337
425.510187 1.505720
425.510187 1.507103
425.510187 1.504805
425.510187 1.508758
425.510187 1.508154
425.510187 1.505677
425.510187 1.504621
425.510187 1.505147
425.510187 1.502783
425.510187 1.505224
425.510187 1.505286
425.510187 1.508064
425.510187 1.510714
425.510187 1.508739
425.510187 1.507016
425.510187 1.501849
425.510187 1.507342
425.510187 1.509063
425.510187 1.508419
425.510187 1.511465
425.510187 1.507365
425.510187 1.512950
425.510187 1.515860
425.510187 1.509613
425.510187 1.510795
425.510187 1.516249
425.510187 1.517508
425.510187 1.514142
425.510187 1.514779
425.510187 1.516260
422.098388 2.406708
422.098388 2.407856
422.098388 2.409457
422.098388 2.409888
422.098388 2.406353
422.098388 2.410744
422.098388 2.405895
422.098388 2.406143
422.098388 2.406672
422.098388 2.409865
422.098388 2.416025
422.098388 2.416360
422.098388 2.413333
422.098388 2.408403
422.098388 2.412108
422.098388 2.406985
422.098388 2.411392
422.098388 2.407673
422.098388 2.415346
422.098388 2.420262
422.098388 2.426884
422.098388 2.416449
422.098388 2.424680
422.098388 2.424448
422.098388 2.431527
422.098388 2.423953
422.098388 2.423247
422.098388 2.427271
422.098388 2.432322
422.098388 2.434242
422.098388 2.429199
422.098388 2.433512
425.510187 1.903961
425.510187 1.908833
425.510187 1.908851
425.510187 1.906970
425.510187 1.903563
425.510187 1.906670
425.510187 1.911623
425.510187 1.915250
425.510187 1.915574
425.510187 1.915565
425.510187 1.917367
425.510187 1.910319
425.510187 1.908855
425.510187 1.916309
425.510187 1.911359
425.510187 1.910385
425.510187 1.912476
425.510187 1.911924
425.510187 1.918993
425.510187 1.917559
425.510187 1.915770
425.510187 1.924416
425.510187 1.920454
425.510187 1.929685
425.510187 1.926271
425.510187 1.926256
425.510187 1.922372
425.510187 1.932001
425.510187 1.927857
425.510187 1.924003
425.510187 1.927647
425.510187 1.929336
425.510187 1.916185
425.510187 1.915640
425.510187 1.919309
425.510187 1.919796
425.510187 1.912851
425.510187 1.915219
425.510187 1.919931
425.510187 1.913060
425.510187 1.919615
425.510187 1.915311
425.510187 1.920559
425.510187 1.914565
425.510187 1.916630
425.510187 1.915304
425.510187 1.918801
425.510187 1.928686
425.510187 1.930542
425.510187 1.923416
425.510187 1.930126
425.510187 1.925508
425.510187 1.927815
425.510187 1.931805
425.510187 1.927310
425.510187 1.934104
425.510187 1.929002
425.510187 1.933925
425.510187 1.935991
425.510187 1.929539
425.510187 1.929001
425.510187 1.930572
425.510187 1.936255
425.510187 1.934412
425.510187 2.219997
425.510187 2.221883
425.510187 2.222413
425.510187 2.219252
425.510187 2.223688
425.510187 2.224429
425.510187 2.219860
425.510187 2.226022
425.510187 2.225453
425.510187 2.226861
425.510187 2.224377
425.510187 2.221183
425.510187 2.221348
425.510187 2.223941
425.510187 2.229635
425.510187 2.221967
425.510187 2.226849
425.510187 2.229073
425.510187 2.224819
425.510187 2.224082
425.510187 2.226684
425.510187 2.224616
425.510187 2.224398
425.510187 2.223789
425.510187 2.225157
425.510187 2.231636
425.510187 2.220836
425.510187 2.238986
425.510187 2.243221
425.510187 2.244514
425.510187 2.240429
425.510187 2.239867
425.510187 1.395267
425.510187 1.398441
425.510187 1.399249
425.510187 1.398610
425.510187 1.401418
425.510187 1.395547
425.510187 1.396501
425.510187 1.400618
425.510187 1.399449
425.510187 1.403887
425.510187 1.396162
425.510187 1.400412
425.510187 1.396197
425.510187 1.398410
425.510187 1.398270
425.510187 1.400610
425.510187 1.397370
425.510187 1.397246
425.510187 1.398365
425.510187 1.404979
425.510187 1.398504
425.510187 1.403834
425.510187 1.405361
425.510187 1.402646
425.510187 1.410487
425.510187 1.408370
425.510187 1.411152
425.510187 1.407674
425.510187 1.407911
425.510187 1.406250
425.510187 1.412466
425.510187 1.410388
421.894793 1.349914
421.894793 1.347237
421.894793 1.347989
421.894793 1.352335
421.894793 1.352317
421.894793 1.351035
421.894793 1.346899
421.894793 1.352366
421.894793 1.349525
421.894793 1.356508
421.894793 1.350173
421.894793 1.350260
421.894793 1.351614
421.894793 1.350545
421.894793 1.356101
421.894793 1.352678
421.894793 1.355612
421.894793 1.358336
421.894793 1.354502
421.894793 1.352922
421.894793 1.353280
421.894793 1.352941
421.894793 1.349716
421.894793 1.356290
421.894793 1.364458
421.894793 1.358867
421.894793 1.357840
421.894793 1.366982
421.894793 1.360185
421.894793 1.364614
421.894793 1.363098
421.894793 1.360687
425.510187 1.645822
425.510187 1.641842
425.510187 1.643130
425.510187 1.644591
425.510187 1.642414
425.510187 1.643743
425.510187 1.640156
425.510187 1.648873
425.510187 1.641079
425.510187 1.643521
425.510187 1.640416
425.510187 1.646511
425.510187 1.642890
425.510187 1.653497
425.510187 1.651484
425.510187 1.652714
425.510187 1.641581
425.510187 1.642115
425.510187 1.646933
425.510187 1.646784
425.510187 1.648532
425.510187 1.649112
425.510187 1.644656
425.510187 1.652904
425.510187 1.658718
425.510187 1.661253
425.510187 1.654438
425.510187 1.659763
425.510187 1.658558
425.510187 1.656613
425.510187 1.664201
425.510187 1.683745
425.510187 1.689531
425.510187 1.692530
425.510187 1.686950
425.510187 1.685057
425.510187 1.689379
425.510187 1.692207
425.510187 1.687889
425.510187 1.684571
425.510187 1.692540
425.510187 1.693616
425.510187 1.683056
425.510187 1.685009
425.510187 1.686373
425.510187 1.684318
425.510187 1.686797
425.510187 1.686684
425.510187 1.691597
425.510187 1.701268
425.510187 1.693878
425.510187 1.693990
425.510187 1.703928
425.510187 1.696249
425.510187 1.683017
425.510187 1.696851
425.510187 1.706047
425.510187 1.707033
425.510187 1.700196
425.510187 1.701672
425.510187 1.706123
425.510187 1.702246
425.510187 1.715338
425.510187 1.711209
434.788509 1.415787
434.788509 1.421172
434.788509 1.420963
434.788509 1.419306
434.788509 1.421947
434.788509 1.418070
434.788509 1.424923
434.788509 1.425955
434.788509 1.425056
434.788509 1.422437
434.788509 1.426959
434.788509 1.422349
434.788509 1.419854
434.788509 1.426424
434.788509 1.416046
434.788509 1.425459
434.788509 1.422503
434.788509 1.421476
434.788509 1.417194
434.788509 1.419943
434.788509 1.422132
434.788509 1.422623
434.788509 1.426057
434.788509 1.419040
434.788509 1.424250
434.788509 1.434987
434.788509 1.423898
434.788509 1.428805
434.788509 1.432084
434.788509 1.429311
434.788509 1.438793
434.788509 1.433066
432.691991 1.366821
432.691991 1.369123
432.691991 1.367427
432.691991 1.372032
432.691991 1.375119
432.691991 1.367837
432.691991 1.375011
432.691991 1.374152
432.691991 1.372216
432.691991 1.377394
432.691991 1.371849
432.691991 1.375301
432.691991 1.373476
432.691991 1.372240
432.691991 1.372625
432.691991 1.369649
432.691991 1.371512
432.691991 1.369194
432.691991 1.377899
432.691991 1.369177
432.691991 1.379689
432.691991 1.373394
432.691991 1.370147
432.691991 1.372408
432.691991 1.380946
432.691991 1.374775
432.691991 1.383658
432.691991 1.376731
432.691991 1.378426
432.691991 1.386270
432.691991 1.381685
432.691991 1.381477
425.510187 2.487350
425.510187 2.488916
425.510187 2.490715
425.510187 2.492344
425.510187 2.493365
425.510187 2.487311
425.510187 2.491826
425.510187 2.493189
425.510187 2.490644
425.510187 2.494409
425.510187 2.492703
425.510187 2.490209
425.510187 2.491021
425.510187 2.492896
425.510187 2.491394
425.510187 2.490894
425.510187 2.491898
425.510187 2.491198
425.510187 2.495490
425.510187 2.500392
425.510187 2.496108
425.510187 2.505680
425.510187 2.504384
425.510187 2.509906
425.510187 2.510858
425.510187 2.490195
425.510187 2.512453
425.510187 2.508076
425.510187 2.511878
425.510187 2.508956
425.510187 2.509328
425.510187 2.511079
422.098388 1.757391
422.098388 1.759768
422.098388 1.760420
422.098388 1.762737
422.098388 1.762789
422.098388 1.761896
422.098388 1.761466
422.098388 1.763773
422.098388 1.760368
422.098388 1.763907
422.098388 1.760341
422.098388 1.757128
422.098388 1.761251
422.098388 1.762474
422.098388 1.762517
422.098388 1.758754
422.098388 1.758705
422.098388 1.760375
422.098388 1.759898
422.098388 1.761808
422.098388 1.766901
422.098388 1.760913
422.098388 1.758512
422.098388 1.765813
422.098388 1.771543
422.098388 1.774770
422.098388 1.772959
422.098388 1.770955
422.098388 1.776421
422.098388 1.772063
422.098388 1.776470
422.098388 1.775153
425.510187 2.192245
425.510187 2.192071
425.510187 2.195468
425.510187 2.191625
425.510187 2.196196
425.510187 2.196934
425.510187 2.195030
425.510187 2.194443
425.510187 2.192669
425.510187 2.191999
425.510187 2.192732
425.510187 2.194200
425.510187 2.199736
425.510187 2.197199
425.510187 2.196703
425.510187 2.193985
425.510187 2.193033
425.510187 2.200225
425.510187 2.194218
425.510187 2.203422
425.510187 2.197318
425.510187 2.201938
425.510187 2.196792
425.510187 2.207220
425.510187 2.206481
425.510187 2.189211
425.510187 2.212416
425.510187 2.209622
425.510187 2.215494
425.510187 2.212651
425.510187 2.286356
425.510187 2.294673
425.510187 2.906429
425.510187 2.904332
425.510187 2.910640
425.510187 2.906892
425.510187 2.913529
425.510187 2.911178
425.510187 2.912631
425.510187 2.912458
425.510187 2.906247
425.510187 2.908462
425.510187 2.909061
425.510187 2.907939
425.510187 2.914031
425.510187 2.908849
425.510187 2.918407
425.510187 2.913678
425.510187 2.910682
425.510187 2.910217
425.510187 2.916237
425.510187 2.912202
425.510187 2.917579
425.510187 2.913152
425.510187 2.914073
425.510187 2.903813
425.510187 2.925514
425.510187 2.922807
425.510187 2.928343
425.510187 2.928037
425.510187 2.932395
425.510187 2.927336
425.510187 2.934170
425.510187 2.930294
425.510187 1.907623
425.510187 1.909758
425.510187 1.907871
425.510187 1.910779
425.510187 1.906312
425.510187 1.910722
425.510187 1.911121
425.510187 1.909651
425.510187 1.910924
425.510187 1.905347
425.510187 1.909897
425.510187 1.906469
425.510187 1.904917
425.510187 1.903734
425.510187 1.904275
425.510187 1.906961
425.510187 1.908102
425.510187 1.904074
425.510187 1.911517
425.510187 1.905582
425.510187 1.905536
425.510187 1.917039
425.510187 1.904649
425.510187 1.918407
425.510187 1.916113
425.510187 1.909190
425.510187 1.910249
425.510187 1.919865
425.510187 1.911474
425.510187 1.914803
425.510187 1.927129
425.510187 1.920284
422.098388 2.227396
422.098388 2.230585
422.098388 2.230912
422.098388 2.226096
422.098388 2.231908
422.098388 2.228984
422.098388 2.227951
422.098388 2.234603
422.098388 2.228857
422.098388 2.233416
422.098388 2.232828
422.098388 2.237757
422.098388 2.236329
422.098388 2.233652
422.098388 2.235011
422.098388 2.242963
422.098388 2.247172
422.098388 2.245617
422.098388 2.243801
422.098388 2.245962
422.098388 2.250611
422.098388 2.243792
422.098388 2.247022
422.098388 2.245079
422.098388 2.245687
422.098388 2.249196
422.098388 2.246124
422.098388 2.252783
422.098388 2.255285
422.098388 2.252095
422.098388 2.248647
422.098388 2.241025
422.098388 1.924386
422.098388 1.927066
422.098388 1.923923
422.098388 1.921710
422.098388 1.931772
422.098388 1.934691
422.098388 1.929286
422.098388 1.932316
422.098388 1.928710
422.098388 1.929567
422.098388 1.928165
422.098388 1.931759
422.098388 1.926572
422.098388 1.931377
422.098388 1.927389
422.098388 1.934779
422.098388 1.928569
422.098388 1.925670
422.098388 1.927469
422.098388 1.925479
422.098388 1.935763
422.098388 1.927630
422.098388 1.929506
422.098388 1.930224
422.098388 1.938254
422.098388 1.933304
422.098388 1.950652
422.098388 1.949033
422.098388 1.945280
422.098388 1.952221
422.098388 1.946179
422.098388 1.948461
421.894793 1.391947
421.894793 1.393659
421.894793 1.393530
421.894793 1.395098
421.894793 1.389786
421.894793 1.394731
421.894793 1.390995
421.894793 1.398536
421.894793 1.393996
421.894793 1.391584
421.894793 1.391894
421.894793 1.396154
421.894793 1.396736
421.894793 1.391039
421.894793 1.400301
421.894793 1.393522
421.894793 1.393210
421.894793 1.391673
421.894793 1.398456
421.894793 1.400817
421.894793 1.398139
421.894793 1.393940
421.894793 1.393390
421.894793 1.407907
421.894793 1.402830
421.894793 1.399667
421.894793 1.406674
421.894793 1.401636
421.894793 1.401880
421.894793 1.401870
421.894793 1.419167
421.894793 1.415361
425.510187 2.122165
425.510187 2.122278
425.510187 2.121659
425.510187 2.126997
425.510187 2.125845
425.510187 2.126166
425.510187 2.121883
425.510187 2.129593
425.510187 2.119043
425.510187 2.121621
425.510187 2.128936
425.510187 2.120196
425.510187 2.120509
425.510187 2.129311
425.510187 2.120360
425.510187 2.122523
425.510187 2.122552
425.510187 2.125287
425.510187 2.124535
425.510187 2.130666
425.510187 2.128469
425.510187 2.127744
425.510187 2.125143
425.510187 2.124603
425.510187 2.125629
425.510187 2.128252
425.510187 2.139584
425.510187 2.131145
425.510187 2.127195
425.510187 2.135000
425.510187 2.135569
425.510187 2.135375
425.510187 1.417427
425.510187 1.415548
425.510187 1.413813
425.510187 1.416657
425.510187 1.416523
425.510187 1.419834
425.510187 1.415934
425.510187 1.420166
425.510187 1.423852
425.510187 1.413711
425.510187 1.415963
425.510187 1.416854
425.510187 1.426760
425.510187 1.423179
425.510187 1.423546
425.510187 1.415794
425.510187 1.419271
425.510187 1.426852
425.510187 1.418468
425.510187 1.419037
425.510187 1.424539
425.510187 1.421917
425.510187 1.432502
425.510187 1.426989
425.510187 1.432395
425.510187 1.427574
425.510187 1.430094
425.510187 1.433330
425.510187 1.430093
425.510187 1.438387
425.510187 1.434543
425.510187 1.439076
425.510187 2.407268
425.510187 2.406420
425.510187 2.405625
425.510187 2.414650
425.510187 2.406328
425.510187 2.412130
425.510187 2.414136
425.510187 2.410592
425.510187 2.414023
425.510187 2.408915
425.510187 2.410847
425.510187 2.410085
425.510187 2.417366
425.510187 2.413398
425.510187 2.423765
425.510187 2.425917
425.510187 2.425649
425.510187 2.424532
425.510187 2.424225
425.510187 2.421305
425.510187 2.425820
425.510187 2.422728
425.510187 2.431487
425.510187 2.422726
425.510187 2.433324
425.510187 2.423604
425.510187 2.427093
425.510187 2.434357
425.510187 2.429119
425.510187 2.429807
425.510187 2.430363
425.510187 2.425702
425.510187 1.909065
425.510187 1.909880
425.510187 1.909627
425.510187 1.912932
425.510187 1.903793
425.510187 1.909254
425.510187 1.904831
425.510187 1.907034
425.510187 1.909526
425.510187 1.910857
425.510187 1.912503
425.510187 1.913030
425.510187 1.913346
425.510187 1.916597
425.510187 1.907059
425.510187 1.909160
425.510187 1.909019
425.510187 1.909151
425.510187 1.920436
425.510187 1.921054
425.510187 1.912761
425.510187 1.916068
425.510187 1.924324
425.510187 1.915393
425.510187 1.916299
425.510187 1.919316
425.510187 1.926939
425.510187 1.927586
425.510187 1.926753
425.510187 1.922024
425.510187 1.922066
425.510187 1.922033
417.600923 1.421162
417.600923 1.425284
417.600923 1.426423
417.600923 1.424647
417.600923 1.425487
417.600923 1.424012
417.600923 1.420680
417.600923 1.428125
417.600923 1.429813
417.600923 1.423413
417.600923 1.423715
417.600923 1.422672
417.600923 1.421664
417.600923 1.426944
417.600923 1.423765
417.600923 1.430016
417.600923 1.430033
417.600923 1.424446
417.600923 1.428935
417.600923 1.426851
417.600923 1.430881
417.600923 1.434632
417.600923 1.429453
417.600923 1.428568
417.600923 1.433948
417.600923 1.429718
417.600923 1.431674
417.600923 1.436646
417.600923 1.427789
417.600923 1.433767
417.600923 1.436027
417.600923 1.435347
422.098388 2.696735
422.098388 2.700434
422.098388 2.697683
422.098388 2.696640
422.098388 2.700415
422.098388 2.697256
422.098388 2.699778
422.098388 2.703898
422.098388 2.701027
422.098388 2.696206
422.098388 2.699797
422.098388 2.703998
422.098388 2.699674
422.098388 2.699081
422.098388 2.704951
422.098388 2.702953
422.098388 2.705298
422.098388 2.702313
422.098388 2.703832
422.098388 2.694825
422.098388 2.703568
422.098388 2.708877
422.098388 2.690904
422.098388 2.718380
422.098388 2.714476
422.098388 2.714136
422.098388 2.721399
422.098388 2.721057
422.098388 2.720942
422.098388 2.718964
422.098388 2.719666
422.098388 2.718976
438.073188 2.061942
438.073188 2.058407
438.073188 2.062351
438.073188 2.064147
438.073188 2.059849
438.073188 2.064901
438.073188 2.057837
438.073188 2.060565
438.073188 2.061528
438.073188 2.068781
438.073188 2.061214
438.073188 2.065368
438.073188 2.067272
438.073188 2.063115
438.073188 2.064253
438.073188 2.062804
438.073188 2.062311
438.073188 2.068580
438.073188 2.066046
438.073188 2.063257
438.073188 2.064591
438.073188 2.064639
438.073188 2.073158
438.073188 2.076186
438.073188 2.070787
438.073188 2.075762
438.073188 2.082060
438.073188 2.078705
438.073188 2.077537
438.073188 2.080997
438.073188 2.078307
438.073188 2.075661
430.494639 1.359701
430.494639 1.359091
430.494639 1.364086
430.494639 1.361010
430.494639 1.357597
430.494639 1.365414
430.494639 1.361163
430.494639 1.358896
430.494639 1.355819
430.494639 1.366586
430.494639 1.367448
430.494639 1.365739
430.494639 1.362252
430.494639 1.368977
430.494639 1.365936
430.494639 1.361911
430.494639 1.360475
430.494639 1.369769
430.494639 1.372693
430.494639 1.362131
430.494639 1.369251
430.494639 1.364727
430.494639 1.365241
430.494639 1.367342
430.494639 1.365033
430.494639 1.375277
430.494639 1.367207
430.494639 1.368138
430.494639 1.370635
430.494639 1.366819
430.494639 1.375495
430.494639 1.370836
425.810137 1.395252
425.810137 1.397703
425.810137 1.396647
425.810137 1.398702
425.810137 1.394478
425.810137 1.398565
425.810137 1.399994
425.810137 1.396099
425.810137 1.397947
425.810137 1.400160
425.810137 1.395933
425.810137 1.397066
425.810137 1.395487
425.810137 1.397732
425.810137 1.397712
425.810137 1.399118
425.810137 1.408293
425.810137 1.408060
425.810137 1.407770
425.810137 1.409822
425.810137 1.410488
425.810137 1.406267
425.810137 1.406397
425.810137 1.406155
425.810137 1.411323
425.810137 1.408905
425.810137 1.409064
425.810137 1.406987
425.810137 1.407205
425.810137 1.418080
425.810137 1.421148
425.810137 1.454268
430.494639 1.362530
430.494639 1.364559
430.494639 1.365578
430.494639 1.364992
430.494639 1.360689
430.494639 1.363124
430.494639 1.359533
430.494639 1.357712
430.494639 1.364570
430.494639 1.362936
430.494639 1.366616
430.494639 1.359456
430.494639 1.360233
430.494639 1.365895
430.494639 1.359342
430.494639 1.358001
430.494639 1.364509
430.494639 1.365511
430.494639 1.360259
430.494639 1.360324
430.494639 1.369376
430.494639 1.361618
430.494639 1.360748
430.494639 1.365399
430.494639 1.364354
430.494639 1.365685
430.494639 1.375879
430.494639 1.375069
430.494639 1.371072
430.494639 1.367875
430.494639 1.376933
430.494639 1.373363
422.098388 2.949671
422.098388 2.951721
422.098388 2.950507
422.098388 2.953356
422.098388 2.951527
422.098388 2.949878
422.098388 2.951176
422.098388 2.949036
422.098388 2.948701
422.098388 2.951834
422.098388 2.950939
422.098388 2.948926
422.098388 2.953444
422.098388 2.951927
422.098388 2.954586
422.098388 2.963586
422.098388 2.961227
422.098388 2.962734
422.098388 2.970040
422.098388 2.949204
422.098388 2.971565
422.098388 2.975072
422.098388 2.970467
422.098388 2.973509
422.098388 2.969242
422.098388 2.972218
422.098388 2.975140
422.098388 2.977109
422.098388 2.972375
422.098388 2.973953
422.098388 2.980863
422.098388 2.979137
417.600923 1.352753
417.600923 1.349111
417.600923 1.352372
417.600923 1.347260
417.600923 1.352687
417.600923 1.349737
417.600923 1.352407
417.600923 1.355667
417.600923 1.354897
417.600923 1.349889
417.600923 1.355754
417.600923 1.347320
417.600923 1.352074
417.600923 1.354612
417.600923 1.348434
417.600923 1.356247
417.600923 1.355768
417.600923 1.347871
417.600923 1.350342
417.600923 1.347383
417.600923 1.353431
417.600923 1.351739
417.600923 1.349363
417.600923 1.351602
417.600923 1.357336
417.600923 1.360027
417.600923 1.363435
417.600923 1.360120
417.600923 1.355554
417.600923 1.354797
417.600923 1.364831
417.600923 1.359835
425.510187 1.449987
425.510187 1.456543
425.510187 1.454507
425.510187 1.458199
425.510187 1.457449
425.510187 1.458477
425.510187 1.459652
425.510187 1.457855
425.510187 1.459387
425.510187 1.455729
425.510187 1.456079
425.510187 1.455054
425.510187 1.454155
425.510187 1.457658
425.510187 1.458469
425.510187 1.456947
425.510187 1.460499
425.510187 1.460002
425.510187 1.457136
425.510187 1.458440
425.510187 1.458795
425.510187 1.456559
425.510187 1.461063
425.510187 1.457107
425.510187 1.461611
425.510187 1.458535
425.510187 1.459031
425.510187 1.459687
425.510187 1.460327
425.510187 1.466566
425.510187 1.462009
425.510187 1.451119
425.510187 1.850453
425.510187 1.849892
425.510187 1.848420
425.510187 1.850208
425.510187 1.852293
425.510187 1.852383
425.510187 1.855057
425.510187 1.852278
425.510187 1.853676
425.510187 1.852388
425.510187 1.849802
425.510187 1.846121
425.510187 1.850085
425.510187 1.849495
425.510187 1.848807
425.510187 1.851219
425.510187 1.850548
425.510187 1.853395
425.510187 1.851456
425.510187 1.849470
425.510187 1.845180
425.510187 1.850912
425.510187 1.855336
425.510187 1.854933
425.510187 1.859613
425.510187 1.857543
425.510187 1.865376
425.510187 1.865914
425.510187 1.865746
425.510187 1.862828
425.510187 1.861802
425.510187 1.861667
417.600923 1.426258
417.600923 1.429673
417.600923 1.427119
417.600923 1.427068
417.600923 1.430199
417.600923 1.429761
417.600923 1.431073
417.600923 1.430751
417.600923 1.427876
417.600923 1.426245
417.600923 1.428273
417.600923 1.428539
417.600923 1.426684
417.600923 1.426267
417.600923 1.429056
417.600923 1.431336
417.600923 1.429275
417.600923 1.432389
417.600923 1.429623
417.600923 1.436559
417.600923 1.438906
417.600923 1.428077
417.600923 1.436490
417.600923 1.433747
417.600923 1.442063
417.600923 1.441915
417.600923 1.440581
417.600923 1.440516
417.600923 1.443305
417.600923 1.439162
417.600923 1.438937
417.600923 1.441769
425.510187 1.349777
425.510187 1.352239
425.510187 1.349274
425.510187 1.350143
425.510187 1.352024
425.510187 1.353104
425.510187 1.349227
425.510187 1.350517
425.510187 1.353052
425.510187 1.355813
425.510187 1.351477
425.510187 1.350030
425.510187 1.353160
425.510187 1.348967
425.510187 1.352768
425.510187 1.349821
425.510187 1.348839
425.510187 1.351405
425.510187 1.350488
425.510187 1.352396
425.510187 1.355938
425.510187 1.355182
425.510187 1.353436
425.510187 1.352061
425.510187 1.348661
425.510187 1.349998
425.510187 1.348410
425.510187 1.362665
425.510187 1.362362
425.510187 1.357431
425.510187 1.359548
425.510187 1.360390
425.510187 1.417856
425.510187 1.418082
425.510187 1.419265
425.510187 1.418529
425.510187 1.416536
425.510187 1.418066
425.510187 1.417230
425.510187 1.416661
425.510187 1.424394
425.510187 1.420152
425.510187 1.419964
425.510187 1.419083
425.510187 1.422718
425.510187 1.414718
425.510187 1.422913
425.510187 1.418527
425.510187 1.424442
425.510187 1.421790
425.510187 1.419976
425.510187 1.426812
425.510187 1.420870
425.510187 1.424735
425.510187 1.420531
425.510187 1.425810
425.510187 1.429429
425.510187 1.429105
425.510187 1.432683
425.510187 1.432908
425.510187 1.431267
425.510187 1.431072
425.510187 1.436930
425.510187 1.434135
425.510187 1.430211
425.510187 1.428744
425.510187 1.429066
425.510187 1.428787
425.510187 1.432988
425.510187 1.431263
425.510187 1.429704
425.510187 1.431804
425.510187 1.430757
425.510187 1.428200
425.510187 1.430607
425.510187 1.427851
425.510187 1.429437
425.510187 1.429090
425.510187 1.430105
425.510187 1.429063
425.510187 1.428843
425.510187 1.430399
425.510187 1.433416
425.510187 1.438346
425.510187 1.434131
425.510187 1.442507
425.510187 1.431529
425.510187 1.442651
425.510187 1.444973
425.510187 1.440208
425.510187 1.439385
425.510187 1.440528
425.510187 1.443086
425.510187 1.439743
425.510187 1.440501
425.510187 1.441641
422.098388 2.428887
422.098388 2.433009
422.098388 2.432385
422.098388 2.433501
422.098388 2.431394
422.098388 2.431386
422.098388 2.434630
422.098388 2.429145
422.098388 2.431996
422.098388 2.432092
422.098388 2.433004
422.098388 2.431821
422.098388 2.432769
422.098388 2.436134
422.098388 2.439220
422.098388 2.445010
422.098388 2.438970
422.098388 2.436070
422.098388 2.436643
422.098388 2.444371
422.098388 2.425006
422.098388 2.439587
422.098388 2.447115
422.098388 2.443085
422.098388 2.445575
422.098388 2.451182
422.098388 2.444786
422.098388 2.456612
422.098388 2.454724
422.098388 2.457726
422.098388 2.459921
422.098388 2.460342
422.098388 1.474737
422.098388 1.477628
422.098388 1.474343
422.098388 1.479738
422.098388 1.476292
422.098388 1.482336
422.098388 1.479301
422.098388 1.475961
422.098388 1.474514
422.098388 1.478165
422.098388 1.481592
422.098388 1.483734
422.098388 1.476338
422.098388 1.478428
422.098388 1.474096
422.098388 1.483499
422.098388 1.474752
422.098388 1.480904
422.098388 1.477477
422.098388 1.475446
422.098388 1.476249
422.098388 1.479652
422.098388 1.484989
422.098388 1.475185
422.098388 1.481927
422.098388 1.483667
422.098388 1.487471
422.098388 1.484576
422.098388 1.491423
422.098388 1.493873
422.098388 1.488559
422.098388 1.488384
421.894793 1.392804
421.894793 1.393508
421.894793 1.392872
421.894793 1.392076
421.894793 1.395143
421.894793 1.392644
421.894793 1.392102
421.894793 1.390815
421.894793 1.395061
421.894793 1.395220
421.894793 1.393409
421.894793 1.394080
421.894793 1.393471
421.894793 1.391274
421.894793 1.393272
421.894793 1.396927
421.894793 1.397811
421.894793 1.396413
421.894793 1.393985
421.894793 1.399372
421.894793 1.394533
421.894793 1.394376
421.894793 1.395857
421.894793 1.390423
421.894793 1.401863
421.894793 1.395522
421.894793 1.403452
421.894793 1.397261
421.894793 1.401341
421.894793 1.399255
421.894793 1.401604
421.894793 1.406504
438.073188 1.959854
438.073188 1.961554
438.073188 1.963031
438.073188 1.959193
438.073188 1.965161
438.073188 1.963298
438.073188 1.959854
438.073188 1.966827
438.073188 1.963979
438.073188 1.968050
438.073188 1.966314
438.073188 1.961591
438.073188 1.962980
438.073188 1.964843
438.073188 1.963810
438.073188 1.964692
438.073188 1.968217
438.073188 1.970825
438.073188 1.972473
438.073188 1.966285
438.073188 1.968851
438.073188 1.965819
438.073188 1.976639
438.073188 1.978574
438.073188 1.982227
438.073188 1.975455
438.073188 1.977276
438.073188 1.980284
438.073188 1.986971
438.073188 1.984641
438.073188 1.999032
438.073188 1.997505
422.098388 1.747847
422.098388 1.753275
422.098388 1.751411
422.098388 1.747080
422.098388 1.747709
422.098388 1.750843
422.098388 1.754840
422.098388 1.753145
422.098388 1.754295
422.098388 1.758982
422.098388 1.752512
422.098388 1.763492
422.098388 1.760412
422.098388 1.751244
422.098388 1.762651
422.098388 1.757170
422.098388 1.758986
422.098388 1.752654
422.098388 1.760061
422.098388 1.752611
422.098388 1.754262
422.098388 1.763790
422.098388 1.754637
422.098388 1.754910
422.098388 1.758076
422.098388 1.757542
422.098388 1.768661
422.098388 1.767590
422.098388 1.769053
422.098388 1.762732
422.098388 1.764503
422.098388 1.764737
425.510187 1.730345
425.510187 1.731823
425.510187 1.734108
425.510187 1.734613
425.510187 1.732078
425.510187 1.731892
425.510187 1.729962
425.510187 1.730417
425.510187 1.733117
425.510187 1.736021
425.510187 1.735021
425.510187 1.732156
425.510187 1.732785
425.510187 1.729928
425.510187 1.735329
425.510187 1.730516
425.510187 1.732518
425.510187 1.731527
425.510187 1.733363
425.510187 1.733740
425.510187 1.735609
425.510187 1.733755
425.510187 1.733316
425.510187 1.742750
425.510187 1.742545
425.510187 1.738724
425.510187 1.742418
425.510187 1.745416
425.510187 1.746917
425.510187 1.741551
425.510187 1.744356
425.510187 1.742544
425.510187 1.610528
425.510187 1.613196
425.510187 1.613036
425.510187 1.609512
425.510187 1.617535
425.510187 1.610720
425.510187 1.615060
425.510187 1.611420
425.510187 1.616600
425.510187 1.616848
425.510187 1.614736
425.510187 1.613201
425.510187 1.619710
425.510187 1.618810
425.510187 1.620116
425.510187 1.613101
425.510187 1.614544
425.510187 1.615611
425.510187 1.613920
425.510187 1.614028
425.510187 1.615950
425.510187 1.622473
425.510187 1.616077
425.510187 1.623264
425.510187 1.622831
425.510187 1.618425
425.510187 1.617592
425.510187 1.626259
425.510187 1.629874
425.510187 1.618760
425.510187 1.627345
425.510187 1.624468
425.510187 1.393296
425.510187 1.392960
425.510187 1.393450
425.510187 1.395901
425.510187 1.391427
425.510187 1.393115
425.510187 1.394438
425.510187 1.396658
425.510187 1.391467
425.510187 1.393651
425.510187 1.395111
425.510187 1.395928
425.510187 1.395674
425.510187 1.397903
425.510187 1.392596
425.510187 1.392906
425.510187 1.392829
425.510187 1.394901
425.510187 1.397681
425.510187 1.392731
425.510187 1.394216
425.510187 1.396149
425.510187 1.396249
425.510187 1.396613
425.510187 1.395404
425.510187 1.396129
425.510187 1.395394
425.510187 1.401142
425.510187 1.399137
425.510187 1.391383
425.510187 1.405742
425.510187 1.403437
425.510187 2.548488
425.510187 2.547904
425.510187 2.547934
425.510187 2.546812
425.510187 2.548352
425.510187 2.553360
425.510187 2.552354
425.510187 2.547403
425.510187 2.551377
425.510187 2.551545
425.510187 2.553824
425.510187 2.552578
425.510187 2.551824
425.510187 2.554401
425.510187 2.553998
425.510187 2.552401
425.510187 2.552064
425.510187 2.550983
425.510187 2.557236
425.510187 2.551878
425.510187 2.555413
425.510187 2.563494
425.510187 2.566131
425.510187 2.544344
425.510187 2.565053
425.510187 2.564430
425.510187 2.572351
425.510187 2.575181
425.510187 2.570090
425.510187 2.572790
425.510187 2.577876
425.510187 2.575357
422.098388 2.975704
422.098388 2.974448
422.098388 2.975644
422.098388 2.971588
422.098388 2.978251
422.098388 2.968766
422.098388 2.975055
422.098388 2.971533
422.098388 2.969554
422.098388 2.970748
422.098388 2.978362
422.098388 2.980417
422.098388 2.982487
422.098388 2.972941
422.098388 2.970636
422.098388 2.973523
422.098388 2.981075
422.098388 2.974717
422.098388 2.980268
422.098388 2.978694
422.098388 2.976651
422.098388 2.981006
422.098388 2.974937
422.098388 2.976528
422.098388 2.976179
422.098388 2.987727
422.098388 2.986462
422.098388 2.970341
422.098388 2.982053
422.098388 2.996199
422.098388 2.992185
422.098388 3.003139
425.510187 1.436725
425.510187 1.432848
425.510187 1.435961
425.510187 1.430646
425.510187 1.432537
425.510187 1.438950
425.510187 1.432594
425.510187 1.435016
425.510187 1.438005
425.510187 1.434854
425.510187 1.430810
425.510187 1.436007
425.510187 1.430033
425.510187 1.431320
425.510187 1.432581
425.510187 1.433366
425.510187 1.437194
425.510187 1.430579
425.510187 1.437523
425.510187 1.439724
425.510187 1.433192
425.510187 1.435293
425.510187 1.433023
425.510187 1.435581
425.510187 1.446540
425.510187 1.447128
425.510187 1.442821
425.510187 1.443290
425.510187 1.442016
425.510187 1.440697
425.510187 1.442674
425.510187 1.440491
425.510187 1.517916
425.510187 1.518236
425.510187 1.519593
425.510187 1.517989
425.510187 1.521688
425.510187 1.519596
425.510187 1.519452
425.510187 1.517431
425.510187 1.523180
425.510187 1.517628
425.510187 1.520513
425.510187 1.518572
425.510187 1.520861
425.510187 1.523473
425.510187 1.517732
425.510187 1.520633
425.510187 1.517825
425.510187 1.523499
425.510187 1.518486
425.510187 1.521265
425.510187 1.517843
425.510187 1.521898
425.510187 1.523740
425.510187 1.517535
425.510187 1.519490
425.510187 1.522439
425.510187 1.521260
425.510187 1.527007
425.510187 1.523017
425.510187 1.518810
425.510187 1.534137
425.510187 1.532921
425.510187 1.819722
425.510187 1.819428
425.510187 1.822640
425.510187 1.824042
425.510187 1.825544
425.510187 1.824355
425.510187 1.827436
425.510187 1.820726
425.510187 1.822023
425.510187 1.829553
425.510187 1.823194
425.510187 1.824600
425.510187 1.825743
425.510187 1.826161
425.510187 1.830685
425.510187 1.824062
425.510187 1.821308
425.510187 1.826399
425.510187 1.834155
425.510187 1.833312
425.510187 1.830463
425.510187 1.834888
425.510187 1.830200
425.510187 1.838549
425.510187 1.830607
425.510187 1.840438
425.510187 1.838054
425.510187 1.835224
425.510187 1.841177
425.510187 1.837439
425.510187 1.837513
425.510187 1.835656
432.691991 1.389289
432.691991 1.391445
432.691991 1.392083
432.691991 1.392946
432.691991 1.393052
432.691991 1.392005
432.691991 1.391337
432.691991 1.390905
432.691991 1.394646
432.691991 1.394241
432.691991 1.392029
432.691991 1.389074
432.691991 1.392871
432.691991 1.394827
432.691991 1.394247
432.691991 1.390761
432.691991 1.390046
432.691991 1.391765
432.691991 1.392068
432.691991 1.393874
432.691991 1.393388
432.691991 1.392793
432.691991 1.403123
432.691991 1.396382
432.691991 1.391770
432.691991 1.401344
432.691991 1.403908
432.691991 1.404104
432.691991 1.400831
432.691991 1.407035
432.691991 1.403288
432.691991 1.403069
425.510187 1.702324
425.510187 1.701389
425.510187 1.700985
425.510187 1.700799
425.510187 1.705318
425.510187 1.701352
425.510187 1.700933
425.510187 1.708026
425.510187 1.704753
425.510187 1.707792
425.510187 1.710499
425.510187 1.709381
425.510187 1.704449
425.510187 1.705182
425.510187 1.706131
425.510187 1.707691
425.510187 1.700882
425.510187 1.709596
425.510187 1.717569
425.510187 1.718036
425.510187 1.716846
425.510187 1.718384
425.510187 1.716306
425.510187 1.715416
425.510187 1.713771
425.510187 1.720863
425.510187 1.713401
425.510187 1.714787
425.510187 1.716509
425.510187 1.717167
425.510187 1.731301
425.510187 1.728512
422.098388 1.416632
422.098388 1.423523
422.098388 1.422054
422.098388 1.415997
422.098388 1.423555
422.098388 1.423208
422.098388 1.420685
422.098388 1.417619
422.098388 1.420384
422.098388 1.418868
422.098388 1.427880
422.098388 1.428537
422.098388 1.419362
422.098388 1.418546
422.098388 1.421169
422.098388 1.424579
422.098388 1.423836
422.098388 1.421319
422.098388 1.426400
422.098388 1.427397
422.098388 1.421954
422.098388 1.423722
422.098388 1.431986
422.098388 1.427412
422.098388 1.431717
422.098388 1.431691
422.098388 1.424426
422.098388 1.428182
422.098388 1.428588
422.098388 1.428885
422.098388 1.442988
422.098388 1.437585
425.510187 2.583860
425.510187 2.582801
425.510187 2.585466
425.510187 2.581115
425.510187 2.585447
425.510187 2.588033
425.510187 2.584493
425.510187 2.588477
425.510187 2.588115
425.510187 2.587150
425.510187 2.587821
425.510187 2.583868
425.510187 2.589817
425.510187 2.584142
425.510187 2.584975
425.510187 2.585614
425.510187 2.584786
425.510187 2.585097
425.510187 2.591088
425.510187 2.587554
425.510187 2.588615
425.510187 2.576514
425.510187 2.602369
425.510187 2.599495
425.510187 2.604337
425.510187 2.602714
425.510187 2.599830
425.510187 2.601844
425.510187 2.607308
425.510187 2.604545
425.510187 2.604319
425.510187 2.606382
422.098388 2.126231
422.098388 2.126541
422.098388 2.127893
422.098388 2.126468
422.098388 2.128370
422.098388 2.124722
422.098388 2.125617
422.098388 2.123689
422.098388 2.125828
422.098388 2.126148
422.098388 2.126528
422.098388 2.126544
422.098388 2.124336
422.098388 2.125399
422.098388 2.128497
422.098388 2.124486
422.098388 2.130430
422.098388 2.132445
422.098388 2.131212
422.098388 2.128038
422.098388 2.136283
422.098388 2.129008
422.098388 2.124934
422.098388 2.144034
422.098388 2.133683
422.098388 2.141144
422.098388 2.141949
422.098388 2.138293
422.098388 2.138474
422.098388 2.146368
422.098388 2.143546
422.098388 2.140895
422.098388 2.993113
422.098388 2.991354
422.098388 2.989380
422.098388 2.992392
422.098388 2.998288
422.098388 2.998034
422.098388 2.998055
422.098388 2.999990
422.098388 2.995973
422.098388 2.996338
422.098388 3.003101
422.098388 2.997364
422.098388 2.997699
422.098388 2.999285
422.098388 2.998362
422.098388 3.004739
422.098388 3.004411
422.098388 3.000441
422.098388 3.005063
422.098388 3.001294
422.098388 3.003957
422.098388 3.013992
422.098388 3.009790
422.098388 3.014684
422.098388 3.022841
422.098388 3.019278
422.098388 3.019240
422.098388 3.021819
422.098388 3.021172
422.098388 3.028893
422.098388 3.026042
422.098388 3.014066
425.510187 1.966515
425.510187 1.960184
425.510187 1.972648
425.510187 1.971713
425.510187 1.966596
425.510187 1.976193
425.510187 1.972921
425.510187 1.976890
425.510187 1.972207
425.510187 1.967082
425.510187 1.966135
425.510187 1.973230
425.510187 1.970767
425.510187 1.968545
425.510187 1.976039
425.510187 1.970017
425.510187 1.970717
425.510187 1.966000
425.510187 1.972284
425.510187 1.972115
425.510187 1.967284
425.510187 1.968327
425.510187 1.974547
425.510187 1.980691
425.510187 1.986939
425.510187 1.980895
425.510187 1.973088
425.510187 1.989682
425.510187 1.989673
425.510187 1.984514
425.510187 1.985508
425.510187 2.052442
417.600923 1.425912
417.600923 1.427985
417.600923 1.427918
417.600923 1.422854
417.600923 1.427405
417.600923 1.423249
417.600923 1.422750
417.600923 1.420593
417.600923 1.421943
417.600923 1.427564
417.600923 1.422639
417.600923 1.423410
417.600923 1.428831
417.600923 1.428444
417.600923 1.424600
417.600923 1.424326
417.600923 1.432895
417.600923 1.431041
417.600923 1.438027
417.600923 1.426436
417.600923 1.431980
417.600923 1.431281
417.600923 1.433746
417.600923 1.437302
417.600923 1.436796
417.600923 1.428056
417.600923 1.432191
417.600923 1.435758
417.600923 1.432704
417.600923 1.441110
417.600923 1.432305
417.600923 1.435909
422.098388 1.762549
422.098388 1.759570
422.098388 1.764436
422.098388 1.764187
422.098388 1.764810
422.098388 1.762351
422.098388 1.766088
422.098388 1.764531
422.098388 1.764243
422.098388 1.761283
422.098388 1.763241
422.098388 1.763889
422.098388 1.761449
422.098388 1.760862
422.098388 1.763342
422.098388 1.756899
422.098388 1.761086
422.098388 1.762498
422.098388 1.761290
422.098388 1.761557
422.098388 1.773454
422.098388 1.774596
422.098388 1.774423
422.098388 1.772299
422.098388 1.772205
422.098388 1.772228
422.098388 1.779540
422.098388 1.776883
422.098388 1.780992
422.098388 1.780289
422.098388 1.777133
422.098388 1.778119
422.098388 1.457753
422.098388 1.457389
422.098388 1.457890
422.098388 1.455026
422.098388 1.462428
422.098388 1.457408
422.098388 1.462629
422.098388 1.464209
422.098388 1.464889
422.098388 1.463170
422.098388 1.463873
422.098388 1.463725
422.098388 1.457657
422.098388 1.460344
422.098388 1.459976
422.098388 1.462443
422.098388 1.460295
422.098388 1.461009
422.098388 1.460277
422.098388 1.463584
422.098388 1.460209
422.098388 1.460274
422.098388 1.467316
422.098388 1.466506
422.098388 1.463327
422.098388 1.462445
422.098388 1.466629
422.098388 1.475332
422.098388 1.467896
422.098388 1.472208
422.098388 1.471580
422.098388 1.477715
427.717013 1.409656
427.717013 1.408755
427.717013 1.411617
427.717013 1.414732
427.717013 1.412031
427.717013 1.414368
427.717013 1.415451
427.717013 1.412944
427.717013 1.413555
427.717013 1.415146
427.717013 1.416280
427.717013 1.411566
427.717013 1.413516
427.717013 1.413122
427.717013 1.412428
427.717013 1.417845
427.717013 1.418871
427.717013 1.418090
427.717013 1.413676
427.717013 1.417655
427.717013 1.414532
427.717013 1.420268
427.717013 1.409018
427.717013 1.418551
427.717013 1.417151
427.717013 1.422345
427.717013 1.423864
427.717013 1.421947
427.717013 1.421265
427.717013 1.421986
427.717013 1.426544
427.717013 1.424924
425.510187 1.350309
425.510187 1.353385
425.510187 1.354295
425.510187 1.353570
425.510187 1.352480
425.510187 1.351247
425.510187 1.352245
425.510187 1.351679
425.510187 1.350740
425.510187 1.354627
425.510187 1.358912
425.510187 1.352731
425.510187 1.356977
425.510187 1.356572
425.510187 1.359496
425.510187 1.353975
425.510187 1.353405
425.510187 1.356007
425.510187 1.357853
425.510187 1.364077
425.510187 1.363500
425.510187 1.356741
425.510187 1.359206
425.510187 1.353741
425.510187 1.362465
425.510187 1.363654
425.510187 1.365482
425.510187 1.363226
425.510187 1.362814
425.510187 1.362988
425.510187 1.367780
425.510187 1.366955
422.098388 2.938497
422.098388 2.939533
422.098388 2.940957
422.098388 2.938644
422.098388 2.939268
422.098388 2.938456
422.098388 2.941527
422.098388 2.940612
422.098388 2.948733
422.098388 2.944896
422.098388 2.946290
422.098388 2.944768
422.098388 2.945738
422.098388 2.956154
422.098388 2.954596
422.098388 2.958362
422.098388 2.954037
422.098388 2.952395
422.098388 2.957540
422.098388 2.960939
422.098388 2.942858
422.098388 2.959302
422.098388 2.964574
422.098388 2.967518
422.098388 2.962414
422.098388 2.967729
422.098388 2.966891
422.098388 2.964666
422.098388 2.971791
422.098388 2.963890
422.098388 2.966778
422.098388 2.965659
434.704119 1.370936
434.704119 1.371197
434.704119 1.370301
434.704119 1.372045
434.704119 1.370900
434.704119 1.375769
434.704119 1.372433
434.704119 1.371024
434.704119 1.370716
434.704119 1.373547
434.704119 1.373859
434.704119 1.371024
434.704119 1.370545
434.704119 1.375476
434.704119 1.376187
434.704119 1.370095
434.704119 1.373730
434.704119 1.372190
434.704119 1.378106
434.704119 1.371888
434.704119 1.375167
434.704119 1.373601
434.704119 1.378435
434.704119 1.369830
434.704119 1.374537
434.704119 1.374783
434.704119 1.380273
434.704119 1.383235
434.704119 1.381531
434.704119 1.377301
434.704119 1.377076
434.704119 1.382276
422.098388 1.782257
422.098388 1.786458
422.098388 1.782457
422.098388 1.784738
422.098388 1.787249
422.098388 1.789612
422.098388 1.784875
422.098388 1.786093
422.098388 1.786576
422.098388 1.783870
422.098388 1.785595
422.098388 1.783451
422.098388 1.785727
422.098388 1.790133
422.098388 1.787581
422.098388 1.783882
422.098388 1.794542
422.098388 1.794350
422.098388 1.796576
422.098388 1.790563
422.098388 1.793751
422.098388 1.800067
422.098388 1.795919
422.098388 1.799924
422.098388 1.794153
422.098388 1.796525
422.098388 1.797278
422.098388 1.803343
422.098388 1.802596
422.098388 1.798791
422.098388 1.806356
422.098388 1.803502
422.098388 2.702663
422.098388 2.704108
422.098388 2.703993
422.098388 2.702099
422.098388 2.709042
422.098388 2.702787
422.098388 2.709819
422.098388 2.702449
422.098388 2.700155
422.098388 2.709888
422.098388 2.701696
422.098388 2.705399
422.098388 2.704304
422.098388 2.704509
422.098388 2.705452
422.098388 2.712784
422.098388 2.705156
422.098388 2.706048
422.098388 2.711286
422.098388 2.713407
422.098388 2.708272
422.098388 2.708862
422.098388 2.709396
422.098388 2.720925
422.098388 2.719056
422.098388 2.715892
422.098388 2.723570
422.098388 2.709037
422.098388 2.699054
422.098388 2.723378
422.098388 2.721324
422.098388 2.707840
422.098388 1.838817
422.098388 1.837976
422.098388 1.838572
422.098388 1.837782
422.098388 1.836234
422.098388 1.836164
422.098388 1.836343
422.098388 1.836390
422.098388 1.836675
422.098388 1.839732
422.098388 1.836052
422.098388 1.839758
422.098388 1.833202
422.098388 1.834895
422.098388 1.832204
422.098388 1.842695
422.098388 1.848864
422.098388 1.841311
422.098388 1.849222
422.098388 1.848354
422.098388 1.842627
422.098388 1.845099
422.098388 1.851936
422.098388 1.846535
422.098388 1.847765
422.098388 1.849422
422.098388 1.855238
422.098388 1.853367
422.098388 1.851880
422.098388 1.851505
422.098388 1.862758
422.098388 1.859219
422.098388 1.486919
422.098388 1.491736
422.098388 1.490669
422.098388 1.491122
422.098388 1.490348
422.098388 1.485907
422.098388 1.486810
422.098388 1.484782
422.098388 1.486870
422.098388 1.486163
422.098388 1.488377
422.098388 1.492493
422.098388 1.486066
422.098388 1.494148
422.098388 1.492628
422.098388 1.491864
422.098388 1.490334
422.098388 1.487449
422.098388 1.487244
422.098388 1.489366
422.098388 1.488634
422.098388 1.493293
422.098388 1.488895
422.098388 1.490323
422.098388 1.501507
422.098388 1.491271
422.098388 1.500988
422.098388 1.496301
422.098388 1.493270
422.098388 1.496156
422.098388 1.504761
422.098388 1.500064
438.073188 1.416016
438.073188 1.415080
438.073188 1.417597
438.073188 1.416513
438.073188 1.419135
438.073188 1.415873
438.073188 1.418966
438.073188 1.416601
438.073188 1.420263
438.073188 1.415946
438.073188 1.421208
438.073188 1.418274
438.073188 1.418874
438.073188 1.416362
438.073188 1.418509
438.073188 1.417815
438.073188 1.419108
438.073188 1.419160
438.073188 1.421468
438.073188 1.426211
438.073188 1.427724
438.073188 1.425863
438.073188 1.422765
438.073188 1.432364
438.073188 1.430171
438.073188 1.421351
438.073188 1.431367
438.073188 1.431196
438.073188 1.427708
438.073188 1.431324
438.073188 1.429610
438.073188 1.430009
425.510187 1.424920
425.510187 1.426151
425.510187 1.428739
425.510187 1.426703
425.510187 1.424678
425.510187 1.426098
425.510187 1.429109
425.510187 1.428431
425.510187 1.425966
425.510187 1.431384
425.510187 1.428253
425.510187 1.433161
425.510187 1.426249
425.510187 1.425827
425.510187 1.428609
425.510187 1.431673
425.510187 1.429601
425.510187 1.436910
425.510187 1.438433
425.510187 1.438281
425.510187 1.438586
425.510187 1.439396
425.510187 1.436431
425.510187 1.435188
425.510187 1.437383
425.510187 1.440493
425.510187 1.442960
425.510187 1.435806
425.510187 1.432521
425.510187 1.437936
425.510187 1.439971
425.510187 1.442587
425.810137 1.488239
425.810137 1.489182
425.810137 1.491545
425.810137 1.491796
425.810137 1.491102
425.810137 1.492696
425.810137 1.488788
425.810137 1.492733
425.810137 1.489689
425.810137 1.490310
425.810137 1.491641
425.810137 1.488949
425.810137 1.493448
425.810137 1.492691
425.810137 1.487816
425.810137 1.490892
425.810137 1.490265
425.810137 1.488560
425.810137 1.495935
425.810137 1.494057
425.810137 1.491120
425.810137 1.493420
425.810137 1.499775
425.810137 1.489999
425.810137 1.494551
425.810137 1.502816
425.810137 1.498109
425.810137 1.499309
425.810137 1.507641
425.810137 1.504819
425.810137 1.504653
425.810137 1.502527
422.098388 2.124354
422.098388 2.127927
422.098388 2.126957
422.098388 2.129965
422.098388 2.125208
422.098388 2.124260
422.098388 2.130672
422.098388 2.125465
422.098388 2.126452
422.098388 2.131364
422.098388 2.127120
422.098388 2.128844
422.098388 2.131142
422.098388 2.128423
422.098388 2.129120
422.098388 2.134283
422.098388 2.139372
422.098388 2.127063
422.098388 2.140929
422.098388 2.131052
422.098388 2.137820
422.098388 2.140605
422.098388 2.140159
422.098388 2.139847
422.098388 2.142094
422.098388 2.137751
422.098388 2.138135
422.098388 2.139614
422.098388 2.142212
422.098388 2.141969
422.098388 2.151595
422.098388 2.148559
422.098388 2.528737
422.098388 2.530044
422.098388 2.531558
422.098388 2.533017
422.098388 2.531453
422.098388 2.535689
422.098388 2.525975
422.098388 2.536674
422.098388 2.529858
422.098388 2.538955
422.098388 2.530640
422.098388 2.532874
422.098388 2.536389
422.098388 2.535173
422.098388 2.529730
422.098388 2.528945
422.098388 2.533719
422.098388 2.534165
422.098388 2.531561
422.098388 2.543337
422.098388 2.538087
422.098388 2.552630
422.098388 2.530620
422.098388 2.547207
422.098388 2.544388
422.098388 2.545715
422.098388 2.555076
422.098388 2.558183
422.098388 2.552620
422.098388 2.551402
422.098388 2.563629
422.098388 2.558968
422.098388 1.540528
422.098388 1.540239
422.098388 1.536076
422.098388 1.539383
422.098388 1.535314
422.098388 1.541293
422.098388 1.535930
422.098388 1.541634
422.098388 1.533989
422.098388 1.541814
422.098388 1.533668
422.098388 1.539453
422.098388 1.543012
422.098388 1.541192
422.098388 1.535437
422.098388 1.538889
422.098388 1.535706
422.098388 1.536901
422.098388 1.537317
422.098388 1.535678
422.098388 1.541959
422.098388 1.534041
422.098388 1.539352
422.098388 1.537596
422.098388 1.537489
422.098388 1.540852
422.098388 1.543464
422.098388 1.537601
422.098388 1.539193
422.098388 1.541931
422.098388 1.552130
422.098388 1.549213
425.510187 2.183277
425.510187 2.187914
425.510187 2.184963
425.510187 2.188206
425.510187 2.182267
425.510187 2.183693
425.510187 2.182827
425.510187 2.188306
425.510187 2.187083
425.510187 2.187291
425.510187 2.190820
425.510187 2.181674
425.510187 2.183275
425.510187 2.187039
425.510187 2.194692
425.510187 2.184963
425.510187 2.185842
425.510187 2.194706
425.510187 2.184599
425.510187 2.185304
425.510187 2.191646
425.510187 2.194460
425.510187 2.201271
425.510187 2.203990
425.510187 2.198500
425.510187 2.206848
425.510187 2.206543
425.510187 2.201035
425.510187 2.201207
425.510187 2.206391
425.510187 2.202246
425.510187 2.203270
425.510187 1.390444
425.510187 1.392642
425.510187 1.391539
425.510187 1.392724
425.510187 1.395675
425.510187 1.390521
425.510187 1.391404
425.510187 1.394975
425.510187 1.390359
425.510187 1.392243
425.510187 1.394156
425.510187 1.396603
425.510187 1.390184
425.510187 1.390783
425.510187 1.393493
425.510187 1.394044
425.510187 1.398498
425.510187 1.391039
425.510187 1.392570
425.510187 1.400155
425.510187 1.397039
425.510187 1.395826
425.510187 1.395165
425.510187 1.393695
425.510187 1.401280
425.510187 1.398361
425.510187 1.407991
425.510187 1.404992
425.510187 1.407297
425.510187 1.404211
425.510187 1.406515
425.510187 1.408231
421.894793 1.354337
421.894793 1.360063
421.894793 1.358114
421.894793 1.360750
421.894793 1.355794
421.894793 1.357748
421.894793 1.352556
421.894793 1.352918
421.894793 1.352375
421.894793 1.353560
421.894793 1.359126
421.894793 1.355998
421.894793 1.353875
421.894793 1.363364
421.894793 1.359221
421.894793 1.354884
421.894793 1.361058
421.894793 1.355637
421.894793 1.357344
421.894793 1.369506
421.894793 1.357923
421.894793 1.367625
421.894793 1.365599
421.894793 1.369762
421.894793 1.370591
421.894793 1.366318
421.894793 1.362125
421.894793 1.364307
421.894793 1.365180
421.894793 1.368933
421.894793 1.363670
421.894793 1.364262
425.510187 2.529392
425.510187 2.533782
425.510187 2.537071
425.510187 2.538880
425.510187 2.537428
425.510187 2.537133
425.510187 2.534770
425.510187 2.536980
425.510187 2.533565
425.510187 2.535635
425.510187 2.539660
425.510187 2.537149
425.510187 2.534642
425.510187 2.536836
425.510187 2.538271
425.510187 2.540802
425.510187 2.538330
425.510187 2.540731
425.510187 2.552366
425.510187 2.530230
425.510187 2.555582
425.510187 2.553494
425.510187 2.550467
425.510187 2.555891
425.510187 2.553724
425.510187 2.551341
425.510187 2.553624
425.510187 2.553950
425.510187 2.553216
425.510187 2.558274
425.510187 2.555126
425.510187 2.638085
436.103789 1.376433
436.103789 1.376095
436.103789 1.376533
436.103789 1.383320
436.103789 1.380429
436.103789 1.383414
436.103789 1.378638
436.103789 1.385023
436.103789 1.383888
436.103789 1.381246
436.103789 1.386116
436.103789 1.380636
436.103789 1.388114
436.103789 1.380425
436.103789 1.387718
436.103789 1.377441
436.103789 1.378465
436.103789 1.383997
436.103789 1.380033
436.103789 1.380184
436.103789 1.386639
436.103789 1.386970
436.103789 1.383608
436.103789 1.378952
436.103789 1.381510
436.103789 1.381263
436.103789 1.380840
436.103789 1.394105
436.103789 1.394627
436.103789 1.390355
436.103789 1.391528
436.103789 1.433836
421.894793 1.397634
421.894793 1.401043
421.894793 1.397861
421.894793 1.400991
421.894793 1.403472
421.894793 1.401792
421.894793 1.396915
421.894793 1.404907
421.894793 1.398686
421.894793 1.399195
421.894793 1.401629
421.894793 1.404821
421.894793 1.405629
421.894793 1.400052
421.894793 1.401611
421.894793 1.406521
421.894793 1.402600
421.894793 1.401962
421.894793 1.404407
421.894793 1.402146
421.894793 1.401985
421.894793 1.401718
421.894793 1.400265
421.894793 1.403044
421.894793 1.402466
421.894793 1.413197
421.894793 1.410583
421.894793 1.408469
421.894793 1.400354
421.894793 1.408512
421.894793 1.418911
421.894793 1.415077
417.600923 1.420317
417.600923 1.422010
417.600923 1.425005
417.600923 1.426723
417.600923 1.424897
417.600923 1.424274
417.600923 1.421736
417.600923 1.427560
417.600923 1.422997
417.600923 1.417637
417.600923 1.424753
417.600923 1.422625
417.600923 1.422326
417.600923 1.425312
417.600923 1.426854
417.600923 1.434377
417.600923 1.432718
417.600923 1.426346
417.600923 1.437255
417.600923 1.433267
417.600923 1.434444
417.600923 1.436936
417.600923 1.431721
417.600923 1.437424
417.600923 1.434642
417.600923 1.439792
417.600923 1.442106
417.600923 1.441331
417.600923 1.434633
417.600923 1.438343
417.600923 1.439912
417.600923 1.437598
425.510187 1.938613
425.510187 1.939891
425.510187 1.938581
425.510187 1.939368
425.510187 1.938243
425.510187 1.938123
425.510187 1.941564
425.510187 1.937934
425.510187 1.938106
425.510187 1.938968
425.510187 1.941388
425.510187 1.938992
425.510187 1.942292
425.510187 1.941617
425.510187 1.942498
425.510187 1.940636
425.510187 1.940088
425.510187 1.940700
425.510187 1.945685
425.510187 1.940785
425.510187 1.943731
425.510187 1.938361
425.510187 1.947331
425.510187 1.947021
425.510187 1.951041
425.510187 1.955483
425.510187 1.953532
425.510187 1.950144
425.510187 1.956332
425.510187 1.953773
425.510187 1.950506
425.510187 1.953803
433.575722 1.353937
433.575722 1.355504
433.575722 1.356914
433.575722 1.360269
433.575722 1.355807
433.575722 1.356966
433.575722 1.359208
433.575722 1.353289
433.575722 1.355002
433.575722 1.354074
433.575722 1.355460
433.575722 1.360879
433.575722 1.356995
433.575722 1.355783
433.575722 1.363202
433.575722 1.362186
433.575722 1.357838
433.575722 1.363567
433.575722 1.364382
433.575722 1.353043
433.575722 1.359155
433.575722 1.362568
433.575722 1.363071
433.575722 1.362334
433.575722 1.367618
433.575722 1.371130
433.575722 1.367979
433.575722 1.371069
433.575722 1.368458
433.575722 1.366305
433.575722 1.365199
433.575722 1.368219
422.098388 1.422831
422.098388 1.424363
422.098388 1.423444
422.098388 1.422674
422.098388 1.425860
422.098388 1.427470
422.098388 1.422119
422.098388 1.424106
422.098388 1.425090
422.098388 1.424165
422.098388 1.422391
422.098388 1.426343
422.098388 1.422218
422.098388 1.428267
422.098388 1.430357
422.098388 1.423739
422.098388 1.431843
422.098388 1.426477
422.098388 1.428967
422.098388 1.430530
422.098388 1.427440
422.098388 1.427149
422.098388 1.434623
422.098388 1.434770
422.098388 1.431581
422.098388 1.432805
422.098388 1.438995
422.098388 1.438292
422.098388 1.436401
422.098388 1.434285
422.098388 1.435976
422.098388 1.434113
434.788509 1.343759
434.788509 1.344088
434.788509 1.345248
434.788509 1.343164
434.788509 1.343355
434.788509 1.344020
434.788509 1.345818
434.788509 1.345220
434.788509 1.349213
434.788509 1.350350
434.788509 1.353022
434.788509 1.346641
434.788509 1.348653
434.788509 1.348742
434.788509 1.350493
434.788509 1.351072
434.788509 1.354838
434.788509 1.355966
434.788509 1.355722
434.788509 1.359731
434.788509 1.359747
434.788509 1.360566
434.788509 1.357269
434.788509 1.356843
434.788509 1.351736
434.788509 1.358677
434.788509 1.360678
434.788509 1.363925
434.788509 1.359633
434.788509 1.359823
434.788509 1.375468
434.788509 1.370556
422.098388 2.134982
422.098388 2.136708
422.098388 2.135832
422.098388 2.138201
422.098388 2.132457
422.098388 2.135199
422.098388 2.133154
422.098388 2.131062
422.098388 2.134187
422.098388 2.134635
422.098388 2.136517
422.098388 2.132946
422.098388 2.131315
422.098388 2.141442
422.098388 2.133088
422.098388 2.147051
422.098388 2.143768
422.098388 2.145665
422.098388 2.152085
422.098388 2.145886
422.098388 2.145771
422.098388 2.151939
422.098388 2.142144
422.098388 2.146121
422.098388 2.150756
422.098388 2.144010
422.098388 2.147447
422.098388 2.147536
422.098388 2.147179
422.098388 2.145932
422.098388 2.156495
422.098388 2.152076
422.098388 1.974328
422.098388 1.971614
422.098388 1.977693
422.098388 1.977115
422.098388 1.980208
422.098388 1.981371
422.098388 1.983669
422.098388 1.977077
422.098388 1.984965
422.098388 1.984225
422.098388 1.976770
422.098388 1.978174
422.098388 1.981068
422.098388 1.979753
422.098388 1.978074
422.098388 1.979923
422.098388 1.980685
422.098388 1.980417
422.098388 1.984388
422.098388 1.987256
422.098388 1.988406
422.098388 1.983760
422.098388 1.995924
422.098388 1.993435
422.098388 1.997398
422.098388 1.992387
422.098388 1.993958
422.098388 1.993262
422.098388 1.998037
422.098388 1.979583
422.098388 1.996034
422.098388 1.996422
422.098388 1.361426
422.098388 1.361819
422.098388 1.359727
422.098388 1.362119
422.098388 1.363455
422.098388 1.359881
422.098388 1.363304
422.098388 1.365485
422.098388 1.359813
422.098388 1.363790
422.098388 1.359679
422.098388 1.356222
422.098388 1.359999
422.098388 1.365093
422.098388 1.361452
422.098388 1.367490
422.098388 1.358776
422.098388 1.356523
422.098388 1.361790
422.098388 1.360571
422.098388 1.368593
422.098388 1.361559
422.098388 1.359943
422.098388 1.364033
422.098388 1.360313
422.098388 1.361719
422.098388 1.371957
422.098388 1.375806
422.098388 1.367069
422.098388 1.372697
422.098388 1.367863
422.098388 1.390667
434.617239 1.353509
434.617239 1.353800
434.617239 1.348666
434.617239 1.356188
434.617239 1.349838
434.617239 1.347104
434.617239 1.348347
434.617239 1.348685
434.617239 1.354974
434.617239 1.353715
434.617239 1.355206
434.617239 1.350520
434.617239 1.354548
434.617239 1.352201
434.617239 1.350086
434.617239 1.348283
434.617239 1.349310
434.617239 1.349891
434.617239 1.350798
434.617239 1.350785
434.617239 1.362585
434.617239 1.356778
434.617239 1.358663
434.617239 1.362001
434.617239 1.363354
434.617239 1.355826
434.617239 1.362927
434.617239 1.365932
434.617239 1.358085
434.617239 1.359161
434.617239 1.359618
434.617239 1.359727
421.894793 1.370556
421.894793 1.372565
421.894793 1.371694
421.894793 1.375308
421.894793 1.373376
421.894793 1.373550
421.894793 1.375238
421.894793 1.370750
421.894793 1.371559
421.894793 1.377425
421.894793 1.371589
421.894793 1.373170
421.894793 1.371959
421.894793 1.372522
421.894793 1.374267
421.894793 1.375391
421.894793 1.377077
421.894793 1.383616
421.894793 1.382963
421.894793 1.384105
421.894793 1.380485
421.894793 1.387504
421.894793 1.388333
421.894793 1.385862
421.894793 1.390769
421.894793 1.389371
421.894793 1.384576
421.894793 1.386334
421.894793 1.385294
421.894793 1.385685
421.894793 1.387247
421.894793 1.390921
422.098388 2.911090
422.098388 2.915320
422.098388 2.912316
422.098388 2.910859
422.098388 2.920909
422.098388 2.919077
422.098388 2.919903
422.098388 2.916738
422.098388 2.920072
422.098388 2.914520
422.098388 2.926302
422.098388 2.917048
422.098388 2.930570
422.098388 2.932387
422.098388 2.926770
422.098388 2.921823
422.098388 2.920910
422.098388 2.928045
422.098388 2.921647
422.098388 2.923638
422.098388 2.934393
422.098388 2.930648
422.098388 2.929595
422.098388 2.929796
422.098388 2.932382
422.098388 2.945054
422.098388 2.939593
422.098388 2.940565
422.098388 2.937017
422.098388 2.947396
422.098388 2.926842
422.098388 2.942295
422.098388 1.387965
422.098388 1.386854
422.098388 1.395982
422.098388 1.393980
422.098388 1.391053
422.098388 1.392133
422.098388 1.397260
422.098388 1.391569
422.098388 1.392419
422.098388 1.398079
422.098388 1.392962
422.098388 1.392245
422.098388 1.396582
422.098388 1.392813
422.098388 1.387731
422.098388 1.400458
422.098388 1.395920
422.098388 1.392969
422.098388 1.399097
422.098388 1.398564
422.098388 1.393612
422.098388 1.395156
422.098388 1.399469
422.098388 1.394694
422.098388 1.395611
422.098388 1.398667
422.098388 1.405183
422.098388 1.406581
422.098388 1.400363
422.098388 1.401824
422.098388 1.409463
422.098388 1.404434
422.098388 1.980534
422.098388 1.980047
422.098388 1.979669
422.098388 1.980337
422.098388 1.979591
422.098388 1.982093
422.098388 1.978447
422.098388 1.979761
422.098388 1.984741
422.098388 1.982919
422.098388 1.980492
422.098388 1.978883
422.098388 1.978857
422.098388 1.985658
422.098388 1.980667
422.098388 1.978790
422.098388 1.982749
422.098388 1.982844
422.098388 1.979623
422.098388 1.981991
422.098388 1.981335
422.098388 1.981615
422.098388 1.986288
422.098388 1.987154
422.098388 1.986415
422.098388 1.998241
422.098388 1.994379
422.098388 1.994087
422.098388 1.996625
422.098388 1.996757
422.098388 1.980448
422.098388 1.996026
436.019399 1.385287
436.019399 1.388339
436.019399 1.389302
436.019399 1.385264
436.019399 1.390130
436.019399 1.384875
436.019399 1.390794
436.019399 1.386494
436.019399 1.385772
436.019399 1.388582
436.019399 1.390571
436.019399 1.391694
436.019399 1.387933
436.019399 1.388436
436.019399 1.391229
436.019399 1.382760
436.019399 1.387126
436.019399 1.389026
436.019399 1.388746
436.019399 1.390154
436.019399 1.392775
436.019399 1.395289
436.019399 1.395061
436.019399 1.390571
436.019399 1.389381
436.019399 1.398004
436.019399 1.393127
436.019399 1.396284
436.019399 1.400992
436.019399 1.399196
436.019399 1.398582
436.019399 1.398233
436.814591 1.434740
436.814591 1.436245
436.814591 1.434783
436.814591 1.435051
436.814591 1.433511
436.814591 1.434798
436.814591 1.433712
436.814591 1.432994
436.814591 1.433362
436.814591 1.434406
436.814591 1.433982
436.814591 1.439305
436.814591 1.436368
436.814591 1.435765
436.814591 1.438551
436.814591 1.442309
436.814591 1.445565
436.814591 1.432854
436.814591 1.445152
436.814591 1.445065
436.814591 1.445527
436.814591 1.440194
436.814591 1.443797
436.814591 1.443884
436.814591 1.448893
436.814591 1.443115
436.814591 1.448612
436.814591 1.447446
436.814591 1.446573
436.814591 1.446119
436.814591 1.452656
436.814591 1.448952
417.600923 1.421440
417.600923 1.422607
417.600923 1.428140
417.600923 1.421146
417.600923 1.427885
417.600923 1.426114
417.600923 1.429362
417.600923 1.430676
417.600923 1.428673
417.600923 1.425560
417.600923 1.423924
417.600923 1.429178
417.600923 1.421792
417.600923 1.425674
417.600923 1.431702
417.600923 1.424038
417.600923 1.423255
417.600923 1.426853
417.600923 1.425541
417.600923 1.423659
417.600923 1.426100
417.600923 1.428525
417.600923 1.425943
417.600923 1.438220
417.600923 1.438225
417.600923 1.440894
417.600923 1.441937
417.600923 1.434157
417.600923 1.437398
417.600923 1.436083
417.600923 1.435189
417.600923 1.435885
441.484986 1.938881
441.484986 1.939659
441.484986 1.942320
441.484986 1.941883
441.484986 1.943820
441.484986 1.938298
441.484986 1.939275
441.484986 1.945048
441.484986 1.939820
441.484986 1.939696
441.484986 1.945084
441.484986 1.941889
441.484986 1.945780
441.484986 1.944818
441.484986 1.950107
441.484986 1.941897
441.484986 1.941529
441.484986 1.939447
441.484986 1.942257
441.484986 1.943096
441.484986 1.943458
441.484986 1.949853
441.484986 1.957239
441.484986 1.944451
441.484986 1.947335
441.484986 1.955456
441.484986 1.960886
441.484986 1.951999
441.484986 1.956244
441.484986 1.956180
441.484986 1.966926
441.484986 1.962407
425.510187 1.708389
425.510187 1.711790
425.510187 1.709442
425.510187 1.713218
425.510187 1.710613
425.510187 1.714595
425.510187 1.709684
425.510187 1.714066
425.510187 1.707103
425.510187 1.717808
425.510187 1.713283
425.510187 1.708497
425.510187 1.717534
425.510187 1.710714
425.510187 1.715996
425.510187 1.708656
425.510187 1.709461
425.510187 1.711562
425.510187 1.718067
425.510187 1.710063
425.510187 1.715571
425.510187 1.718940
425.510187 1.712089
425.510187 1.712453
425.510187 1.711896
425.510187 1.714809
425.510187 1.712000
425.510187 1.714321
425.510187 1.727054
425.510187 1.721739
425.510187 1.726649
425.510187 1.724511
425.510187 2.229257
425.510187 2.229509
425.510187 2.229896
425.510187 2.227942
425.510187 2.225766
425.510187 2.232571
425.510187 2.229502
425.510187 2.232058
425.510187 2.229809
425.510187 2.222219
425.510187 2.228964
425.510187 2.233193
425.510187 2.230105
425.510187 2.229447
425.510187 2.235041
425.510187 2.230669
425.510187 2.230466
425.510187 2.236267
425.510187 2.232955
425.510187 2.235957
425.510187 2.239982
425.510187 2.233894
425.510187 2.233664
425.510187 2.233458
425.510187 2.247313
425.510187 2.250590
425.510187 2.244947
425.510187 2.245891
425.510187 2.244414
425.510187 2.253159
425.510187 2.248659
425.510187 2.248777
417.600923 1.411471
417.600923 1.412467
417.600923 1.416404
417.600923 1.417139
417.600923 1.410641
417.600923 1.415162
417.600923 1.416287
417.600923 1.413311
417.600923 1.411553
417.600923 1.416276
417.600923 1.413954
417.600923 1.416543
417.600923 1.420713
417.600923 1.413423
417.600923 1.414555
417.600923 1.419214
417.600923 1.417850
417.600923 1.414040
417.600923 1.415574
417.600923 1.416462
417.600923 1.415382
417.600923 1.415457
417.600923 1.418208
417.600923 1.422902
417.600923 1.422541
417.600923 1.428310
417.600923 1.424341
417.600923 1.419694
417.600923 1.430458
417.600923 1.430054
417.600923 1.426924
417.600923 1.426472
422.098388 1.457758
422.098388 1.458738
422.098388 1.459353
422.098388 1.455592
422.098388 1.460543
422.098388 1.459890
422.098388 1.459898
422.098388 1.457802
422.098388 1.462283
422.098388 1.461141
422.098388 1.462388
422.098388 1.455093
422.098388 1.457580
422.098388 1.458660
422.098388 1.456137
422.098388 1.456788
422.098388 1.460884
422.098388 1.461202
422.098388 1.454307
422.098388 1.457399
422.098388 1.458804
422.098388 1.458005
422.098388 1.457432
422.098388 1.463555
422.098388 1.457761
422.098388 1.459973
422.098388 1.461362
422.098388 1.471159
422.098388 1.461611
422.098388 1.468814
422.098388 1.469353
422.098388 1.468705
421.894793 1.440087
421.894793 1.442858
421.894793 1.442249
421.894793 1.441042
421.894793 1.444688
421.894793 1.437921
421.894793 1.440307
421.894793 1.442001
421.894793 1.439346
421.894793 1.446388
421.894793 1.440917
421.894793 1.443541
421.894793 1.444363
421.894793 1.450733
421.894793 1.439094
421.894793 1.451298
421.894793 1.446768
421.894793 1.448975
421.894793 1.449345
421.894793 1.446396
421.894793 1.456203
421.894793 1.453718
421.894793 1.452864
421.894793 1.455795
421.894793 1.453021
421.894793 1.452742
421.894793 1.450301
421.894793 1.458282
421.894793 1.451802
421.894793 1.454165
421.894793 1.467975
421.894793 1.465237
425.510187 1.942135
425.510187 1.943852
425.510187 1.950008
425.510187 1.941515
425.510187 1.950637
425.510187 1.945366
425.510187 1.950731
425.510187 1.951947
425.510187 1.947184
425.510187 1.949414
425.510187 1.946488
425.510187 1.947482
425.510187 1.954105
425.510187 1.948125
425.510187 1.946486
425.510187 1.949550
425.510187 1.959469
425.510187 1.955395
425.510187 1.960346
425.510187 1.955574
425.510187 1.957049
425.510187 1.958453
425.510187 1.962205
425.510187 1.966298
425.510187 1.945802
425.510187 1.966486
425.510187 1.959205
425.510187 1.961989
425.510187 1.963492
425.510187 1.978514
425.510187 1.974871
425.510187 2.022681
437.869593 1.375788
437.869593 1.374815
437.869593 1.373486
437.869593 1.375202
437.869593 1.376102
437.869593 1.376182
437.869593 1.378099
437.869593 1.371971
437.869593 1.375144
437.869593 1.374454
437.869593 1.376340
437.869593 1.372286
437.869593 1.371339
437.869593 1.374782
437.869593 1.373659
437.869593 1.370889
437.869593 1.376282
437.869593 1.381322
437.869593 1.378417
437.869593 1.373119
437.869593 1.376442
437.869593 1.376988
437.869593 1.379053
437.869593 1.384902
437.869593 1.380988
437.869593 1.374129
437.869593 1.385884
437.869593 1.386145
437.869593 1.386892
437.869593 1.382228
437.869593 1.382275
437.869593 1.385916
422.098388 1.992544
422.098388 1.990785
422.098388 1.992960
422.098388 1.993437
422.098388 1.990286
422.098388 1.991852
422.098388 1.993707
422.098388 1.991067
422.098388 1.997895
422.098388 1.992728
422.098388 1.998611
422.098388 1.997538
422.098388 1.995832
422.098388 1.996706
422.098388 1.995663
422.098388 2.001661
422.098388 2.006113
422.098388 2.002990
422.098388 2.006855
422.098388 2.006981
422.098388 1.999814
422.098388 1.994827
422.098388 2.005462
422.098388 2.003489
422.098388 2.001202
422.098388 2.005220
422.098388 2.009799
422.098388 2.006144
422.098388 2.010362
422.098388 2.004607
422.098388 2.009074
422.098388 2.009381
421.894793 1.383042
421.894793 1.380532
421.894793 1.384460
421.894793 1.386550
421.894793 1.383755
421.894793 1.381853
421.894793 1.379752
421.894793 1.383634
421.894793 1.382404
421.894793 1.385840
421.894793 1.390035
421.894793 1.383918
421.894793 1.381947
421.894793 1.390329
421.894793 1.386708
421.894793 1.383224
421.894793 1.387953
421.894793 1.386296
421.894793 1.384442
421.894793 1.384665
421.894793 1.392009
421.894793 1.391370
421.894793 1.385761
421.894793 1.396591
421.894793 1.386557
421.894793 1.387866
421.894793 1.394585
421.894793 1.386373
421.894793 1.393248
421.894793 1.391535
421.894793 1.402790
421.894793 1.398607
422.098388 2.086767
422.098388 2.088745
422.098388 2.088491
422.098388 2.089550
422.098388 2.088995
422.098388 2.092664
422.098388 2.087946
422.098388 2.091565
422.098388 2.086973
422.098388 2.092875
422.098388 2.087152
422.098388 2.087583
422.098388 2.094267
422.098388 2.091346
422.098388 2.096032
422.098388 2.088970
422.098388 2.084062
422.098388 2.097005
422.098388 2.090543
422.098388 2.090729
422.098388 2.092613
422.098388 2.093756
422.098388 2.092265
422.098388 2.093216
422.098388 2.102143
422.098388 2.104224
422.098388 2.105018
422.098388 2.100959
422.098388 2.102056
422.098388 2.101604
422.098388 2.111523
422.098388 2.110299
425.510187 2.718765
425.510187 2.721263
425.510187 2.720477
425.510187 2.719064
425.510187 2.720794
425.510187 2.717709
425.510187 2.721578
425.510187 2.720735
425.510187 2.722368
425.510187 2.723733
425.510187 2.717756
425.510187 2.715044
425.510187 2.718240
425.510187 2.718642
425.510187 2.717479
425.510187 2.718689
425.510187 2.719772
425.510187 2.718425
425.510187 2.717505
425.510187 2.726802
425.510187 2.722275
425.510187 2.722355
425.510187 2.722220
425.510187 2.723548
425.510187 2.732975
425.510187 2.714173
425.510187 2.735647
425.510187 2.733381
425.510187 2.747745
425.510187 2.742414
425.510187 2.737865
425.510187 2.743540
425.510187 2.458997
425.510187 2.461967
425.510187 2.458925
425.510187 2.464650
425.510187 2.460028
425.510187 2.463079
425.510187 2.464811
425.510187 2.459918
425.510187 2.460568
425.510187 2.460868
425.510187 2.466924
425.510187 2.467992
425.510187 2.469649
425.510187 2.464697
425.510187 2.469145
425.510187 2.464683
425.510187 2.465814
425.510187 2.466677
425.510187 2.464568
425.510187 2.466507
425.510187 2.472371
425.510187 2.469257
425.510187 2.476840
425.510187 2.476288
425.510187 2.473839
425.510187 2.483542
425.510187 2.480804
425.510187 2.479429
425.510187 2.481408
425.510187 2.465520
425.510187 2.488816
425.510187 2.484227
422.098388 1.788736
422.098388 1.791436
422.098388 1.791819
422.098388 1.789750
422.098388 1.796207
422.098388 1.789442
422.098388 1.789396
422.098388 1.791692
422.098388 1.792087
422.098388 1.795588
422.098388 1.788993
422.098388 1.796937
422.098388 1.789505
422.098388 1.789659
422.098388 1.795832
422.098388 1.791150
422.098388 1.789991
422.098388 1.802260
422.098388 1.802885
422.098388 1.796627
422.098388 1.801501
422.098388 1.794929
422.098388 1.796111
422.098388 1.806250
422.098388 1.799606
422.098388 1.810239
422.098388 1.797421
422.098388 1.808865
422.098388 1.802812
422.098388 1.804138
422.098388 1.815077
422.098388 1.809597
421.894793 1.385551
421.894793 1.388500
421.894793 1.389834
421.894793 1.386740
421.894793 1.384843
421.894793 1.384519
421.894793 1.382938
421.894793 1.386336
421.894793 1.382915
421.894793 1.389041
421.894793 1.383979
421.894793 1.386910
421.894793 1.385137
421.894793 1.390673
421.894793 1.389829
421.894793 1.384642
421.894793 1.383993
421.894793 1.385110
421.894793 1.386920
421.894793 1.392120
421.894793 1.398181
421.894793 1.387702
421.894793 1.398824
421.894793 1.397432
421.894793 1.387515
421.894793 1.391793
421.894793 1.392671
421.894793 1.399865
421.894793 1.401646
421.894793 1.392015
421.894793 1.394432
421.894793 1.397025
422.098388 1.899383
422.098388 1.897502
422.098388 1.901917
422.098388 1.902624
422.098388 1.902066
422.098388 1.899548
422.098388 1.896315
422.098388 1.904405
422.098388 1.903223
422.098388 1.901294
422.098388 1.907284
422.098388 1.902067
422.098388 1.907073
422.098388 1.902609
422.098388 1.902160
422.098388 1.905094
422.098388 1.905730
422.098388 1.900181
422.098388 1.902375
422.098388 1.905520
422.098388 1.906860
422.098388 1.903879
422.098388 1.903644
422.098388 1.905660
422.098388 1.904222
422.098388 1.908735
422.098388 1.908132
422.098388 1.902481
422.098388 1.905503
422.098388 1.907757
422.098388 1.920930
422.098388 1.917871
422.098388 2.855258
422.098388 2.857750
422.098388 2.861351
422.098388 2.854608
422.098388 2.863715
422.098388 2.857037
422.098388 2.859054
422.098388 2.858910
422.098388 2.867232
422.098388 2.861952
422.098388 2.868525
422.098388 2.866625
422.098388 2.868605
422.098388 2.863566
422.098388 2.865325
422.098388 2.877147
422.098388 2.880723
422.098388 2.879779
422.098388 2.882076
422.098388 2.874899
422.098388 2.879756
422.098388 2.878779
422.098388 2.876328
422.098388 2.881943
422.098388 2.866597
422.098388 2.884372
422.098388 2.880006
422.098388 2.880846
422.098388 2.894583
422.098388 2.898290
422.098388 2.889442
422.098388 2.894545
422.098388 1.394244
422.098388 1.395398
422.098388 1.399336
422.098388 1.397292
422.098388 1.397364
422.098388 1.393655
422.098388 1.400993
422.098388 1.395203
422.098388 1.394755
422.098388 1.397269
422.098388 1.398740
422.098388 1.396714
422.098388 1.396592
422.098388 1.403602
422.098388 1.396903
422.098388 1.402397
422.098388 1.404238
422.098388 1.399022
422.098388 1.396594
422.098388 1.398476
422.098388 1.396011
422.098388 1.405782
422.098388 1.401547
422.098388 1.401177
422.098388 1.400730
422.098388 1.410858
422.098388 1.406186
422.098388 1.404310
422.098388 1.405565
422.098388 1.415975
422.098388 1.412534
422.098388 1.761730
425.510187 1.532024
425.510187 1.533622
425.510187 1.531966
425.510187 1.534219
425.510187 1.533055
425.510187 1.529620
425.510187 1.529377
425.510187 1.528012
425.510187 1.528293
425.510187 1.534011
425.510187 1.530025
425.510187 1.528409
425.510187 1.528977
425.510187 1.534675
425.510187 1.528813
425.510187 1.532967
425.510187 1.527464
425.510187 1.528964
425.510187 1.535376
425.510187 1.529107
425.510187 1.531628
425.510187 1.530515
425.510187 1.537481
425.510187 1.543000
425.510187 1.541742
425.510187 1.534716
425.510187 1.541702
425.510187 1.536995
425.510187 1.538886
425.510187 1.538314
425.510187 1.548237
425.510187 1.546236
425.510187 1.530357
425.510187 1.531736
425.510187 1.532007
425.510187 1.529165
425.510187 1.530140
425.510187 1.529276
425.510187 1.528967
425.510187 1.532164
425.510187 1.533779
425.510187 1.533212
425.510187 1.534623
425.510187 1.529264
425.510187 1.530270
425.510187 1.531023
425.510187 1.530051
425.510187 1.532402
425.510187 1.530322
425.510187 1.532809
425.510187 1.538896
425.510187 1.542428
425.510187 1.540967
425.510187 1.542435
425.510187 1.543861
425.510187 1.541316
425.510187 1.538282
425.510187 1.539764
425.510187 1.539773
425.510187 1.539561
425.510187 1.543175
425.510187 1.540999
425.510187 1.544970
425.510187 1.540753
425.510187 1.905394
425.510187 1.900960
425.510187 1.896694
425.510187 1.900349
425.510187 1.906914
425.510187 1.904784
425.510187 1.898632
425.510187 1.908725
425.510187 1.906297
425.510187 1.902625
425.510187 1.904314
425.510187 1.902541
425.510187 1.904304
425.510187 1.900577
425.510187 1.899945
425.510187 1.900113
425.510187 1.902084
425.510187 1.902593
425.510187 1.900308
425.510187 1.912729
425.510187 1.905924
425.510187 1.891519
425.510187 1.907728
425.510187 1.908875
425.510187 1.904076
425.510187 1.903659
425.510187 1.920196
425.510187 1.918829
425.510187 1.914817
425.510187 1.915014
425.510187 1.923139
425.510187 1.923171
425.510187 1.956765
425.510187 1.960388
425.510187 1.958052
425.510187 1.962781
425.510187 1.963759
425.510187 1.964751
425.510187 1.958558
425.510187 1.959364
425.510187 1.962584
425.510187 1.959704
425.510187 1.966499
425.510187 1.963815
425.510187 1.960558
425.510187 1.962214
425.510187 1.964094
425.510187 1.969636
425.510187 1.965239
425.510187 1.970894
425.510187 1.966578
425.510187 1.977211
425.510187 1.964082
425.510187 1.973002
425.510187 1.976878
425.510187 1.977786
425.510187 1.973968
425.510187 1.978114
425.510187 1.981589
425.510187 1.975281
425.510187 1.979496
425.510187 1.976361
425.510187 1.984168
425.510187 1.980097
421.894793 1.397314
421.894793 1.397056
421.894793 1.403857
421.894793 1.396250
421.894793 1.402140
421.894793 1.397207
421.894793 1.401880
421.894793 1.405845
421.894793 1.402146
421.894793 1.399445
421.894793 1.399895
421.894793 1.404960
421.894793 1.404636
421.894793 1.400888
421.894793 1.397343
421.894793 1.396548
421.894793 1.396584
421.894793 1.395927
421.894793 1.398370
421.894793 1.400683
421.894793 1.409706
421.894793 1.399496
421.894793 1.412193
421.894793 1.400901
421.894793 1.409937
421.894793 1.404980
421.894793 1.414628
421.894793 1.411676
421.894793 1.406994
421.894793 1.406557
421.894793 1.408478
421.894793 1.407971
425.510187 1.680546
425.510187 1.683838
425.510187 1.682241
425.510187 1.680552
425.510187 1.683895
425.510187 1.685599
425.510187 1.685509
425.510187 1.682475
425.510187 1.685155
425.510187 1.683169
425.510187 1.680970
425.510187 1.685923
425.510187 1.680928
425.510187 1.687074
425.510187 1.685344
425.510187 1.684490
425.510187 1.684214
425.510187 1.690723
425.510187 1.683696
425.510187 1.684210
425.510187 1.695114
425.510187 1.687815
425.510187 1.695667
425.510187 1.684863
425.510187 1.693783
425.510187 1.693799
425.510187 1.699371
425.510187 1.696674
425.510187 1.703082
425.510187 1.701173
425.510187 1.699400
425.510187 1.700724
425.510187 1.720007
425.510187 1.722184
425.510187 1.724129
425.510187 1.723547
425.510187 1.720107
425.510187 1.726592
425.510187 1.724459
425.510187 1.720691
425.510187 1.726723
425.510187 1.727031
425.510187 1.723219
425.510187 1.722093
425.510187 1.721419
425.510187 1.725634
425.510187 1.726455
425.510187 1.723660
425.510187 1.721466
425.510187 1.726845
425.510187 1.723495
425.510187 1.724425
425.510187 1.723109
425.510187 1.729360
425.510187 1.723961
425.510187 1.725623
425.510187 1.737779
425.510187 1.738336
425.510187 1.733436
425.510187 1.737620
425.510187 1.741088
425.510187 1.737092
425.510187 1.736245
425.510187 1.734908
425.510187 2.316592
425.510187 2.322967
425.510187 2.325618
425.510187 2.325950
425.510187 2.323200
425.510187 2.326146
425.510187 2.321600
425.510187 2.322167
425.510187 2.323785
425.510187 2.325644
425.510187 2.330677
425.510187 2.328537
425.510187 2.325201
425.510187 2.327497
425.510187 2.335927
425.510187 2.331245
425.510187 2.329252
425.510187 2.328930
425.510187 2.335247
425.510187 2.336564
425.510187 2.344127
425.510187 2.320840
425.510187 2.340738
425.510187 2.344715
425.510187 2.341536
425.510187 2.350066
425.510187 2.346101
425.510187 2.345236
425.510187 2.346724
425.510187 2.364008
425.510187 2.358973
425.510187 2.400079
425.510187 1.382923
425.510187 1.380390
425.510187 1.385391
425.510187 1.386527
425.510187 1.388001
425.510187 1.381881
425.510187 1.382842
425.510187 1.380194
425.510187 1.388547
425.510187 1.382877
425.510187 1.382274
425.510187 1.380538
425.510187 1.386106
425.510187 1.386893
425.510187 1.382119
425.510187 1.383857
425.510187 1.378268
425.510187 1.387698
425.510187 1.382158
425.510187 1.390397
425.510187 1.382298
425.510187 1.394131
425.510187 1.383529
425.510187 1.385779
425.510187 1.388845
425.510187 1.397145
425.510187 1.387655
425.510187 1.386361
425.510187 1.395753
425.510187 1.392273
425.510187 1.396885
425.510187 1.392442
425.510187 2.197123
425.510187 2.199522
425.510187 2.202119
425.510187 2.197039
425.510187 2.199543
425.510187 2.201654
425.510187 2.201673
425.510187 2.197874
425.510187 2.204266
425.510187 2.203053
425.510187 2.204976
425.510187 2.200639
425.510187 2.196912
425.510187 2.206117
425.510187 2.199477
425.510187 2.201111
425.510187 2.198468
425.510187 2.204782
425.510187 2.202016
425.510187 2.201255
425.510187 2.200975
425.510187 2.202294
425.510187 2.203273
425.510187 2.210680
425.510187 2.201243
425.510187 2.207687
425.510187 2.218815
425.510187 2.219225
425.510187 2.214851
425.510187 2.215067
425.510187 2.224493
425.510187 2.219764
425.510187 1.783507
425.510187 1.783823
425.510187 1.786210
425.510187 1.786871
425.510187 1.783385
425.510187 1.779518
425.510187 1.787041
425.510187 1.785285
425.510187 1.786282
425.510187 1.782931
425.510187 1.785263
425.510187 1.784727
425.510187 1.784117
425.510187 1.790446
425.510187 1.783653
425.510187 1.786139
425.510187 1.783510
425.510187 1.782842
425.510187 1.786566
425.510187 1.784767
425.510187 1.792531
425.510187 1.785221
425.510187 1.800283
425.510187 1.799300
425.510187 1.791347
425.510187 1.798673
425.510187 1.801072
425.510187 1.795193
425.510187 1.798047
425.510187 1.796258
425.510187 1.797164
425.510187 1.859036
422.098388 2.032167
422.098388 2.027792
422.098388 2.027405
422.098388 2.026763
422.098388 2.028561
422.098388 2.028459
422.098388 2.033011
422.098388 2.024427
422.098388 2.033970
422.098388 2.024701
422.098388 2.027756
422.098388 2.028125
422.098388 2.022913
422.098388 2.025278
422.098388 2.030901
422.098388 2.030169
422.098388 2.027604
422.098388 2.027696
422.098388 2.027813
422.098388 2.028779
422.098388 2.025784
422.098388 2.035576
422.098388 2.027108
422.098388 2.027315
422.098388 2.030528
422.098388 2.037315
422.098388 2.032573
422.098388 2.045033
422.098388 2.040101
422.098388 2.027476
422.098388 2.049700
422.098388 2.043976
422.098388 1.419240
422.098388 1.422114
422.098388 1.420904
422.098388 1.417175
422.098388 1.421445
422.098388 1.425283
422.098388 1.419880
422.098388 1.420240
422.098388 1.421757
422.098388 1.423057
422.098388 1.418291
422.098388 1.422824
422.098388 1.422988
422.098388 1.419736
422.098388 1.418204
422.098388 1.420383
422.098388 1.418210
422.098388 1.421938
422.098388 1.418584
422.098388 1.421993
422.098388 1.416516
422.098388 1.418998
422.098388 1.420627
422.098388 1.430679
422.098388 1.429534
422.098388 1.421902
422.098388 1.430930
422.098388 1.428878
422.098388 1.426994
422.098388 1.424961
422.098388 1.445581
422.098388 1.438224
425.510187 2.324247
425.510187 2.330504
425.510187 2.330678
425.510187 2.324146
425.510187 2.333899
425.510187 2.325526
425.510187 2.330538
425.510187 2.327162
425.510187 2.331580
425.510187 2.326131
425.510187 2.329047
425.510187 2.327020
425.510187 2.334025
425.510187 2.327389
425.510187 2.335758
425.510187 2.329174
425.510187 2.332268
425.510187 2.327528
425.510187 2.330601
425.510187 2.332450
425.510187 2.332810
425.510187 2.328235
425.510187 2.332743
425.510187 2.328748
425.510187 2.329355
425.510187 2.333618
425.510187 2.331186
425.510187 2.332531
425.510187 2.343606
425.510187 2.336679
425.510187 2.349489
425.510187 2.344971
430.494639 1.500524
430.494639 1.502699
430.494639 1.500954
430.494639 1.504700
430.494639 1.503023
430.494639 1.504354
430.494639 1.501372
430.494639 1.502821
430.494639 1.509964
430.494639 1.503500
430.494639 1.507667
430.494639 1.499985
430.494639 1.505768
430.494639 1.505894
430.494639 1.506460
430.494639 1.511491
430.494639 1.504527
430.494639 1.509322
430.494639 1.510860
430.494639 1.512537
430.494639 1.507987
430.494639 1.507338
430.494639 1.510193
430.494639 1.516156
430.494639 1.511047
430.494639 1.518069
430.494639 1.513549
430.494639 1.515287
430.494639 1.518500
430.494639 1.519903
430.494639 1.515923
430.494639 1.516363
425.510187 1.908186
425.510187 1.912580
425.510187 1.911588
425.510187 1.907366
425.510187 1.909777
425.510187 1.910054
425.510187 1.913272
425.510187 1.913316
425.510187 1.910546
425.510187 1.915863
425.510187 1.907396
425.510187 1.908530
425.510187 1.917708
425.510187 1.909034
425.510187 1.918740
425.510187 1.908884
425.510187 1.909846
425.510187 1.917729
425.510187 1.912295
425.510187 1.914144
425.510187 1.922197
425.510187 1.916737
425.510187 1.917430
425.510187 1.911558
425.510187 1.914067
425.510187 1.920539
425.510187 1.927480
425.510187 1.931143
425.510187 1.925578
425.510187 1.933145
425.510187 1.932328
425.510187 1.922552
422.098388 3.640416
422.098388 3.638130
422.098388 3.646018
422.098388 3.644009
422.098388 3.641495
422.098388 3.648697
422.098388 3.643361
422.098388 3.639435
422.098388 3.649129
422.098388 3.653176
422.098388 3.648361
422.098388 3.659724
422.098388 3.655333
422.098388 3.641366
422.098388 3.668133
422.098388 3.666060
422.098388 3.674953
422.098388 3.674216
422.098388 3.670057
422.098388 3.674305
422.098388 3.668758
422.098388 3.678281
422.098388 3.674910
422.098388 3.670457
422.098388 3.674046
422.098388 3.674047
422.098388 3.670680
422.098388 3.687048
422.098388 3.689087
422.098388 3.692475
422.098388 3.682952
422.098388 3.685655
427.717013 1.386377
427.717013 1.388818
427.717013 1.386288
427.717013 1.393930
427.717013 1.388485
427.717013 1.390974
427.717013 1.396905
427.717013 1.396503
427.717013 1.394459
427.717013 1.388122
427.717013 1.388482
427.717013 1.390653
427.717013 1.398452
427.717013 1.395723
427.717013 1.395280
427.717013 1.390576
427.717013 1.391455
427.717013 1.392431
427.717013 1.399234
427.717013 1.402727
427.717013 1.392911
427.717013 1.392331
427.717013 1.399105
427.717013 1.391402
427.717013 1.395600
427.717013 1.398326
427.717013 1.394497
427.717013 1.396825
427.717013 1.395133
427.717013 1.397790
427.717013 1.406311
427.717013 1.399821
438.073188 1.644528
438.073188 1.645007
438.073188 1.643838
438.073188 1.647330
438.073188 1.643409
438.073188 1.648645
438.073188 1.645298
438.073188 1.649536
438.073188 1.648628
438.073188 1.650435
438.073188 1.659177
438.073188 1.648116
438.073188 1.659487
438.073188 1.659427
438.073188 1.658685
438.073188 1.657048
438.073188 1.661449
438.073188 1.656103
438.073188 1.656399
438.073188 1.663071
438.073188 1.660105
438.073188 1.658060
438.073188 1.660031
438.073188 1.659220
438.073188 1.665468
438.073188 1.664359
438.073188 1.662531
438.073188 1.661519
438.073188 1.665678
438.073188 1.663152
438.073188 1.643648
438.073188 1.667197
417.600923 1.361431
417.600923 1.361536
417.600923 1.361031
417.600923 1.360307
417.600923 1.360203
417.600923 1.365055
417.600923 1.365028
417.600923 1.365534
417.600923 1.359398
417.600923 1.359080
417.600923 1.361996
417.600923 1.360256
417.600923 1.365574
417.600923 1.361090
417.600923 1.360278
417.600923 1.359951
417.600923 1.361440
417.600923 1.368538
417.600923 1.361801
417.600923 1.366683
417.600923 1.371394
417.600923 1.369604
417.600923 1.364631
417.600923 1.362662
417.600923 1.366990
417.600923 1.368475
417.600923 1.374566
417.600923 1.364821
417.600923 1.370912
417.600923 1.376920
417.600923 1.370672
417.600923 1.396965
422.098388 1.401129
422.098388 1.407290
422.098388 1.400121
422.098388 1.402915
422.098388 1.397218
422.098388 1.406485
422.098388 1.406125
422.098388 1.406446
422.098388 1.402388
422.098388 1.397636
422.098388 1.404751
422.098388 1.398280
422.098388 1.400748
422.098388 1.401865
422.098388 1.400692
422.098388 1.407387
422.098388 1.400767
422.098388 1.399324
422.098388 1.400020
422.098388 1.407774
422.098388 1.411630
422.098388 1.401768
422.098388 1.416635
422.098388 1.409299
422.098388 1.401507
422.098388 1.411096
422.098388 1.417351
422.098388 1.407090
422.098388 1.404355
422.098388 1.405894
422.098388 1.409375
422.098388 1.411682
425.510187 1.587420
425.510187 1.585416
425.510187 1.586154
425.510187 1.585972
425.510187 1.586036
425.510187 1.585267
425.510187 1.585859
425.510187 1.588222
425.510187 1.588618
425.510187 1.585288
425.510187 1.587458
425.510187 1.586294
425.510187 1.587783
425.510187 1.588184
425.510187 1.588123
425.510187 1.586926
425.510187 1.586812
425.510187 1.587802
425.510187 1.587400
425.510187 1.584166
425.510187 1.597448
425.510187 1.596348
425.510187 1.598765
425.510187 1.600945
425.510187 1.596038
425.510187 1.600084
425.510187 1.597353
425.510187 1.603363
425.510187 1.598478
425.510187 1.601199
425.510187 1.600007
425.510187 1.607473
422.098388 1.652782
422.098388 1.654231
422.098388 1.652435
422.098388 1.655667
422.098388 1.655258
422.098388 1.651563
422.098388 1.652726
422.098388 1.653526
422.098388 1.652899
422.098388 1.657622
422.098388 1.657348
422.098388 1.653999
422.098388 1.653246
422.098388 1.652079
422.098388 1.655225
422.098388 1.652624
422.098388 1.653703
422.098388 1.653573
422.098388 1.656303
422.098388 1.660653
422.098388 1.654006
422.098388 1.663645
422.098388 1.667143
422.098388 1.661802
422.098388 1.660181
422.098388 1.666494
422.098388 1.671149
422.098388 1.663415
422.098388 1.663881
422.098388 1.667509
422.098388 1.667961
422.098388 1.663859
425.510187 2.146764
425.510187 2.148705
425.510187 2.148897
425.510187 2.146021
425.510187 2.149577
425.510187 2.148659
425.510187 2.154717
425.510187 2.154510
425.510187 2.148616
425.510187 2.148298
425.510187 2.151041
425.510187 2.147261
425.510187 2.154351
425.510187 2.159021
425.510187 2.160474
425.510187 2.156155
425.510187 2.156263
425.510187 2.155457
425.510187 2.157997
425.510187 2.154051
425.510187 2.142186
425.510187 2.153038
425.510187 2.165548
425.510187 2.155324
425.510187 2.166707
425.510187 2.165503
425.510187 2.172519
425.510187 2.168430
425.510187 2.176892
425.510187 2.175550
425.510187 2.172374
425.510187 2.191944
425.510187 1.565159
425.510187 1.564820
425.510187 1.573497
425.510187 1.572807
425.510187 1.572586
425.510187 1.573131
425.510187 1.571015
425.510187 1.573083
425.510187 1.567091
425.510187 1.576617
425.510187 1.567213
425.510187 1.568946
425.510187 1.567025
425.510187 1.572506
425.510187 1.577513
425.510187 1.581935
425.510187 1.578138
425.510187 1.583910
425.510187 1.573663
425.510187 1.577196
425.510187 1.579301
425.510187 1.583002
425.510187 1.586844
425.510187 1.582522
425.510187 1.578294
425.510187 1.585258
425.510187 1.583004
425.510187 1.582353
425.510187 1.593053
425.510187 1.595112
425.510187 1.582379
425.510187 1.585787
434.788509 1.405589
434.788509 1.407532
434.788509 1.408888
434.788509 1.406342
434.788509 1.405422
434.788509 1.407279
434.788509 1.408377
434.788509 1.405411
434.788509 1.405573
434.788509 1.409531
434.788509 1.404746
434.788509 1.410575
434.788509 1.407914
434.788509 1.409665
434.788509 1.404912
434.788509 1.404395
434.788509 1.407751
434.788509 1.411819
434.788509 1.406649
434.788509 1.408171
434.788509 1.408222
434.788509 1.416002
434.788509 1.409280
434.788509 1.414108
434.788509 1.415027
434.788509 1.415326
434.788509 1.418848
434.788509 1.413408
434.788509 1.415351
434.788509 1.410576
434.788509 1.420438
434.788509 1.416708
425.510187 1.415694
425.510187 1.414867
425.510187 1.416728
425.510187 1.415595
425.510187 1.413722
425.510187 1.415000
425.510187 1.414275
425.510187 1.417437
425.510187 1.425452
425.510187 1.423066
425.510187 1.423494
425.510187 1.416787
425.510187 1.424292
425.510187 1.423491
425.510187 1.416403
425.510187 1.420888
425.510187 1.420954
425.510187 1.418172
425.510187 1.420306
425.510187 1.418254
425.510187 1.424351
425.510187 1.417600
425.510187 1.417958
425.510187 1.419121
425.510187 1.419130
425.510187 1.421674
425.510187 1.430998
425.510187 1.435603
425.510187 1.431826
425.510187 1.426896
425.510187 1.427936
425.510187 1.430825
425.510187 3.222004
425.510187 3.221826
425.510187 3.230974
425.510187 3.230590
425.510187 3.231691
425.510187 3.232222
425.510187 3.229686
425.510187 3.232229
425.510187 3.229268
425.510187 3.231530
425.510187 3.235149
425.510187 3.228075
425.510187 3.230341
425.510187 3.237114
425.510187 3.229009
425.510187 3.230390
425.510187 3.234829
425.510187 3.233587
425.510187 3.239579
425.510187 3.237760
425.510187 3.249924
425.510187 3.248285
425.510187 3.253363
425.510187 3.251862
425.510187 3.252157
425.510187 3.258495
425.510187 3.260989
425.510187 3.254371
425.510187 3.258186
425.510187 3.265580
425.510187 3.245481
425.510187 3.265669
417.600923 1.362454
417.600923 1.360422
417.600923 1.363263
417.600923 1.362197
417.600923 1.358317
417.600923 1.361306
417.600923 1.361424
417.600923 1.364822
417.600923 1.359909
417.600923 1.361860
417.600923 1.357958
417.600923 1.357136
417.600923 1.358987
417.600923 1.363025
417.600923 1.356394
417.600923 1.356851
417.600923 1.357720
417.600923 1.357276
417.600923 1.358722
417.600923 1.367869
417.600923 1.362185
417.600923 1.367193
417.600923 1.365326
417.600923 1.362685
417.600923 1.361379
417.600923 1.367554
417.600923 1.366949
417.600923 1.367091
417.600923 1.374430
417.600923 1.371286
417.600923 1.367583
417.600923 1.367757
421.894793 1.397246
421.894793 1.396106
421.894793 1.396860
421.894793 1.400171
421.894793 1.397557
421.894793 1.394477
421.894793 1.401019
421.894793 1.395690
421.894793 1.398242
421.894793 1.396115
421.894793 1.396313
421.894793 1.398459
421.894793 1.402387
421.894793 1.396412
421.894793 1.398816
421.894793 1.401117
421.894793 1.396328
421.894793 1.402611
421.894793 1.397208
421.894793 1.397065
421.894793 1.402712
421.894793 1.403686
421.894793 1.405870
421.894793 1.399647
421.894793 1.399634
421.894793 1.407108
421.894793 1.400559
421.894793 1.396316
421.894793 1.404436
421.894793 1.412183
421.894793 1.406937
421.894793 1.408290
441.484986 1.849045
441.484986 1.852083
441.484986 1.853107
441.484986 1.851220
441.484986 1.855168
441.484986 1.847620
441.484986 1.850419
441.484986 1.854485
441.484986 1.850812
441.484986 1.855567
441.484986 1.856163
441.484986 1.851465
441.484986 1.851337
441.484986 1.850414
441.484986 1.853031
441.484986 1.851016
441.484986 1.855131
441.484986 1.855828
441.484986 1.857317
441.484986 1.853215
441.484986 1.855895
441.484986 1.855449
441.484986 1.857807
441.484986 1.850183
441.484986 1.855866
441.484986 1.858573
441.484986 1.864136
441.484986 1.868149
441.484986 1.862706
441.484986 1.866595
441.484986 1.870044
441.484986 1.866409
423.510023 1.352516
423.510023 1.354733
423.510023 1.354786
423.510023 1.356845
423.510023 1.354431
423.510023 1.356854
423.510023 1.351671
423.510023 1.355539
423.510023 1.358382
423.510023 1.355660
423.510023 1.353384
423.510023 1.351998
423.510023 1.355044
423.510023 1.360018
423.510023 1.355852
423.510023 1.353252
423.510023 1.355984
423.510023 1.362530
423.510023 1.354697
423.510023 1.352584
423.510023 1.354370
423.510023 1.362753
423.510023 1.358579
423.510023 1.351031
423.510023 1.357272
423.510023 1.353311
423.510023 1.360596
423.510023 1.360049
423.510023 1.354803
423.510023 1.354546
423.510023 1.362400
423.510023 1.361606
423.510023 1.396497
423.510023 1.395268
423.510023 1.396068
423.510023 1.397513
423.510023 1.399414
423.510023 1.397388
423.510023 1.400146
423.510023 1.395985
423.510023 1.399021
423.510023 1.395037
423.510023 1.396602
423.510023 1.399197
423.510023 1.396835
423.510023 1.398217
423.510023 1.396756
423.510023 1.396216
423.510023 1.403159
423.510023 1.397359
423.510023 1.399256
423.510023 1.395706
423.510023 1.407250
423.510023 1.409870
423.510023 1.407994
423.510023 1.405233
423.510023 1.402742
423.510023 1.409419
423.510023 1.411360
423.510023 1.406217
423.510023 1.412139
423.510023 1.406370
423.510023 1.409377
423.510023 1.409801
425.510187 2.165427
425.510187 2.167199
425.510187 2.167012
425.510187 2.169593
425.510187 2.167360
425.510187 2.165837
425.510187 2.167437
425.510187 2.166262
425.510187 2.170954
425.510187 2.170464
425.510187 2.165796
425.510187 2.172897
425.510187 2.169746
425.510187 2.167335
425.510187 2.167082
425.510187 2.169134
425.510187 2.172044
425.510187 2.167992
425.510187 2.166485
425.510187 2.170496
425.510187 2.167640
425.510187 2.169149
425.510187 2.170573
425.510187 2.165042
425.510187 2.174050
425.510187 2.177817
425.510187 2.181176
425.510187 2.179931
425.510187 2.187157
425.510187 2.184301
425.510187 2.188141
425.510187 2.190360
422.098388 2.454494
422.098388 2.458648
422.098388 2.456562
422.098388 2.454040
422.098388 2.460023
422.098388 2.453218
422.098388 2.453249
422.098388 2.463937
422.098388 2.465304
422.098388 2.456019
422.098388 2.459289
422.098388 2.460871
422.098388 2.459375
422.098388 2.460118
422.098388 2.456462
422.098388 2.458976
422.098388 2.471924
422.098388 2.460719
422.098388 2.465059
422.098388 2.468043
422.098388 2.467966
422.098388 2.477964
422.098388 2.480774
422.098388 2.477164
422.098388 2.478973
422.098388 2.472552
422.098388 2.473948
422.098388 2.474655
422.098388 2.476754
422.098388 2.484104
422.098388 2.479498
422.098388 2.473442
422.098388 1.377153
422.098388 1.376307
422.098388 1.375345
422.098388 1.374870
422.098388 1.382597
422.098388 1.374595
422.098388 1.382149
422.098388 1.382599
422.098388 1.379322
422.098388 1.380154
422.098388 1.372793
422.098388 1.382495
422.098388 1.378206
422.098388 1.385309
422.098388 1.384980
422.098388 1.384283
422.098388 1.377549
422.098388 1.379070
422.098388 1.381089
422.098388 1.379312
422.098388 1.378606
422.098388 1.387873
422.098388 1.391219
422.098388 1.392475
422.098388 1.386410
422.098388 1.391528
422.098388 1.391372
422.098388 1.388966
422.098388 1.387466
422.098388 1.388800
422.098388 1.399905
422.098388 1.397640
422.098388 2.949403
422.098388 2.953590
422.098388 2.946588
422.098388 2.951071
422.098388 2.947695
422.098388 2.951067
422.098388 2.946217
422.098388 2.956997
422.098388 2.950600
422.098388 2.953872
422.098388 2.954432
422.098388 2.947121
422.098388 2.947127
422.098388 2.947357
422.098388 2.949072
422.098388 2.956417
422.098388 2.959327
422.098388 2.951293
422.098388 2.950979
422.098388 2.953588
422.098388 2.951072
422.098388 2.950617
422.098388 2.952618
422.098388 2.962734
422.098388 2.958806
422.098388 2.955460
422.098388 2.964482
422.098388 2.944530
422.098388 2.962051
422.098388 2.966324
422.098388 2.971926
422.098388 2.968157
425.810137 1.397513
425.810137 1.397278
425.810137 1.402546
425.810137 1.395880
425.810137 1.398775
425.810137 1.402769
425.810137 1.397943
425.810137 1.396761
425.810137 1.397579
425.810137 1.403927
425.810137 1.403293
425.810137 1.400345
425.810137 1.400155
425.810137 1.402184
425.810137 1.402316
425.810137 1.401125
425.810137 1.400490
425.810137 1.405869
425.810137 1.398247
425.810137 1.406510
425.810137 1.402534
425.810137 1.408208
425.810137 1.404441
425.810137 1.406794
425.810137 1.411796
425.810137 1.413058
425.810137 1.406514
425.810137 1.412722
425.810137 1.411913
425.810137 1.410117
425.810137 1.409921
425.810137 1.409031
432.691991 1.349961
432.691991 1.352976
432.691991 1.353408
432.691991 1.350467
432.691991 1.351730
432.691991 1.351171
432.691991 1.353759
432.691991 1.354142
432.691991 1.349604
432.691991 1.351272
432.691991 1.349963
432.691991 1.349360
432.691991 1.358541
432.691991 1.350763
432.691991 1.351239
432.691991 1.351174
432.691991 1.358338
432.691991 1.350651
432.691991 1.351368
432.691991 1.356762
432.691991 1.354340
432.691991 1.352843
432.691991 1.353278
432.691991 1.354527
432.691991 1.366188
432.691991 1.368409
432.691991 1.363876
432.691991 1.363458
432.691991 1.366081
432.691991 1.368650
432.691991 1.364594
432.691991 1.362390
417.600923 1.342347
417.600923 1.341844
417.600923 1.345467
417.600923 1.346385
417.600923 1.341702
417.600923 1.346271
417.600923 1.341470
417.600923 1.344914
417.600923 1.347345
417.600923 1.345987
417.600923 1.344759
417.600923 1.341968
417.600923 1.344675
417.600923 1.343392
417.600923 1.346086
417.600923 1.348300
417.600923 1.341908
417.600923 1.343455
417.600923 1.347714
417.600923 1.344272
417.600923 1.345366
417.600923 1.342322
417.600923 1.340611
417.600923 1.341639
417.600923 1.342634
417.600923 1.341901
417.600923 1.342973
417.600923 1.349652
417.600923 1.344433
417.600923 1.345790
417.600923 1.357687
417.600923 1.352879
425.810137 1.348201
425.810137 1.352732
425.810137 1.352757
425.810137 1.351978
425.810137 1.354165
425.810137 1.347839
425.810137 1.352634
425.810137 1.356044
425.810137 1.351639
425.810137 1.352568
425.810137 1.355699
425.810137 1.357588
425.810137 1.351373
425.810137 1.352198
425.810137 1.354433
425.810137 1.353501
425.810137 1.357165
425.810137 1.355948
425.810137 1.354345
425.810137 1.362487
425.810137 1.362551
425.810137 1.356959
425.810137 1.354849
425.810137 1.356650
425.810137 1.360997
425.810137 1.361584
425.810137 1.365250
425.810137 1.367334
425.810137 1.364985
425.810137 1.364366
425.810137 1.365731
425.810137 1.362501
425.510187 1.423618
425.510187 1.423042
425.510187 1.425969
425.510187 1.424996
425.510187 1.425460
425.510187 1.425153
425.510187 1.426359
425.510187 1.427753
425.510187 1.427756
425.510187 1.428549
425.510187 1.426605
425.510187 1.429445
425.510187 1.430306
425.510187 1.435969
422.098388 1.755794
422.098388 1.753758
422.098388 1.756739
422.098388 1.758271
422.098388 1.757565
422.098388 1.756759
422.098388 1.759739
422.098388 1.759352
422.098388 1.760572
422.098388 1.761694
422.098388 1.764826
422.098388 1.766876
422.098388 1.874178
422.098388 1.872447
422.098388 1.878173
422.098388 1.876496
422.098388 1.879118
422.098388 1.875088
425.510187 1.416443
425.510187 1.417030
425.510187 1.424999
425.510187 1.425077
425.510187 1.423896
425.510187 1.419192
425.510187 1.423850
425.510187 1.426239
425.510187 1.421824
425.510187 1.419516
425.510187 1.425104
425.510187 1.424483
425.510187 1.418670
425.510187 1.418995
425.510187 1.420957
425.510187 1.419759
425.510187 1.427872
425.510187 1.420027
425.510187 1.434959
425.510187 1.423857
425.510187 1.416171
425.510187 1.436059
425.510187 1.429811
425.510187 1.436315
425.510187 1.434331
425.510187 1.430408
425.510187 1.436432
425.510187 1.430383
425.510187 1.429173
425.510187 1.429663
425.510187 1.449979
425.510187 1.445019
425.510187 2.133645
425.510187 2.132443
425.510187 2.130196
425.510187 2.131928
425.510187 2.136230
425.510187 2.132948
425.510187 2.128623
425.510187 2.133853
425.510187 2.136927
425.510187 2.130828
425.510187 2.132172
425.510187 2.132400
425.510187 2.136540
425.510187 2.128241
425.510187 2.145333
425.510187 2.143471
425.510187 2.144428
425.510187 2.141121
425.510187 2.140479
425.510187 2.144126
425.510187 2.144232
425.510187 2.149296
425.510187 2.145382
425.510187 2.149246
425.510187 2.152941
425.510187 2.150437
425.510187 2.150576
425.510187 2.144687
425.510187 2.149230
425.510187 2.147215
425.510187 2.146957
425.510187 2.140702
422.098388 2.597798
422.098388 2.601518
422.098388 2.599305
422.098388 2.604569
422.098388 2.597720
422.098388 2.605594
422.098388 2.604706
422.098388 2.604515
422.098388 2.606729
422.098388 2.603609
422.098388 2.604503
422.098388 2.601539
422.098388 2.598403
422.098388 2.600996
422.098388 2.601349
422.098388 2.600782
422.098388 2.600852
422.098388 2.603539
422.098388 2.608257
422.098388 2.608416
422.098388 2.607090
422.098388 2.608906
422.098388 2.604566
422.098388 2.605480
422.098388 2.606296
422.098388 2.620061
422.098388 2.613317
422.098388 2.626717
422.098388 2.624184
422.098388 2.622875
422.098388 2.621576
422.098388 2.610115
425.810137 1.355778
425.810137 1.361232
425.810137 1.364557
425.810137 1.360525
425.810137 1.365896
425.810137 1.358028
425.810137 1.357883
425.810137 1.359684
425.810137 1.364351
425.810137 1.365814
425.810137 1.365225
425.810137 1.364121
425.810137 1.361508
425.810137 1.365544
425.810137 1.359701
425.810137 1.364929
425.810137 1.359132
425.810137 1.363048
425.810137 1.361254
425.810137 1.352365
425.810137 1.370243
425.810137 1.361732
425.810137 1.372139
425.810137 1.362185
425.810137 1.369137
425.810137 1.370397
425.810137 1.369791
425.810137 1.375816
425.810137 1.367000
425.810137 1.372845
425.810137 1.374791
425.810137 1.373589
422.098388 1.348336
422.098388 1.350750
422.098388 1.349413
422.098388 1.351452
422.098388 1.351543
422.098388 1.349536
422.098388 1.348296
422.098388 1.347632
422.098388 1.351498
422.098388 1.352434
422.098388 1.350837
422.098388 1.350692
422.098388 1.354441
422.098388 1.354960
422.098388 1.353030
422.098388 1.349356
422.098388 1.353036
422.098388 1.349505
422.098388 1.351803
422.098388 1.351567
422.098388 1.350274
422.098388 1.350518
422.098388 1.356983
422.098388 1.352382
422.098388 1.353661
422.098388 1.356781
422.098388 1.362343
422.098388 1.361088
422.098388 1.356488
422.098388 1.360552
422.098388 1.359240
422.098388 1.355730
425.510187 2.104315
425.510187 2.107668
425.510187 2.106947
425.510187 2.111513
425.510187 2.106701
425.510187 2.106977
425.510187 2.106886
425.510187 2.106012
425.510187 2.110880
425.510187 2.109091
425.510187 2.113192
425.510187 2.115102
425.510187 2.112046
425.510187 2.114661
425.510187 2.108814
425.510187 2.114929
425.510187 2.109181
425.510187 2.101131
425.510187 2.111163
425.510187 2.110660
425.510187 2.110402
425.510187 2.112282
425.510187 2.117272
425.510187 2.113886
425.510187 2.121334
425.510187 2.124593
425.510187 2.118848
425.510187 2.119994
425.510187 2.128790
425.510187 2.129586
425.510187 2.126631
425.510187 2.127994
417.600923 1.382979
417.600923 1.385056
417.600923 1.388975
417.600923 1.382253
417.600923 1.390966
417.600923 1.391821
417.600923 1.386051
417.600923 1.385296
417.600923 1.393197
417.600923 1.389377
417.600923 1.387811
417.600923 1.382676
417.600923 1.388947
417.600923 1.392414
417.600923 1.392245
417.600923 1.387056
417.600923 1.389481
417.600923 1.392597
417.600923 1.386726
417.600923 1.395982
417.600923 1.388085
417.600923 1.389217
417.600923 1.399169
417.600923 1.391789
417.600923 1.398790
417.600923 1.382476
417.600923 1.397929
417.600923 1.396051
417.600923 1.393197
417.600923 1.396803
417.600923 1.397439
417.600923 1.397252
422.098388 3.143225
422.098388 3.141519
422.098388 3.140997
422.098388 3.146985
422.098388 3.147183
422.098388 3.145213
422.098388 3.147801
422.098388 3.144265
422.098388 3.149825
422.098388 3.150693
422.098388 3.146415
422.098388 3.147709
422.098388 3.146709
422.098388 3.146289
422.098388 3.148035
422.098388 3.149163
422.098388 3.153111
422.098388 3.151353
422.098388 3.151642
422.098388 3.137329
422.098388 3.158194
422.098388 3.162070
422.098388 3.161611
422.098388 3.167870
422.098388 3.165884
422.098388 3.165534
422.098388 3.169569
422.098388 3.172904
422.098388 3.170155
422.098388 3.166881
422.098388 3.169478
422.098388 3.167740
421.894793 1.424678
421.894793 1.425704
421.894793 1.423720
421.894793 1.425682
421.894793 1.423798
421.894793 1.430540
421.894793 1.422986
421.894793 1.426146
421.894793 1.431604
421.894793 1.431939
421.894793 1.431206
421.894793 1.428188
421.894793 1.426363
421.894793 1.426334
421.894793 1.426471
421.894793 1.428866
421.894793 1.428059
421.894793 1.428074
421.894793 1.432057
421.894793 1.436721
421.894793 1.430954
421.894793 1.435939
421.894793 1.441592
421.894793 1.435609
421.894793 1.440805
421.894793 1.441058
421.894793 1.441972
421.894793 1.438874
421.894793 1.437380
421.894793 1.439141
421.894793 1.440909
421.894793 1.433222
421.894793 1.408773
421.894793 1.411748
421.894793 1.409326
421.894793 1.407043
421.894793 1.407170
421.894793 1.408960
421.894793 1.417234
421.894793 1.414278
421.894793 1.412986
421.894793 1.420366
421.894793 1.409158
421.894793 1.411257
421.894793 1.411537
421.894793 1.420931
421.894793 1.403846
421.894793 1.413413
421.894793 1.422673
421.894793 1.419224
421.894793 1.418422
421.894793 1.423267
421.894793 1.425536
421.894793 1.424100
421.894793 1.417636
421.894793 1.418755
421.894793 1.421181
421.894793 1.419734
421.894793 1.420999
421.894793 1.427022
421.894793 1.427551
421.894793 1.424974
421.894793 1.424548
421.894793 1.458193
425.510187 1.396310
425.510187 1.396164
425.510187 1.408274
425.510187 1.405124
425.510187 1.408285
425.510187 1.404216
425.510187 1.409174
425.510187 1.404309
425.510187 1.408401
425.510187 1.403534
425.510187 1.404747
425.510187 1.399640
425.510187 1.407397
425.510187 1.401893
425.510187 1.410170
425.510187 1.413838
425.510187 1.402921
425.510187 1.409760
425.510187 1.402528
425.510187 1.403224
425.510187 1.409371
425.510187 1.413087
425.510187 1.405281
425.510187 1.404524
425.510187 1.407717
425.510187 1.417742
425.510187 1.398065
425.510187 1.419461
425.510187 1.411942
425.510187 1.414073
425.510187 1.420243
425.510187 1.419972
425.510187 1.760320
425.510187 1.762602
425.510187 1.765131
425.510187 1.759907
425.510187 1.760941
425.510187 1.762248
425.510187 1.766548
425.510187 1.764870
425.510187 1.767888
425.510187 1.770373
425.510187 1.763655
425.510187 1.764214
425.510187 1.769967
425.510187 1.770855
425.510187 1.772479
425.510187 1.770443
425.510187 1.771821
425.510187 1.764544
425.510187 1.769485
425.510187 1.766598
425.510187 1.772479
425.510187 1.767235
425.510187 1.768736
425.510187 1.767341
425.510187 1.767224
425.510187 1.770900
425.510187 1.768420
425.510187 1.771616
425.510187 1.767817
425.510187 1.775001
425.510187 1.771807
425.510187 1.763106
425.510187 1.448423
425.510187 1.449338
425.510187 1.449298
425.510187 1.448367
425.510187 1.448983
425.510187 1.452957
425.510187 1.454504
425.510187 1.453494
425.510187 1.456441
425.510187 1.449401
425.510187 1.450425
425.510187 1.453740
425.510187 1.452100
425.510187 1.458640
425.510187 1.452125
425.510187 1.452850
425.510187 1.458304
425.510187 1.460177
425.510187 1.460733
425.510187 1.457789
425.510187 1.461307
425.510187 1.460064
425.510187 1.461561
425.510187 1.460007
425.510187 1.457436
425.510187 1.459968
425.510187 1.460676
425.510187 1.460157
425.510187 1.459057
425.510187 1.452396
425.510187 1.462610
425.510187 1.461815
425.810137 1.421260
425.810137 1.421954
425.810137 1.424219
425.810137 1.423342
425.810137 1.421732
425.810137 1.425353
425.810137 1.422213
425.810137 1.422554
425.810137 1.421847
425.810137 1.426520
425.810137 1.421736
425.810137 1.423301
425.810137 1.422935
425.810137 1.427458
425.810137 1.425290
425.810137 1.431000
425.810137 1.432835
425.810137 1.427625
425.810137 1.431792
425.810137 1.425862
425.810137 1.430931
425.810137 1.430551
425.810137 1.433024
425.810137 1.420641
425.810137 1.430928
425.810137 1.435921
425.810137 1.434829
425.810137 1.433431
425.810137 1.431561
425.810137 1.433561
425.810137 1.441678
425.810137 1.439651
422.098388 2.571191
422.098388 2.571135
422.098388 2.567245
422.098388 2.565913
422.098388 2.573133
422.098388 2.569975
422.098388 2.576886
422.098388 2.569643
422.098388 2.571384
422.098388 2.575680
422.098388 2.573255
422.098388 2.573835
422.098388 2.572091
422.098388 2.571056
422.098388 2.576477
422.098388 2.572565
422.098388 2.580817
422.098388 2.577612
422.098388 2.583612
422.098388 2.580594
422.098388 2.590014
422.098388 2.590207
422.098388 2.592904
422.098388 2.587611
422.098388 2.586839
422.098388 2.589819
422.098388 2.588792
422.098388 2.595193
422.098388 2.593035
422.098388 2.597428
422.098388 2.595247
422.098388 2.582564
422.098388 1.384899
422.098388 1.388776
422.098388 1.392177
422.098388 1.390968
422.098388 1.391302
422.098388 1.392769
422.098388 1.385216
422.098388 1.394387
422.098388 1.386089
422.098388 1.386043
422.098388 1.387468
422.098388 1.392120
422.098388 1.387904
422.098388 1.387583
422.098388 1.395642
422.098388 1.389199
422.098388 1.387150
422.098388 1.395102
422.098388 1.386817
422.098388 1.390891
422.098388 1.381550
422.098388 1.396777
422.098388 1.390278
422.098388 1.392553
422.098388 1.400706
422.098388 1.390954
422.098388 1.402317
422.098388 1.396025
422.098388 1.394004
422.098388 1.396324
422.098388 1.402264
422.098388 1.399370
417.600923 1.415811
417.600923 1.417806
417.600923 1.414674
417.600923 1.423032
417.600923 1.422879
417.600923 1.418479
417.600923 1.422274
417.600923 1.423676
417.600923 1.423768
417.600923 1.413804
417.600923 1.416434
417.600923 1.423694
417.600923 1.416343
417.600923 1.418621
417.600923 1.415023
417.600923 1.418076
417.600923 1.416530
417.600923 1.416299
417.600923 1.416178
417.600923 1.416732
417.600923 1.419906
417.600923 1.419098
417.600923 1.424601
417.600923 1.424507
417.600923 1.421627
417.600923 1.414354
417.600923 1.426077
417.600923 1.422918
417.600923 1.423496
417.600923 1.414490
417.600923 1.427624
417.600923 1.427307
425.510187 1.350756
425.510187 1.356118
425.510187 1.354648
425.510187 1.354833
425.510187 1.355873
425.510187 1.355876
425.510187 1.350846
425.510187 1.357407
425.510187 1.354859
425.510187 1.347713
425.510187 1.356106
425.510187 1.350078
425.510187 1.354004
425.510187 1.352160
425.510187 1.350888
425.510187 1.349309
425.510187 1.350532
425.510187 1.352566
425.510187 1.358606
425.510187 1.350121
425.510187 1.353046
425.510187 1.363863
425.510187 1.365835
425.510187 1.358344
425.510187 1.357914
425.510187 1.361747
425.510187 1.358825
425.510187 1.347950
425.510187 1.366900
425.510187 1.361388
425.510187 1.366067
425.510187 1.364418
417.600923 1.382129
417.600923 1.384081
417.600923 1.382959
417.600923 1.386983
417.600923 1.387537
417.600923 1.387278
417.600923 1.389976
417.600923 1.384700
417.600923 1.384479
417.600923 1.385649
417.600923 1.391995
417.600923 1.385081
417.600923 1.390863
417.600923 1.390726
417.600923 1.378784
417.600923 1.387557
417.600923 1.396447
417.600923 1.396710
417.600923 1.401647
417.600923 1.390480
417.600923 1.390022
417.600923 1.400226
417.600923 1.392700
417.600923 1.396520
417.600923 1.393399
417.600923 1.402101
417.600923 1.392849
417.600923 1.394447
417.600923 1.399029
417.600923 1.395417
417.600923 1.396728
417.600923 1.439730
417.600923 1.393074
417.600923 1.393278
417.600923 1.401785
417.600923 1.404692
417.600923 1.404530
417.600923 1.405792
417.600923 1.402827
417.600923 1.400417
417.600923 1.397277
417.600923 1.400064
417.600923 1.403041
417.600923 1.398910
417.600923 1.398867
417.600923 1.400232
417.600923 1.396192
417.600923 1.405502
417.600923 1.401456
417.600923 1.398226
417.600923 1.408668
417.600923 1.401646
417.600923 1.400997
417.600923 1.405250
417.600923 1.403340
417.600923 1.413659
417.600923 1.408217
417.600923 1.417590
417.600923 1.411250
417.600923 1.415158
417.600923 1.413131
417.600923 1.410245
417.600923 1.410120
417.600923 1.457512
425.510187 1.485803
425.510187 1.483085
425.510187 1.486844
425.510187 1.488481
425.510187 1.488168
425.510187 1.490311
425.510187 1.482626
425.510187 1.487496
425.510187 1.480625
425.510187 1.482143
425.510187 1.492001
425.510187 1.482589
425.510187 1.482847
425.510187 1.483650
425.510187 1.485537
425.510187 1.490914
425.510187 1.485028
425.510187 1.486742
425.510187 1.492028
425.510187 1.498637
425.510187 1.487162
425.510187 1.496389
425.510187 1.477325
425.510187 1.493368
425.510187 1.489783
425.510187 1.491414
425.510187 1.503412
425.510187 1.498514
425.510187 1.496990
425.510187 1.495311
425.510187 1.503820
425.510187 1.499246
422.098388 2.620112
422.098388 2.623097
422.098388 2.625839
422.098388 2.619180
422.098388 2.625297
422.098388 2.626327
422.098388 2.622991
422.098388 2.626580
422.098388 2.623370
422.098388 2.628944
422.098388 2.629465
422.098388 2.629737
422.098388 2.626960
422.098388 2.624844
422.098388 2.630055
422.098388 2.626763
422.098388 2.628504
422.098388 2.627658
422.098388 2.627529
422.098388 2.620493
422.098388 2.643923
422.098388 2.638942
422.098388 2.642093
422.098388 2.646935
422.098388 2.642419
422.098388 2.645275
422.098388 2.649132
422.098388 2.645288
422.098388 2.647917
422.098388 2.655799
422.098388 2.655627
422.098388 2.651774
436.814591 1.399691
436.814591 1.394560
436.814591 1.395526
436.814591 1.399721
436.814591 1.397854
436.814591 1.401188
436.814591 1.394127
436.814591 1.392983
436.814591 1.392915
436.814591 1.396114
436.814591 1.396116
436.814591 1.394504
436.814591 1.394372
436.814591 1.401157
436.814591 1.404227
436.814591 1.397891
436.814591 1.398707
436.814591 1.395275
436.814591 1.396875
436.814591 1.399589
436.814591 1.404744
436.814591 1.404610
436.814591 1.409873
436.814591 1.410694
436.814591 1.404994
436.814591 1.403978
436.814591 1.412195
436.814591 1.394486
436.814591 1.407901
436.814591 1.408997
436.814591 1.414784
436.814591 1.412050
422.098388 1.686872
422.098388 1.692606
422.098388 1.691782
422.098388 1.695126
422.098388 1.691533
422.098388 1.696615
422.098388 1.696308
422.098388 1.692153
422.098388 1.689851
422.098388 1.697446
422.098388 1.695574
422.098388 1.696455
422.098388 1.692640
422.098388 1.688379
422.098388 1.690581
422.098388 1.692214
422.098388 1.695882
422.098388 1.698764
422.098388 1.693360
422.098388 1.700839
422.098388 1.690414
422.098388 1.691679
422.098388 1.695747
422.098388 1.692218
422.098388 1.697376
422.098388 1.683672
422.098388 1.693176
422.098388 1.696944
422.098388 1.697862
422.098388 1.705409
422.098388 1.707248
422.098388 1.701875
425.510187 1.954548
425.510187 1.955025
425.510187 1.957112
425.510187 1.957355
425.510187 1.957389
425.510187 1.955855
425.510187 1.956208
425.510187 1.957365
425.510187 1.956119
425.510187 1.955346
425.510187 1.959055
425.510187 1.960101
425.510187 1.954838
425.510187 1.956340
425.510187 1.956411
425.510187 1.954406
425.510187 1.953763
425.510187 1.955715
425.510187 1.960259
425.510187 1.955668
425.510187 1.954672
425.510187 1.955893
425.510187 1.955575
425.510187 1.958423
425.510187 1.960103
425.510187 1.968543
425.510187 1.970653
425.510187 1.971463
425.510187 1.965923
425.510187 1.967889
425.510187 1.970950
425.510187 1.948765
422.098388 1.824552
422.098388 1.820365
422.098388 1.830109
422.098388 1.835909
422.098388 1.833407
422.098388 1.835107
422.098388 1.831146
422.098388 1.836465
422.098388 1.831027
422.098388 1.831579
422.098388 1.833259
422.098388 1.833064
422.098388 1.836277
422.098388 1.831095
422.098388 1.831670
422.098388 1.841381
422.098388 1.832539
422.098388 1.824164
422.098388 1.845792
422.098388 1.848466
422.098388 1.850393
422.098388 1.843195
422.098388 1.844812
422.098388 1.845849
422.098388 1.847754
422.098388 1.849907
422.098388 1.846149
422.098388 1.845893
422.098388 1.843847
422.098388 1.845293
422.098388 1.860179
422.098388 1.854926
425.510187 1.373520
425.510187 1.372708
425.510187 1.377722
425.510187 1.383777
425.510187 1.381826
425.510187 1.380285
425.510187 1.378497
425.510187 1.379843
425.510187 1.381979
425.510187 1.377356
425.510187 1.375756
425.510187 1.383308
425.510187 1.378267
425.510187 1.377062
425.510187 1.379302
425.510187 1.376499
425.510187 1.376385
425.510187 1.375376
425.510187 1.377910
425.510187 1.383250
425.510187 1.384720
425.510187 1.378423
425.510187 1.384631
425.510187 1.380221
425.510187 1.384422
425.510187 1.379998
425.510187 1.390590
425.510187 1.391053
425.510187 1.375766
425.510187 1.386911
425.510187 1.386754
425.510187 1.402785
422.098388 1.840853
422.098388 1.840031
422.098388 1.841696
422.098388 1.843080
422.098388 1.841590
422.098388 1.839613
422.098388 1.843833
422.098388 1.846478
422.098388 1.844752
422.098388 1.837688
422.098388 1.838257
422.098388 1.840575
422.098388 1.841337
422.098388 1.840348
422.098388 1.843595
422.098388 1.847362
422.098388 1.842689
422.098388 1.846766
422.098388 1.848595
422.098388 1.846160
422.098388 1.854462
422.098388 1.851480
422.098388 1.853205
422.098388 1.851579
422.098388 1.845410
422.098388 1.855625
422.098388 1.838147
422.098388 1.851038
422.098388 1.853562
422.098388 1.849520
422.098388 1.850761
422.098388 1.852775
425.510187 1.623831
425.510187 1.624721
425.510187 1.625288
425.510187 1.624681
425.510187 1.627261
425.510187 1.625344
425.510187 1.628332
425.510187 1.627062
425.510187 1.628411
425.510187 1.629420
425.510187 1.622679
425.510187 1.623955
425.510187 1.623142
425.510187 1.623569
425.510187 1.623456
425.510187 1.623845
425.510187 1.624772
425.510187 1.624876
425.510187 1.636974
425.510187 1.638633
425.510187 1.626249
425.510187 1.627520
425.510187 1.628104
425.510187 1.637524
425.510187 1.627358
425.510187 1.627333
425.510187 1.632487
425.510187 1.632226
425.510187 1.620851
425.510187 1.635573
425.510187 1.634599
425.510187 1.638661
417.600923 1.380212
417.600923 1.380958
417.600923 1.381250
417.600923 1.380425
417.600923 1.382383
417.600923 1.379091
417.600923 1.384133
417.600923 1.382600
417.600923 1.383785
417.600923 1.380289
417.600923 1.384061
417.600923 1.386649
417.600923 1.387256
417.600923 1.380730
417.600923 1.384480
417.600923 1.383037
417.600923 1.384078
417.600923 1.387960
417.600923 1.381483
417.600923 1.389410
417.600923 1.382043
417.600923 1.386578
417.600923 1.389101
417.600923 1.391660
417.600923 1.391211
417.600923 1.377345
417.600923 1.394685
417.600923 1.389397
417.600923 1.389088
417.600923 1.393417
417.600923 1.392220
417.600923 1.391297
417.600923 1.346558
417.600923 1.346094
417.600923 1.347561
417.600923 1.347982
417.600923 1.351870
417.600923 1.349988
417.600923 1.350579
417.600923 1.352823
417.600923 1.351702
417.600923 1.346806
417.600923 1.345763
417.600923 1.348787
417.600923 1.349075
417.600923 1.346748
417.600923 1.352572
417.600923 1.350340
417.600923 1.354281
417.600923 1.347507
417.600923 1.348580
417.600923 1.350136
417.600923 1.349453
417.600923 1.358984
417.600923 1.352210
417.600923 1.358103
417.600923 1.358565
417.600923 1.359528
417.600923 1.356966
417.600923 1.355568
417.600923 1.356503
417.600923 1.361716
417.600923 1.359537
417.600923 1.355567
425.510187 1.687901
425.510187 1.687076
425.510187 1.689396
425.510187 1.685984
425.510187 1.689077
425.510187 1.691132
425.510187 1.691407
425.510187 1.688384
425.510187 1.691932
425.510187 1.686924
425.510187 1.687386
425.510187 1.693955
425.510187 1.688102
425.510187 1.695337
425.510187 1.688574
425.510187 1.691075
425.510187 1.692661
425.510187 1.687733
425.510187 1.692408
425.510187 1.688074
425.510187 1.691703
425.510187 1.691239
425.510187 1.693124
425.510187 1.691950
425.510187 1.690760
425.510187 1.700299
425.510187 1.695936
425.510187 1.683772
425.510187 1.704271
425.510187 1.699843
425.510187 1.703692
425.510187 1.701128
425.510187 1.445933
425.510187 1.446474
425.510187 1.443700
425.510187 1.447142
425.510187 1.445688
425.510187 1.449636
425.510187 1.443154
425.510187 1.451460
425.510187 1.451071
425.510187 1.444488
425.510187 1.448782
425.510187 1.452744
425.510187 1.446437
425.510187 1.447005
425.510187 1.451812
425.510187 1.446514
425.510187 1.447384
425.510187 1.448757
425.510187 1.448950
425.510187 1.448430
425.510187 1.448025
425.510187 1.451288
425.510187 1.452189
425.510187 1.447213
425.510187 1.448987
425.510187 1.453795
425.510187 1.454639
425.510187 1.450940
425.510187 1.452609
425.510187 1.440916
425.510187 1.470116
425.510187 1.465641
425.510187 1.484778
425.510187 1.495005
425.510187 1.494406
425.510187 1.493871
425.510187 1.491156
425.510187 1.491248
425.510187 1.491075
425.510187 1.491261
425.510187 1.490162
425.510187 1.495483
425.510187 1.499161
425.510187 1.497903
425.510187 1.497578
425.510187 1.494730
425.510187 1.492242
425.510187 1.498074
425.510187 1.494617
425.510187 1.495070
425.510187 1.504053
425.510187 1.506690
425.510187 1.504839
425.510187 1.500360
425.510187 1.505518
425.510187 1.503469
425.510187 1.500208
425.510187 1.501353
425.510187 1.500129
425.510187 1.508775
425.510187 1.503478
425.510187 1.492524
425.510187 1.504539
425.510187 1.556877
425.510187 2.373250
425.510187 2.371456
425.510187 2.382776
425.510187 2.379319
425.510187 2.381405
425.510187 2.383973
425.510187 2.378293
425.510187 2.382235
425.510187 2.380250
425.510187 2.382571
425.510187 2.375971
425.510187 2.378616
425.510187 2.377985
425.510187 2.382324
425.510187 2.383372
425.510187 2.378449
425.510187 2.387521
425.510187 2.378108
425.510187 2.383881
425.510187 2.378902
425.510187 2.390125
425.510187 2.385174
425.510187 2.386291
425.510187 2.398880
425.510187 2.400082
425.510187 2.394301
425.510187 2.371621
425.510187 2.395474
425.510187 2.399957
425.510187 2.399136
425.510187 2.400599
425.510187 2.409190
430.017127 1.384046
430.017127 1.383831
430.017127 1.385005
430.017127 1.380199
430.017127 1.387927
430.017127 1.389299
430.017127 1.388146
430.017127 1.381391
430.017127 1.386172
430.017127 1.382810
430.017127 1.389195
430.017127 1.387511
430.017127 1.384371
430.017127 1.388692
430.017127 1.380578
430.017127 1.382059
430.017127 1.390219
430.017127 1.389841
430.017127 1.382980
430.017127 1.384446
430.017127 1.381013
430.017127 1.396302
430.017127 1.383213
430.017127 1.384205
430.017127 1.391740
430.017127 1.396602
430.017127 1.399874
430.017127 1.381649
430.017127 1.396025
430.017127 1.394324
430.017127 1.391737
430.017127 1.390985
421.894793 1.426118
421.894793 1.424782
421.894793 1.428346
421.894793 1.425758
421.894793 1.426071
421.894793 1.426897
421.894793 1.425149
421.894793 1.425518
421.894793 1.424290
421.894793 1.431564
421.894793 1.429010
421.894793 1.422150
421.894793 1.437711
421.894793 1.437600
421.894793 1.435284
421.894793 1.437472
421.894793 1.433437
421.894793 1.437185
421.894793 1.440873
421.894793 1.436404
421.894793 1.436141
421.894793 1.436540
421.894793 1.439382
421.894793 1.442135
421.894793 1.443222
421.894793 1.444465
421.894793 1.439038
421.894793 1.442082
421.894793 1.441695
421.894793 1.432083
421.894793 1.453277
421.894793 1.450256
422.098388 2.254336
422.098388 2.258116
422.098388 2.256407
422.098388 2.252759
422.098388 2.260344
422.098388 2.254127
422.098388 2.254881
422.098388 2.258580
422.098388 2.260345
422.098388 2.262981
422.098388 2.263093
422.098388 2.259443
422.098388 2.260893
422.098388 2.263902
422.098388 2.257385
422.098388 2.253961
422.098388 2.266137
422.098388 2.255323
422.098388 2.264924
422.098388 2.257526
422.098388 2.265507
422.098388 2.256568
422.098388 2.255972
422.098388 2.256927
422.098388 2.259635
422.098388 2.262604
422.098388 2.274106
422.098388 2.253109
422.098388 2.269425
422.098388 2.270256
422.098388 2.287834
422.098388 2.284005
425.510187 1.387182
425.510187 1.385561
425.510187 1.391544
425.510187 1.393096
425.510187 1.389173
425.510187 1.394278
425.510187 1.392278
425.510187 1.391814
425.510187 1.391571
425.510187 1.388197
425.510187 1.384914
425.510187 1.389078
425.510187 1.386137
425.510187 1.387107
425.510187 1.393426
425.510187 1.392953
425.510187 1.393687
425.510187 1.387632
425.510187 1.398092
425.510187 1.400104
425.510187 1.388939
425.510187 1.388455
425.510187 1.399583
425.510187 1.389250
425.510187 1.398633
425.510187 1.393012
425.510187 1.393615
425.510187 1.393631
425.510187 1.383898
425.510187 1.394111
425.510187 1.402568
425.510187 1.399220
438.073188 1.755022
438.073188 1.759937
438.073188 1.761931
438.073188 1.755962
438.073188 1.758849
438.073188 1.755175
438.073188 1.761944
438.073188 1.765623
438.073188 1.766256
438.073188 1.765141
438.073188 1.759147
438.073188 1.763550
438.073188 1.767377
438.073188 1.765635
438.073188 1.770418
438.073188 1.771854
438.073188 1.764193
438.073188 1.764220
438.073188 1.771696
438.073188 1.772411
438.073188 1.767481
438.073188 1.767766
438.073188 1.767831
438.073188 1.771113
438.073188 1.770464
438.073188 1.775265
438.073188 1.776039
438.073188 1.774578
438.073188 1.772588
438.073188 1.771901
438.073188 1.773078
438.073188 1.762641
422.098388 4.415247
422.098388 4.414495
422.098388 4.414785
422.098388 4.410937
422.098388 4.415476
422.098388 4.414388
422.098388 4.413888
422.098388 4.420691
422.098388 4.414224
422.098388 4.417141
422.098388 4.425998
422.098388 4.431438
422.098388 4.425673
422.098388 4.431771
422.098388 4.439512
422.098388 4.441566
422.098388 4.445362
422.098388 4.442161
422.098388 4.440049
422.098388 4.440231
422.098388 4.443821
422.098388 4.446961
422.098388 4.445517
422.098388 4.454573
422.098388 4.456671
422.098388 4.450197
422.098388 4.454774
422.098388 4.451935
422.098388 4.455841
422.098388 4.454304
422.098388 4.458432
422.098388 4.427861
421.894793 1.408455
421.894793 1.405765
421.894793 1.412117
421.894793 1.413442
421.894793 1.407895
421.894793 1.413828
421.894793 1.413123
421.894793 1.403870
421.894793 1.414312
421.894793 1.404223
421.894793 1.406760
421.894793 1.410192
421.894793 1.408396
421.894793 1.413227
421.894793 1.403932
421.894793 1.407991
421.894793 1.418438
421.894793 1.413662
421.894793 1.408201
421.894793 1.408346
421.894793 1.420847
421.894793 1.417597
421.894793 1.416217
421.894793 1.422869
421.894793 1.417691
421.894793 1.408120
421.894793 1.428680
421.894793 1.423230
421.894793 1.419190
421.894793 1.423263
421.894793 1.429289
421.894793 1.423411
422.098388 2.548798
422.098388 2.547553
422.098388 2.549255
422.098388 2.548197
422.098388 2.550642
422.098388 2.552171
422.098388 2.550198
422.098388 2.547302
422.098388 2.548751
422.098388 2.548904
422.098388 2.554048
422.098388 2.548498
422.098388 2.556486
422.098388 2.550772
422.098388 2.552760
422.098388 2.556998
422.098388 2.555179
422.098388 2.566436
422.098388 2.567155
422.098388 2.565527
422.098388 2.542767
422.098388 2.570208
422.098388 2.564250
422.098388 2.567759
422.098388 2.573993
422.098388 2.572995
422.098388 2.569346
422.098388 2.571673
422.098388 2.570130
422.098388 2.569503
422.098388 2.578148
422.098388 2.576707
427.717013 1.373985
427.717013 1.370085
427.717013 1.372133
427.717013 1.374988
427.717013 1.373475
427.717013 1.377737
427.717013 1.371804
427.717013 1.372116
427.717013 1.378054
427.717013 1.378129
427.717013 1.377192
427.717013 1.377190
427.717013 1.376542
427.717013 1.375729
427.717013 1.372509
427.717013 1.379839
427.717013 1.369399
427.717013 1.372398
427.717013 1.377371
427.717013 1.371679
427.717013 1.373783
427.717013 1.373658
427.717013 1.371733
427.717013 1.372227
427.717013 1.372721
427.717013 1.371594
427.717013 1.370768
427.717013 1.375364
427.717013 1.371629
427.717013 1.378820
427.717013 1.364922
427.717013 1.376316
422.098388 1.375792
422.098388 1.375877
422.098388 1.378095
422.098388 1.375578
422.098388 1.379814
422.098388 1.379428
422.098388 1.380006
422.098388 1.379040
422.098388 1.377922
422.098388 1.380313
422.098388 1.377353
422.098388 1.379209
422.098388 1.380972
422.098388 1.375519
422.098388 1.377384
422.098388 1.381948
422.098388 1.378238
422.098388 1.377462
422.098388 1.377477
422.098388 1.384926
422.098388 1.379998
422.098388 1.379946
422.098388 1.382657
422.098388 1.382303
422.098388 1.381444
422.098388 1.379673
422.098388 1.386536
422.098388 1.390124
422.098388 1.382937
422.098388 1.395680
422.098388 1.395268
422.098388 1.384113
425.510187 2.701051
425.510187 2.701902
425.510187 2.700530
425.510187 2.709067
425.510187 2.699485
425.510187 2.698581
425.510187 2.711304
425.510187 2.705580
425.510187 2.710766
425.510187 2.707434
425.510187 2.705931
425.510187 2.705226
425.510187 2.710893
425.510187 2.705990
425.510187 2.714823
425.510187 2.709703
425.510187 2.712374
425.510187 2.708807
425.510187 2.693583
425.510187 2.725859
425.510187 2.724767
425.510187 2.726369
425.510187 2.700710
425.510187 2.720250
425.510187 2.721379
425.510187 2.729381
425.510187 2.719520
425.510187 2.724315
425.510187 2.728668
425.510187 2.731645
425.510187 2.743760
425.510187 2.724732
421.894793 1.419261
421.894793 1.422336
421.894793 1.425446
421.894793 1.422834
421.894793 1.418333
421.894793 1.425560
421.894793 1.428050
421.894793 1.420809
421.894793 1.429082
421.894793 1.426941
421.894793 1.428688
421.894793 1.421521
421.894793 1.421355
421.894793 1.422825
421.894793 1.424286
421.894793 1.432301
421.894793 1.423318
421.894793 1.423086
421.894793 1.427052
421.894793 1.427713
421.894793 1.428057
421.894793 1.435312
421.894793 1.425771
421.894793 1.437057
421.894793 1.432868
421.894793 1.439449
421.894793 1.431888
421.894793 1.433683
421.894793 1.431689
421.894793 1.438790
421.894793 1.433222
421.894793 1.426067
422.098388 1.957765
422.098388 1.957826
422.098388 1.957649
422.098388 1.959484
422.098388 1.958920
422.098388 1.957091
422.098388 1.956166
422.098388 1.962143
422.098388 1.958301
422.098388 1.956873
422.098388 1.961779
422.098388 1.957943
422.098388 1.964093
422.098388 1.960245
422.098388 1.962842
422.098388 1.958701
422.098388 1.966859
422.098388 1.960716
422.098388 1.962947
422.098388 1.960684
422.098388 1.965513
422.098388 1.970675
422.098388 1.964338
422.098388 1.970844
422.098388 1.972998
422.098388 1.975376
422.098388 1.968718
422.098388 1.971647
422.098388 1.970794
422.098388 1.971054
422.098388 1.974520
422.098388 1.965735
425.510187 2.119828
425.510187 2.122762
425.510187 2.120047
425.510187 2.124437
425.510187 2.118018
425.510187 2.121846
425.510187 2.128159
425.510187 2.120905
425.510187 2.127614
425.510187 2.125981
425.510187 2.126701
425.510187 2.123246
425.510187 2.124409
425.510187 2.127070
425.510187 2.131398
425.510187 2.129715
425.510187 2.124370
425.510187 2.130625
425.510187 2.127011
425.510187 2.127013
425.510187 2.125784
425.510187 2.134842
425.510187 2.118468
425.510187 2.134396
425.510187 2.131938
425.510187 2.132091
425.510187 2.139516
425.510187 2.138621
425.510187 2.137391
425.510187 2.136081
425.510187 2.138176
425.510187 2.138266
422.098388 1.351949
422.098388 1.350428
422.098388 1.352280
422.098388 1.352675
422.098388 1.351196
422.098388 1.354257
422.098388 1.350353
422.098388 1.351022
422.098388 1.352086
422.098388 1.356265
422.098388 1.352486
422.098388 1.359637
422.098388 1.359728
422.098388 1.352341
422.098388 1.352068
422.098388 1.358725
422.098388 1.359025
422.098388 1.357370
422.098388 1.355112
422.098388 1.354104
422.098388 1.353977
422.098388 1.354733
422.098388 1.358850
422.098388 1.360101
422.098388 1.363289
422.098388 1.355492
422.098388 1.358160
422.098388 1.368355
422.098388 1.350886
422.098388 1.368877
422.098388 1.362820
422.098388 1.364453
425.510187 2.002969
425.510187 2.003091
425.510187 2.004781
425.510187 2.004800
425.510187 2.002614
425.510187 2.004882
425.510187 2.008995
425.510187 2.002191
425.510187 2.010720
425.510187 2.010674
425.510187 2.009020
425.510187 2.012385
425.510187 2.004455
425.510187 2.006470
425.510187 2.009954
425.510187 2.006508
425.510187 2.008649
425.510187 2.006605
425.510187 2.011787
425.510187 2.008103
425.510187 2.012891
425.510187 2.007907
425.510187 2.009979
425.510187 2.009275
425.510187 2.009726
425.510187 2.020909
425.510187 2.021870
425.510187 2.018425
425.510187 2.020900
425.510187 2.023926
425.510187 2.021446
425.510187 2.002214
422.098388 1.393976
422.098388 1.399314
422.098388 1.400019
422.098388 1.399948
422.098388 1.397937
422.098388 1.395623
422.098388 1.401316
422.098388 1.401102
422.098388 1.398942
422.098388 1.394111
422.098388 1.395986
422.098388 1.403382
422.098388 1.396279
422.098388 1.399160
422.098388 1.397273
422.098388 1.394715
422.098388 1.396998
422.098388 1.396099
422.098388 1.403738
422.098388 1.402962
422.098388 1.396529
422.098388 1.406040
422.098388 1.399946
422.098388 1.398033
422.098388 1.398881
422.098388 1.400163
422.098388 1.403258
422.098388 1.413778
422.098388 1.409626
422.098388 1.413115
422.098388 1.408667
422.098388 1.407362
434.704119 1.430019
434.704119 1.427176
434.704119 1.430335
434.704119 1.432507
434.704119 1.429423
434.704119 1.429551
434.704119 1.428474
434.704119 1.428198
434.704119 1.429988
434.704119 1.427242
434.704119 1.439308
434.704119 1.417706
434.704119 1.434056
434.704119 1.433865
434.704119 1.433533
434.704119 1.435230
434.704119 1.439965
434.704119 1.436581
434.704119 1.434251
434.704119 1.438963
434.704119 1.443397
434.704119 1.446240
434.704119 1.442324
434.704119 1.443088
434.704119 1.446695
434.704119 1.441314
434.704119 1.441395
434.704119 1.443465
434.704119 1.446219
434.704119 1.444467
434.704119 1.456091
434.704119 1.452483
422.098388 1.377146
422.098388 1.377939
422.098388 1.376237
422.098388 1.381318
422.098388 1.376010
422.098388 1.381731
422.098388 1.380267
422.098388 1.378550
422.098388 1.382563
422.098388 1.380564
422.098388 1.381732
422.098388 1.385509
422.098388 1.378713
422.098388 1.377299
422.098388 1.380989
422.098388 1.377974
422.098388 1.378827
422.098388 1.382175
422.098388 1.379378
422.098388 1.386678
422.098388 1.389158
422.098388 1.390296
422.098388 1.386203
422.098388 1.386776
422.098388 1.383574
422.098388 1.391510
422.098388 1.374073
422.098388 1.387896
422.098388 1.394929
422.098388 1.390316
422.098388 1.396775
422.098388 1.394300
425.510187 1.720113
425.510187 1.723243
425.510187 1.723702
425.510187 1.726776
425.510187 1.720841
425.510187 1.726285
425.510187 1.720594
425.510187 1.725218
425.510187 1.725515
425.510187 1.723870
425.510187 1.729305
425.510187 1.724168
425.510187 1.722019
425.510187 1.725603
425.510187 1.727465
425.510187 1.723745
425.510187 1.725792
425.510187 1.729163
425.510187 1.727734
425.510187 1.723587
425.510187 1.723543
425.510187 1.729473
425.510187 1.724275
425.510187 1.725832
425.510187 1.735097
425.510187 1.735300
425.510187 1.733823
425.510187 1.732148
425.510187 1.733988
425.510187 1.736553
425.510187 1.733835
425.510187 1.714443
422.098388 2.620390
422.098388 2.636569
422.098388 2.637670
422.098388 2.635141
422.098388 2.635761
422.098388 2.633912
422.098388 2.633348
422.098388 2.636436
422.098388 2.643309
422.098388 2.643696
422.098388 2.635995
422.098388 2.642778
422.098388 2.641108
422.098388 2.640078
422.098388 2.639791
422.098388 2.638827
422.098388 2.638731
422.098388 2.643535
422.098388 2.646561
422.098388 2.645106
422.098388 2.643957
422.098388 2.653046
422.098388 2.655281
422.098388 2.651194
422.098388 2.654886
422.098388 2.653992
422.098388 2.657485
422.098388 2.653537
422.098388 2.653452
422.098388 2.655929
422.098388 2.649387
422.098388 2.711832
422.098388 2.620854
422.098388 2.623042
422.098388 2.622563
422.098388 2.623541
422.098388 2.616335
422.098388 2.617366
422.098388 2.617771
422.098388 2.619606
422.098388 2.619862
422.098388 2.624978
422.098388 2.625290
422.098388 2.616302
422.098388 2.618312
422.098388 2.626183
422.098388 2.627732
422.098388 2.622898
422.098388 2.621218
422.098388 2.620494
422.098388 2.627812
422.098388 2.627935
422.098388 2.621777
422.098388 2.631578
422.098388 2.634326
422.098388 2.634747
422.098388 2.622957
422.098388 2.626543
422.098388 2.628737
422.098388 2.634162
422.098388 2.631221
422.098388 2.630605
422.098388 2.643042
422.098388 2.628192
