434.617239 0.020627
434.617239 0.019729
434.617239 0.027446
434.617239 0.025089
434.617239 0.027558
434.617239 0.028350
434.617239 0.028312
434.617239 0.027766
434.617239 0.025231
434.617239 0.028083
434.617239 0.022994
434.617239 0.029108
434.617239 0.021418
434.617239 0.027725
434.617239 0.025333
434.617239 0.024125
434.617239 0.027347
434.617239 0.024052
434.617239 0.026553
434.617239 0.024875
434.617239 0.024289
434.617239 0.026843
434.617239 0.021879
434.617239 0.024828
434.617239 0.028020
434.617239 0.024162
434.617239 0.021583
434.617239 0.028692
434.617239 0.023215
434.617239 0.023926
434.617239 0.023752
434.617239 0.023677
434.617239 0.020774
434.617239 0.020631
434.617239 0.020262
434.617239 0.020238
434.617239 0.020638
434.617239 0.020763
434.617239 0.021174
434.617239 0.020870
434.617239 0.021175
434.617239 0.023393
434.617239 0.020298
434.617239 0.020643
434.617239 0.020007
434.617239 0.020109
434.617239 0.020215
434.617239 0.020371
434.617239 0.020503
434.617239 0.020980
434.617239 0.023864
434.617239 0.026251
434.617239 0.025719
434.617239 0.021816
434.617239 0.019893
434.617239 0.021502
434.617239 0.019921
434.617239 0.022590
434.617239 0.023874
434.617239 0.026221
434.617239 0.023234
434.617239 0.029716
434.617239 0.024202
434.617239 0.025951
434.617239 0.020580
434.617239 0.020464
434.617239 0.022206
434.617239 0.020923
434.617239 0.020759
434.617239 0.020780
434.617239 0.023868
434.617239 0.021527
434.617239 0.020803
434.617239 0.022779
434.617239 0.020641
434.617239 0.024440
434.617239 0.023806
434.617239 0.021915
434.617239 0.023533
434.617239 0.022006
434.617239 0.020737
434.617239 0.023650
434.617239 0.021928
434.617239 0.023204
434.617239 0.021861
434.617239 0.024051
434.617239 0.020354
434.617239 0.022205
434.617239 0.020906
434.617239 0.021334
434.617239 0.022695
434.617239 0.020102
434.617239 0.021942
434.617239 0.022835
434.617239 0.021778
434.617239 0.022596
434.617239 0.020828
434.617239 0.020663
434.617239 0.020998
434.617239 0.020814
434.617239 0.020878
434.617239 0.020665
434.617239 0.021251
434.617239 0.020994
434.617239 0.021132
434.617239 0.020812
434.617239 0.021341
434.617239 0.020841
434.617239 0.020799
434.617239 0.020993
434.617239 0.020644
434.617239 0.020634
434.617239 0.021851
434.617239 0.020856
434.617239 0.020490
434.617239 0.020174
434.617239 0.020436
434.617239 0.020534
434.617239 0.020405
434.617239 0.021622
434.617239 0.020242
434.617239 0.021579
434.617239 0.020413
434.617239 0.020381
434.617239 0.020509
434.617239 0.021314
434.617239 0.021452
434.617239 0.021271
434.617239 0.022390
434.617239 0.021715
434.617239 0.023343
434.617239 0.023264
434.617239 0.020502
434.617239 0.019946
434.617239 0.021636
434.617239 0.023389
434.617239 0.023496
434.617239 0.023451
434.617239 0.024197
434.617239 0.022120
434.617239 0.021584
434.617239 0.023566
434.617239 0.023991
434.617239 0.021959
434.617239 0.022563
434.617239 0.020375
434.617239 0.022623
434.617239 0.022324
434.617239 0.020964
434.617239 0.020673
434.617239 0.023204
434.617239 0.021933
434.617239 0.022287
434.617239 0.021578
434.617239 0.021879
434.617239 0.021174
434.617239 0.020032
434.617239 0.020688
434.617239 0.021811
434.617239 0.021754
434.617239 0.020699
434.617239 0.020880
434.617239 0.021077
434.617239 0.021182
434.617239 0.020237
434.617239 0.020642
434.617239 0.021342
434.617239 0.021155
434.617239 0.020894
434.617239 0.020896
434.617239 0.021174
434.617239 0.021377
434.617239 0.020858
434.617239 0.021053
434.617239 0.020973
434.617239 0.021305
434.617239 0.020698
434.617239 0.020560
434.617239 0.020682
434.617239 0.020458
434.617239 0.020364
434.617239 0.020523
434.617239 0.020433
434.617239 0.020638
434.617239 0.020676
434.617239 0.019883
434.617239 0.020344
434.617239 0.020481
434.617239 0.021278
434.617239 0.020799
434.617239 0.020449
434.617239 0.020928
434.617239 0.020336
434.617239 0.020663
434.617239 0.020285
434.617239 0.021219
434.617239 0.021062
434.617239 0.020972
434.617239 0.020957
434.617239 0.021131
434.617239 0.020444
434.617239 0.021104
434.617239 0.021623
434.617239 0.020982
434.617239 0.020554
434.617239 0.020869
434.617239 0.021241
434.617239 0.020659
434.617239 0.020903
434.617239 0.020299
434.617239 0.020991
434.617239 0.020594
434.617239 0.020660
434.617239 0.020256
434.617239 0.020539
434.617239 0.020811
434.617239 0.020772
434.617239 0.021225
434.617239 0.021527
434.617239 0.020133
434.617239 0.019984
434.617239 0.021715
434.617239 0.019955
434.617239 0.021722
434.617239 0.020711
434.617239 0.020845
434.617239 0.021544
434.617239 0.019690
434.617239 0.021321
434.617239 0.020715
434.617239 0.020643
434.617239 0.020561
434.617239 0.021245
434.617239 0.020619
434.617239 0.022381
434.617239 0.020587
434.617239 0.023740
434.617239 0.023431
434.617239 0.020124
434.617239 0.023502
434.617239 0.021136
434.617239 0.020595
434.617239 0.021653
434.617239 0.020214
434.617239 0.019908
434.617239 0.020210
434.617239 0.022062
434.617239 0.020165
434.617239 0.023993
434.617239 0.021556
434.617239 0.021506
434.617239 0.022314
434.617239 0.021088
434.617239 0.022351
434.617239 0.022315
434.617239 0.022593
434.617239 0.020569
434.617239 0.020417
434.617239 0.020533
434.617239 0.020561
434.617239 0.022050
434.617239 0.019840
434.617239 0.021138
434.617239 0.021539
434.617239 0.020981
434.617239 0.021061
434.617239 0.021420
434.617239 0.021097
434.617239 0.020677
434.617239 0.021198
434.617239 0.021025
434.617239 0.023589
434.617239 0.020635
434.617239 0.020566
434.617239 0.020965
434.617239 0.020180
434.617239 0.020639
434.617239 0.020447
434.617239 0.022923
434.617239 0.020367
434.617239 0.020413
434.617239 0.020168
434.617239 0.020391
434.617239 0.020288
434.617239 0.020025
434.617239 0.019681
434.617239 0.021007
434.617239 0.020131
434.617239 0.020474
434.617239 0.021334
434.617239 0.020676
434.617239 0.020122
434.617239 0.020409
434.617239 0.019879
434.617239 0.021114
434.617239 0.021038
434.617239 0.024076
434.617239 0.020621
434.617239 0.020124
434.617239 0.020084
434.617239 0.021438
434.617239 0.020335
434.617239 0.025031
434.617239 0.019646
434.617239 0.019865
434.617239 0.022555
434.617239 0.024784
434.617239 0.024034
434.617239 0.019961
434.617239 0.020249
434.617239 0.026067
434.617239 0.026701
434.617239 0.025780
434.617239 0.022676
434.617239 0.020766
434.617239 0.024552
434.617239 0.022432
434.617239 0.021660
434.617239 0.022007
434.617239 0.022263
434.617239 0.020708
434.617239 0.020509
434.617239 0.021384
434.617239 0.020657
434.617239 0.020718
434.617239 0.020861
434.617239 0.021028
434.617239 0.021957
434.617239 0.021014
434.617239 0.020928
434.617239 0.021351
434.617239 0.020402
434.617239 0.020746
434.617239 0.020353
434.617239 0.021355
434.617239 0.021230
434.617239 0.020601
434.617239 0.020442
434.617239 0.020443
434.617239 0.020716
434.617239 0.020814
434.617239 0.021118
434.617239 0.021273
434.617239 0.020222
434.617239 0.021052
434.617239 0.020575
434.617239 0.020516
434.617239 0.020452
434.617239 0.021596
434.617239 0.021644
434.617239 0.020097
434.617239 0.020473
434.617239 0.020530
434.617239 0.020199
434.617239 0.020439
434.617239 0.020950
434.617239 0.020773
434.617239 0.020358
434.617239 0.021426
434.617239 0.020960
434.617239 0.021263
434.617239 0.021752
434.617239 0.021713
434.617239 0.021023
434.617239 0.020355
434.617239 0.020746
434.617239 0.021111
434.617239 0.020972
434.617239 0.020529
434.617239 0.022616
434.617239 0.020119
434.617239 0.020296
434.617239 0.020278
434.617239 0.022960
434.617239 0.020350
434.617239 0.019982
434.617239 0.020795
434.617239 0.020609
434.617239 0.021113
434.617239 0.020178
434.617239 0.020646
434.617239 0.020326
434.617239 0.021663
434.617239 0.021742
434.617239 0.020634
434.617239 0.021557
434.617239 0.020470
434.617239 0.022003
434.617239 0.021262
434.617239 0.020726
434.617239 0.022180
434.617239 0.020747
434.617239 0.021291
434.617239 0.022514
434.617239 0.021301
434.617239 0.020540
434.617239 0.022796
434.617239 0.022683
434.617239 0.020955
434.617239 0.021063
434.617239 0.020454
434.617239 0.020931
434.617239 0.020672
434.617239 0.021447
434.617239 0.021869
434.617239 0.020370
434.617239 0.021627
434.617239 0.021611
434.617239 0.020564
434.617239 0.020815
434.617239 0.021510
434.617239 0.021466
434.617239 0.022069
434.617239 0.021995
434.617239 0.020604
434.617239 0.020968
434.617239 0.020099
434.617239 0.019770
434.617239 0.019938
434.617239 0.019883
434.617239 0.021373
434.617239 0.021034
434.617239 0.021661
434.617239 0.020912
434.617239 0.020237
434.617239 0.021425
434.617239 0.019855
434.617239 0.019722
434.617239 0.019770
434.617239 0.019612
434.617239 0.025346
434.617239 0.025533
434.617239 0.020745
434.617239 0.026325
434.617239 0.019937
434.617239 0.020630
434.617239 0.020310
434.617239 0.027537
434.617239 0.024586
434.617239 0.027652
434.617239 0.022498
434.617239 0.024798
434.617239 0.022018
434.617239 0.025062
434.617239 0.022882
434.617239 0.022812
434.617239 0.021904
434.617239 0.025313
434.617239 0.020433
434.617239 0.020387
434.617239 0.020188
434.617239 0.020753
434.617239 0.020396
434.617239 0.021114
434.617239 0.020639
434.617239 0.021038
434.617239 0.021266
434.617239 0.021280
434.617239 0.021153
434.617239 0.020467
434.617239 0.021000
434.617239 0.020231
434.617239 0.020741
434.617239 0.020749
434.617239 0.021483
434.617239 0.021870
434.617239 0.021361
434.617239 0.020539
434.617239 0.020473
434.617239 0.020657
434.617239 0.020446
434.617239 0.020666
434.617239 0.021518
434.617239 0.020386
434.617239 0.020441
434.617239 0.021044
434.617239 0.020257
434.617239 0.021662
434.617239 0.020683
434.617239 0.020741
434.617239 0.021808
434.617239 0.021390
434.617239 0.020625
434.617239 0.021415
434.617239 0.021499
434.617239 0.022230
434.617239 0.021573
434.617239 0.020892
434.617239 0.021310
434.617239 0.023117
434.617239 0.020955
434.617239 0.021017
434.617239 0.022346
434.617239 0.020850
434.617239 0.023363
434.617239 0.020596
434.617239 0.021171
434.617239 0.021974
434.617239 0.021355
434.617239 0.021109
434.617239 0.020546
434.617239 0.020674
434.617239 0.020302
434.617239 0.021596
434.617239 0.021949
434.617239 0.021158
434.617239 0.021325
434.617239 0.021695
434.617239 0.021181
434.617239 0.021212
434.617239 0.021009
434.617239 0.021953
434.617239 0.019383
434.617239 0.020348
434.617239 0.020518
434.617239 0.019053
434.617239 0.025261
434.617239 0.025179
434.617239 0.019543
434.617239 0.023237
434.617239 0.019147
434.617239 0.021864
434.617239 0.027708
434.617239 0.025577
434.617239 0.024720
434.617239 0.022012
434.617239 0.020176
434.617239 0.028331
434.617239 0.024129
434.617239 0.027595
434.617239 0.027498
434.617239 0.020025
434.617239 0.023464
434.617239 0.026497
434.617239 0.025740
434.617239 0.021027
434.617239 0.023875
434.617239 0.021953
434.617239 0.022026
434.617239 0.024207
434.617239 0.022036
434.617239 0.022822
434.617239 0.023530
434.617239 0.023170
434.617239 0.020559
434.617239 0.020336
434.617239 0.020488
434.617239 0.019543
434.617239 0.020867
434.617239 0.022088
434.617239 0.020580
434.617239 0.020568
434.617239 0.021420
434.617239 0.023667
434.617239 0.020934
434.617239 0.021092
434.617239 0.021685
434.617239 0.021558
434.617239 0.023668
434.617239 0.020780
434.617239 0.021491
434.617239 0.020983
434.617239 0.024001
434.617239 0.020043
434.617239 0.020001
434.617239 0.022157
434.617239 0.022764
434.617239 0.019801
434.617239 0.019748
434.617239 0.020446
434.617239 0.021024
434.617239 0.020458
434.617239 0.020238
434.617239 0.021935
434.617239 0.022427
434.617239 0.021916
434.617239 0.020655
434.617239 0.020857
434.617239 0.020414
434.617239 0.021016
434.617239 0.021223
434.617239 0.020636
434.617239 0.021016
434.617239 0.020907
434.617239 0.021173
434.617239 0.021183
434.617239 0.021383
434.617239 0.020831
434.617239 0.020848
434.617239 0.020290
434.617239 0.020358
434.617239 0.021212
434.617239 0.020871
434.617239 0.020955
434.617239 0.020745
434.617239 0.020435
434.617239 0.020652
434.617239 0.020697
434.617239 0.020328
434.617239 0.020301
434.617239 0.020448
434.617239 0.020477
434.617239 0.020463
434.617239 0.020567
434.617239 0.021716
434.617239 0.021740
434.617239 0.021565
434.617239 0.021695
479.122647 0.020382
479.122647 0.020386
479.122647 0.020740
479.122647 0.021203
479.122647 0.020419
479.122647 0.020861
479.122647 0.021421
479.122647 0.021611
479.122647 0.020875
479.122647 0.021464
479.122647 0.021104
479.122647 0.020278
479.122647 0.020633
479.122647 0.020128
479.122647 0.020471
479.122647 0.021782
479.122647 0.023194
479.122647 0.020123
479.122647 0.022814
479.122647 0.019757
479.122647 0.020836
479.122647 0.021143
479.122647 0.020098
479.122647 0.021262
479.122647 0.019993
479.122647 0.020958
479.122647 0.019904
479.122647 0.020960
479.122647 0.024178
479.122647 0.022305
479.122647 0.021185
479.122647 0.022702
479.122647 0.020290
479.122647 0.020676
479.122647 0.020914
479.122647 0.020251
479.122647 0.021344
479.122647 0.023201
479.122647 0.020609
479.122647 0.023390
479.122647 0.022379
479.122647 0.020883
479.122647 0.023103
479.122647 0.020891
479.122647 0.021426
479.122647 0.020207
479.122647 0.020359
479.122647 0.022799
479.122647 0.021361
479.122647 0.020371
479.122647 0.023693
479.122647 0.022426
479.122647 0.020093
479.122647 0.020507
479.122647 0.022457
479.122647 0.022711
479.122647 0.019819
479.122647 0.021848
479.122647 0.020185
479.122647 0.020491
479.122647 0.021357
479.122647 0.021289
479.122647 0.020916
479.122647 0.022003
479.122647 0.020419
479.122647 0.020601
479.122647 0.019724
479.122647 0.020217
479.122647 0.020574
479.122647 0.020268
479.122647 0.020721
479.122647 0.020054
479.122647 0.021150
479.122647 0.020351
479.122647 0.020569
479.122647 0.020442
479.122647 0.020450
479.122647 0.020479
479.122647 0.020254
479.122647 0.021315
479.122647 0.021067
479.122647 0.020055
479.122647 0.020942
479.122647 0.020433
479.122647 0.021147
479.122647 0.019715
479.122647 0.020098
479.122647 0.019748
479.122647 0.020051
479.122647 0.020689
479.122647 0.020237
479.122647 0.019822
479.122647 0.020426
479.122647 0.019913
479.122647 0.019757
479.122647 0.020315
479.122647 0.019923
479.122647 0.020281
479.122647 0.020074
479.122647 0.020649
479.122647 0.020512
479.122647 0.021237
479.122647 0.020222
479.122647 0.020564
479.122647 0.020970
479.122647 0.020806
479.122647 0.021356
479.122647 0.019958
479.122647 0.020820
479.122647 0.020021
479.122647 0.021378
479.122647 0.020191
479.122647 0.020437
479.122647 0.022030
479.122647 0.020047
479.122647 0.020316
479.122647 0.020154
479.122647 0.020440
479.122647 0.022378
479.122647 0.019677
479.122647 0.020192
479.122647 0.021133
479.122647 0.020804
479.122647 0.019584
479.122647 0.020111
479.122647 0.021109
479.122647 0.020054
479.122647 0.020059
479.122647 0.020439
479.122647 0.020811
479.122647 0.019676
479.122647 0.020289
479.122647 0.021471
479.122647 0.021131
479.122647 0.020055
479.122647 0.022810
479.122647 0.023462
479.122647 0.021078
479.122647 0.023485
479.122647 0.020828
479.122647 0.023703
479.122647 0.023783
479.122647 0.023784
479.122647 0.023719
479.122647 0.020880
479.122647 0.019997
479.122647 0.020032
479.122647 0.020128
479.122647 0.020338
479.122647 0.022073
479.122647 0.022575
479.122647 0.022460
479.122647 0.019669
479.122647 0.021964
479.122647 0.020495
479.122647 0.019452
479.122647 0.019853
479.122647 0.022028
479.122647 0.022004
479.122647 0.021674
479.122647 0.020136
479.122647 0.019961
479.122647 0.020337
479.122647 0.019827
479.122647 0.020312
479.122647 0.020459
479.122647 0.020563
479.122647 0.022227
479.122647 0.023396
479.122647 0.021833
479.122647 0.019729
479.122647 0.019967
479.122647 0.021439
479.122647 0.021477
479.122647 0.020193
479.122647 0.021668
479.122647 0.019718
479.122647 0.023787
479.122647 0.023819
479.122647 0.020124
479.122647 0.019540
479.122647 0.025438
479.122647 0.021249
479.122647 0.020087
479.122647 0.019982
479.122647 0.020499
479.122647 0.020033
479.122647 0.021482
479.122647 0.021887
479.122647 0.020685
479.122647 0.021920
479.122647 0.022740
479.122647 0.020895
479.122647 0.019493
479.122647 0.021381
479.122647 0.021222
479.122647 0.023366
479.122647 0.020164
479.122647 0.023451
479.122647 0.023600
479.122647 0.021311
479.122647 0.023698
479.122647 0.020651
479.122647 0.021955
479.122647 0.020561
479.122647 0.024096
479.122647 0.021730
479.122647 0.020618
479.122647 0.023322
479.122647 0.022716
479.122647 0.020552
479.122647 0.023841
479.122647 0.022221
479.122647 0.022207
479.122647 0.022681
479.122647 0.021317
479.122647 0.022417
479.122647 0.021281
479.122647 0.022636
479.122647 0.022261
479.122647 0.019728
479.122647 0.026978
479.122647 0.018890
479.122647 0.022670
479.122647 0.020024
479.122647 0.019946
479.122647 0.020551
479.122647 0.020714
479.122647 0.020906
479.122647 0.022348
479.122647 0.021138
479.122647 0.021787
479.122647 0.020682
479.122647 0.021334
479.122647 0.019525
479.122647 0.019914
479.122647 0.020594
479.122647 0.020173
479.122647 0.023077
479.122647 0.020153
479.122647 0.021044
479.122647 0.019735
479.122647 0.023120
479.122647 0.025283
479.122647 0.019677
479.122647 0.021500
479.122647 0.024633
479.122647 0.026421
479.122647 0.020001
479.122647 0.020507
479.122647 0.021239
479.122647 0.021333
479.122647 0.021393
479.122647 0.022930
479.122647 0.022515
479.122647 0.022963
479.122647 0.020242
479.122647 0.020378
479.122647 0.020523
479.122647 0.020768
479.122647 0.022832
479.122647 0.020380
479.122647 0.020682
479.122647 0.023236
479.122647 0.023362
479.122647 0.022092
479.122647 0.021307
479.122647 0.021074
479.122647 0.020377
479.122647 0.020274
479.122647 0.024422
479.122647 0.022020
479.122647 0.024088
479.122647 0.020586
479.122647 0.022008
479.122647 0.022102
479.122647 0.020222
479.122647 0.020142
479.122647 0.020973
479.122647 0.020245
479.122647 0.019956
479.122647 0.023057
479.122647 0.021775
479.122647 0.021552
479.122647 0.021728
479.122647 0.020389
479.122647 0.022364
479.122647 0.021287
479.122647 0.019910
479.122647 0.020224
479.122647 0.019865
479.122647 0.020873
479.122647 0.020490
479.122647 0.020703
479.122647 0.020428
479.122647 0.020462
479.122647 0.020414
479.122647 0.020810
479.122647 0.020423
479.122647 0.020419
479.122647 0.021118
479.122647 0.019978
479.122647 0.021245
479.122647 0.020785
479.122647 0.019780
479.122647 0.020251
479.122647 0.019764
479.122647 0.020339
479.122647 0.020050
479.122647 0.020240
479.122647 0.019865
479.122647 0.020158
479.122647 0.020343
479.122647 0.020006
479.122647 0.020321
479.122647 0.020171
479.122647 0.021576
479.122647 0.021571
479.122647 0.022535
479.122647 0.022485
479.122647 0.021193
479.122647 0.019726
479.122647 0.020889
479.122647 0.020816
479.122647 0.020655
479.122647 0.023389
479.122647 0.023884
479.122647 0.022805
479.122647 0.022671
479.122647 0.023302
479.122647 0.023265
479.122647 0.021267
479.122647 0.021372
479.122647 0.020111
479.122647 0.020442
479.122647 0.023746
479.122647 0.020085
479.122647 0.022852
479.122647 0.021069
479.122647 0.024094
479.122647 0.022335
479.122647 0.022854
479.122647 0.019796
479.122647 0.021550
479.122647 0.022127
479.122647 0.021198
479.122647 0.023248
479.122647 0.021906
479.122647 0.022026
479.122647 0.022314
479.122647 0.027364
479.122647 0.024666
479.122647 0.020149
479.122647 0.020286
479.122647 0.020663
479.122647 0.020377
479.122647 0.020766
479.122647 0.020729
479.122647 0.019957
479.122647 0.020496
479.122647 0.020736
479.122647 0.020384
479.122647 0.020887
479.122647 0.021384
479.122647 0.021741
479.122647 0.021046
479.122647 0.020582
479.122647 0.020253
479.122647 0.020122
479.122647 0.020256
479.122647 0.020072
479.122647 0.020233
479.122647 0.021175
479.122647 0.020375
479.122647 0.021250
479.122647 0.019816
479.122647 0.019986
479.122647 0.020143
479.122647 0.020117
479.122647 0.020565
479.122647 0.020290
479.122647 0.021440
479.122647 0.020460
479.122647 0.020852
479.122647 0.018255
479.122647 0.020374
479.122647 0.020625
479.122647 0.021485
479.122647 0.021026
479.122647 0.020289
479.122647 0.021141
479.122647 0.021022
479.122647 0.021054
479.122647 0.020971
479.122647 0.020199
479.122647 0.022012
479.122647 0.020928
479.122647 0.021347
479.122647 0.022500
479.122647 0.020518
479.122647 0.023243
479.122647 0.020695
479.122647 0.020642
479.122647 0.022916
479.122647 0.020345
479.122647 0.019991
479.122647 0.021505
479.122647 0.020869
479.122647 0.020326
479.122647 0.020160
479.122647 0.021235
479.122647 0.020880
479.122647 0.021617
479.122647 0.022267
479.122647 0.021958
479.122647 0.015566
479.122647 0.020607
479.122647 0.020414
479.122647 0.020475
479.122647 0.021941
479.122647 0.020277
479.122647 0.021223
479.122647 0.020633
479.122647 0.022627
479.122647 0.021017
479.122647 0.020707
479.122647 0.021587
479.122647 0.022770
479.122647 0.020749
479.122647 0.020745
479.122647 0.021074
479.122647 0.020410
479.122647 0.021470
479.122647 0.020254
479.122647 0.020106
479.122647 0.021393
479.122647 0.020915
479.122647 0.020247
479.122647 0.019857
479.122647 0.020075
479.122647 0.019968
479.122647 0.020465
479.122647 0.019852
479.122647 0.020542
479.122647 0.022817
479.122647 0.021184
479.122647 0.022550
479.122647 0.018946
479.122647 0.020566
479.122647 0.024643
479.122647 0.026186
479.122647 0.028724
479.122647 0.026228
479.122647 0.028397
479.122647 0.019429
479.122647 0.027995
479.122647 0.028232
479.122647 0.028305
479.122647 0.023404
479.122647 0.020566
479.122647 0.027966
479.122647 0.023765
479.122647 0.025156
479.122647 0.022550
479.122647 0.022614
479.122647 0.022914
479.122647 0.022363
479.122647 0.022213
479.122647 0.022797
479.122647 0.029061
479.122647 0.028754
479.122647 0.023332
479.122647 0.022854
479.122647 0.024210
479.122647 0.029028
479.122647 0.021933
479.122647 0.024305
479.122647 0.028857
479.122647 0.024258
479.122647 0.024521
479.122647 0.020061
479.122647 0.020432
479.122647 0.020605
479.122647 0.020436
479.122647 0.020583
479.122647 0.020541
479.122647 0.020665
479.122647 0.020124
479.122647 0.020686
479.122647 0.020527
479.122647 0.020954
479.122647 0.021399
479.122647 0.020614
479.122647 0.020578
479.122647 0.021143
479.122647 0.021597
479.122647 0.021174
479.122647 0.019608
479.122647 0.020623
479.122647 0.020162
479.122647 0.020378
479.122647 0.020425
479.122647 0.020546
479.122647 0.020058
479.122647 0.020778
479.122647 0.020017
479.122647 0.020782
479.122647 0.019938
479.122647 0.020027
479.122647 0.020317
479.122647 0.021414
479.122647 0.021154
479.122647 0.021719
479.122647 0.022551
479.122647 0.021237
479.122647 0.023013
479.122647 0.020921
479.122647 0.022065
479.122647 0.023890
479.122647 0.022208
479.122647 0.023835
479.122647 0.022231
479.122647 0.022955
479.122647 0.022799
479.122647 0.021343
479.122647 0.020812
479.122647 0.023464
479.122647 0.020796
479.122647 0.022796
479.122647 0.022372
479.122647 0.021039
479.122647 0.020833
479.122647 0.023648
479.122647 0.023564
479.122647 0.024198
479.122647 0.021970
479.122647 0.024086
479.122647 0.021309
479.122647 0.024196
479.122647 0.021780
479.122647 0.022825
479.122647 0.022702
479.122647 0.022812
479.122647 0.022689
479.122647 0.019888
479.122647 0.020638
479.122647 0.020064
479.122647 0.020761
479.122647 0.020671
479.122647 0.019813
479.122647 0.020835
479.122647 0.020488
479.122647 0.020781
479.122647 0.020951
479.122647 0.021431
479.122647 0.021316
479.122647 0.021073
479.122647 0.020991
479.122647 0.020530
479.122647 0.021265
479.122647 0.020100
479.122647 0.020226
479.122647 0.020419
479.122647 0.020458
479.122647 0.020422
479.122647 0.020570
479.122647 0.020185
479.122647 0.020416
479.122647 0.019753
479.122647 0.020141
479.122647 0.020387
479.122647 0.020413
479.122647 0.020205
479.122647 0.019573
479.122647 0.021437
479.122647 0.021121
479.122647 0.020268
479.122647 0.019890
479.122647 0.020769
479.122647 0.020926
479.122647 0.020744
479.122647 0.020860
479.122647 0.020659
479.122647 0.020489
479.122647 0.021169
479.122647 0.020250
479.122647 0.020790
479.122647 0.020756
479.122647 0.020720
479.122647 0.020536
479.122647 0.020567
479.122647 0.020117
479.122647 0.020214
479.122647 0.023542
479.122647 0.020307
479.122647 0.023438
479.122647 0.020060
479.122647 0.019929
479.122647 0.024170
479.122647 0.020235
479.122647 0.020076
479.122647 0.021451
479.122647 0.021492
479.122647 0.022566
479.122647 0.022131
479.122647 0.024324
479.122647 0.022202
479.122647 0.022321
479.122647 0.020392
479.122647 0.020726
479.122647 0.020899
479.122647 0.021855
479.122647 0.021319
479.122647 0.021948
479.122647 0.023698
479.122647 0.023433
479.122647 0.021121
479.122647 0.021062
479.122647 0.021187
479.122647 0.020340
479.122647 0.019995
479.122647 0.022762
479.122647 0.023755
479.122647 0.019857
479.122647 0.024212
479.122647 0.022284
479.122647 0.019954
479.122647 0.024681
479.122647 0.020535
479.122647 0.027824
479.122647 0.028536
479.122647 0.025240
479.122647 0.021826
479.122647 0.022231
479.122647 0.021602
479.122647 0.023017
479.122647 0.028420
479.122647 0.023748
479.122647 0.025617
479.122647 0.025755
479.122647 0.019219
479.122647 0.020510
479.122647 0.020352
479.122647 0.020414
479.122647 0.019988
479.122647 0.020735
479.122647 0.020531
479.122647 0.020064
479.122647 0.020598
479.122647 0.020654
479.122647 0.020735
479.122647 0.020302
479.122647 0.020324
479.122647 0.020284
479.122647 0.020263
479.122647 0.020333
479.122647 0.021368
479.122647 0.020109
479.122647 0.018972
479.122647 0.020265
479.122647 0.020220
479.122647 0.019729
479.122647 0.020215
479.122647 0.019949
479.122647 0.021474
479.122647 0.019658
479.122647 0.020402
479.122647 0.021171
479.122647 0.021525
479.122647 0.021421
479.122647 0.024289
479.122647 0.023862
479.122647 0.020614
479.122647 0.021840
479.122647 0.020771
479.122647 0.021898
479.122647 0.020352
479.122647 0.020724
479.122647 0.021121
479.122647 0.020564
479.122647 0.022854
479.122647 0.023309
479.122647 0.022994
479.122647 0.023116
479.122647 0.022549
479.122647 0.023610
479.122647 0.023104
479.122647 0.021461
479.122647 0.021688
479.122647 0.020158
479.122647 0.020263
479.122647 0.024131
479.122647 0.021824
479.122647 0.021118
479.122647 0.022745
479.122647 0.019931
479.122647 0.020011
479.122647 0.021043
479.122647 0.022540
479.122647 0.020931
479.122647 0.021813
479.122647 0.022219
479.122647 0.022636
479.122647 0.021896
479.122647 0.020577
479.122647 0.020278
479.122647 0.020160
479.122647 0.020690
479.122647 0.021768
479.122647 0.020441
479.122647 0.020230
479.122647 0.021181
479.122647 0.020696
479.122647 0.020530
479.122647 0.020277
479.122647 0.021114
479.122647 0.020358
479.122647 0.020105
479.122647 0.020404
479.122647 0.019964
479.122647 0.021373
479.122647 0.024045
479.122647 0.020664
479.122647 0.020180
479.122647 0.019696
479.122647 0.020144
479.122647 0.020833
479.122647 0.021089
479.122647 0.019955
479.122647 0.019959
479.122647 0.020903
479.122647 0.021354
479.122647 0.024637
479.122647 0.022420
479.122647 0.026386
479.122647 0.023591
479.122647 0.020250
479.122647 0.020630
479.122647 0.020412
479.122647 0.020933
479.122647 0.020384
479.122647 0.021058
479.122647 0.021426
479.122647 0.021045
479.122647 0.020974
479.122647 0.020861
479.122647 0.020096
479.122647 0.021727
479.122647 0.020700
479.122647 0.020659
479.122647 0.020455
479.122647 0.020214
479.122647 0.021329
479.122647 0.020520
479.122647 0.022417
479.122647 0.023396
479.122647 0.023356
479.122647 0.020153
479.122647 0.020094
479.122647 0.020356
479.122647 0.020819
479.122647 0.020656
479.122647 0.020444
479.122647 0.021425
479.122647 0.021219
479.122647 0.021451
479.122647 0.022452
479.122647 0.022519
479.122647 0.021251
479.122647 0.020374
479.122647 0.020707
479.122647 0.020535
479.122647 0.021061
479.122647 0.020877
479.122647 0.020918
479.122647 0.023253
479.122647 0.023431
479.122647 0.023704
479.122647 0.022797
479.122647 0.021070
479.122647 0.023753
479.122647 0.020891
479.122647 0.021827
479.122647 0.022439
479.122647 0.019887
479.122647 0.021383
479.122647 0.020446
479.122647 0.022305
479.122647 0.020459
479.122647 0.020229
479.122647 0.022227
479.122647 0.021845
479.122647 0.020588
479.122647 0.021422
479.122647 0.019954
479.122647 0.020066
479.122647 0.021272
479.122647 0.021070
479.122647 0.021451
479.122647 0.020910
479.122647 0.020410
479.122647 0.020352
479.122647 0.020776
479.122647 0.020281
479.122647 0.020219
479.122647 0.019772
479.122647 0.020997
479.122647 0.021042
479.122647 0.020719
479.122647 0.020311
479.122647 0.021275
479.122647 0.020631
479.122647 0.021147
479.122647 0.021437
479.122647 0.020392
479.122647 0.020921
479.122647 0.020109
479.122647 0.020823
479.122647 0.021221
479.122647 0.020549
479.122647 0.019885
479.122647 0.020759
479.122647 0.020100
479.122647 0.020333
479.122647 0.019918
479.122647 0.019630
479.122647 0.020064
479.122647 0.020240
479.122647 0.020104
479.122647 0.020271
479.122647 0.019910
479.122647 0.020711
479.122647 0.013062
479.122647 0.013192
479.122647 0.013157
479.122647 0.013451
479.122647 0.014240
479.122647 0.014335
479.122647 0.014304
479.122647 0.014409
479.122647 0.014401
479.122647 0.015863
479.122647 0.024028
479.122647 0.024123
479.122647 0.023900
479.122647 0.024094
479.122647 0.023648
479.122647 0.024058
479.122647 0.023605
479.122647 0.023806
479.122647 0.023717
479.122647 0.023367
479.122647 0.026528
479.122647 0.026692
479.122647 0.023927
479.122647 0.023981
479.122647 0.025911
479.122647 0.025994
479.122647 0.025162
479.122647 0.025937
479.122647 0.024945
479.122647 0.025750
479.122647 0.025461
479.122647 0.025573
479.122647 0.019458
479.122647 0.019416
479.122647 0.019728
479.122647 0.020493
479.122647 0.020042
479.122647 0.019065
479.122647 0.019866
479.122647 0.019736
479.122647 0.023163
479.122647 0.020637
479.122647 0.023017
479.122647 0.020520
479.122647 0.023190
479.122647 0.024173
479.122647 0.023459
479.122647 0.020014
479.122647 0.019432
479.122647 0.019345
479.122647 0.022053
479.122647 0.018821
479.122647 0.021860
479.122647 0.020580
479.122647 0.023442
479.122647 0.019655
479.122647 0.019469
479.122647 0.019394
479.122647 0.019598
479.122647 0.019647
479.122647 0.021163
479.122647 0.020603
479.122647 0.018890
479.122647 0.020590
449.038807 0.017660
449.038807 0.017633
449.038807 0.017923
449.038807 0.018231
449.038807 0.017961
449.038807 0.018881
449.038807 0.018569
479.122647 0.020346
479.122647 0.020233
479.122647 0.020446
449.038807 0.018153
449.038807 0.017844
449.038807 0.018480
449.038807 0.018607
449.038807 0.017804
449.038807 0.018470
449.038807 0.017710
449.038807 0.018374
449.038807 0.019393
449.038807 0.019718
449.038807 0.017904
449.038807 0.017422
449.038807 0.018271
449.038807 0.020618
449.038807 0.018861
449.038807 0.019199
449.038807 0.017489
449.038807 0.018693
449.038807 0.017996
449.038807 0.017929
449.038807 0.018425
449.038807 0.019501
449.038807 0.017485
449.038807 0.018114
449.038807 0.017435
449.038807 0.018366
449.038807 0.017909
449.038807 0.018012
449.038807 0.017955
449.038807 0.018359
449.038807 0.017828
449.038807 0.018335
449.038807 0.018207
449.038807 0.018628
449.038807 0.019128
449.038807 0.017915
449.038807 0.018613
449.038807 0.017848
449.038807 0.017561
449.038807 0.017784
449.038807 0.017387
449.038807 0.018176
449.038807 0.017658
449.038807 0.017981
449.038807 0.017658
449.038807 0.017680
449.038807 0.017159
449.038807 0.017908
449.038807 0.017710
449.038807 0.017528
449.038807 0.018945
449.038807 0.018962
449.038807 0.017480
449.038807 0.017764
449.038807 0.017862
449.038807 0.017942
449.038807 0.017745
449.038807 0.018050
449.038807 0.018570
449.038807 0.018455
449.038807 0.018139
449.038807 0.017759
449.038807 0.018142
449.038807 0.018567
449.038807 0.017701
449.038807 0.018421
449.038807 0.018398
449.038807 0.019812
449.038807 0.017650
449.038807 0.018193
449.038807 0.019912
449.038807 0.020102
449.038807 0.017707
449.038807 0.017330
449.038807 0.017604
449.038807 0.017950
449.038807 0.018203
449.038807 0.017792
449.038807 0.017517
449.038807 0.017850
449.038807 0.019104
449.038807 0.017953
449.038807 0.018984
449.038807 0.018842
449.038807 0.019248
449.038807 0.019068
449.038807 0.018042
449.038807 0.018032
449.038807 0.018436
449.038807 0.017896
449.038807 0.017616
449.038807 0.018219
449.038807 0.018141
449.038807 0.018748
449.038807 0.018776
449.038807 0.017898
449.038807 0.018671
449.038807 0.018114
449.038807 0.018742
449.038807 0.017946
449.038807 0.018159
449.038807 0.018041
449.038807 0.018119
449.038807 0.017805
449.038807 0.018511
449.038807 0.017852
449.038807 0.018594
449.038807 0.017899
449.038807 0.017834
449.038807 0.017318
449.038807 0.017758
449.038807 0.017917
449.038807 0.017899
449.038807 0.017345
449.038807 0.017364
449.038807 0.021232
449.038807 0.017863
449.038807 0.019900
449.038807 0.017522
449.038807 0.017967
449.038807 0.017911
449.038807 0.017467
449.038807 0.017885
449.038807 0.018425
449.038807 0.018739
449.038807 0.018226
449.038807 0.017440
449.038807 0.017793
449.038807 0.017724
449.038807 0.017365
449.038807 0.018563
449.038807 0.020380
449.038807 0.020737
449.038807 0.017402
449.038807 0.019691
449.038807 0.017810
449.038807 0.017670
449.038807 0.020959
449.038807 0.021007
449.038807 0.017604
449.038807 0.019076
449.038807 0.017604
449.038807 0.018986
449.038807 0.017529
449.038807 0.019476
449.038807 0.017698
449.038807 0.018658
449.038807 0.019895
449.038807 0.019570
449.038807 0.019988
449.038807 0.017738
449.038807 0.017892
449.038807 0.017959
449.038807 0.018279
449.038807 0.018850
449.038807 0.017601
449.038807 0.017825
449.038807 0.018214
449.038807 0.018356
449.038807 0.018074
449.038807 0.018111
449.038807 0.018777
449.038807 0.017660
449.038807 0.017773
449.038807 0.018216
449.038807 0.017462
449.038807 0.017813
449.038807 0.019705
449.038807 0.017443
449.038807 0.017483
449.038807 0.017616
449.038807 0.017545
449.038807 0.017706
449.038807 0.019703
449.038807 0.018307
449.038807 0.020420
449.038807 0.018971
449.038807 0.017138
449.038807 0.016919
449.038807 0.017710
449.038807 0.017585
449.038807 0.018511
449.038807 0.018206
449.038807 0.018800
449.038807 0.019579
449.038807 0.019468
449.038807 0.019854
449.038807 0.018832
449.038807 0.017957
449.038807 0.018774
449.038807 0.018608
449.038807 0.018017
449.038807 0.018808
449.038807 0.019616
449.038807 0.018993
449.038807 0.019147
449.038807 0.020080
449.038807 0.019020
449.038807 0.018825
449.038807 0.021080
449.038807 0.017757
449.038807 0.017509
449.038807 0.019276
449.038807 0.019175
449.038807 0.021404
449.038807 0.022187
449.038807 0.021219
449.038807 0.018229
449.038807 0.018215
449.038807 0.019343
449.038807 0.017689
449.038807 0.018430
449.038807 0.020001
449.038807 0.020033
449.038807 0.018197
449.038807 0.018585
449.038807 0.017685
449.038807 0.018417
449.038807 0.018519
449.038807 0.019905
449.038807 0.020810
449.038807 0.018235
449.038807 0.020706
449.038807 0.020596
449.038807 0.019813
449.038807 0.017988
449.038807 0.021261
449.038807 0.019174
449.038807 0.017864
449.038807 0.017975
449.038807 0.021294
449.038807 0.019973
449.038807 0.017403
449.038807 0.019470
449.038807 0.017232
449.038807 0.020155
449.038807 0.017882
449.038807 0.018485
449.038807 0.019611
449.038807 0.018928
449.038807 0.018559
449.038807 0.019377
449.038807 0.024575
449.038807 0.024324
449.038807 0.022936
449.038807 0.022927
449.038807 0.018584
449.038807 0.017569
449.038807 0.018242
449.038807 0.017589
449.038807 0.017826
449.038807 0.018737
449.038807 0.017889
449.038807 0.017841
449.038807 0.018427
449.038807 0.018304
449.038807 0.019626
449.038807 0.017498
449.038807 0.017869
449.038807 0.018474
449.038807 0.020735
449.038807 0.017914
449.038807 0.020495
449.038807 0.018600
449.038807 0.018676
449.038807 0.017375
449.038807 0.017777
449.038807 0.017395
449.038807 0.017416
449.038807 0.019082
449.038807 0.019682
449.038807 0.017467
449.038807 0.017409
449.038807 0.018934
449.038807 0.017745
449.038807 0.018695
449.038807 0.017498
449.038807 0.017988
449.038807 0.017815
449.038807 0.017960
449.038807 0.017664
449.038807 0.017644
449.038807 0.017679
449.038807 0.017648
449.038807 0.018822
449.038807 0.017709
449.038807 0.018608
449.038807 0.018635
449.038807 0.018267
449.038807 0.017924
449.038807 0.018662
449.038807 0.017941
449.038807 0.018499
449.038807 0.017595
449.038807 0.018412
449.038807 0.018534
449.038807 0.017240
449.038807 0.018252
449.038807 0.017712
449.038807 0.017935
449.038807 0.017332
449.038807 0.017653
449.038807 0.017954
449.038807 0.017228
449.038807 0.017919
449.038807 0.017742
449.038807 0.017767
449.038807 0.019079
449.038807 0.019123
449.038807 0.017627
449.038807 0.017536
449.038807 0.017863
449.038807 0.018358
449.038807 0.017796
449.038807 0.017536
449.038807 0.018368
449.038807 0.018008
449.038807 0.018909
449.038807 0.018355
449.038807 0.018762
449.038807 0.019033
449.038807 0.017972
449.038807 0.017755
449.038807 0.022409
449.038807 0.017530
449.038807 0.021722
449.038807 0.022927
449.038807 0.017312
449.038807 0.020873
449.038807 0.018169
449.038807 0.017917
449.038807 0.017550
449.038807 0.018992
449.038807 0.018077
449.038807 0.019455
449.038807 0.017758
449.038807 0.017242
449.038807 0.017936
449.038807 0.020032
449.038807 0.018822
449.038807 0.020197
449.038807 0.019388
449.038807 0.017501
449.038807 0.017713
449.038807 0.017291
449.038807 0.018296
449.038807 0.018127
449.038807 0.017822
449.038807 0.018339
449.038807 0.018613
449.038807 0.018291
449.038807 0.017367
449.038807 0.017745
449.038807 0.018681
449.038807 0.018299
449.038807 0.018071
449.038807 0.017638
449.038807 0.018782
449.038807 0.018075
449.038807 0.017308
449.038807 0.017806
449.038807 0.017526
449.038807 0.017623
449.038807 0.017877
449.038807 0.017714
449.038807 0.017275
449.038807 0.017223
449.038807 0.017005
449.038807 0.017780
449.038807 0.017872
449.038807 0.017159
449.038807 0.017704
449.038807 0.019149
449.038807 0.019116
449.038807 0.017142
449.038807 0.018068
449.038807 0.018095
449.038807 0.018314
449.038807 0.018311
449.038807 0.018352
449.038807 0.017395
449.038807 0.017718
449.038807 0.018042
449.038807 0.018071
449.038807 0.019096
449.038807 0.018149
449.038807 0.017122
449.038807 0.017689
449.038807 0.017935
449.038807 0.021030
449.038807 0.017780
449.038807 0.020490
449.038807 0.018854
449.038807 0.017742
449.038807 0.018010
449.038807 0.022740
449.038807 0.017358
449.038807 0.022746
449.038807 0.018187
449.038807 0.017313
449.038807 0.017172
449.038807 0.017354
449.038807 0.018716
449.038807 0.018219
449.038807 0.020564
449.038807 0.020255
449.038807 0.017537
449.038807 0.017766
449.038807 0.017697
449.038807 0.017256
449.038807 0.017020
449.038807 0.016791
449.038807 0.018238
449.038807 0.017643
449.038807 0.018837
449.038807 0.017092
449.038807 0.017637
449.038807 0.020665
449.038807 0.021328
449.038807 0.021414
449.038807 0.019529
449.038807 0.021200
449.038807 0.017503
449.038807 0.023208
449.038807 0.017636
449.038807 0.017329
449.038807 0.016845
449.038807 0.016924
449.038807 0.019072
449.038807 0.016854
449.038807 0.018134
449.038807 0.018030
449.038807 0.018070
449.038807 0.019387
449.038807 0.017629
449.038807 0.017383
449.038807 0.019390
449.038807 0.019257
449.038807 0.017991
449.038807 0.017602
449.038807 0.017995
449.038807 0.017478
449.038807 0.017494
449.038807 0.017819
449.038807 0.018175
449.038807 0.018076
449.038807 0.018274
449.038807 0.018057
449.038807 0.018259
449.038807 0.017910
449.038807 0.018535
449.038807 0.017832
449.038807 0.018663
449.038807 0.017664
449.038807 0.018712
449.038807 0.017674
449.038807 0.018713
449.038807 0.017510
449.038807 0.017491
449.038807 0.017212
449.038807 0.017626
449.038807 0.017760
449.038807 0.017568
449.038807 0.017701
449.038807 0.017790
449.038807 0.017943
449.038807 0.017798
449.038807 0.018280
449.038807 0.017305
449.038807 0.018085
449.038807 0.017284
449.038807 0.017607
449.038807 0.017155
449.038807 0.017706
449.038807 0.018660
449.038807 0.017396
449.038807 0.018092
449.038807 0.017556
449.038807 0.018012
449.038807 0.020846
449.038807 0.017322
449.038807 0.021332
449.038807 0.021943
449.038807 0.017158
449.038807 0.020914
449.038807 0.019406
449.038807 0.019702
449.038807 0.017081
449.038807 0.021007
449.038807 0.023206
449.038807 0.017459
449.038807 0.022076
449.038807 0.017487
449.038807 0.017464
449.038807 0.016929
449.038807 0.019311
449.038807 0.018092
449.038807 0.018556
449.038807 0.018504
449.038807 0.020300
449.038807 0.019896
449.038807 0.019036
449.038807 0.017563
449.038807 0.017483
449.038807 0.017742
449.038807 0.017752
449.038807 0.018318
449.038807 0.017492
449.038807 0.017835
449.038807 0.017522
449.038807 0.018194
449.038807 0.017397
449.038807 0.018462
449.038807 0.018638
449.038807 0.018898
449.038807 0.017567
449.038807 0.018888
449.038807 0.017988
449.038807 0.017322
449.038807 0.017958
449.038807 0.018819
449.038807 0.018562
449.038807 0.018857
449.038807 0.017626
449.038807 0.017808
449.038807 0.017790
449.038807 0.018689
449.038807 0.018132
449.038807 0.017355
449.038807 0.016953
449.038807 0.018116
449.038807 0.017746
449.038807 0.018552
449.038807 0.017924
449.038807 0.017473
449.038807 0.017710
449.038807 0.018095
449.038807 0.018057
449.038807 0.018440
449.038807 0.018387
449.038807 0.017324
449.038807 0.017610
449.038807 0.017839
449.038807 0.018573
449.038807 0.021279
449.038807 0.020571
449.038807 0.018594
449.038807 0.020615
449.038807 0.022489
449.038807 0.017610
449.038807 0.018790
449.038807 0.018129
449.038807 0.022618
449.038807 0.018994
449.038807 0.019892
449.038807 0.017432
449.038807 0.018526
449.038807 0.018475
449.038807 0.019210
449.038807 0.018067
449.038807 0.018790
449.038807 0.019278
449.038807 0.020055
449.038807 0.018884
449.038807 0.018193
449.038807 0.018581
449.038807 0.017915
449.038807 0.018287
449.038807 0.017818
449.038807 0.018230
449.038807 0.018876
449.038807 0.018104
449.038807 0.018355
449.038807 0.018671
449.038807 0.018008
449.038807 0.018262
449.038807 0.018361
449.038807 0.017831
449.038807 0.017973
449.038807 0.018124
449.038807 0.018660
449.038807 0.018559
449.038807 0.018379
449.038807 0.018380
449.038807 0.017975
449.038807 0.017883
449.038807 0.017568
449.038807 0.017981
449.038807 0.017984
449.038807 0.017982
449.038807 0.017894
449.038807 0.017687
449.038807 0.018873
449.038807 0.017706
449.038807 0.017944
449.038807 0.018690
449.038807 0.017924
449.038807 0.018072
449.038807 0.017926
449.038807 0.018284
449.038807 0.018422
449.038807 0.018314
449.038807 0.018752
449.038807 0.018547
449.038807 0.018019
449.038807 0.019686
449.038807 0.017951
449.038807 0.021560
449.038807 0.018784
449.038807 0.018570
449.038807 0.020055
449.038807 0.021131
449.038807 0.021087
449.038807 0.018435
449.038807 0.019181
449.038807 0.019399
449.038807 0.018092
449.038807 0.017566
449.038807 0.017862
449.038807 0.020086
449.038807 0.019999
449.038807 0.019481
449.038807 0.018447
449.038807 0.021215
449.038807 0.018772
449.038807 0.018752
449.038807 0.018423
449.038807 0.017724
449.038807 0.019157
449.038807 0.017965
449.038807 0.017930
449.038807 0.017928
449.038807 0.017634
449.038807 0.018238
449.038807 0.018823
449.038807 0.020098
449.038807 0.018581
449.038807 0.019774
449.038807 0.018714
449.038807 0.018278
449.038807 0.020182
449.038807 0.019424
449.038807 0.017956
449.038807 0.017867
449.038807 0.018597
449.038807 0.018860
449.038807 0.018733
449.038807 0.020588
449.038807 0.018138
449.038807 0.017883
449.038807 0.020201
449.038807 0.017737
449.038807 0.018239
449.038807 0.018626
449.038807 0.017486
449.038807 0.017492
449.038807 0.017590
449.038807 0.018497
449.038807 0.020255
449.038807 0.022049
449.038807 0.018863
449.038807 0.019591
449.038807 0.017945
449.038807 0.017573
449.038807 0.018058
449.038807 0.018035
449.038807 0.018350
449.038807 0.018589
449.038807 0.017797
449.038807 0.018526
449.038807 0.019122
449.038807 0.017838
449.038807 0.018314
449.038807 0.018074
449.038807 0.019592
449.038807 0.019884
449.038807 0.018052
449.038807 0.017473
449.038807 0.018112
449.038807 0.017854
449.038807 0.017661
449.038807 0.021111
449.038807 0.017399
449.038807 0.018940
449.038807 0.018410
449.038807 0.020970
449.038807 0.017472
449.038807 0.018457
449.038807 0.017441
449.038807 0.017252
449.038807 0.018908
449.038807 0.018788
449.038807 0.019875
449.038807 0.019665
449.038807 0.016885
449.038807 0.017736
449.038807 0.018003
449.038807 0.017748
449.038807 0.017730
449.038807 0.017599
449.038807 0.017790
449.038807 0.018176
449.038807 0.017868
449.038807 0.018630
449.038807 0.018745
449.038807 0.017727
449.038807 0.018738
449.038807 0.017748
449.038807 0.019885
449.038807 0.019757
449.038807 0.017227
449.038807 0.017503
449.038807 0.016789
449.038807 0.017677
449.038807 0.018823
449.038807 0.017978
449.038807 0.017323
449.038807 0.017494
449.038807 0.017804
449.038807 0.017075
449.038807 0.018323
449.038807 0.019377
449.038807 0.017812
449.038807 0.019339
449.038807 0.018337
449.038807 0.019072
449.038807 0.017938
449.038807 0.017871
449.038807 0.017720
449.038807 0.017856
449.038807 0.017672
449.038807 0.018127
449.038807 0.018757
449.038807 0.018327
449.038807 0.018797
449.038807 0.019168
449.038807 0.017771
449.038807 0.017803
449.038807 0.018465
449.038807 0.018279
449.038807 0.018499
449.038807 0.017734
449.038807 0.017743
449.038807 0.018161
449.038807 0.020376
449.038807 0.018038
449.038807 0.017600
449.038807 0.017477
449.038807 0.017789
449.038807 0.017884
449.038807 0.018789
449.038807 0.017694
449.038807 0.018917
449.038807 0.021224
449.038807 0.017932
449.038807 0.018742
449.038807 0.019433
449.038807 0.020105
449.038807 0.018007
449.038807 0.017987
449.038807 0.018129
449.038807 0.018036
449.038807 0.018210
449.038807 0.018354
449.038807 0.018163
449.038807 0.017561
449.038807 0.018904
449.038807 0.018823
449.038807 0.018486
449.038807 0.018029
449.038807 0.017788
449.038807 0.017582
449.038807 0.018721
449.038807 0.018018
449.038807 0.018619
449.038807 0.017912
449.038807 0.018022
449.038807 0.017732
449.038807 0.017930
449.038807 0.017897
449.038807 0.017318
449.038807 0.017634
449.038807 0.018077
449.038807 0.020708
449.038807 0.021318
449.038807 0.019122
449.038807 0.018008
449.038807 0.019248
449.038807 0.020480
449.038807 0.019594
449.038807 0.018011
449.038807 0.018056
449.038807 0.018353
449.038807 0.018469
449.038807 0.018486
449.038807 0.016502
449.038807 0.018703
449.038807 0.018014
449.038807 0.018697
449.038807 0.018930
449.038807 0.017756
449.038807 0.018492
449.038807 0.018795
449.038807 0.017903
449.038807 0.018196
449.038807 0.020432
449.038807 0.018264
449.038807 0.017871
449.038807 0.017762
449.038807 0.018275
449.038807 0.017679
449.038807 0.017612
449.038807 0.020726
449.038807 0.018328
449.038807 0.018616
449.038807 0.017887
449.038807 0.019826
449.038807 0.017298
449.038807 0.016797
449.038807 0.017430
449.038807 0.016497
449.038807 0.019864
449.038807 0.017664
449.038807 0.018258
449.038807 0.017985
449.038807 0.018005
449.038807 0.018073
449.038807 0.018239
449.038807 0.017738
449.038807 0.017877
449.038807 0.018362
449.038807 0.018481
449.038807 0.018077
449.038807 0.018113
449.038807 0.018478
449.038807 0.018531
449.038807 0.018306
449.038807 0.017924
449.038807 0.017405
449.038807 0.017758
449.038807 0.018228
449.038807 0.018010
449.038807 0.017729
449.038807 0.017542
449.038807 0.017593
449.038807 0.017757
449.038807 0.017890
449.038807 0.017592
449.038807 0.018950
449.038807 0.017361
449.038807 0.018916
449.038807 0.017643
449.038807 0.017748
449.038807 0.017522
449.038807 0.013058
449.038807 0.017933
449.038807 0.018092
449.038807 0.018046
449.038807 0.018000
449.038807 0.017558
449.038807 0.018148
449.038807 0.018331
449.038807 0.018098
449.038807 0.017774
449.038807 0.018132
449.038807 0.018238
449.038807 0.017909
449.038807 0.017742
449.038807 0.018383
449.038807 0.017602
449.038807 0.018499
449.038807 0.018667
449.038807 0.017661
449.038807 0.017707
449.038807 0.017760
449.038807 0.017286
449.038807 0.017562
449.038807 0.017702
449.038807 0.017747
449.038807 0.017484
449.038807 0.017791
449.038807 0.017535
449.038807 0.017596
449.038807 0.017574
449.038807 0.017778
449.038807 0.012613
449.038807 0.020614
449.038807 0.020515
449.038807 0.020955
449.038807 0.020858
449.038807 0.021299
449.038807 0.021040
449.038807 0.019914
449.038807 0.021044
449.038807 0.020971
449.038807 0.018883
449.038807 0.018705
449.038807 0.021144
449.038807 0.021130
449.038807 0.021232
449.038807 0.020907
449.038807 0.018373
449.038807 0.021952
449.038807 0.020482
449.038807 0.019457
449.038807 0.020318
449.038807 0.019425
449.038807 0.020223
449.038807 0.018016
449.038807 0.019461
449.038807 0.018729
449.038807 0.020169
449.038807 0.019624
449.038807 0.019396
449.038807 0.019380
449.038807 0.018867
449.038807 0.019735
449.038807 0.019849
449.038807 0.018142
449.038807 0.017908
449.038807 0.018113
449.038807 0.018846
449.038807 0.018732
449.038807 0.018121
449.038807 0.017856
449.038807 0.019341
449.038807 0.017954
449.038807 0.017817
449.038807 0.018357
449.038807 0.018591
449.038807 0.018461
449.038807 0.018003
449.038807 0.018405
449.038807 0.018428
449.038807 0.017490
449.038807 0.017788
449.038807 0.017562
449.038807 0.017587
449.038807 0.017915
449.038807 0.018464
449.038807 0.017749
449.038807 0.017588
449.038807 0.018006
449.038807 0.017464
449.038807 0.017546
449.038807 0.017857
449.038807 0.017803
449.038807 0.019491
449.038807 0.019042
449.038807 0.017425
449.038807 0.017625
449.038807 0.017717
449.038807 0.016738
449.038807 0.017835
449.038807 0.018937
449.038807 0.017558
449.038807 0.018017
449.038807 0.021227
449.038807 0.017846
449.038807 0.019933
449.038807 0.021300
449.038807 0.018526
449.038807 0.017286
449.038807 0.017585
449.038807 0.017372
449.038807 0.021427
449.038807 0.020498
449.038807 0.020731
449.038807 0.017415
449.038807 0.019669
449.038807 0.021160
449.038807 0.018847
449.038807 0.020775
449.038807 0.017435
449.038807 0.019187
449.038807 0.018026
449.038807 0.016689
449.038807 0.017747
449.038807 0.018437
449.038807 0.018890
449.038807 0.018886
449.038807 0.018581
449.038807 0.017616
449.038807 0.018250
449.038807 0.018002
449.038807 0.017836
449.038807 0.018333
449.038807 0.017608
449.038807 0.017041
449.038807 0.018052
449.038807 0.018279
449.038807 0.017990
449.038807 0.017892
449.038807 0.017914
449.038807 0.017895
449.038807 0.019242
449.038807 0.018184
449.038807 0.017838
449.038807 0.018707
449.038807 0.017933
449.038807 0.017538
449.038807 0.017488
449.038807 0.017748
449.038807 0.017357
449.038807 0.018299
449.038807 0.017191
449.038807 0.017631
449.038807 0.017613
449.038807 0.016968
449.038807 0.017389
449.038807 0.017722
449.038807 0.019052
449.038807 0.017736
449.038807 0.018953
449.038807 0.017633
449.038807 0.017678
449.038807 0.017788
449.038807 0.017904
449.038807 0.018302
449.038807 0.018357
449.038807 0.018098
449.038807 0.017732
449.038807 0.017834
449.038807 0.018513
449.038807 0.018226
449.038807 0.017597
449.038807 0.017726
449.038807 0.018736
449.038807 0.017936
449.038807 0.017775
449.038807 0.017784
449.038807 0.018503
449.038807 0.017858
449.038807 0.017557
449.038807 0.018852
449.038807 0.017393
449.038807 0.018034
449.038807 0.018906
449.038807 0.017613
449.038807 0.017963
449.038807 0.018614
449.038807 0.018622
449.038807 0.018030
449.038807 0.019066
449.038807 0.019141
449.038807 0.015210
417.600923 0.021528
417.600923 0.021700
417.600923 0.021744
417.600923 0.021831
417.600923 0.023599
417.600923 0.021300
417.600923 0.024402
417.600923 0.021028
417.600923 0.024869
417.600923 0.021525
417.600923 0.024474
417.600923 0.024836
417.600923 0.020755
417.600923 0.023041
417.600923 0.025583
417.600923 0.025786
417.600923 0.021428
417.600923 0.023338
417.600923 0.026968
417.600923 0.023745
417.600923 0.028737
417.600923 0.023321
417.600923 0.029789
417.600923 0.023372
417.600923 0.023259
417.600923 0.023127
417.600923 0.025262
417.600923 0.023848
417.600923 0.021083
417.600923 0.023288
417.600923 0.023905
417.600923 0.026755
417.600923 0.021573
417.600923 0.021744
417.600923 0.022186
417.600923 0.021343
417.600923 0.022122
417.600923 0.022177
417.600923 0.022008
417.600923 0.021764
417.600923 0.022210
417.600923 0.022305
417.600923 0.022130
417.600923 0.022360
417.600923 0.021979
417.600923 0.021547
417.600923 0.021537
417.600923 0.022603
417.600923 0.021941
417.600923 0.021673
417.600923 0.021848
417.600923 0.021652
417.600923 0.021818
417.600923 0.022665
417.600923 0.022784
417.600923 0.021618
417.600923 0.021263
417.600923 0.021066
417.600923 0.021455
417.600923 0.021979
417.600923 0.022937
417.600923 0.022308
417.600923 0.022173
417.600923 0.022898
417.600923 0.021576
417.600923 0.024465
417.600923 0.024661
417.600923 0.024642
417.600923 0.022731
417.600923 0.024027
417.600923 0.025374
417.600923 0.022181
417.600923 0.025064
417.600923 0.023484
417.600923 0.022098
417.600923 0.022808
417.600923 0.025024
417.600923 0.025324
417.600923 0.024999
417.600923 0.021729
417.600923 0.024104
417.600923 0.025328
417.600923 0.023031
417.600923 0.023965
417.600923 0.023278
417.600923 0.022308
417.600923 0.021497
417.600923 0.023923
417.600923 0.023439
417.600923 0.023659
417.600923 0.021613
417.600923 0.022238
417.600923 0.021890
417.600923 0.023582
417.600923 0.023524
417.600923 0.023258
417.600923 0.020738
417.600923 0.021685
417.600923 0.021681
417.600923 0.021349
417.600923 0.021396
417.600923 0.021692
417.600923 0.022879
417.600923 0.021598
417.600923 0.021862
417.600923 0.021881
417.600923 0.023124
417.600923 0.021962
417.600923 0.021180
417.600923 0.023357
417.600923 0.021433
417.600923 0.021455
417.600923 0.021585
417.600923 0.023119
417.600923 0.021338
417.600923 0.023238
417.600923 0.021475
417.600923 0.021395
417.600923 0.020414
417.600923 0.021213
417.600923 0.021481
417.600923 0.021423
417.600923 0.021717
417.600923 0.021907
417.600923 0.021406
417.600923 0.021519
417.600923 0.022906
417.600923 0.022821
417.600923 0.021897
417.600923 0.021674
417.600923 0.023858
417.600923 0.021808
417.600923 0.022543
417.600923 0.024438
417.600923 0.023786
417.600923 0.021936
417.600923 0.022415
417.600923 0.023979
417.600923 0.023655
417.600923 0.022549
417.600923 0.025083
417.600923 0.025325
417.600923 0.023738
417.600923 0.023003
417.600923 0.023124
417.600923 0.021578
417.600923 0.022787
417.600923 0.021577
417.600923 0.021838
417.600923 0.021987
417.600923 0.021903
417.600923 0.023026
417.600923 0.024078
417.600923 0.021268
417.600923 0.023242
417.600923 0.023042
417.600923 0.025375
417.600923 0.022818
417.600923 0.021447
417.600923 0.024465
417.600923 0.021825
417.600923 0.022381
417.600923 0.021851
417.600923 0.021900
417.600923 0.022831
417.600923 0.023664
417.600923 0.023789
417.600923 0.021364
417.600923 0.024259
417.600923 0.025925
417.600923 0.025429
417.600923 0.022451
417.600923 0.024998
417.600923 0.024571
417.600923 0.021069
417.600923 0.025363
417.600923 0.020931
417.600923 0.023184
417.600923 0.024359
417.600923 0.022248
417.600923 0.023467
417.600923 0.022064
417.600923 0.023494
417.600923 0.024725
417.600923 0.023015
417.600923 0.025767
417.600923 0.023520
417.600923 0.023037
417.600923 0.023477
417.600923 0.022806
417.600923 0.023621
417.600923 0.024069
417.600923 0.021585
417.600923 0.021630
417.600923 0.021535
417.600923 0.021953
417.600923 0.021845
417.600923 0.021846
417.600923 0.021302
417.600923 0.021778
417.600923 0.022183
417.600923 0.022089
417.600923 0.021774
417.600923 0.021985
417.600923 0.022245
417.600923 0.021621
417.600923 0.021453
417.600923 0.021577
417.600923 0.021513
417.600923 0.021594
417.600923 0.021684
417.600923 0.021714
417.600923 0.021297
417.600923 0.021233
417.600923 0.021481
417.600923 0.022772
417.600923 0.021540
417.600923 0.021480
417.600923 0.021071
417.600923 0.021625
417.600923 0.022903
417.600923 0.022875
417.600923 0.022111
417.600923 0.021163
417.600923 0.020736
417.600923 0.021850
417.600923 0.021928
417.600923 0.022297
417.600923 0.021667
417.600923 0.022304
417.600923 0.022090
417.600923 0.022269
417.600923 0.022269
417.600923 0.022010
417.600923 0.021712
417.600923 0.022682
417.600923 0.021754
417.600923 0.021641
417.600923 0.021777
417.600923 0.021791
417.600923 0.022629
417.600923 0.022652
417.600923 0.021678
417.600923 0.021115
417.600923 0.021765
417.600923 0.021632
417.600923 0.021503
417.600923 0.021874
417.600923 0.021178
417.600923 0.022147
417.600923 0.021442
417.600923 0.020919
417.600923 0.022946
417.600923 0.021955
417.600923 0.022877
417.600923 0.021199
417.600923 0.021111
417.600923 0.021732
417.600923 0.021636
417.600923 0.022398
417.600923 0.023361
417.600923 0.023297
417.600923 0.022644
417.600923 0.023186
417.600923 0.021902
417.600923 0.023724
417.600923 0.023566
417.600923 0.022703
417.600923 0.023882
417.600923 0.023085
417.600923 0.022187
417.600923 0.021421
417.600923 0.023032
417.600923 0.025338
417.600923 0.022965
417.600923 0.022415
417.600923 0.021304
417.600923 0.020948
417.600923 0.022517
417.600923 0.022335
417.600923 0.022658
417.600923 0.021372
417.600923 0.022874
417.600923 0.022937
417.600923 0.022266
417.600923 0.022378
417.600923 0.022573
417.600923 0.023980
417.600923 0.021460
417.600923 0.025051
417.600923 0.025041
417.600923 0.026413
417.600923 0.024954
417.600923 0.023696
417.600923 0.024528
417.600923 0.025058
417.600923 0.023746
417.600923 0.024454
417.600923 0.025424
417.600923 0.023248
417.600923 0.020974
417.600923 0.022828
417.600923 0.024367
417.600923 0.022435
417.600923 0.022693
417.600923 0.021954
417.600923 0.026117
417.600923 0.021864
417.600923 0.022143
417.600923 0.023549
417.600923 0.022254
417.600923 0.020978
417.600923 0.022782
417.600923 0.021520
417.600923 0.022222
417.600923 0.023067
417.600923 0.021996
417.600923 0.024570
417.600923 0.022382
417.600923 0.023686
417.600923 0.021493
417.600923 0.022677
417.600923 0.021874
417.600923 0.023985
417.600923 0.021498
417.600923 0.022056
417.600923 0.022445
417.600923 0.021315
417.600923 0.021659
417.600923 0.022805
417.600923 0.022672
417.600923 0.021421
417.600923 0.024648
417.600923 0.021360
417.600923 0.021565
417.600923 0.021252
417.600923 0.028337
417.600923 0.022152
417.600923 0.026835
417.600923 0.022660
417.600923 0.029554
417.600923 0.024976
417.600923 0.027116
417.600923 0.023939
417.600923 0.029706
417.600923 0.026495
417.600923 0.026771
417.600923 0.024273
417.600923 0.029171
417.600923 0.029440
417.600923 0.026214
417.600923 0.025910
417.600923 0.021026
417.600923 0.022166
417.600923 0.021692
417.600923 0.022063
417.600923 0.022787
417.600923 0.021779
417.600923 0.024332
417.600923 0.022250
417.600923 0.022226
417.600923 0.024701
417.600923 0.021997
417.600923 0.023556
417.600923 0.023714
417.600923 0.022781
417.600923 0.022124
417.600923 0.024309
417.600923 0.022080
417.600923 0.020928
417.600923 0.021925
417.600923 0.021681
417.600923 0.021916
417.600923 0.022855
417.600923 0.022152
417.600923 0.022527
417.600923 0.022789
417.600923 0.023407
417.600923 0.022818
417.600923 0.024009
417.600923 0.024547
417.600923 0.021374
417.600923 0.023342
417.600923 0.022604
417.600923 0.021021
417.600923 0.020452
417.600923 0.020680
417.600923 0.021276
417.600923 0.024767
417.600923 0.020958
417.600923 0.023600
417.600923 0.021480
417.600923 0.022090
417.600923 0.023118
417.600923 0.020654
417.600923 0.026155
417.600923 0.023763
417.600923 0.025516
417.600923 0.020296
417.600923 0.024272
417.600923 0.020565
417.600923 0.021801
417.600923 0.025012
417.600923 0.023496
417.600923 0.021059
417.600923 0.023166
417.600923 0.021169
417.600923 0.023543
417.600923 0.020930
417.600923 0.020914
417.600923 0.022119
417.600923 0.021012
417.600923 0.021939
417.600923 0.021456
417.600923 0.020801
417.600923 0.022570
417.600923 0.021783
417.600923 0.021471
417.600923 0.022073
417.600923 0.022291
417.600923 0.022255
417.600923 0.022122
417.600923 0.022098
417.600923 0.022416
417.600923 0.022125
417.600923 0.022314
417.600923 0.022059
417.600923 0.022978
417.600923 0.022175
417.600923 0.021806
417.600923 0.022436
417.600923 0.022368
417.600923 0.022138
417.600923 0.021676
417.600923 0.022081
417.600923 0.021747
417.600923 0.021535
417.600923 0.021631
417.600923 0.021904
417.600923 0.022807
417.600923 0.021649
417.600923 0.021493
417.600923 0.022208
417.600923 0.021523
417.600923 0.021865
417.600923 0.021640
417.600923 0.022472
417.600923 0.021474
417.600923 0.021029
417.600923 0.022130
417.600923 0.022074
417.600923 0.022112
417.600923 0.021377
417.600923 0.021097
417.600923 0.022291
417.600923 0.021941
417.600923 0.021609
417.600923 0.022366
417.600923 0.024196
417.600923 0.021795
417.600923 0.021661
417.600923 0.020683
417.600923 0.022085
417.600923 0.022712
417.600923 0.022775
417.600923 0.023053
417.600923 0.021332
417.600923 0.021483
417.600923 0.021619
417.600923 0.021141
417.600923 0.021672
417.600923 0.022394
417.600923 0.020719
417.600923 0.024460
417.600923 0.021910
417.600923 0.027230
417.600923 0.026404
417.600923 0.022707
417.600923 0.025096
417.600923 0.024345
417.600923 0.021961
417.600923 0.022174
417.600923 0.022077
417.600923 0.021519
417.600923 0.021909
417.600923 0.021688
417.600923 0.022764
417.600923 0.022658
417.600923 0.022400
417.600923 0.021966
417.600923 0.022644
417.600923 0.021731
417.600923 0.022229
417.600923 0.021902
417.600923 0.023595
417.600923 0.021720
417.600923 0.024071
417.600923 0.021591
417.600923 0.021363
417.600923 0.024828
417.600923 0.021285
417.600923 0.021549
417.600923 0.022434
417.600923 0.021491
417.600923 0.021340
417.600923 0.021405
417.600923 0.024668
417.600923 0.022893
417.600923 0.021428
417.600923 0.023245
417.600923 0.023153
417.600923 0.023496
417.600923 0.021428
417.600923 0.021894
417.600923 0.021174
417.600923 0.022411
417.600923 0.022556
417.600923 0.024779
417.600923 0.024394
417.600923 0.024555
417.600923 0.021548
417.600923 0.024117
417.600923 0.021359
417.600923 0.021989
417.600923 0.023954
417.600923 0.021580
417.600923 0.022912
417.600923 0.025624
417.600923 0.026861
417.600923 0.022867
417.600923 0.024262
417.600923 0.023013
417.600923 0.022610
417.600923 0.020710
417.600923 0.027579
417.600923 0.025850
417.600923 0.022567
417.600923 0.026290
417.600923 0.023212
417.600923 0.028509
417.600923 0.023304
417.600923 0.028983
417.600923 0.022878
417.600923 0.023596
417.600923 0.021932
417.600923 0.022431
417.600923 0.022140
417.600923 0.022991
417.600923 0.022144
417.600923 0.022315
417.600923 0.023061
417.600923 0.022950
417.600923 0.023479
417.600923 0.021788
417.600923 0.024494
417.600923 0.023733
417.600923 0.022309
417.600923 0.022084
417.600923 0.021929
417.600923 0.022810
417.600923 0.022714
417.600923 0.023593
417.600923 0.021416
417.600923 0.022461
417.600923 0.021380
417.600923 0.025016
417.600923 0.022715
417.600923 0.025186
417.600923 0.022195
417.600923 0.021492
417.600923 0.023201
417.600923 0.024943
417.600923 0.023810
417.600923 0.022288
417.600923 0.023494
417.600923 0.023519
417.600923 0.021468
417.600923 0.025021
417.600923 0.023212
417.600923 0.025100
417.600923 0.022956
417.600923 0.026542
417.600923 0.026623
417.600923 0.023574
417.600923 0.026092
417.600923 0.021844
417.600923 0.024793
417.600923 0.020929
417.600923 0.026537
417.600923 0.022150
417.600923 0.024531
417.600923 0.028916
417.600923 0.027458
417.600923 0.024332
417.600923 0.021384
417.600923 0.021874
417.600923 0.022879
417.600923 0.027001
417.600923 0.021960
417.600923 0.028164
417.600923 0.023061
417.600923 0.024129
417.600923 0.025672
417.600923 0.022357
417.600923 0.024479
417.600923 0.022976
417.600923 0.024092
417.600923 0.024599
417.600923 0.021536
417.600923 0.021783
417.600923 0.021935
417.600923 0.021963
417.600923 0.022405
417.600923 0.022440
417.600923 0.022370
417.600923 0.022606
417.600923 0.021822
417.600923 0.024406
417.600923 0.021323
417.600923 0.021664
417.600923 0.023739
417.600923 0.021297
417.600923 0.022988
417.600923 0.025624
417.600923 0.021953
417.600923 0.021533
417.600923 0.022626
417.600923 0.021596
417.600923 0.023063
417.600923 0.025535
417.600923 0.022011
417.600923 0.023984
417.600923 0.026767
417.600923 0.022426
417.600923 0.022250
417.600923 0.022387
417.600923 0.023986
417.600923 0.030011
417.600923 0.023934
417.600923 0.027604
417.600923 0.021979
417.600923 0.022700
417.600923 0.021834
417.600923 0.023008
417.600923 0.022524
417.600923 0.021900
417.600923 0.022351
417.600923 0.021715
417.600923 0.022517
417.600923 0.023175
417.600923 0.021841
417.600923 0.023799
417.600923 0.022232
417.600923 0.022757
417.600923 0.024893
417.600923 0.022242
417.600923 0.024722
417.600923 0.023390
417.600923 0.022700
417.600923 0.021801
417.600923 0.021607
417.600923 0.022605
417.600923 0.021646
417.600923 0.021741
417.600923 0.023583
417.600923 0.022230
417.600923 0.025147
417.600923 0.024015
417.600923 0.022656
417.600923 0.023696
417.600923 0.020863
417.600923 0.023039
417.600923 0.021247
417.600923 0.022235
417.600923 0.022298
417.600923 0.021844
417.600923 0.021582
417.600923 0.021805
417.600923 0.022104
417.600923 0.021810
417.600923 0.021164
417.600923 0.022199
417.600923 0.022580
417.600923 0.021768
417.600923 0.022555
417.600923 0.022348
417.600923 0.021914
417.600923 0.022095
417.600923 0.021397
417.600923 0.022377
417.600923 0.021691
417.600923 0.021565
417.600923 0.021442
417.600923 0.021626
417.600923 0.021427
417.600923 0.021549
417.600923 0.021526
417.600923 0.021355
417.600923 0.021505
417.600923 0.021729
417.600923 0.021921
417.600923 0.020530
417.600923 0.021475
417.600923 0.020762
417.600923 0.021712
417.600923 0.021672
417.600923 0.021586
417.600923 0.021211
417.600923 0.022576
417.600923 0.022220
417.600923 0.021942
417.600923 0.021979
417.600923 0.022135
417.600923 0.022154
417.600923 0.021901
417.600923 0.022103
417.600923 0.022841
417.600923 0.021864
417.600923 0.022260
417.600923 0.021602
417.600923 0.021740
417.600923 0.022355
417.600923 0.022745
417.600923 0.021971
417.600923 0.021623
417.600923 0.021477
417.600923 0.021623
417.600923 0.021605
417.600923 0.022196
417.600923 0.021084
417.600923 0.021345
417.600923 0.021259
417.600923 0.021503
417.600923 0.021511
417.600923 0.021304
417.600923 0.021745
417.600923 0.022213
417.600923 0.021749
417.600923 0.022636
417.600923 0.021799
417.600923 0.022223
417.600923 0.021962
417.600923 0.021843
417.600923 0.021444
417.600923 0.022389
417.600923 0.021796
417.600923 0.023394
417.600923 0.021805
417.600923 0.025184
417.600923 0.023438
417.600923 0.022165
417.600923 0.022646
417.600923 0.021997
417.600923 0.021815
417.600923 0.023649
417.600923 0.021653
417.600923 0.022880
417.600923 0.021456
417.600923 0.021745
417.600923 0.022575
417.600923 0.023806
417.600923 0.022274
417.600923 0.021283
417.600923 0.022837
417.600923 0.021192
417.600923 0.023111
417.600923 0.020878
417.600923 0.021517
417.600923 0.021354
417.600923 0.021673
417.600923 0.021975
417.600923 0.021635
417.600923 0.022138
417.600923 0.021689
417.600923 0.021707
417.600923 0.021504
417.600923 0.024945
417.600923 0.023504
417.600923 0.022733
417.600923 0.021445
417.600923 0.022158
417.600923 0.024496
417.600923 0.023549
417.600923 0.021197
417.600923 0.025898
417.600923 0.021517
417.600923 0.021388
417.600923 0.021674
417.600923 0.024311
417.600923 0.022147
417.600923 0.026636
417.600923 0.022814
417.600923 0.021154
417.600923 0.023102
417.600923 0.024362
417.600923 0.021333
417.600923 0.021715
417.600923 0.022665
417.600923 0.022109
417.600923 0.022710
417.600923 0.021434
417.600923 0.021644
417.600923 0.021816
417.600923 0.022141
417.600923 0.022189
417.600923 0.022145
417.600923 0.022323
417.600923 0.021987
417.600923 0.022107
417.600923 0.022930
417.600923 0.022055
417.600923 0.023911
417.600923 0.023013
417.600923 0.021527
417.600923 0.021897
417.600923 0.021314
417.600923 0.021494
417.600923 0.021483
417.600923 0.022739
417.600923 0.021628
417.600923 0.021517
417.600923 0.021982
417.600923 0.022871
417.600923 0.022870
417.600923 0.022265
417.600923 0.024677
417.600923 0.022150
417.600923 0.021035
417.600923 0.021712
417.600923 0.022990
417.600923 0.021683
417.600923 0.023840
417.600923 0.021108
417.600923 0.021864
417.600923 0.021387
417.600923 0.022057
417.600923 0.021876
417.600923 0.022295
417.600923 0.022048
417.600923 0.022236
417.600923 0.021844
417.600923 0.022212
417.600923 0.021762
417.600923 0.022507
417.600923 0.021849
417.600923 0.021996
417.600923 0.022253
417.600923 0.022618
417.600923 0.021648
417.600923 0.022187
417.600923 0.021330
417.600923 0.021613
417.600923 0.022229
417.600923 0.021654
417.600923 0.021706
417.600923 0.021622
417.600923 0.025836
417.600923 0.020971
417.600923 0.021830
417.600923 0.021580
417.600923 0.021636
417.600923 0.022997
417.600923 0.022727
417.600923 0.023557
417.600923 0.021805
417.600923 0.021882
417.600923 0.021920
417.600923 0.021743
417.600923 0.022621
417.600923 0.022018
417.600923 0.021385
417.600923 0.021781
417.600923 0.021622
417.600923 0.021556
417.600923 0.022978
417.600923 0.021644
417.600923 0.023279
417.600923 0.021262
417.600923 0.022553
417.600923 0.021593
417.600923 0.021733
417.600923 0.024500
417.600923 0.021736
417.600923 0.021260
417.600923 0.023862
417.600923 0.021304
417.600923 0.021521
417.600923 0.024810
417.600923 0.021399
417.600923 0.021943
417.600923 0.022092
417.600923 0.022271
417.600923 0.021217
417.600923 0.022816
417.600923 0.023416
417.600923 0.023013
417.600923 0.022805
417.600923 0.023924
417.600923 0.023374
417.600923 0.022833
417.600923 0.022543
417.600923 0.023842
417.600923 0.025240
417.600923 0.023253
417.600923 0.025609
417.600923 0.022680
417.600923 0.023291
417.600923 0.022563
417.600923 0.023411
417.600923 0.023017
417.600923 0.025757
417.600923 0.022696
417.600923 0.022391
417.600923 0.025744
417.600923 0.023360
417.600923 0.023858
417.600923 0.022230
417.600923 0.023987
417.600923 0.024085
417.600923 0.022386
417.600923 0.023042
417.600923 0.023130
417.600923 0.030263
417.600923 0.030592
417.600923 0.029806
417.600923 0.027296
417.600923 0.026432
417.600923 0.027432
417.600923 0.022971
417.600923 0.023071
417.600923 0.022303
417.600923 0.022481
417.600923 0.023042
417.600923 0.024479
417.600923 0.022539
417.600923 0.023366
417.600923 0.022569
417.600923 0.023865
417.600923 0.024515
417.600923 0.022531
417.600923 0.022365
417.600923 0.024263
417.600923 0.023408
417.600923 0.024204
417.600923 0.022140
417.600923 0.022147
417.600923 0.024733
417.600923 0.022362
417.600923 0.025541
417.600923 0.025575
417.600923 0.022737
417.600923 0.023534
417.600923 0.023532
417.600923 0.022940
417.600923 0.022966
417.600923 0.023287
417.600923 0.024251
417.600923 0.022606
417.600923 0.022593
417.600923 0.023999
417.600923 0.023513
417.600923 0.024510
417.600923 0.024375
417.600923 0.025121
417.600923 0.023928
417.600923 0.023153
417.600923 0.024113
417.600923 0.024913
417.600923 0.025339
417.600923 0.023619
417.600923 0.022828
417.600923 0.026596
417.600923 0.027913
417.600923 0.022185
417.600923 0.026980
417.600923 0.022962
417.600923 0.022310
417.600923 0.025629
417.600923 0.025966
417.600923 0.024466
417.600923 0.023452
417.600923 0.022623
417.600923 0.023966
417.600923 0.022981
417.600923 0.023148
417.600923 0.022676
417.600923 0.024896
417.600923 0.022653
417.600923 0.029538
417.600923 0.023771
417.600923 0.024101
417.600923 0.026993
417.600923 0.022485
417.600923 0.022804
417.600923 0.022897
417.600923 0.023278
417.600923 0.024570
417.600923 0.023140
417.600923 0.022841
417.600923 0.023499
417.600923 0.023003
417.600923 0.022312
417.600923 0.024182
417.600923 0.023644
417.600923 0.022582
417.600923 0.026939
417.600923 0.022345
417.600923 0.027063
417.600923 0.022197
417.600923 0.022313
417.600923 0.022689
417.600923 0.026359
417.600923 0.023788
417.600923 0.025494
417.600923 0.023761
417.600923 0.024820
417.600923 0.027644
417.600923 0.025629
417.600923 0.024105
417.600923 0.029540
417.600923 0.023672
417.600923 0.022535
417.600923 0.024603
417.600923 0.026813
417.600923 0.022871
417.600923 0.023155
417.600923 0.023573
417.600923 0.023662
417.600923 0.022947
417.600923 0.022852
417.600923 0.023105
417.600923 0.023519
417.600923 0.022701
417.600923 0.024447
417.600923 0.022621
417.600923 0.025061
417.600923 0.023431
417.600923 0.023987
417.600923 0.022713
417.600923 0.022517
417.600923 0.022288
417.600923 0.022651
417.600923 0.022354
417.600923 0.022419
417.600923 0.025924
417.600923 0.024292
417.600923 0.025909
417.600923 0.023305
417.600923 0.023455
417.600923 0.022295
417.600923 0.025409
417.600923 0.023435
417.600923 0.024845
417.600923 0.023181
417.600923 0.024196
417.600923 0.024272
417.600923 0.021367
417.600923 0.021824
417.600923 0.022295
417.600923 0.023249
417.600923 0.022612
417.600923 0.024914
417.600923 0.022147
417.600923 0.023254
417.600923 0.023061
417.600923 0.021585
417.600923 0.021768
417.600923 0.026658
417.600923 0.023506
417.600923 0.022547
417.600923 0.023550
417.600923 0.022114
417.600923 0.026843
417.600923 0.027831
417.600923 0.023373
417.600923 0.027752
417.600923 0.025377
417.600923 0.022864
417.600923 0.022330
417.600923 0.025304
417.600923 0.025230
417.600923 0.028844
417.600923 0.028750
417.600923 0.024515
417.600923 0.028671
417.600923 0.027314
417.600923 0.026564
417.600923 0.027196
417.600923 0.022629
417.600923 0.022326
417.600923 0.022718
417.600923 0.023046
417.600923 0.022693
417.600923 0.022656
417.600923 0.022352
417.600923 0.022643
417.600923 0.024188
417.600923 0.022983
417.600923 0.022831
417.600923 0.022926
417.600923 0.023286
417.600923 0.022470
417.600923 0.022749
417.600923 0.023468
417.600923 0.023353
417.600923 0.022634
417.600923 0.023394
417.600923 0.022289
417.600923 0.022255
417.600923 0.022884
417.600923 0.022424
417.600923 0.022040
417.600923 0.022166
417.600923 0.021973
417.600923 0.025270
417.600923 0.022944
417.600923 0.022238
417.600923 0.022700
417.600923 0.022621
417.600923 0.021945
417.600923 0.022150
417.600923 0.023714
417.600923 0.023805
417.600923 0.022500
417.600923 0.025261
417.600923 0.025224
417.600923 0.023154
417.600923 0.025567
417.600923 0.023384
417.600923 0.025094
417.600923 0.022220
417.600923 0.026109
417.600923 0.023404
417.600923 0.025934
417.600923 0.023299
417.600923 0.025085
417.600923 0.025070
417.600923 0.022440
417.600923 0.023633
417.600923 0.026086
417.600923 0.024350
417.600923 0.024694
417.600923 0.023692
417.600923 0.024301
417.600923 0.023731
417.600923 0.022332
417.600923 0.024493
417.600923 0.022379
417.600923 0.023491
417.600923 0.023835
417.600923 0.024344
417.600923 0.023580
417.600923 0.021929
417.600923 0.021907
417.600923 0.021867
417.600923 0.022137
417.600923 0.024452
417.600923 0.022584
417.600923 0.025022
417.600923 0.022770
417.600923 0.024056
417.600923 0.023382
417.600923 0.023208
417.600923 0.021830
417.600923 0.021912
417.600923 0.023085
417.600923 0.026052
417.600923 0.023643
417.600923 0.024549
417.600923 0.021958
417.600923 0.023310
417.600923 0.021983
417.600923 0.026994
417.600923 0.021670
417.600923 0.023985
417.600923 0.022162
417.600923 0.022045
417.600923 0.022242
417.600923 0.022592
417.600923 0.022480
417.600923 0.024611
417.600923 0.023666
417.600923 0.023816
417.600923 0.023992
417.600923 0.022362
417.600923 0.022292
417.600923 0.022148
417.600923 0.023395
417.600923 0.022916
417.600923 0.021987
417.600923 0.023097
417.600923 0.022232
417.600923 0.023600
417.600923 0.022033
417.600923 0.024874
417.600923 0.023345
417.600923 0.024934
417.600923 0.022205
417.600923 0.023354
417.600923 0.023205
417.600923 0.022185
417.600923 0.022395
417.600923 0.022426
417.600923 0.022101
417.600923 0.022114
417.600923 0.021806
417.600923 0.022392
417.600923 0.023606
417.600923 0.023631
417.600923 0.022577
417.600923 0.022100
417.600923 0.021972
417.600923 0.021468
417.600923 0.025147
417.600923 0.021760
417.600923 0.023786
417.600923 0.023759
417.600923 0.023367
417.600923 0.022882
417.600923 0.023908
417.600923 0.025072
417.600923 0.024438
417.600923 0.023566
417.600923 0.025364
417.600923 0.023061
417.600923 0.025219
417.600923 0.025261
417.600923 0.023315
417.600923 0.025078
417.600923 0.022510
417.600923 0.022770
417.600923 0.023287
417.600923 0.026013
417.600923 0.023672
417.600923 0.024410
417.600923 0.022477
417.600923 0.025579
417.600923 0.024640
417.600923 0.024092
417.600923 0.022033
417.600923 0.024316
417.600923 0.022711
417.600923 0.022165
417.600923 0.024015
417.600923 0.024386
417.600923 0.022233
417.600923 0.023899
417.600923 0.024046
417.600923 0.022308
417.600923 0.022570
417.600923 0.022287
417.600923 0.024238
417.600923 0.022359
417.600923 0.022241
417.600923 0.025455
417.600923 0.023153
417.600923 0.027419
417.600923 0.025904
417.600923 0.025665
417.600923 0.025606
417.600923 0.026080
417.600923 0.021539
417.600923 0.027387
417.600923 0.027685
417.600923 0.025596
417.600923 0.024288
417.600923 0.023459
417.600923 0.023684
417.600923 0.025992
417.600923 0.023644
417.600923 0.026288
417.600923 0.022728
417.600923 0.024940
417.600923 0.024472
417.600923 0.023910
417.600923 0.025466
417.600923 0.024179
417.600923 0.025595
417.600923 0.024810
417.600923 0.024028
417.600923 0.022588
417.600923 0.022554
417.600923 0.022318
417.600923 0.022149
417.600923 0.023257
417.600923 0.022270
417.600923 0.022315
417.600923 0.022630
417.600923 0.022566
417.600923 0.022578
417.600923 0.022814
417.600923 0.023049
417.600923 0.022687
417.600923 0.022355
417.600923 0.023099
417.600923 0.022441
417.600923 0.021711
417.600923 0.022140
417.600923 0.023187
417.600923 0.022235
417.600923 0.022137
417.600923 0.022162
417.600923 0.022251
417.600923 0.022126
417.600923 0.022031
417.600923 0.022245
417.600923 0.022278
417.600923 0.021783
417.600923 0.021698
417.600923 0.021913
417.600923 0.022721
417.600923 0.022190
417.600923 0.021785
417.600923 0.022932
417.600923 0.023561
417.600923 0.022857
417.600923 0.023159
417.600923 0.022787
417.600923 0.023004
417.600923 0.024502
417.600923 0.023380
417.600923 0.024580
417.600923 0.023295
417.600923 0.023054
417.600923 0.024545
417.600923 0.023398
417.600923 0.025455
417.600923 0.025727
417.600923 0.022831
417.600923 0.022935
417.600923 0.022487
417.600923 0.022030
417.600923 0.023898
417.600923 0.022371
417.600923 0.022168
417.600923 0.023625
417.600923 0.022188
417.600923 0.021984
417.600923 0.026050
417.600923 0.022286
417.600923 0.024432
417.600923 0.023407
417.600923 0.024390
417.600923 0.021858
417.600923 0.023395
417.600923 0.025627
417.600923 0.025718
417.600923 0.025812
417.600923 0.025715
417.600923 0.025582
417.600923 0.025633
417.600923 0.026818
417.600923 0.025484
417.600923 0.025951
417.600923 0.025579
417.600923 0.025234
417.600923 0.024979
417.600923 0.022685
417.600923 0.024360
417.600923 0.025625
417.600923 0.025057
417.600923 0.025573
417.600923 0.024669
417.600923 0.024047
417.600923 0.024581
417.600923 0.025521
417.600923 0.024141
417.600923 0.024638
417.600923 0.024270
417.600923 0.023947
417.600923 0.023634
417.600923 0.024607
417.600923 0.023593
417.600923 0.024183
417.600923 0.023523
417.600923 0.023698
417.600923 0.022351
417.600923 0.022852
417.600923 0.022317
417.600923 0.022549
417.600923 0.022207
417.600923 0.022452
417.600923 0.023283
417.600923 0.022496
417.600923 0.022635
417.600923 0.023060
417.600923 0.023320
417.600923 0.022321
417.600923 0.022487
417.600923 0.023315
417.600923 0.022924
417.600923 0.022677
417.600923 0.022590
417.600923 0.024386
417.600923 0.022628
417.600923 0.022182
417.600923 0.022498
417.600923 0.022053
417.600923 0.022204
417.600923 0.022414
417.600923 0.022528
417.600923 0.022311
417.600923 0.021629
417.600923 0.021880
417.600923 0.022300
417.600923 0.023643
417.600923 0.023606
417.600923 0.023859
417.600923 0.022377
417.600923 0.022949
417.600923 0.023366
417.600923 0.022442
417.600923 0.022381
417.600923 0.023138
417.600923 0.023566
417.600923 0.022547
417.600923 0.024506
417.600923 0.022788
417.600923 0.022844
417.600923 0.022841
417.600923 0.022814
417.600923 0.023096
417.600923 0.025230
417.600923 0.023426
417.600923 0.022344
417.600923 0.022297
417.600923 0.023678
417.600923 0.022469
417.600923 0.022263
417.600923 0.023462
417.600923 0.022293
417.600923 0.022293
417.600923 0.022452
417.600923 0.022137
417.600923 0.022272
417.600923 0.022300
417.600923 0.023236
417.600923 0.022123
417.600923 0.022321
417.600923 0.023167
417.600923 0.022352
417.600923 0.022894
417.600923 0.022853
417.600923 0.022874
417.600923 0.022729
417.600923 0.022883
417.600923 0.022959
417.600923 0.024097
417.600923 0.022475
417.600923 0.024061
417.600923 0.022452
417.600923 0.024808
417.600923 0.022572
417.600923 0.022927
417.600923 0.022505
417.600923 0.022652
417.600923 0.024958
417.600923 0.022500
417.600923 0.024768
417.600923 0.025840
417.600923 0.025944
417.600923 0.023646
417.600923 0.023532
417.600923 0.023486
417.600923 0.023740
417.600923 0.023945
417.600923 0.023705
417.600923 0.023957
417.600923 0.024665
417.600923 0.026198
417.600923 0.025593
417.600923 0.024159
417.600923 0.022605
417.600923 0.023035
417.600923 0.023022
417.600923 0.022314
417.600923 0.022423
417.600923 0.022546
417.600923 0.022868
417.600923 0.023361
417.600923 0.023801
417.600923 0.023182
417.600923 0.023456
417.600923 0.023493
417.600923 0.024583
417.600923 0.022377
417.600923 0.022901
417.600923 0.022829
417.600923 0.023203
417.600923 0.026744
417.600923 0.021880
417.600923 0.022608
417.600923 0.022691
417.600923 0.027890
417.600923 0.022748
417.600923 0.026605
417.600923 0.024558
417.600923 0.023113
417.600923 0.025170
417.600923 0.029600
417.600923 0.024478
417.600923 0.030131
417.600923 0.026232
417.600923 0.026943
417.600923 0.021308
417.600923 0.022380
417.600923 0.022366
417.600923 0.022882
417.600923 0.022983
417.600923 0.023084
417.600923 0.023081
417.600923 0.023182
417.600923 0.022233
417.600923 0.022419
417.600923 0.021216
417.600923 0.023245
417.600923 0.022621
417.600923 0.023540
417.600923 0.024908
417.600923 0.025577
417.600923 0.025504
417.600923 0.025612
417.600923 0.025408
417.600923 0.022216
417.600923 0.021697
417.600923 0.022163
417.600923 0.022487
417.600923 0.025397
417.600923 0.023013
417.600923 0.022344
417.600923 0.025026
417.600923 0.024751
417.600923 0.023770
417.600923 0.023817
417.600923 0.024057
417.600923 0.023745
417.600923 0.021858
417.600923 0.022565
417.600923 0.022610
417.600923 0.022720
417.600923 0.022153
417.600923 0.022336
417.600923 0.022659
417.600923 0.022403
417.600923 0.022653
417.600923 0.022336
417.600923 0.023074
417.600923 0.023189
417.600923 0.023306
417.600923 0.022263
417.600923 0.022504
417.600923 0.022293
417.600923 0.022111
417.600923 0.023235
417.600923 0.022960
417.600923 0.022196
417.600923 0.021643
417.600923 0.022162
417.600923 0.022019
417.600923 0.023428
417.600923 0.022465
417.600923 0.022318
417.600923 0.022174
417.600923 0.022263
417.600923 0.021684
417.600923 0.022689
417.600923 0.023288
417.600923 0.022668
417.600923 0.023231
417.600923 0.023967
417.600923 0.024819
417.600923 0.022529
417.600923 0.024321
417.600923 0.023268
417.600923 0.025260
417.600923 0.022912
417.600923 0.025372
417.600923 0.022835
417.600923 0.022499
417.600923 0.025441
417.600923 0.025429
417.600923 0.024011
417.600923 0.025653
417.600923 0.024272
417.600923 0.026154
417.600923 0.024690
417.600923 0.024182
417.600923 0.022295
417.600923 0.024783
417.600923 0.022536
417.600923 0.024301
417.600923 0.024593
417.600923 0.024633
417.600923 0.024109
417.600923 0.023710
417.600923 0.022270
417.600923 0.024213
417.600923 0.022154
417.600923 0.023617
417.600923 0.023545
417.600923 0.022922
417.600923 0.023323
417.600923 0.022906
417.600923 0.022894
417.600923 0.022853
417.600923 0.023309
417.600923 0.023652
417.600923 0.023814
417.600923 0.022499
417.600923 0.026340
417.600923 0.023016
417.600923 0.022585
417.600923 0.026195
417.600923 0.022796
417.600923 0.024196
417.600923 0.027821
417.600923 0.021872
417.600923 0.027605
417.600923 0.024888
417.600923 0.022294
417.600923 0.026295
417.600923 0.022371
417.600923 0.022711
417.600923 0.027554
417.600923 0.023284
417.600923 0.026924
417.600923 0.024023
417.600923 0.024733
417.600923 0.025821
417.600923 0.024902
417.600923 0.024752
417.600923 0.024664
417.600923 0.022438
417.600923 0.022759
417.600923 0.022632
417.600923 0.022680
417.600923 0.022487
417.600923 0.021558
417.600923 0.022379
417.600923 0.023648
417.600923 0.023215
417.600923 0.022440
417.600923 0.022432
417.600923 0.022551
417.600923 0.022488
417.600923 0.022425
417.600923 0.023484
417.600923 0.023509
417.600923 0.022504
417.600923 0.023316
417.600923 0.022817
417.600923 0.022317
417.600923 0.022398
417.600923 0.022258
417.600923 0.022615
417.600923 0.022220
417.600923 0.023620
417.600923 0.021837
417.600923 0.022790
417.600923 0.022332
417.600923 0.021556
417.600923 0.022599
417.600923 0.022027
417.600923 0.023717
417.600923 0.022871
417.600923 0.024478
417.600923 0.022495
417.600923 0.022964
417.600923 0.022465
417.600923 0.024275
417.600923 0.025553
417.600923 0.025103
417.600923 0.025512
417.600923 0.022823
417.600923 0.024150
417.600923 0.025694
417.600923 0.023051
417.600923 0.023445
417.600923 0.022504
417.600923 0.024046
417.600923 0.024736
417.600923 0.025878
417.600923 0.022318
417.600923 0.023952
417.600923 0.023380
417.600923 0.024549
417.600923 0.021981
417.600923 0.024491
417.600923 0.022627
417.600923 0.023380
417.600923 0.021969
417.600923 0.022381
417.600923 0.023404
417.600923 0.025372
417.600923 0.024408
417.600923 0.024572
417.600923 0.022553
417.600923 0.022333
417.600923 0.022519
417.600923 0.022774
417.600923 0.022951
417.600923 0.022488
417.600923 0.022733
417.600923 0.023244
417.600923 0.022559
417.600923 0.023392
417.600923 0.023492
417.600923 0.022916
417.600923 0.022817
417.600923 0.023031
417.600923 0.023120
417.600923 0.022716
417.600923 0.022574
417.600923 0.022158
417.600923 0.022550
417.600923 0.022309
417.600923 0.022543
417.600923 0.022206
417.600923 0.022314
417.600923 0.022250
417.600923 0.022332
417.600923 0.022478
417.600923 0.022564
417.600923 0.022211
417.600923 0.022449
417.600923 0.022050
417.600923 0.023281
417.600923 0.022977
417.600923 0.022199
417.600923 0.022640
417.600923 0.024782
417.600923 0.023654
417.600923 0.023009
417.600923 0.022861
417.600923 0.022546
417.600923 0.025362
417.600923 0.025457
417.600923 0.023439
417.600923 0.023013
417.600923 0.025386
417.600923 0.024112
417.600923 0.022078
417.600923 0.024180
417.600923 0.026663
417.600923 0.022992
417.600923 0.022189
417.600923 0.022317
417.600923 0.022124
417.600923 0.024503
417.600923 0.022088
417.600923 0.024024
417.600923 0.024167
417.600923 0.022404
417.600923 0.023272
417.600923 0.026282
417.600923 0.022456
417.600923 0.024041
417.600923 0.022507
417.600923 0.022617
417.600923 0.024916
417.600923 0.022309
417.600923 0.022410
417.600923 0.022285
417.600923 0.022534
417.600923 0.022662
417.600923 0.022938
417.600923 0.022687
417.600923 0.021868
417.600923 0.023303
417.600923 0.022103
417.600923 0.022791
417.600923 0.021973
417.600923 0.023768
417.600923 0.022220
417.600923 0.022517
417.600923 0.022769
417.600923 0.022333
417.600923 0.022156
417.600923 0.022282
417.600923 0.022239
417.600923 0.021945
417.600923 0.022374
417.600923 0.023108
417.600923 0.022020
417.600923 0.022153
417.600923 0.021752
417.600923 0.021646
417.600923 0.022859
417.600923 0.022411
417.600923 0.021710
417.600923 0.021244
417.600923 0.021437
417.600923 0.022060
417.600923 0.021865
417.600923 0.022535
417.600923 0.022755
417.600923 0.021793
417.600923 0.022164
417.600923 0.024340
417.600923 0.024257
417.600923 0.022897
417.600923 0.021979
417.600923 0.024801
417.600923 0.022628
417.600923 0.022671
417.600923 0.023041
417.600923 0.022552
417.600923 0.021829
417.600923 0.023122
417.600923 0.022138
417.600923 0.021831
417.600923 0.023157
417.600923 0.022197
417.600923 0.022461
417.600923 0.023369
417.600923 0.023688
417.600923 0.021522
417.600923 0.022110
417.600923 0.022887
417.600923 0.021819
417.600923 0.021491
417.600923 0.021944
417.600923 0.022038
417.600923 0.022023
417.600923 0.022127
417.600923 0.022160
417.600923 0.022326
417.600923 0.022122
417.600923 0.022708
417.600923 0.022690
417.600923 0.022435
417.600923 0.022490
417.600923 0.022750
417.600923 0.022728
417.600923 0.022089
417.600923 0.022214
417.600923 0.023015
417.600923 0.022136
417.600923 0.022394
417.600923 0.022106
417.600923 0.022081
417.600923 0.022129
417.600923 0.024418
417.600923 0.021987
417.600923 0.023128
417.600923 0.023234
417.600923 0.021863
417.600923 0.023058
417.600923 0.022274
417.600923 0.022159
417.600923 0.022675
417.600923 0.025678
417.600923 0.024832
417.600923 0.023809
417.600923 0.024319
417.600923 0.024725
417.600923 0.022491
417.600923 0.022000
417.600923 0.023087
417.600923 0.022325
417.600923 0.022857
417.600923 0.021715
417.600923 0.022350
417.600923 0.022129
417.600923 0.025009
417.600923 0.022920
417.600923 0.022341
417.600923 0.022425
417.600923 0.021874
417.600923 0.021872
417.600923 0.022069
417.600923 0.022213
417.600923 0.021940
417.600923 0.022146
417.600923 0.023642
417.600923 0.021451
417.600923 0.023109
417.600923 0.021468
417.600923 0.022103
417.600923 0.023953
417.600923 0.025923
417.600923 0.026260
417.600923 0.029089
417.600923 0.030371
417.600923 0.023598
417.600923 0.024082
417.600923 0.026599
417.600923 0.025824
417.600923 0.021726
417.600923 0.022493
417.600923 0.022519
417.600923 0.022723
417.600923 0.022642
417.600923 0.024925
417.600923 0.022282
417.600923 0.025292
417.600923 0.024602
417.600923 0.025179
417.600923 0.024863
417.600923 0.022171
417.600923 0.021768
417.600923 0.025197
417.600923 0.021827
417.600923 0.025524
417.600923 0.023145
417.600923 0.022936
417.600923 0.022131
417.600923 0.025724
417.600923 0.025841
417.600923 0.023088
417.600923 0.023921
417.600923 0.023678
417.600923 0.024213
417.600923 0.024538
417.600923 0.022628
417.600923 0.023452
417.600923 0.023894
417.600923 0.024241
417.600923 0.024087
417.600923 0.023677
417.600923 0.021825
417.600923 0.021647
417.600923 0.022788
417.600923 0.022224
417.600923 0.022383
417.600923 0.022291
417.600923 0.022459
417.600923 0.022185
417.600923 0.022088
417.600923 0.022628
417.600923 0.022969
417.600923 0.022817
417.600923 0.022926
417.600923 0.022411
417.600923 0.021627
417.600923 0.022486
417.600923 0.023296
417.600923 0.022433
417.600923 0.021530
417.600923 0.021918
417.600923 0.023118
417.600923 0.022620
417.600923 0.022135
417.600923 0.021776
417.600923 0.022011
417.600923 0.022000
417.600923 0.021620
417.600923 0.022618
417.600923 0.021824
417.600923 0.021894
417.600923 0.021853
417.600923 0.021838
417.600923 0.021917
417.600923 0.021554
417.600923 0.022160
417.600923 0.022013
417.600923 0.021982
417.600923 0.022461
417.600923 0.022208
417.600923 0.022794
417.600923 0.022581
417.600923 0.022630
417.600923 0.022904
417.600923 0.022098
417.600923 0.021732
417.600923 0.021985
417.600923 0.022899
417.600923 0.023831
417.600923 0.022356
417.600923 0.022854
417.600923 0.022177
417.600923 0.021371
417.600923 0.021777
417.600923 0.021902
417.600923 0.021999
417.600923 0.022407
417.600923 0.021834
417.600923 0.022095
417.600923 0.023150
417.600923 0.022238
417.600923 0.022974
417.600923 0.022427
417.600923 0.022429
417.600923 0.021631
417.600923 0.022660
417.600923 0.022420
417.600923 0.022572
417.600923 0.022163
417.600923 0.022744
417.600923 0.022085
417.600923 0.022446
417.600923 0.022169
417.600923 0.024796
417.600923 0.022640
417.600923 0.024591
417.600923 0.023358
417.600923 0.022251
417.600923 0.022611
417.600923 0.025264
417.600923 0.022937
417.600923 0.022151
417.600923 0.022970
417.600923 0.026009
417.600923 0.022066
417.600923 0.022192
417.600923 0.023280
417.600923 0.021555
417.600923 0.021672
417.600923 0.022313
417.600923 0.021824
417.600923 0.021918
417.600923 0.023562
417.600923 0.022605
417.600923 0.021739
417.600923 0.023956
417.600923 0.024122
417.600923 0.022155
417.600923 0.022190
417.600923 0.022225
417.600923 0.022062
417.600923 0.021988
417.600923 0.022321
417.600923 0.023152
417.600923 0.022485
417.600923 0.022463
417.600923 0.021601
417.600923 0.022250
417.600923 0.022368
417.600923 0.022337
417.600923 0.022143
417.600923 0.022107
417.600923 0.021858
417.600923 0.023059
417.600923 0.022968
417.600923 0.022089
417.600923 0.021942
417.600923 0.022163
417.600923 0.021918
417.600923 0.021931
417.600923 0.023450
417.600923 0.022030
417.600923 0.022028
417.600923 0.021714
417.600923 0.021431
417.600923 0.022443
417.600923 0.022313
417.600923 0.021879
417.600923 0.023216
417.600923 0.022264
417.600923 0.022883
417.600923 0.021959
417.600923 0.022427
417.600923 0.022046
417.600923 0.023138
417.600923 0.023328
417.600923 0.023092
417.600923 0.023560
417.600923 0.021896
417.600923 0.024029
417.600923 0.022360
417.600923 0.022424
417.600923 0.023889
417.600923 0.025420
417.600923 0.023893
417.600923 0.022842
417.600923 0.022774
417.600923 0.022400
417.600923 0.021700
417.600923 0.025214
417.600923 0.022620
417.600923 0.022239
417.600923 0.023035
417.600923 0.021890
417.600923 0.022465
417.600923 0.022799
417.600923 0.023012
417.600923 0.022726
417.600923 0.024112
417.600923 0.022956
417.600923 0.023845
417.600923 0.021288
417.600923 0.021841
417.600923 0.022153
417.600923 0.021845
417.600923 0.022962
417.600923 0.021893
417.600923 0.022195
417.600923 0.022901
417.600923 0.022231
417.600923 0.022260
417.600923 0.021875
417.600923 0.021977
417.600923 0.021647
417.600923 0.023324
417.600923 0.022792
417.600923 0.022695
417.600923 0.022667
417.600923 0.022855
417.600923 0.021002
417.600923 0.022305
417.600923 0.022328
417.600923 0.021899
417.600923 0.021708
417.600923 0.022077
417.600923 0.021588
417.600923 0.021679
417.600923 0.021891
417.600923 0.021714
417.600923 0.021439
417.600923 0.022119
417.600923 0.021732
417.600923 0.022119
417.600923 0.020913
417.600923 0.021786
417.600923 0.022300
417.600923 0.021717
417.600923 0.021613
417.600923 0.021633
417.600923 0.022449
417.600923 0.022796
417.600923 0.023031
417.600923 0.022409
417.600923 0.022293
417.600923 0.023197
417.600923 0.021913
417.600923 0.023173
417.600923 0.023490
417.600923 0.021564
417.600923 0.022951
417.600923 0.022116
417.600923 0.021488
417.600923 0.021452
417.600923 0.020778
417.600923 0.021649
417.600923 0.022244
417.600923 0.021514
417.600923 0.021795
417.600923 0.021897
417.600923 0.022504
417.600923 0.022445
417.600923 0.022465
417.600923 0.023272
417.600923 0.022929
417.600923 0.023053
417.600923 0.022272
417.600923 0.022537
417.600923 0.021799
417.600923 0.022527
417.600923 0.021904
417.600923 0.023830
417.600923 0.023678
417.600923 0.022581
417.600923 0.022426
417.600923 0.022602
417.600923 0.022456
417.600923 0.022530
417.600923 0.022183
417.600923 0.022547
417.600923 0.021947
417.600923 0.021846
417.600923 0.021926
417.600923 0.023029
417.600923 0.023216
417.600923 0.021751
417.600923 0.022252
417.600923 0.022318
417.600923 0.021934
417.600923 0.025158
417.600923 0.022748
417.600923 0.022804
417.600923 0.022227
417.600923 0.025868
417.600923 0.021734
417.600923 0.021403
417.600923 0.023841
417.600923 0.023175
417.600923 0.021834
417.600923 0.022057
417.600923 0.022239
417.600923 0.022434
417.600923 0.022361
417.600923 0.021939
417.600923 0.022111
417.600923 0.022100
417.600923 0.022894
417.600923 0.022449
417.600923 0.022374
417.600923 0.022038
417.600923 0.022747
417.600923 0.022433
417.600923 0.022064
417.600923 0.021923
417.600923 0.022072
417.600923 0.022868
417.600923 0.022054
417.600923 0.021712
417.600923 0.022005
417.600923 0.022036
417.600923 0.021709
417.600923 0.021927
417.600923 0.021665
417.600923 0.021857
417.600923 0.021792
417.600923 0.022158
417.600923 0.021320
417.600923 0.021410
417.600923 0.021729
417.600923 0.021678
417.600923 0.021771
417.600923 0.022102
417.600923 0.021902
417.600923 0.022152
417.600923 0.022316
417.600923 0.022004
417.600923 0.022386
417.600923 0.023093
417.600923 0.021817
417.600923 0.021902
417.600923 0.022182
417.600923 0.022181
417.600923 0.023073
417.600923 0.023622
417.600923 0.022031
417.600923 0.021807
417.600923 0.022061
417.600923 0.021680
417.600923 0.022146
417.600923 0.022005
417.600923 0.022820
417.600923 0.021747
417.600923 0.023756
417.600923 0.021610
417.600923 0.021637
417.600923 0.021127
417.600923 0.021324
417.600923 0.022770
417.600923 0.021862
417.600923 0.022239
417.600923 0.022779
417.600923 0.021890
417.600923 0.022544
417.600923 0.021950
417.600923 0.020930
417.600923 0.020964
417.600923 0.022511
417.600923 0.024641
417.600923 0.022546
417.600923 0.024677
417.600923 0.022778
417.600923 0.022290
417.600923 0.023045
417.600923 0.023663
417.600923 0.021930
417.600923 0.021904
417.600923 0.022461
417.600923 0.022627
417.600923 0.022148
417.600923 0.024548
417.600923 0.023085
417.600923 0.027134
417.600923 0.028867
417.600923 0.029133
417.600923 0.024653
417.600923 0.023248
417.600923 0.020856
417.600923 0.023442
417.600923 0.024540
417.600923 0.027992
417.600923 0.025074
417.600923 0.021024
417.600923 0.023813
417.600923 0.024510
417.600923 0.021903
417.600923 0.022166
417.600923 0.021623
417.600923 0.021932
417.600923 0.022232
417.600923 0.021970
417.600923 0.021922
417.600923 0.022623
417.600923 0.022733
417.600923 0.022206
417.600923 0.022621
417.600923 0.021949
417.600923 0.022798
417.600923 0.022380
417.600923 0.022330
417.600923 0.021936
417.600923 0.021983
417.600923 0.021976
417.600923 0.021601
417.600923 0.022098
417.600923 0.021795
417.600923 0.022788
417.600923 0.023107
417.600923 0.022029
417.600923 0.021393
417.600923 0.021772
417.600923 0.023194
417.600923 0.021469
417.600923 0.021546
417.600923 0.022536
417.600923 0.023142
417.600923 0.022285
417.600923 0.022666
417.600923 0.023592
417.600923 0.022523
417.600923 0.022264
417.600923 0.024033
417.600923 0.023312
417.600923 0.022150
417.600923 0.022609
417.600923 0.023313
417.600923 0.024098
417.600923 0.022498
417.600923 0.022652
417.600923 0.022753
417.600923 0.022391
417.600923 0.022869
417.600923 0.023340
417.600923 0.022252
417.600923 0.022014
417.600923 0.023557
417.600923 0.021908
417.600923 0.022758
417.600923 0.022394
417.600923 0.023188
417.600923 0.023436
417.600923 0.022426
417.600923 0.022161
417.600923 0.023242
417.600923 0.021579
417.600923 0.022000
417.600923 0.023072
417.600923 0.021923
417.600923 0.022737
417.600923 0.022038
417.600923 0.021986
417.600923 0.022173
417.600923 0.022068
417.600923 0.021963
417.600923 0.022153
417.600923 0.022322
417.600923 0.022956
417.600923 0.022645
417.600923 0.022430
417.600923 0.022833
417.600923 0.022442
417.600923 0.022160
417.600923 0.022097
417.600923 0.022861
417.600923 0.022157
417.600923 0.022054
417.600923 0.022814
417.600923 0.021518
417.600923 0.021862
417.600923 0.022379
417.600923 0.021674
417.600923 0.021816
417.600923 0.022894
417.600923 0.021727
417.600923 0.021529
417.600923 0.021787
417.600923 0.021510
417.600923 0.021642
417.600923 0.022063
417.600923 0.022654
417.600923 0.022291
417.600923 0.022145
417.600923 0.022962
417.600923 0.021894
417.600923 0.022841
417.600923 0.024462
417.600923 0.021948
417.600923 0.022596
417.600923 0.023737
417.600923 0.025275
417.600923 0.023855
417.600923 0.022574
417.600923 0.022744
417.600923 0.024316
417.600923 0.025147
417.600923 0.025617
417.600923 0.022100
417.600923 0.023060
417.600923 0.021776
417.600923 0.025518
417.600923 0.022148
417.600923 0.021943
417.600923 0.023299
417.600923 0.021168
417.600923 0.024363
417.600923 0.021915
417.600923 0.022528
417.600923 0.022931
417.600923 0.021978
417.600923 0.023566
417.600923 0.021534
417.600923 0.023793
417.600923 0.023954
417.600923 0.021770
417.600923 0.022006
417.600923 0.022081
417.600923 0.022613
417.600923 0.021969
417.600923 0.022520
417.600923 0.022600
417.600923 0.022158
417.600923 0.022129
417.600923 0.022699
417.600923 0.022500
417.600923 0.022368
417.600923 0.022241
417.600923 0.022224
417.600923 0.022990
417.600923 0.021880
417.600923 0.021895
417.600923 0.022233
417.600923 0.022415
417.600923 0.022685
417.600923 0.022916
417.600923 0.021848
417.600923 0.022919
417.600923 0.021890
417.600923 0.021907
417.600923 0.021662
417.600923 0.021848
417.600923 0.021635
417.600923 0.021697
417.600923 0.021864
417.600923 0.022706
417.600923 0.022385
417.600923 0.016443
417.600923 0.016337
417.600923 0.017411
417.600923 0.017179
417.600923 0.017185
417.600923 0.017021
417.600923 0.017201
417.600923 0.016770
417.600923 0.017811
417.600923 0.018515
417.600923 0.017124
417.600923 0.017232
417.600923 0.020149
417.600923 0.022715
417.600923 0.023550
417.600923 0.021122
417.600923 0.022440
417.600923 0.023181
417.600923 0.016134
417.600923 0.016248
417.600923 0.016721
417.600923 0.016887
417.600923 0.016092
417.600923 0.016213
417.600923 0.016142
417.600923 0.016279
417.600923 0.016688
417.600923 0.016811
417.600923 0.016650
417.600923 0.017035
417.600923 0.016945
417.600923 0.017727
417.600923 0.022048
417.600923 0.021890
417.600923 0.022293
417.600923 0.021558
417.600923 0.021968
417.600923 0.022645
417.600923 0.022243
417.600923 0.022478
417.600923 0.022616
417.600923 0.022523
417.600923 0.021951
417.600923 0.022598
417.600923 0.022810
417.600923 0.023073
417.600923 0.022906
417.600923 0.021720
417.600923 0.022119
417.600923 0.021987
417.600923 0.022645
417.600923 0.021989
417.600923 0.022558
417.600923 0.021393
417.600923 0.021987
417.600923 0.022012
417.600923 0.022120
417.600923 0.021726
417.600923 0.022215
417.600923 0.021843
417.600923 0.022699
417.600923 0.022025
417.600923 0.022086
417.600923 0.022052
417.600923 0.022150
417.600923 0.022402
417.600923 0.022633
417.600923 0.022031
417.600923 0.022520
417.600923 0.022071
417.600923 0.024408
417.600923 0.022651
417.600923 0.025277
417.600923 0.022779
417.600923 0.025217
417.600923 0.022388
417.600923 0.023913
417.600923 0.025175
417.600923 0.025606
417.600923 0.022159
417.600923 0.022753
417.600923 0.022023
417.600923 0.021667
417.600923 0.022126
417.600923 0.024068
417.600923 0.024505
417.600923 0.022901
417.600923 0.023256
417.600923 0.024525
417.600923 0.021279
417.600923 0.024094
417.600923 0.023762
417.600923 0.021902
417.600923 0.021667
417.600923 0.023491
417.600923 0.022388
417.600923 0.022004
417.600923 0.021468
417.600923 0.022077
417.600923 0.022810
417.600923 0.021918
417.600923 0.022175
417.600923 0.021737
417.600923 0.022157
417.600923 0.022615
417.600923 0.022848
417.600923 0.022154
417.600923 0.022907
417.600923 0.022137
417.600923 0.022798
417.600923 0.021721
417.600923 0.022681
417.600923 0.022638
417.600923 0.023057
417.600923 0.022059
417.600923 0.022482
417.600923 0.021868
417.600923 0.022066
417.600923 0.022030
417.600923 0.021908
417.600923 0.021337
417.600923 0.021683
417.600923 0.022330
417.600923 0.022071
417.600923 0.021218
417.600923 0.022477
417.600923 0.021813
417.600923 0.022342
417.600923 0.021730
417.600923 0.022111
417.600923 0.022648
417.600923 0.022933
417.600923 0.022861
417.600923 0.022760
417.600923 0.023123
417.600923 0.023717
417.600923 0.022845
417.600923 0.023122
417.600923 0.022931
417.600923 0.021831
417.600923 0.022195
417.600923 0.024060
417.600923 0.024445
417.600923 0.025317
417.600923 0.022451
417.600923 0.022800
417.600923 0.021740
417.600923 0.023694
417.600923 0.021800
417.600923 0.023164
417.600923 0.022815
417.600923 0.025362
417.600923 0.021902
417.600923 0.021948
417.600923 0.021917
417.600923 0.022328
417.600923 0.024271
417.600923 0.023261
417.600923 0.022808
417.600923 0.023729
417.600923 0.021920
417.600923 0.021376
417.600923 0.021941
417.600923 0.021831
417.600923 0.022745
417.600923 0.022105
417.600923 0.021982
417.600923 0.022241
417.600923 0.022530
417.600923 0.022371
417.600923 0.021889
417.600923 0.022918
417.600923 0.021831
417.600923 0.021858
417.600923 0.022807
417.600923 0.021885
417.600923 0.022039
417.600923 0.022234
417.600923 0.021903
417.600923 0.021725
417.600923 0.023046
417.600923 0.021847
417.600923 0.021998
417.600923 0.021573
417.600923 0.021009
417.600923 0.021204
417.600923 0.022067
417.600923 0.021452
417.600923 0.021966
417.600923 0.021699
417.600923 0.021834
417.600923 0.022924
417.600923 0.021902
417.600923 0.021964
417.600923 0.021548
417.600923 0.022639
417.600923 0.021900
417.600923 0.022287
417.600923 0.023376
417.600923 0.022686
417.600923 0.022871
417.600923 0.021835
417.600923 0.021755
417.600923 0.022208
417.600923 0.022415
417.600923 0.022691
417.600923 0.021936
417.600923 0.022705
417.600923 0.022327
417.600923 0.022163
417.600923 0.023026
417.600923 0.021886
417.600923 0.021246
417.600923 0.022075
417.600923 0.021892
417.600923 0.021453
417.600923 0.022050
417.600923 0.022075
417.600923 0.022459
417.600923 0.021758
417.600923 0.021532
417.600923 0.021725
417.600923 0.022328
417.600923 0.021324
417.600923 0.022405
417.600923 0.022518
417.600923 0.022165
417.600923 0.023156
417.600923 0.022270
417.600923 0.021262
417.600923 0.022301
417.600923 0.021932
417.600923 0.022983
417.600923 0.022444
417.600923 0.022928
417.600923 0.025498
417.600923 0.022023
417.600923 0.023209
417.600923 0.022164
417.600923 0.022993
417.600923 0.022309
417.600923 0.022734
417.600923 0.022258
417.600923 0.022040
417.600923 0.022621
417.600923 0.021764
417.600923 0.021689
417.600923 0.021752
417.600923 0.023016
417.600923 0.024377
417.600923 0.022395
417.600923 0.021804
417.600923 0.021273
417.600923 0.022531
417.600923 0.023262
417.600923 0.023226
422.098388 0.020806
422.098388 0.020978
422.098388 0.021593
422.098388 0.020906
422.098388 0.021326
422.098388 0.022172
422.098388 0.021335
422.098388 0.021280
422.098388 0.021445
422.098388 0.021668
422.098388 0.020553
422.098388 0.020798
422.098388 0.021210
422.098388 0.022890
422.098388 0.024761
422.098388 0.024580
422.098388 0.023191
422.098388 0.021382
422.098388 0.020498
422.098388 0.020613
422.098388 0.022080
422.098388 0.023367
422.098388 0.020969
422.098388 0.020615
422.098388 0.020920
422.098388 0.020993
422.098388 0.022044
422.098388 0.021660
422.098388 0.022105
422.098388 0.022000
422.098388 0.021688
422.098388 0.018612
422.098388 0.023944
422.098388 0.024384
422.098388 0.023976
422.098388 0.022956
422.098388 0.023704
422.098388 0.023887
422.098388 0.024551
422.098388 0.024360
422.098388 0.023379
422.098388 0.023799
422.098388 0.023476
422.098388 0.023810
422.098388 0.024326
422.098388 0.023594
422.098388 0.022840
422.098388 0.022485
422.098388 0.022755
422.098388 0.021900
422.098388 0.022598
422.098388 0.020749
422.098388 0.022497
422.098388 0.022777
422.098388 0.023042
422.098388 0.023367
422.098388 0.022559
422.098388 0.022146
422.098388 0.021531
422.098388 0.021644
422.098388 0.022100
422.098388 0.022810
422.098388 0.022723
422.098388 0.021976
422.098388 0.019944
422.098388 0.020300
422.098388 0.021354
422.098388 0.020960
422.098388 0.021145
422.098388 0.021400
422.098388 0.021451
422.098388 0.021483
422.098388 0.022111
422.098388 0.022983
422.098388 0.020873
422.098388 0.023387
422.098388 0.020475
422.098388 0.019742
422.098388 0.023099
422.098388 0.023404
422.098388 0.020207
422.098388 0.020681
422.098388 0.023922
422.098388 0.021671
422.098388 0.020610
422.098388 0.020740
422.098388 0.021938
422.098388 0.020596
422.098388 0.021262
422.098388 0.021851
422.098388 0.022683
422.098388 0.021310
422.098388 0.022375
422.098388 0.022184
422.098388 0.022292
422.098388 0.022423
422.098388 0.020737
422.098388 0.021254
422.098388 0.020913
422.098388 0.020795
422.098388 0.021223
422.098388 0.021548
422.098388 0.021431
422.098388 0.021031
422.098388 0.021214
422.098388 0.021475
422.098388 0.021347
422.098388 0.021834
422.098388 0.023732
422.098388 0.020979
422.098388 0.022469
422.098388 0.021044
422.098388 0.021418
422.098388 0.020815
422.098388 0.021417
422.098388 0.021293
422.098388 0.022689
422.098388 0.021617
422.098388 0.021655
422.098388 0.020541
422.098388 0.020557
422.098388 0.020524
422.098388 0.020577
422.098388 0.020367
422.098388 0.020470
422.098388 0.022030
422.098388 0.021971
422.098388 0.021452
422.098388 0.020644
422.098388 0.020573
422.098388 0.021011
422.098388 0.020486
422.098388 0.020832
422.098388 0.021156
422.098388 0.020955
422.098388 0.020929
422.098388 0.021017
422.098388 0.021174
422.098388 0.021451
422.098388 0.021135
422.098388 0.021335
422.098388 0.020516
422.098388 0.021367
422.098388 0.022250
422.098388 0.019841
422.098388 0.020860
422.098388 0.021079
422.098388 0.021672
422.098388 0.021870
422.098388 0.020488
422.098388 0.020628
422.098388 0.020956
422.098388 0.020343
422.098388 0.020653
422.098388 0.020602
422.098388 0.020135
422.098388 0.020592
422.098388 0.020969
422.098388 0.020563
422.098388 0.021363
422.098388 0.020967
422.098388 0.020865
422.098388 0.021766
422.098388 0.021307
422.098388 0.023140
422.098388 0.021763
422.098388 0.021636
422.098388 0.021555
422.098388 0.021553
422.098388 0.021990
422.098388 0.023237
422.098388 0.022765
422.098388 0.023379
422.098388 0.021046
422.098388 0.020919
422.098388 0.020984
422.098388 0.021855
422.098388 0.021032
422.098388 0.021735
422.098388 0.023074
422.098388 0.021058
422.098388 0.020831
422.098388 0.020991
422.098388 0.021995
422.098388 0.021460
422.098388 0.021077
422.098388 0.021718
422.098388 0.021158
422.098388 0.021867
422.098388 0.020721
422.098388 0.022189
422.098388 0.021392
422.098388 0.021868
422.098388 0.021203
422.098388 0.023949
422.098388 0.023648
422.098388 0.021807
422.098388 0.023746
422.098388 0.022675
422.098388 0.024203
422.098388 0.023900
422.098388 0.023911
422.098388 0.021765
422.098388 0.024422
422.098388 0.021835
422.098388 0.023883
422.098388 0.024180
422.098388 0.023805
422.098388 0.023104
422.098388 0.020671
422.098388 0.022618
422.098388 0.022464
422.098388 0.020660
422.098388 0.020994
422.098388 0.022655
422.098388 0.022278
422.098388 0.022739
422.098388 0.022054
422.098388 0.022281
422.098388 0.022352
422.098388 0.020944
422.098388 0.021079
422.098388 0.021914
422.098388 0.021377
422.098388 0.020721
422.098388 0.021504
422.098388 0.021600
422.098388 0.021455
422.098388 0.022015
422.098388 0.021979
422.098388 0.021166
422.098388 0.021901
422.098388 0.021019
422.098388 0.021503
422.098388 0.021162
422.098388 0.020660
422.098388 0.021212
422.098388 0.020867
422.098388 0.020975
422.098388 0.025292
422.098388 0.021077
422.098388 0.021151
422.098388 0.022046
422.098388 0.020514
422.098388 0.022440
422.098388 0.020849
422.098388 0.025133
422.098388 0.021732
422.098388 0.025407
422.098388 0.023835
422.098388 0.020465
422.098388 0.026684
422.098388 0.021675
422.098388 0.023940
422.098388 0.023340
422.098388 0.024718
422.098388 0.020206
422.098388 0.020586
422.098388 0.021248
422.098388 0.021060
422.098388 0.021444
422.098388 0.021178
422.098388 0.020989
422.098388 0.020434
422.098388 0.023087
422.098388 0.023893
422.098388 0.021628
422.098388 0.023216
422.098388 0.022853
422.098388 0.021863
422.098388 0.021449
422.098388 0.020407
422.098388 0.020769
422.098388 0.021026
422.098388 0.022095
422.098388 0.022674
422.098388 0.020495
422.098388 0.020441
422.098388 0.022799
422.098388 0.021682
422.098388 0.021035
422.098388 0.020290
422.098388 0.022188
422.098388 0.020661
422.098388 0.020988
422.098388 0.021406
422.098388 0.020612
422.098388 0.020192
422.098388 0.020934
422.098388 0.020285
422.098388 0.021107
422.098388 0.022303
422.098388 0.020935
422.098388 0.021597
422.098388 0.021000
422.098388 0.022447
422.098388 0.021138
422.098388 0.021580
422.098388 0.020487
422.098388 0.021010
422.098388 0.022517
422.098388 0.022196
422.098388 0.021902
422.098388 0.022686
422.098388 0.021499
422.098388 0.021096
422.098388 0.022838
422.098388 0.021907
422.098388 0.020346
422.098388 0.021066
422.098388 0.021550
422.098388 0.020823
422.098388 0.020670
422.098388 0.020632
422.098388 0.021150
422.098388 0.020806
422.098388 0.021436
422.098388 0.020338
422.098388 0.020137
422.098388 0.021718
422.098388 0.020299
422.098388 0.021003
422.098388 0.020932
422.098388 0.021393
422.098388 0.022251
422.098388 0.021402
422.098388 0.022576
422.098388 0.023557
422.098388 0.021432
422.098388 0.021013
422.098388 0.020388
422.098388 0.023808
422.098388 0.020861
422.098388 0.019986
422.098388 0.020900
422.098388 0.021809
422.098388 0.023911
422.098388 0.023767
422.098388 0.021639
422.098388 0.020721
422.098388 0.020579
422.098388 0.022426
422.098388 0.021148
422.098388 0.021971
422.098388 0.020756
422.098388 0.020740
422.098388 0.021987
422.098388 0.020981
422.098388 0.021934
422.098388 0.022342
422.098388 0.020697
422.098388 0.022394
422.098388 0.020740
422.098388 0.021678
422.098388 0.020806
422.098388 0.021188
422.098388 0.021248
422.098388 0.021122
422.098388 0.020957
422.098388 0.021046
422.098388 0.021117
422.098388 0.021187
422.098388 0.020748
422.098388 0.021392
422.098388 0.021353
422.098388 0.021301
422.098388 0.020783
422.098388 0.020473
422.098388 0.021224
422.098388 0.020924
422.098388 0.021375
422.098388 0.021983
422.098388 0.020886
422.098388 0.021798
422.098388 0.020728
422.098388 0.020652
422.098388 0.020566
422.098388 0.020550
422.098388 0.020788
422.098388 0.020637
422.098388 0.020474
422.098388 0.022037
422.098388 0.020589
422.098388 0.021172
422.098388 0.020073
422.098388 0.020226
422.098388 0.021659
422.098388 0.021328
422.098388 0.021418
422.098388 0.021368
422.098388 0.023361
422.098388 0.019582
422.098388 0.019758
422.098388 0.020822
422.098388 0.026192
422.098388 0.020955
422.098388 0.020799
422.098388 0.020478
422.098388 0.023665
422.098388 0.026587
422.098388 0.022043
422.098388 0.026125
422.098388 0.021968
422.098388 0.026234
422.098388 0.026852
422.098388 0.024843
422.098388 0.022175
422.098388 0.026097
422.098388 0.024944
422.098388 0.026825
422.098388 0.022847
422.098388 0.023851
422.098388 0.024325
422.098388 0.024074
422.098388 0.024631
422.098388 0.024262
422.098388 0.020482
422.098388 0.021256
422.098388 0.020980
422.098388 0.021402
422.098388 0.021635
422.098388 0.021323
422.098388 0.022679
422.098388 0.020991
422.098388 0.021302
422.098388 0.021974
422.098388 0.021918
422.098388 0.022686
422.098388 0.021348
422.098388 0.021223
422.098388 0.021765
422.098388 0.022088
422.098388 0.020970
422.098388 0.020922
422.098388 0.021979
422.098388 0.022054
422.098388 0.021134
422.098388 0.020382
422.098388 0.020105
422.098388 0.020908
422.098388 0.021512
422.098388 0.021022
422.098388 0.020647
422.098388 0.020944
422.098388 0.020586
422.098388 0.020805
422.098388 0.022172
422.098388 0.021945
422.098388 0.020851
422.098388 0.021252
422.098388 0.020291
422.098388 0.021721
422.098388 0.020782
422.098388 0.021567
422.098388 0.020819
422.098388 0.021880
422.098388 0.020530
422.098388 0.021239
422.098388 0.021854
422.098388 0.020974
422.098388 0.020747
422.098388 0.021276
422.098388 0.021142
422.098388 0.021717
422.098388 0.021126
422.098388 0.021907
422.098388 0.021667
422.098388 0.021478
422.098388 0.020695
422.098388 0.020016
422.098388 0.021857
422.098388 0.020667
422.098388 0.021052
422.098388 0.020177
422.098388 0.020605
422.098388 0.020486
422.098388 0.021560
422.098388 0.020981
422.098388 0.020976
422.098388 0.020953
422.098388 0.021264
422.098388 0.021796
422.098388 0.022210
422.098388 0.020765
422.098388 0.022267
422.098388 0.023346
422.098388 0.023041
422.098388 0.021327
422.098388 0.023677
422.098388 0.021276
422.098388 0.022506
422.098388 0.023735
422.098388 0.020868
422.098388 0.023023
422.098388 0.024202
422.098388 0.022524
422.098388 0.022008
422.098388 0.021806
422.098388 0.024471
422.098388 0.020383
422.098388 0.020242
422.098388 0.022515
422.098388 0.022747
422.098388 0.020603
422.098388 0.022273
422.098388 0.020412
422.098388 0.021135
422.098388 0.021627
422.098388 0.022738
422.098388 0.021759
422.098388 0.022788
422.098388 0.022603
422.098388 0.020917
422.098388 0.021115
422.098388 0.021420
422.098388 0.021256
422.098388 0.021480
422.098388 0.021628
422.098388 0.020905
422.098388 0.020878
422.098388 0.022792
422.098388 0.021772
422.098388 0.023010
422.098388 0.023948
422.098388 0.025064
422.098388 0.024011
422.098388 0.023781
422.098388 0.021010
422.098388 0.025635
422.098388 0.021050
422.098388 0.025569
422.098388 0.020416
422.098388 0.022042
422.098388 0.020792
422.098388 0.021990
422.098388 0.023032
422.098388 0.021141
422.098388 0.023653
422.098388 0.022231
422.098388 0.023156
422.098388 0.022203
422.098388 0.021704
422.098388 0.023453
422.098388 0.021768
422.098388 0.020199
422.098388 0.021237
422.098388 0.021111
422.098388 0.021094
422.098388 0.021067
422.098388 0.021109
422.098388 0.021191
422.098388 0.021354
422.098388 0.021822
422.098388 0.021389
422.098388 0.021347
422.098388 0.021087
422.098388 0.021935
422.098388 0.021025
422.098388 0.021531
422.098388 0.021189
422.098388 0.021786
422.098388 0.021054
422.098388 0.021214
422.098388 0.020681
422.098388 0.020356
422.098388 0.021476
422.098388 0.021162
422.098388 0.020565
422.098388 0.020779
422.098388 0.020568
422.098388 0.021059
422.098388 0.020776
422.098388 0.021036
422.098388 0.021219
422.098388 0.022101
422.098388 0.022027
422.098388 0.021140
422.098388 0.021065
422.098388 0.020792
422.098388 0.021192
422.098388 0.020930
422.098388 0.021214
422.098388 0.021699
422.098388 0.021104
422.098388 0.021149
422.098388 0.021696
422.098388 0.021527
422.098388 0.021583
422.098388 0.021096
422.098388 0.021569
422.098388 0.021093
422.098388 0.020658
422.098388 0.020850
422.098388 0.020624
422.098388 0.021141
422.098388 0.020821
422.098388 0.020690
422.098388 0.021057
422.098388 0.021401
422.098388 0.020634
422.098388 0.021766
422.098388 0.020989
422.098388 0.020755
422.098388 0.020902
422.098388 0.023187
422.098388 0.022050
422.098388 0.021753
422.098388 0.022554
422.098388 0.020865
422.098388 0.020399
422.098388 0.021798
422.098388 0.021248
422.098388 0.023252
422.098388 0.023772
422.098388 0.021755
422.098388 0.022330
422.098388 0.021195
422.098388 0.022507
422.098388 0.020729
422.098388 0.020547
422.098388 0.020396
422.098388 0.021027
422.098388 0.021129
422.098388 0.027776
422.098388 0.025516
422.098388 0.019877
422.098388 0.027459
422.098388 0.024763
422.098388 0.022747
422.098388 0.027553
422.098388 0.023762
422.098388 0.022815
422.098388 0.027760
422.098388 0.023539
422.098388 0.024242
422.098388 0.028879
422.098388 0.024553
422.098388 0.028351
422.098388 0.026045
422.098388 0.024425
422.098388 0.020866
422.098388 0.021044
422.098388 0.020726
422.098388 0.021528
422.098388 0.021141
422.098388 0.022115
422.098388 0.021683
422.098388 0.020964
422.098388 0.023477
422.098388 0.021651
422.098388 0.023743
422.098388 0.021011
422.098388 0.020406
422.098388 0.020733
422.098388 0.023757
422.098388 0.023784
422.098388 0.023472
422.098388 0.020423
422.098388 0.020116
422.098388 0.023997
422.098388 0.020823
422.098388 0.024453
422.098388 0.022814
422.098388 0.022185
422.098388 0.020862
422.098388 0.022479
422.098388 0.021918
422.098388 0.021682
422.098388 0.022588
422.098388 0.022084
422.098388 0.023766
422.098388 0.023161
422.098388 0.019349
422.098388 0.019633
422.098388 0.019913
422.098388 0.022684
422.098388 0.022509
422.098388 0.020402
422.098388 0.023334
422.098388 0.020768
422.098388 0.022561
422.098388 0.022104
422.098388 0.024472
422.098388 0.020585
422.098388 0.024631
422.098388 0.019655
422.098388 0.020585
422.098388 0.026359
422.098388 0.019279
422.098388 0.028303
422.098388 0.019529
422.098388 0.019308
422.098388 0.019263
422.098388 0.028028
422.098388 0.024495
422.098388 0.019579
422.098388 0.020905
422.098388 0.021014
422.098388 0.020362
422.098388 0.022658
422.098388 0.021968
422.098388 0.022161
422.098388 0.024166
422.098388 0.021980
422.098388 0.020811
422.098388 0.020938
422.098388 0.021430
422.098388 0.021187
422.098388 0.021287
422.098388 0.021178
422.098388 0.022284
422.098388 0.021293
422.098388 0.021034
422.098388 0.020709
422.098388 0.022801
422.098388 0.021905
422.098388 0.020914
422.098388 0.021931
422.098388 0.020737
422.098388 0.021960
422.098388 0.020733
422.098388 0.020662
422.098388 0.020970
422.098388 0.021856
422.098388 0.021695
422.098388 0.021886
422.098388 0.021281
422.098388 0.021575
422.098388 0.022026
422.098388 0.021986
422.098388 0.021336
422.098388 0.020334
422.098388 0.021277
422.098388 0.020232
422.098388 0.022009
422.098388 0.021741
422.098388 0.020949
422.098388 0.020879
422.098388 0.020794
422.098388 0.021174
422.098388 0.021609
422.098388 0.021207
422.098388 0.020916
422.098388 0.021574
422.098388 0.020802
422.098388 0.021845
422.098388 0.020815
422.098388 0.024530
422.098388 0.020528
422.098388 0.020071
422.098388 0.025296
422.098388 0.021594
422.098388 0.020645
422.098388 0.021034
422.098388 0.025749
422.098388 0.024638
422.098388 0.028525
422.098388 0.022897
422.098388 0.028125
422.098388 0.022463
422.098388 0.023365
422.098388 0.027304
422.098388 0.024769
422.098388 0.024808
422.098388 0.022947
422.098388 0.026033
422.098388 0.024253
422.098388 0.024425
422.098388 0.020553
422.098388 0.020712
422.098388 0.020209
422.098388 0.020878
422.098388 0.020509
422.098388 0.021128
422.098388 0.020542
422.098388 0.021714
422.098388 0.020947
422.098388 0.021631
422.098388 0.020555
422.098388 0.020490
422.098388 0.021021
422.098388 0.021073
422.098388 0.021674
422.098388 0.020732
422.098388 0.020770
422.098388 0.020510
422.098388 0.020895
422.098388 0.021852
422.098388 0.022115
422.098388 0.020435
422.098388 0.020082
422.098388 0.020240
422.098388 0.020119
422.098388 0.020344
422.098388 0.020399
422.098388 0.020282
422.098388 0.020855
422.098388 0.020030
422.098388 0.020695
422.098388 0.021208
422.098388 0.023668
422.098388 0.021564
422.098388 0.020827
422.098388 0.022688
422.098388 0.021635
422.098388 0.022037
422.098388 0.022808
422.098388 0.021156
422.098388 0.021342
422.098388 0.024578
422.098388 0.024472
422.098388 0.022359
422.098388 0.024933
422.098388 0.024651
422.098388 0.022338
422.098388 0.021993
422.098388 0.023153
422.098388 0.024021
422.098388 0.020782
422.098388 0.020922
422.098388 0.021799
422.098388 0.024465
422.098388 0.021035
422.098388 0.021075
422.098388 0.020495
422.098388 0.020606
422.098388 0.023382
422.098388 0.022249
422.098388 0.022827
422.098388 0.023449
422.098388 0.023171
422.098388 0.023078
422.098388 0.020808
422.098388 0.020914
422.098388 0.021087
422.098388 0.020951
422.098388 0.020764
422.098388 0.020794
422.098388 0.021543
422.098388 0.021287
422.098388 0.021186
422.098388 0.021840
422.098388 0.021399
422.098388 0.020731
422.098388 0.021189
422.098388 0.020818
422.098388 0.020683
422.098388 0.021143
422.098388 0.020764
422.098388 0.020628
422.098388 0.020994
422.098388 0.020832
422.098388 0.022066
422.098388 0.021890
422.098388 0.021031
422.098388 0.020734
422.098388 0.020721
422.098388 0.020259
422.098388 0.023332
422.098388 0.021871
422.098388 0.021669
422.098388 0.021278
422.098388 0.021865
422.098388 0.022070
422.098388 0.019613
422.098388 0.021130
422.098388 0.021217
422.098388 0.021980
422.098388 0.021475
422.098388 0.021037
422.098388 0.021392
422.098388 0.021883
422.098388 0.021145
422.098388 0.021923
422.098388 0.022173
422.098388 0.021707
422.098388 0.022809
422.098388 0.023250
422.098388 0.021365
422.098388 0.020559
422.098388 0.021990
422.098388 0.021075
422.098388 0.021153
422.098388 0.020976
422.098388 0.020950
422.098388 0.019968
422.098388 0.021318
422.098388 0.020467
422.098388 0.021868
422.098388 0.020654
422.098388 0.021763
422.098388 0.024123
422.098388 0.022602
422.098388 0.020356
422.098388 0.020516
422.098388 0.023120
422.098388 0.021000
422.098388 0.020810
422.098388 0.020992
422.098388 0.021216
422.098388 0.021225
422.098388 0.021212
422.098388 0.021368
422.098388 0.022800
422.098388 0.021790
422.098388 0.020938
422.098388 0.022540
422.098388 0.021098
422.098388 0.024044
422.098388 0.020821
422.098388 0.023107
422.098388 0.020648
422.098388 0.021224
422.098388 0.021908
422.098388 0.024402
422.098388 0.020706
422.098388 0.021095
422.098388 0.023356
422.098388 0.021695
422.098388 0.021950
422.098388 0.020589
422.098388 0.020823
422.098388 0.021355
422.098388 0.020922
422.098388 0.022129
422.098388 0.020539
422.098388 0.020647
422.098388 0.021480
422.098388 0.015676
422.098388 0.016802
422.098388 0.016290
422.098388 0.016899
422.098388 0.019730
422.098388 0.019838
422.098388 0.017707
422.098388 0.019737
422.098388 0.021831
422.098388 0.019153
422.098388 0.017475
422.098388 0.017267
422.098388 0.016268
422.098388 0.015694
422.098388 0.016913
422.098388 0.020581
422.098388 0.017520
422.098388 0.019898
422.098388 0.015869
422.098388 0.020572
422.098388 0.024826
422.098388 0.016869
422.098388 0.016509
422.098388 0.017476
422.098388 0.020533
422.098388 0.017879
422.098388 0.016432
422.098388 0.018015
422.098388 0.018023
422.098388 0.018099
422.098388 0.017946
422.098388 0.018490
422.098388 0.017294
422.098388 0.017441
422.098388 0.017032
422.098388 0.017192
422.098388 0.017904
422.098388 0.018117
422.098388 0.017566
422.098388 0.017379
422.098388 0.017415
422.098388 0.019241
422.098388 0.017951
422.098388 0.017390
422.098388 0.017195
422.098388 0.018110
422.098388 0.017138
422.098388 0.017880
422.098388 0.018407
422.098388 0.019388
422.098388 0.017861
422.098388 0.016973
422.098388 0.017859
422.098388 0.016995
422.098388 0.016256
422.098388 0.018658
422.098388 0.016907
422.098388 0.018387
422.098388 0.017418
422.098388 0.017360
422.098388 0.017988
422.098388 0.017768
422.098388 0.017051
422.098388 0.018165
422.098388 0.016984
422.098388 0.017540
422.098388 0.017309
422.098388 0.017657
422.098388 0.017206
422.098388 0.017731
422.098388 0.017980
422.098388 0.017663
422.098388 0.018334
422.098388 0.018168
422.098388 0.017364
422.098388 0.016988
422.098388 0.017512
422.098388 0.020133
422.098388 0.016816
422.098388 0.017568
422.098388 0.017291
422.098388 0.018197
422.098388 0.020510
422.098388 0.016884
422.098388 0.017070
422.098388 0.017049
422.098388 0.017184
422.098388 0.017640
422.098388 0.018485
422.098388 0.020613
422.098388 0.021081
422.098388 0.018402
422.098388 0.018668
422.098388 0.019226
422.098388 0.019468
422.098388 0.019517
422.098388 0.017142
422.098388 0.017440
422.098388 0.017466
422.098388 0.018344
422.098388 0.017585
422.098388 0.018178
422.098388 0.018314
422.098388 0.018765
422.098388 0.017387
422.098388 0.018238
422.098388 0.019781
422.098388 0.019584
422.098388 0.017861
422.098388 0.016931
422.098388 0.020546
422.098388 0.018203
422.098388 0.018288
422.098388 0.019814
422.098388 0.017681
422.098388 0.017399
422.098388 0.017399
422.098388 0.018391
422.098388 0.017055
422.098388 0.016583
422.098388 0.018813
422.098388 0.018120
422.098388 0.018153
422.098388 0.019599
422.098388 0.019672
422.098388 0.017959
422.098388 0.018890
422.098388 0.017751
422.098388 0.017242
422.098388 0.017420
422.098388 0.018012
422.098388 0.017033
422.098388 0.018770
422.098388 0.019295
422.098388 0.017804
422.098388 0.017528
422.098388 0.018033
422.098388 0.020201
422.098388 0.017276
422.098388 0.018512
422.098388 0.017513
422.098388 0.019876
422.098388 0.016945
422.098388 0.021098
422.098388 0.018409
422.098388 0.020514
422.098388 0.016890
422.098388 0.017412
422.098388 0.020980
422.098388 0.017420
422.098388 0.018220
422.098388 0.017076
422.098388 0.018184
422.098388 0.019566
422.098388 0.018427
422.098388 0.019667
422.098388 0.019875
422.098388 0.019000
422.098388 0.020453
422.098388 0.020145
422.098388 0.016648
422.098388 0.016785
422.098388 0.017431
422.098388 0.017239
422.098388 0.017440
422.098388 0.017485
422.098388 0.018900
422.098388 0.018289
422.098388 0.017473
422.098388 0.019606
422.098388 0.017311
422.098388 0.018337
422.098388 0.020014
422.098388 0.016789
422.098388 0.016864
422.098388 0.017297
422.098388 0.017979
422.098388 0.018227
422.098388 0.017024
422.098388 0.017206
422.098388 0.016897
422.098388 0.020971
422.098388 0.017586
422.098388 0.018966
422.098388 0.016955
422.098388 0.018287
422.098388 0.018537
422.098388 0.017466
422.098388 0.018537
422.098388 0.019219
422.098388 0.017971
422.098388 0.019123
422.098388 0.017549
422.098388 0.016805
422.098388 0.016133
422.098388 0.017082
422.098388 0.017822
422.098388 0.017332
422.098388 0.018108
422.098388 0.018231
422.098388 0.016877
422.098388 0.017714
422.098388 0.018639
422.098388 0.017894
422.098388 0.018095
422.098388 0.017365
422.098388 0.019419
422.098388 0.017624
422.098388 0.017839
422.098388 0.017797
422.098388 0.016958
422.098388 0.017513
422.098388 0.018340
422.098388 0.017236
422.098388 0.017102
422.098388 0.016632
422.098388 0.016571
422.098388 0.016852
422.098388 0.017038
422.098388 0.016178
422.098388 0.017932
422.098388 0.017685
422.098388 0.017079
422.098388 0.018321
422.098388 0.012566
422.098388 0.012582
422.098388 0.012777
422.098388 0.013022
422.098388 0.017167
422.098388 0.014800
422.098388 0.017036
422.098388 0.017382
422.098388 0.017230
422.098388 0.017523
422.098388 0.017920
422.098388 0.017669
422.098388 0.017791
422.098388 0.018198
422.098388 0.017014
422.098388 0.017209
422.098388 0.016822
422.098388 0.018448
422.098388 0.017033
422.098388 0.017328
422.098388 0.017400
422.098388 0.017408
422.098388 0.017260
422.098388 0.016975
422.098388 0.018469
422.098388 0.017294
422.098388 0.018379
422.098388 0.014222
422.098388 0.012485
422.098388 0.012756
422.098388 0.012686
422.098388 0.013058
422.098388 0.017798
422.098388 0.017356
422.098388 0.018441
422.098388 0.017951
422.098388 0.019118
422.098388 0.017845
422.098388 0.019774
422.098388 0.017634
422.098388 0.017582
422.098388 0.019268
422.098388 0.017774
422.098388 0.019463
422.098388 0.020642
422.098388 0.017950
422.098388 0.018053
422.098388 0.017734
422.098388 0.017293
422.098388 0.018350
422.098388 0.017522
422.098388 0.020340
422.098388 0.018817
422.098388 0.017419
422.098388 0.019317
422.098388 0.017303
422.098388 0.017857
422.098388 0.018979
422.098388 0.017373
422.098388 0.017038
422.098388 0.017100
422.098388 0.017971
422.098388 0.019349
422.098388 0.019673
422.098388 0.016705
422.098388 0.017079
422.098388 0.017302
422.098388 0.017316
422.098388 0.018021
422.098388 0.017421
422.098388 0.017943
422.098388 0.017403
422.098388 0.017794
422.098388 0.018140
422.098388 0.017605
422.098388 0.018074
422.098388 0.017960
422.098388 0.017516
422.098388 0.017357
422.098388 0.016601
422.098388 0.017195
422.098388 0.017646
422.098388 0.016804
422.098388 0.017438
422.098388 0.020023
422.098388 0.017365
422.098388 0.016909
422.098388 0.018469
422.098388 0.016738
422.098388 0.017440
422.098388 0.017029
422.098388 0.017244
422.098388 0.018320
422.098388 0.019126
422.098388 0.019663
422.098388 0.019020
422.098388 0.017218
422.098388 0.016782
422.098388 0.017339
422.098388 0.017632
422.098388 0.017544
422.098388 0.018481
422.098388 0.018081
422.098388 0.017655
422.098388 0.017818
422.098388 0.017568
422.098388 0.017883
422.098388 0.017433
422.098388 0.017466
422.098388 0.016646
422.098388 0.018009
422.098388 0.017243
422.098388 0.017551
422.098388 0.017613
422.098388 0.018309
422.098388 0.018286
422.098388 0.017263
422.098388 0.017062
422.098388 0.017698
422.098388 0.017436
422.098388 0.017587
422.098388 0.017050
422.098388 0.017983
422.098388 0.017797
422.098388 0.016787
422.098388 0.016894
422.098388 0.016894
422.098388 0.017333
422.098388 0.017158
422.098388 0.017568
422.098388 0.017511
422.098388 0.017624
422.098388 0.017837
422.098388 0.017464
422.098388 0.017494
422.098388 0.017821
422.098388 0.017604
422.098388 0.017970
422.098388 0.018071
422.098388 0.017282
422.098388 0.017850
422.098388 0.017906
422.098388 0.017693
422.098388 0.017467
422.098388 0.017186
422.098388 0.017214
422.098388 0.017518
422.098388 0.017585
422.098388 0.017242
422.098388 0.017083
422.098388 0.016985
422.098388 0.017029
422.098388 0.019270
422.098388 0.017487
422.098388 0.017357
422.098388 0.017191
422.098388 0.018356
422.098388 0.018739
422.098388 0.018422
422.098388 0.017247
422.098388 0.017170
422.098388 0.017281
422.098388 0.017457
422.098388 0.017384
422.098388 0.017495
422.098388 0.017750
422.098388 0.017138
422.098388 0.017525
422.098388 0.017883
422.098388 0.017521
422.098388 0.017916
422.098388 0.017302
422.098388 0.017260
422.098388 0.017031
422.098388 0.017192
422.098388 0.017744
422.098388 0.018393
422.098388 0.018250
422.098388 0.017300
422.098388 0.017292
422.098388 0.017232
422.098388 0.017065
422.098388 0.017208
422.098388 0.019234
422.098388 0.017389
422.098388 0.016823
422.098388 0.018337
422.098388 0.017556
422.098388 0.018520
422.098388 0.017073
422.098388 0.018690
422.098388 0.017879
422.098388 0.017388
422.098388 0.017429
422.098388 0.017708
422.098388 0.017445
422.098388 0.017021
422.098388 0.017914
422.098388 0.017376
422.098388 0.017520
422.098388 0.017678
422.098388 0.017760
422.098388 0.017853
422.098388 0.018204
422.098388 0.018553
422.098388 0.018124
422.098388 0.017587
422.098388 0.017322
422.098388 0.016752
422.098388 0.017570
422.098388 0.018781
422.098388 0.017145
422.098388 0.017295
422.098388 0.017027
422.098388 0.017144
422.098388 0.016880
422.098388 0.016935
422.098388 0.017033
422.098388 0.017326
422.098388 0.018327
422.098388 0.018204
422.098388 0.017200
422.098388 0.017875
422.098388 0.017945
422.098388 0.016986
422.098388 0.017082
422.098388 0.017169
422.098388 0.016882
422.098388 0.017619
422.098388 0.017427
422.098388 0.017789
422.098388 0.017539
422.098388 0.017922
422.098388 0.017896
422.098388 0.018849
422.098388 0.016845
422.098388 0.018046
422.098388 0.017277
422.098388 0.019377
422.098388 0.017234
422.098388 0.018664
422.098388 0.017890
422.098388 0.017612
422.098388 0.018368
422.098388 0.017866
422.098388 0.017993
422.098388 0.017004
422.098388 0.016952
422.098388 0.017087
422.098388 0.016572
422.098388 0.016750
422.098388 0.017720
422.098388 0.016957
422.098388 0.017219
422.098388 0.017957
422.098388 0.018318
422.098388 0.017614
422.098388 0.016990
422.098388 0.017467
422.098388 0.017421
422.098388 0.018054
422.098388 0.017362
422.098388 0.017545
422.098388 0.018027
422.098388 0.017796
422.098388 0.017739
422.098388 0.017490
422.098388 0.017863
422.098388 0.017385
422.098388 0.018019
422.098388 0.017698
422.098388 0.018147
422.098388 0.016942
422.098388 0.017280
422.098388 0.017432
422.098388 0.018375
422.098388 0.017413
422.098388 0.017249
422.098388 0.017209
422.098388 0.017612
422.098388 0.016864
422.098388 0.018331
422.098388 0.017189
422.098388 0.017291
422.098388 0.017459
422.098388 0.017605
422.098388 0.017423
422.098388 0.017727
422.098388 0.016597
422.098388 0.017133
422.098388 0.018404
422.098388 0.017595
422.098388 0.017500
422.098388 0.016959
422.098388 0.017832
422.098388 0.017629
422.098388 0.020275
422.098388 0.019077
422.098388 0.018663
422.098388 0.021020
422.098388 0.017263
422.098388 0.018910
422.098388 0.017452
422.098388 0.020188
422.098388 0.018310
422.098388 0.017423
422.098388 0.019519
422.098388 0.016095
422.098388 0.017254
422.098388 0.017111
422.098388 0.017772
422.098388 0.019055
422.098388 0.017068
422.098388 0.016453
422.098388 0.019144
422.098388 0.017888
422.098388 0.018532
422.098388 0.017563
422.098388 0.018044
422.098388 0.017332
422.098388 0.017381
422.098388 0.017403
422.098388 0.017405
422.098388 0.017410
422.098388 0.017744
422.098388 0.017107
422.098388 0.017544
422.098388 0.017902
422.098388 0.017582
422.098388 0.017880
422.098388 0.017282
422.098388 0.017370
422.098388 0.017801
422.098388 0.017765
422.098388 0.017239
422.098388 0.018091
422.098388 0.018353
422.098388 0.017369
422.098388 0.018156
422.098388 0.016993
422.098388 0.017370
422.098388 0.017285
422.098388 0.017723
422.098388 0.017259
422.098388 0.017502
422.098388 0.017122
422.098388 0.017055
422.098388 0.017125
422.098388 0.018219
422.098388 0.017319
422.098388 0.017466
422.098388 0.017912
422.098388 0.016861
422.098388 0.017184
422.098388 0.017425
422.098388 0.016785
422.098388 0.017023
422.098388 0.017495
422.098388 0.017376
422.098388 0.017030
422.098388 0.018241
422.098388 0.017863
422.098388 0.017178
422.098388 0.017377
422.098388 0.016989
422.098388 0.017677
422.098388 0.017262
422.098388 0.017920
422.098388 0.016647
422.098388 0.017005
422.098388 0.016728
422.098388 0.016906
422.098388 0.017105
422.098388 0.016202
422.098388 0.017140
422.098388 0.017166
422.098388 0.016573
422.098388 0.016607
422.098388 0.017041
422.098388 0.016685
422.098388 0.016577
422.098388 0.017097
422.098388 0.016888
422.098388 0.016485
422.098388 0.017195
422.098388 0.017401
422.098388 0.017503
422.098388 0.016877
422.098388 0.016827
422.098388 0.016948
422.098388 0.017219
422.098388 0.017543
422.098388 0.017728
422.098388 0.017555
422.098388 0.018664
422.098388 0.017162
422.098388 0.017374
422.098388 0.017040
422.098388 0.017736
422.098388 0.017487
422.098388 0.017353
422.098388 0.018002
422.098388 0.017082
422.098388 0.017031
422.098388 0.017162
422.098388 0.017898
422.098388 0.016614
422.098388 0.016635
422.098388 0.017405
422.098388 0.016737
422.098388 0.016714
422.098388 0.016873
422.098388 0.016700
422.098388 0.016665
422.098388 0.017083
422.098388 0.017479
422.098388 0.016933
422.098388 0.017303
422.098388 0.017717
422.098388 0.017668
422.098388 0.017334
422.098388 0.019211
422.098388 0.018497
422.098388 0.019556
422.098388 0.017939
422.098388 0.020461
422.098388 0.018728
422.098388 0.018570
422.098388 0.017285
422.098388 0.017471
422.098388 0.020434
422.098388 0.016853
422.098388 0.018084
422.098388 0.018053
422.098388 0.018045
422.098388 0.017803
422.098388 0.017623
422.098388 0.016951
422.098388 0.018473
422.098388 0.017401
422.098388 0.016899
422.098388 0.020571
422.098388 0.018633
422.098388 0.017660
422.098388 0.018297
422.098388 0.017773
422.098388 0.017772
422.098388 0.018826
422.098388 0.016515
422.098388 0.017403
422.098388 0.017815
422.098388 0.018021
422.098388 0.017645
422.098388 0.017791
422.098388 0.017589
422.098388 0.017123
422.098388 0.017474
422.098388 0.018080
422.098388 0.017480
422.098388 0.018067
422.098388 0.017879
422.098388 0.017282
422.098388 0.017583
422.098388 0.018078
422.098388 0.017511
422.098388 0.018206
422.098388 0.017392
422.098388 0.016984
422.098388 0.017391
422.098388 0.017593
422.098388 0.017428
422.098388 0.017157
422.098388 0.016101
422.098388 0.017407
422.098388 0.017325
422.098388 0.016940
422.098388 0.016883
422.098388 0.017723
422.098388 0.017281
422.098388 0.016821
422.098388 0.016650
422.098388 0.016561
422.098388 0.016788
422.098388 0.017290
422.098388 0.016164
422.098388 0.016805
422.098388 0.019029
422.098388 0.016524
422.098388 0.016257
422.098388 0.018393
422.098388 0.020220
422.098388 0.017996
422.098388 0.016812
422.098388 0.019191
422.098388 0.020486
422.098388 0.016891
422.098388 0.017856
422.098388 0.016599
422.098388 0.019218
422.098388 0.016566
422.098388 0.016807
422.098388 0.018698
422.098388 0.017113
422.098388 0.017217
422.098388 0.016076
422.098388 0.015960
422.098388 0.017969
422.098388 0.017406
422.098388 0.016916
422.098388 0.015763
422.098388 0.016882
422.098388 0.016934
422.098388 0.017346
422.098388 0.017388
422.098388 0.017787
422.098388 0.017871
422.098388 0.017936
422.098388 0.018111
422.098388 0.018232
422.098388 0.020600
422.098388 0.017459
422.098388 0.017450
422.098388 0.020384
422.098388 0.020549
422.098388 0.019916
422.098388 0.017368
422.098388 0.019428
422.098388 0.018046
422.098388 0.021608
422.098388 0.018392
422.098388 0.017066
422.098388 0.017439
422.098388 0.019627
422.098388 0.018858
422.098388 0.020018
422.098388 0.019223
422.098388 0.017273
422.098388 0.016960
422.098388 0.018111
422.098388 0.018492
422.098388 0.017837
422.098388 0.018772
422.098388 0.019055
422.098388 0.018705
422.098388 0.016690
422.098388 0.017427
422.098388 0.017202
422.098388 0.017337
422.098388 0.016543
422.098388 0.017236
422.098388 0.017530
422.098388 0.017852
422.098388 0.018320
422.098388 0.017969
422.098388 0.017555
422.098388 0.017956
422.098388 0.017759
422.098388 0.018273
422.098388 0.018102
422.098388 0.017450
422.098388 0.017396
422.098388 0.018049
422.098388 0.017264
422.098388 0.017217
422.098388 0.016445
422.098388 0.016966
422.098388 0.017629
422.098388 0.017558
422.098388 0.017197
422.098388 0.016969
422.098388 0.016368
422.098388 0.017258
422.098388 0.017017
422.098388 0.016898
422.098388 0.016955
422.098388 0.017494
422.098388 0.017169
422.098388 0.017604
422.098388 0.017540
422.098388 0.016830
422.098388 0.016975
422.098388 0.018036
422.098388 0.016913
422.098388 0.017457
422.098388 0.018113
422.098388 0.017985
422.098388 0.017788
422.098388 0.017730
422.098388 0.017223
422.098388 0.017284
422.098388 0.018132
422.098388 0.017253
422.098388 0.018244
422.098388 0.018402
422.098388 0.017334
422.098388 0.016820
422.098388 0.017296
422.098388 0.017584
422.098388 0.017061
422.098388 0.017344
422.098388 0.016930
422.098388 0.018200
422.098388 0.017082
422.098388 0.017636
422.098388 0.016504
422.098388 0.016946
422.098388 0.017928
422.098388 0.017800
422.098388 0.017042
422.098388 0.017230
422.098388 0.017289
422.098388 0.017938
422.098388 0.017301
422.098388 0.017093
422.098388 0.018224
422.098388 0.017841
422.098388 0.016977
422.098388 0.017658
422.098388 0.017315
422.098388 0.017274
422.098388 0.016846
422.098388 0.017031
422.098388 0.017294
422.098388 0.021594
422.098388 0.016902
422.098388 0.020269
422.098388 0.022660
422.098388 0.022301
422.098388 0.018436
422.098388 0.016994
422.098388 0.017103
422.098388 0.019573
422.098388 0.018265
422.098388 0.021339
422.098388 0.020291
422.098388 0.019978
422.098388 0.019032
422.098388 0.018363
422.098388 0.018778
422.098388 0.019128
422.098388 0.018084
422.098388 0.017292
422.098388 0.017974
422.098388 0.016961
422.098388 0.017828
422.098388 0.018267
422.098388 0.017300
422.098388 0.017564
422.098388 0.017520
422.098388 0.017500
422.098388 0.017839
422.098388 0.018356
422.098388 0.017732
422.098388 0.019598
422.098388 0.017529
422.098388 0.017775
422.098388 0.017418
422.098388 0.017630
422.098388 0.017294
422.098388 0.017020
422.098388 0.019044
422.098388 0.016791
422.098388 0.017494
422.098388 0.017207
422.098388 0.016449
422.098388 0.017084
422.098388 0.016876
422.098388 0.016959
422.098388 0.018404
422.098388 0.017188
422.098388 0.017243
422.098388 0.018392
422.098388 0.017282
422.098388 0.017012
422.098388 0.016993
422.098388 0.017310
422.098388 0.017582
422.098388 0.017255
422.098388 0.017385
422.098388 0.017508
422.098388 0.018088
422.098388 0.017782
422.098388 0.018218
422.098388 0.017046
422.098388 0.019126
422.098388 0.017460
422.098388 0.017957
422.098388 0.017833
422.098388 0.017084
422.098388 0.017304
422.098388 0.016984
422.098388 0.017148
422.098388 0.017011
422.098388 0.017405
422.098388 0.017157
422.098388 0.017019
422.098388 0.018193
422.098388 0.017865
422.098388 0.017148
422.098388 0.017161
422.098388 0.017234
422.098388 0.017653
422.098388 0.021358
422.098388 0.018973
422.098388 0.017244
422.098388 0.020094
422.098388 0.018710
422.098388 0.017582
422.098388 0.017676
422.098388 0.018075
422.098388 0.020247
422.098388 0.020339
422.098388 0.018065
422.098388 0.020432
422.098388 0.019904
422.098388 0.020481
422.098388 0.017907
422.098388 0.017759
422.098388 0.019066
422.098388 0.018071
422.098388 0.016907
422.098388 0.020285
422.098388 0.019346
422.098388 0.018772
422.098388 0.019050
422.098388 0.017136
422.098388 0.017406
422.098388 0.019155
422.098388 0.017226
422.098388 0.019458
422.098388 0.018977
422.098388 0.017066
422.098388 0.018168
422.098388 0.017224
422.098388 0.017532
422.098388 0.018972
422.098388 0.016877
422.098388 0.017230
422.098388 0.017669
422.098388 0.017467
422.098388 0.017605
422.098388 0.018078
422.098388 0.017995
422.098388 0.017710
422.098388 0.017204
422.098388 0.017293
422.098388 0.016614
422.098388 0.017081
422.098388 0.017010
422.098388 0.017328
422.098388 0.018325
422.098388 0.017063
422.098388 0.018255
422.098388 0.017105
422.098388 0.023391
422.098388 0.023917
422.098388 0.021798
422.098388 0.023061
422.098388 0.021182
422.098388 0.019649
422.098388 0.022982
422.098388 0.022481
422.098388 0.020879
422.098388 0.020425
422.098388 0.020704
422.098388 0.019201
422.098388 0.020562
422.098388 0.020011
422.098388 0.017227
422.098388 0.017749
422.098388 0.017435
422.098388 0.017395
422.098388 0.017370
422.098388 0.017301
422.098388 0.018620
422.098388 0.017872
422.098388 0.017751
422.098388 0.017883
422.098388 0.017237
422.098388 0.019890
422.098388 0.020576
422.098388 0.017345
422.098388 0.018192
422.098388 0.017370
422.098388 0.016995
422.098388 0.018919
422.098388 0.017758
422.098388 0.017427
422.098388 0.017165
422.098388 0.016816
422.098388 0.017137
422.098388 0.018476
422.098388 0.019438
422.098388 0.017347
422.098388 0.016924
422.098388 0.018838
422.098388 0.017155
422.098388 0.017467
422.098388 0.018243
422.098388 0.018192
422.098388 0.017238
422.098388 0.017273
422.098388 0.017260
422.098388 0.017412
422.098388 0.017857
422.098388 0.016265
422.098388 0.017231
422.098388 0.017502
422.098388 0.017693
422.098388 0.016475
422.098388 0.017927
422.098388 0.017358
422.098388 0.017438
422.098388 0.018099
422.098388 0.017334
422.098388 0.017139
422.098388 0.017370
422.098388 0.017010
422.098388 0.016577
422.098388 0.017148
422.098388 0.017029
422.098388 0.017317
422.098388 0.017166
422.098388 0.016786
422.098388 0.016707
422.098388 0.017049
422.098388 0.017074
422.098388 0.017029
422.098388 0.016537
422.098388 0.018495
422.098388 0.016072
422.098388 0.018386
422.098388 0.017277
422.098388 0.017906
422.098388 0.017899
422.098388 0.018167
422.098388 0.018223
422.098388 0.017327
422.098388 0.017516
422.098388 0.018369
422.098388 0.018257
422.098388 0.017916
422.098388 0.016645
422.098388 0.021839
422.098388 0.017362
422.098388 0.017128
422.098388 0.017087
422.098388 0.021216
422.098388 0.020568
422.098388 0.021166
422.098388 0.021633
422.098388 0.017006
422.098388 0.020284
422.098388 0.023002
422.098388 0.019830
422.098388 0.016915
422.098388 0.019909
422.098388 0.020631
422.098388 0.019367
422.098388 0.019842
422.098388 0.018886
422.098388 0.024435
422.098388 0.018051
422.098388 0.022888
434.617239 0.016294
434.617239 0.016032
434.617239 0.016483
434.617239 0.016732
434.617239 0.016157
434.617239 0.016498
434.617239 0.015828
434.617239 0.016631
434.617239 0.016516
434.617239 0.016248
434.617239 0.016508
434.617239 0.016540
434.617239 0.016154
434.617239 0.017289
434.617239 0.016763
434.617239 0.016753
434.617239 0.016295
434.617239 0.016009
434.617239 0.016097
434.617239 0.016114
434.617239 0.015823
434.617239 0.015493
434.617239 0.016745
434.617239 0.015837
434.617239 0.015671
434.617239 0.015617
434.617239 0.015797
434.617239 0.018524
434.617239 0.015864
434.617239 0.016127
434.617239 0.015953
434.617239 0.017205
434.617239 0.016628
434.617239 0.016460
434.617239 0.016663
434.617239 0.016552
434.617239 0.017006
434.617239 0.016262
434.617239 0.017346
434.617239 0.019785
434.617239 0.019442
434.617239 0.016213
434.617239 0.022006
434.617239 0.019654
434.617239 0.020269
434.617239 0.017589
434.617239 0.016263
434.617239 0.016910
434.617239 0.017747
434.617239 0.017571
434.617239 0.021627
434.617239 0.020992
434.617239 0.021302
434.617239 0.017104
434.617239 0.019747
434.617239 0.018994
434.617239 0.018241
434.617239 0.017887
434.617239 0.019309
434.617239 0.024698
434.617239 0.018048
434.617239 0.018042
434.617239 0.022031
434.617239 0.017934
434.617239 0.016366
434.617239 0.016690
434.617239 0.016199
434.617239 0.016031
434.617239 0.019147
434.617239 0.019622
434.617239 0.019566
434.617239 0.020298
434.617239 0.016523
434.617239 0.016096
434.617239 0.018407
434.617239 0.020590
434.617239 0.018300
434.617239 0.019610
434.617239 0.017637
434.617239 0.020398
434.617239 0.020990
434.617239 0.017789
434.617239 0.020922
434.617239 0.017088
434.617239 0.018379
434.617239 0.015553
434.617239 0.017834
434.617239 0.019762
434.617239 0.018886
434.617239 0.016264
434.617239 0.018211
434.617239 0.017965
434.617239 0.017828
434.617239 0.017835
434.617239 0.017926
434.617239 0.016762
434.617239 0.016118
434.617239 0.016432
434.617239 0.016765
434.617239 0.017031
434.617239 0.016420
434.617239 0.018589
434.617239 0.016508
434.617239 0.016556
434.617239 0.016155
434.617239 0.015711
434.617239 0.017554
434.617239 0.016692
434.617239 0.020320
434.617239 0.019450
434.617239 0.015998
434.617239 0.021527
434.617239 0.020432
434.617239 0.017008
434.617239 0.022399
434.617239 0.019189
434.617239 0.017693
434.617239 0.017610
434.617239 0.016648
434.617239 0.021010
434.617239 0.016033
434.617239 0.018495
434.617239 0.018439
434.617239 0.018018
434.617239 0.018018
434.617239 0.018076
434.617239 0.019035
434.617239 0.018262
434.617239 0.015386
434.617239 0.018534
434.617239 0.017896
434.617239 0.019017
434.617239 0.017682
434.617239 0.020019
434.617239 0.020197
434.617239 0.016567
434.617239 0.015222
434.617239 0.023476
434.617239 0.016148
434.617239 0.016909
434.617239 0.022013
434.617239 0.015715
434.617239 0.019941
434.617239 0.017301
434.617239 0.023812
434.617239 0.021890
434.617239 0.016469
434.617239 0.019843
434.617239 0.018977
434.617239 0.020284
434.617239 0.023519
434.617239 0.018094
434.617239 0.022405
434.617239 0.017642
434.617239 0.018724
434.617239 0.017832
434.617239 0.025062
434.617239 0.019367
434.617239 0.019204
434.617239 0.019747
434.617239 0.016891
434.617239 0.016105
434.617239 0.017080
434.617239 0.019891
434.617239 0.019620
434.617239 0.017056
434.617239 0.016747
434.617239 0.016564
434.617239 0.019859
434.617239 0.016974
434.617239 0.016441
434.617239 0.019556
434.617239 0.020193
434.617239 0.019558
434.617239 0.019176
434.617239 0.020341
434.617239 0.018788
434.617239 0.016543
434.617239 0.015964
434.617239 0.018307
434.617239 0.018548
434.617239 0.016302
434.617239 0.016428
434.617239 0.016155
434.617239 0.016011
434.617239 0.018509
434.617239 0.018365
434.617239 0.019129
434.617239 0.018013
434.617239 0.018151
434.617239 0.018395
434.617239 0.017163
434.617239 0.016679
434.617239 0.015939
434.617239 0.017029
434.617239 0.017784
434.617239 0.016954
434.617239 0.017053
434.617239 0.016810
434.617239 0.018350
434.617239 0.016791
434.617239 0.017292
434.617239 0.018320
434.617239 0.016325
434.617239 0.016913
434.617239 0.017171
434.617239 0.018957
434.617239 0.016378
434.617239 0.018655
434.617239 0.017554
434.617239 0.016642
434.617239 0.017646
434.617239 0.017545
434.617239 0.015952
434.617239 0.017766
434.617239 0.015788
434.617239 0.016676
434.617239 0.017147
434.617239 0.016180
434.617239 0.017215
434.617239 0.019734
434.617239 0.016551
434.617239 0.017697
434.617239 0.018395
434.617239 0.017261
434.617239 0.017005
434.617239 0.016848
434.617239 0.019443
434.617239 0.019397
434.617239 0.017558
434.617239 0.019702
434.617239 0.019622
434.617239 0.017307
434.617239 0.018601
434.617239 0.019710
434.617239 0.019926
434.617239 0.020381
434.617239 0.016791
434.617239 0.016963
434.617239 0.016621
434.617239 0.018591
434.617239 0.017538
434.617239 0.018401
434.617239 0.018866
434.617239 0.018418
434.617239 0.016457
434.617239 0.016531
434.617239 0.017337
434.617239 0.016509
434.617239 0.018429
434.617239 0.018752
434.617239 0.017267
434.617239 0.018101
434.617239 0.018197
434.617239 0.016609
434.617239 0.017876
434.617239 0.016471
434.617239 0.016637
434.617239 0.016666
434.617239 0.016967
434.617239 0.016687
434.617239 0.016857
434.617239 0.016966
434.617239 0.017266
434.617239 0.016509
434.617239 0.016719
434.617239 0.017194
434.617239 0.016749
434.617239 0.017018
434.617239 0.016465
434.617239 0.016720
434.617239 0.016544
434.617239 0.017297
434.617239 0.016553
434.617239 0.016347
434.617239 0.016538
434.617239 0.016324
434.617239 0.016550
434.617239 0.016523
434.617239 0.016707
434.617239 0.016130
434.617239 0.016309
434.617239 0.017637
434.617239 0.016491
434.617239 0.016084
434.617239 0.016479
434.617239 0.017606
434.617239 0.016553
434.617239 0.016651
434.617239 0.017292
434.617239 0.017339
434.617239 0.015944
434.617239 0.016767
434.617239 0.016771
434.617239 0.017998
434.617239 0.017392
434.617239 0.016610
434.617239 0.016913
434.617239 0.016236
434.617239 0.017825
434.617239 0.016824
434.617239 0.016506
434.617239 0.019033
434.617239 0.016905
434.617239 0.016401
434.617239 0.016779
434.617239 0.017363
434.617239 0.016251
434.617239 0.015965
434.617239 0.015861
434.617239 0.015930
434.617239 0.017627
434.617239 0.020214
434.617239 0.016030
434.617239 0.020266
434.617239 0.016165
434.617239 0.016843
434.617239 0.017723
434.617239 0.018029
434.617239 0.018315
434.617239 0.016633
434.617239 0.016769
434.617239 0.016461
434.617239 0.016354
434.617239 0.017045
434.617239 0.017062
434.617239 0.016998
434.617239 0.016904
434.617239 0.016876
434.617239 0.017565
434.617239 0.016589
434.617239 0.017032
434.617239 0.017987
434.617239 0.016822
434.617239 0.016814
434.617239 0.018670
434.617239 0.016350
434.617239 0.016462
434.617239 0.017234
434.617239 0.016594
434.617239 0.016304
434.617239 0.017470
434.617239 0.016424
434.617239 0.017481
434.617239 0.016341
434.617239 0.017154
434.617239 0.017128
434.617239 0.016094
434.617239 0.018191
434.617239 0.016847
434.617239 0.016652
434.617239 0.016133
434.617239 0.016551
434.617239 0.016412
434.617239 0.016678
434.617239 0.016072
434.617239 0.016469
434.617239 0.016387
434.617239 0.016463
434.617239 0.016418
434.617239 0.017114
434.617239 0.017424
434.617239 0.016102
434.617239 0.017840
434.617239 0.016440
434.617239 0.016606
434.617239 0.016303
434.617239 0.017280
434.617239 0.015793
434.617239 0.018563
434.617239 0.016227
434.617239 0.016426
434.617239 0.017464
434.617239 0.016319
434.617239 0.015806
434.617239 0.016125
434.617239 0.018716
434.617239 0.015935
434.617239 0.016627
434.617239 0.015891
434.617239 0.016314
434.617239 0.016614
434.617239 0.017909
434.617239 0.018006
434.617239 0.016477
434.617239 0.015559
434.617239 0.016621
434.617239 0.016849
434.617239 0.016417
434.617239 0.017157
434.617239 0.017593
434.617239 0.016759
434.617239 0.017034
434.617239 0.016476
434.617239 0.017005
434.617239 0.016531
434.617239 0.016604
434.617239 0.016619
434.617239 0.016704
434.617239 0.017042
434.617239 0.016334
434.617239 0.016261
434.617239 0.016777
434.617239 0.016969
434.617239 0.016350
434.617239 0.017049
434.617239 0.017615
434.617239 0.016114
434.617239 0.015867
434.617239 0.016343
434.617239 0.016774
434.617239 0.016324
434.617239 0.016494
434.617239 0.016608
434.617239 0.017637
434.617239 0.016451
434.617239 0.016265
434.617239 0.016697
434.617239 0.016919
434.617239 0.016985
434.617239 0.017044
434.617239 0.016653
434.617239 0.016591
434.617239 0.016132
434.617239 0.016390
434.617239 0.016404
434.617239 0.019304
434.617239 0.016322
434.617239 0.017585
434.617239 0.016246
434.617239 0.016318
434.617239 0.019468
434.617239 0.021976
434.617239 0.017594
434.617239 0.019629
434.617239 0.017965
434.617239 0.017219
434.617239 0.016321
434.617239 0.021767
434.617239 0.017764
434.617239 0.017129
434.617239 0.018003
434.617239 0.019309
434.617239 0.018753
434.617239 0.017619
434.617239 0.017507
434.617239 0.018127
434.617239 0.016627
434.617239 0.016674
434.617239 0.016413
434.617239 0.016937
434.617239 0.016459
434.617239 0.016429
434.617239 0.017072
434.617239 0.016415
434.617239 0.016330
434.617239 0.016313
434.617239 0.016778
434.617239 0.019219
434.617239 0.016634
434.617239 0.016375
434.617239 0.017169
434.617239 0.016877
434.617239 0.016319
434.617239 0.016866
434.617239 0.016523
434.617239 0.016520
434.617239 0.015750
434.617239 0.015905
434.617239 0.017214
434.617239 0.016382
434.617239 0.018160
434.617239 0.017906
434.617239 0.016088
434.617239 0.016080
434.617239 0.015897
434.617239 0.015814
434.617239 0.016238
434.617239 0.015795
434.617239 0.015953
434.617239 0.016237
434.617239 0.016809
434.617239 0.016447
434.617239 0.016380
434.617239 0.016233
434.617239 0.016585
434.617239 0.018660
434.617239 0.017138
434.617239 0.016647
434.617239 0.016775
434.617239 0.017040
434.617239 0.018325
434.617239 0.019289
434.617239 0.019658
434.617239 0.016250
434.617239 0.016498
434.617239 0.019411
434.617239 0.019476
434.617239 0.016103
434.617239 0.015939
434.617239 0.016337
434.617239 0.015904
434.617239 0.016549
434.617239 0.017516
434.617239 0.017793
434.617239 0.015999
434.617239 0.016189
434.617239 0.017984
434.617239 0.015923
434.617239 0.016222
434.617239 0.017412
434.617239 0.016765
434.617239 0.016428
434.617239 0.016728
434.617239 0.017449
434.617239 0.017090
434.617239 0.016086
434.617239 0.016009
434.617239 0.016582
434.617239 0.018528
434.617239 0.019492
434.617239 0.019954
434.617239 0.016573
434.617239 0.019748
434.617239 0.017009
434.617239 0.017422
434.617239 0.016289
434.617239 0.019384
434.617239 0.019125
434.617239 0.016158
434.617239 0.016192
434.617239 0.018575
434.617239 0.018639
434.617239 0.017582
434.617239 0.018291
434.617239 0.016443
434.617239 0.016492
434.617239 0.017209
434.617239 0.016340
434.617239 0.016481
434.617239 0.017669
434.617239 0.018203
434.617239 0.015675
434.617239 0.016852
434.617239 0.016550
434.617239 0.017080
434.617239 0.016454
434.617239 0.016932
434.617239 0.016911
434.617239 0.018312
434.617239 0.016735
434.617239 0.017093
434.617239 0.016887
434.617239 0.017130
434.617239 0.017123
434.617239 0.018360
434.617239 0.016613
434.617239 0.018986
434.617239 0.018222
434.617239 0.019526
434.617239 0.016613
434.617239 0.016306
434.617239 0.016458
434.617239 0.016327
434.617239 0.016501
434.617239 0.016297
434.617239 0.016845
434.617239 0.016917
434.617239 0.017981
434.617239 0.017254
434.617239 0.017578
434.617239 0.016132
434.617239 0.016100
434.617239 0.017486
434.617239 0.017363
434.617239 0.016757
434.617239 0.015470
434.617239 0.016355
434.617239 0.016513
434.617239 0.016540
434.617239 0.016487
434.617239 0.016945
434.617239 0.016493
434.617239 0.016585
434.617239 0.017019
434.617239 0.017263
434.617239 0.016399
434.617239 0.016377
434.617239 0.016861
434.617239 0.017754
434.617239 0.016329
434.617239 0.016475
434.617239 0.018749
434.617239 0.018142
434.617239 0.016312
434.617239 0.017952
434.617239 0.016893
434.617239 0.016354
434.617239 0.015100
434.617239 0.016329
434.617239 0.016438
434.617239 0.017738
434.617239 0.017390
434.617239 0.016477
434.617239 0.016266
434.617239 0.017710
434.617239 0.016806
434.617239 0.018052
434.617239 0.016214
434.617239 0.016480
434.617239 0.016524
434.617239 0.016808
434.617239 0.016506
434.617239 0.015283
434.617239 0.016998
434.617239 0.016655
434.617239 0.015330
434.617239 0.017686
434.617239 0.017276
434.617239 0.016571
434.617239 0.016837
434.617239 0.016254
434.617239 0.016591
434.617239 0.016580
434.617239 0.016468
434.617239 0.016420
434.617239 0.017549
434.617239 0.018856
434.617239 0.016402
434.617239 0.017717
434.617239 0.018237
434.617239 0.016571
434.617239 0.016622
434.617239 0.016430
434.617239 0.017015
434.617239 0.018228
434.617239 0.017176
434.617239 0.015439
434.617239 0.014752
434.617239 0.016272
434.617239 0.016188
434.617239 0.016831
434.617239 0.016452
434.617239 0.016500
434.617239 0.017077
434.617239 0.016243
434.617239 0.017274
434.617239 0.016612
434.617239 0.016953
434.617239 0.016644
434.617239 0.016696
434.617239 0.016660
434.617239 0.015802
434.617239 0.017393
434.617239 0.017461
434.617239 0.017239
434.617239 0.016313
434.617239 0.016614
434.617239 0.016443
434.617239 0.017324
434.617239 0.016739
434.617239 0.016550
434.617239 0.016250
434.617239 0.015437
434.617239 0.016930
434.617239 0.017315
434.617239 0.016320
434.617239 0.016138
434.617239 0.016455
434.617239 0.016594
434.617239 0.016436
434.617239 0.017595
434.617239 0.016081
434.617239 0.016558
434.617239 0.015978
434.617239 0.016525
434.617239 0.016817
434.617239 0.016492
434.617239 0.019388
434.617239 0.017237
434.617239 0.018523
434.617239 0.016671
434.617239 0.016318
434.617239 0.017325
434.617239 0.015976
434.617239 0.016188
434.617239 0.016073
434.617239 0.016783
434.617239 0.015637
434.617239 0.018074
434.617239 0.019766
434.617239 0.017768
434.617239 0.018836
434.617239 0.016269
434.617239 0.020013
434.617239 0.019864
434.617239 0.017626
434.617239 0.016070
434.617239 0.016428
434.617239 0.017510
434.617239 0.017521
434.617239 0.019117
434.617239 0.018043
434.617239 0.018425
434.617239 0.012595
434.617239 0.016571
434.617239 0.016473
434.617239 0.016389
434.617239 0.015560
434.617239 0.017103
434.617239 0.016625
434.617239 0.016916
434.617239 0.016606
434.617239 0.016615
434.617239 0.017247
434.617239 0.017301
434.617239 0.016529
434.617239 0.016652
434.617239 0.016276
434.617239 0.016243
434.617239 0.016552
434.617239 0.017880
434.617239 0.016298
434.617239 0.017534
434.617239 0.015525
434.617239 0.016370
434.617239 0.017034
434.617239 0.016439
434.617239 0.016063
434.617239 0.017112
434.617239 0.017691
434.617239 0.016554
434.617239 0.017513
434.617239 0.017251
434.617239 0.017565
434.617239 0.012422
434.617239 0.018300
434.617239 0.017252
434.617239 0.018630
434.617239 0.019627
434.617239 0.018200
434.617239 0.019621
434.617239 0.019263
434.617239 0.018877
434.617239 0.016670
434.617239 0.019597
434.617239 0.017586
434.617239 0.020138
434.617239 0.019305
434.617239 0.018456
434.617239 0.018172
434.617239 0.019782
434.617239 0.020174
434.617239 0.016505
434.617239 0.016936
434.617239 0.020043
434.617239 0.017801
434.617239 0.018663
434.617239 0.018746
434.617239 0.016545
434.617239 0.018391
434.617239 0.018217
434.617239 0.017123
434.617239 0.018255
434.617239 0.017983
434.617239 0.018386
434.617239 0.018424
434.617239 0.017766
434.617239 0.017004
434.617239 0.017372
434.617239 0.016398
434.617239 0.016596
434.617239 0.017682
434.617239 0.016323
434.617239 0.018142
434.617239 0.017532
434.617239 0.017925
434.617239 0.017256
434.617239 0.016817
434.617239 0.017005
434.617239 0.017024
434.617239 0.016823
434.617239 0.017561
434.617239 0.019961
434.617239 0.016520
434.617239 0.015863
434.617239 0.016632
434.617239 0.015719
434.617239 0.020262
434.617239 0.017887
434.617239 0.015822
434.617239 0.016102
434.617239 0.017193
434.617239 0.016180
434.617239 0.016537
434.617239 0.019434
434.617239 0.017093
434.617239 0.016263
434.617239 0.018791
434.617239 0.018009
434.617239 0.016843
434.617239 0.017448
434.617239 0.017064
434.617239 0.017798
434.617239 0.019651
434.617239 0.019824
434.617239 0.019740
434.617239 0.016862
434.617239 0.018529
434.617239 0.019363
434.617239 0.017533
434.617239 0.019829
434.617239 0.020310
434.617239 0.016720
434.617239 0.016691
434.617239 0.018700
434.617239 0.017869
434.617239 0.016571
434.617239 0.017051
434.617239 0.017684
434.617239 0.017652
434.617239 0.018621
434.617239 0.017490
434.617239 0.017234
434.617239 0.017827
434.617239 0.016387
434.617239 0.021508
434.617239 0.017797
434.617239 0.016949
434.617239 0.019748
434.617239 0.023626
434.617239 0.021887
434.617239 0.015881
434.617239 0.016438
434.617239 0.018100
434.617239 0.017430
434.617239 0.015933
434.617239 0.016593
434.617239 0.019603
434.617239 0.019449
434.617239 0.017539
434.617239 0.017903
434.617239 0.016106
434.617239 0.015885
434.617239 0.017801
434.617239 0.019395
434.617239 0.017853
434.617239 0.015736
434.617239 0.015791
434.617239 0.022958
434.617239 0.016042
434.617239 0.021689
434.617239 0.016096
434.617239 0.024339
434.617239 0.019739
434.617239 0.020561
434.617239 0.016595
434.617239 0.024525
434.617239 0.021612
434.617239 0.023826
434.617239 0.021572
434.617239 0.024775
434.617239 0.020236
434.617239 0.020844
434.617239 0.016450
434.617239 0.016709
434.617239 0.016872
434.617239 0.016399
434.617239 0.016699
434.617239 0.017279
434.617239 0.016962
434.617239 0.016799
434.617239 0.017208
434.617239 0.016571
434.617239 0.017068
434.617239 0.017560
434.617239 0.017147
434.617239 0.016699
434.617239 0.016603
434.617239 0.017313
434.617239 0.016445
434.617239 0.016863
434.617239 0.016015
434.617239 0.016438
434.617239 0.016656
434.617239 0.016843
434.617239 0.017608
434.617239 0.016354
434.617239 0.016456
434.617239 0.016373
434.617239 0.016265
434.617239 0.016223
434.617239 0.016084
434.617239 0.016579
434.617239 0.017280
434.617239 0.016299
434.617239 0.016026
434.617239 0.016391
434.617239 0.016558
434.617239 0.016303
434.617239 0.016555
434.617239 0.016421
434.617239 0.017256
434.617239 0.017730
434.617239 0.017610
434.617239 0.016528
434.617239 0.017203
434.617239 0.016426
434.617239 0.015904
434.617239 0.016979
434.617239 0.016424
434.617239 0.016418
434.617239 0.017452
434.617239 0.016310
434.617239 0.016355
434.617239 0.016903
434.617239 0.016309
434.617239 0.016495
434.617239 0.016539
434.617239 0.016014
434.617239 0.016213
434.617239 0.016376
434.617239 0.017606
434.617239 0.017417
434.617239 0.016388
434.617239 0.016441
434.617239 0.017668
434.617239 0.017098
434.617239 0.016706
434.617239 0.016893
434.617239 0.017833
434.617239 0.016877
434.617239 0.017726
434.617239 0.017622
434.617239 0.016604
434.617239 0.019434
434.617239 0.018699
434.617239 0.016796
434.617239 0.017789
434.617239 0.019298
434.617239 0.017084
434.617239 0.017290
434.617239 0.017005
434.617239 0.016737
434.617239 0.016814
434.617239 0.017056
434.617239 0.016482
434.617239 0.016442
434.617239 0.018106
434.617239 0.017041
434.617239 0.016218
434.617239 0.017986
434.617239 0.018119
434.617239 0.016062
434.617239 0.016373
434.617239 0.016334
434.617239 0.016296
434.617239 0.016259
434.617239 0.016488
434.617239 0.016454
434.617239 0.016587
434.617239 0.017131
434.617239 0.017483
434.617239 0.017924
434.617239 0.016801
434.617239 0.016472
434.617239 0.017850
434.617239 0.016779
434.617239 0.018405
434.617239 0.016272
434.617239 0.017147
434.617239 0.018881
434.617239 0.016976
434.617239 0.016340
434.617239 0.016980
434.617239 0.017568
434.617239 0.017501
434.617239 0.019893
434.617239 0.016395
434.617239 0.017554
434.617239 0.021516
434.617239 0.017056
434.617239 0.017003
434.617239 0.018490
434.617239 0.017665
434.617239 0.017289
434.617239 0.020703
434.617239 0.022662
434.617239 0.018750
434.617239 0.019734
434.617239 0.025337
434.617239 0.021485
434.617239 0.015534
434.617239 0.015639
434.617239 0.017382
434.617239 0.017497
434.617239 0.018615
434.617239 0.015662
434.617239 0.016055
434.617239 0.016484
434.617239 0.019650
434.617239 0.018896
434.617239 0.016195
434.617239 0.016575
434.617239 0.015540
434.617239 0.020997
434.617239 0.015408
434.617239 0.015741
434.617239 0.017845
434.617239 0.015703
434.617239 0.016666
434.617239 0.017393
434.617239 0.015403
434.617239 0.015809
434.617239 0.017459
434.617239 0.017624
434.617239 0.024032
434.617239 0.020965
434.617239 0.016281
434.617239 0.017436
434.617239 0.020641
434.617239 0.018330
434.617239 0.020593
434.617239 0.019314
434.617239 0.016284
434.617239 0.016979
434.617239 0.016835
434.617239 0.016922
434.617239 0.016670
434.617239 0.016784
434.617239 0.017029
434.617239 0.016958
434.617239 0.017633
434.617239 0.016754
434.617239 0.017127
434.617239 0.018566
434.617239 0.018475
434.617239 0.016540
434.617239 0.016583
434.617239 0.016323
434.617239 0.016018
434.617239 0.016507
434.617239 0.016282
434.617239 0.016325
434.617239 0.016705
434.617239 0.017211
434.617239 0.017803
434.617239 0.017653
434.617239 0.017699
434.617239 0.019998
434.617239 0.017979
434.617239 0.017445
434.617239 0.017045
434.617239 0.020371
434.617239 0.018739
434.617239 0.019300
422.098388 0.017604
422.098388 0.017802
422.098388 0.018452
422.098388 0.017239
422.098388 0.018194
422.098388 0.018525
422.098388 0.019001
422.098388 0.018460
422.098388 0.018878
422.098388 0.017449
422.098388 0.017669
422.098388 0.017401
422.098388 0.018179
422.098388 0.018696
422.098388 0.017268
422.098388 0.018235
422.098388 0.017431
422.098388 0.018473
422.098388 0.018023
422.098388 0.017246
422.098388 0.017505
422.098388 0.017737
422.098388 0.017269
422.098388 0.017214
422.098388 0.017574
422.098388 0.016629
422.098388 0.018416
422.098388 0.017972
422.098388 0.017658
422.098388 0.017602
422.098388 0.017716
422.098388 0.017804
422.098388 0.017407
422.098388 0.017755
422.098388 0.017715
422.098388 0.017969
422.098388 0.017656
422.098388 0.017928
422.098388 0.018295
422.098388 0.017712
422.098388 0.017876
422.098388 0.018408
422.098388 0.018376
422.098388 0.018080
422.098388 0.017649
422.098388 0.017623
422.098388 0.018285
422.098388 0.018388
422.098388 0.017390
422.098388 0.018545
422.098388 0.017798
422.098388 0.017763
422.098388 0.017447
422.098388 0.017466
422.098388 0.017221
422.098388 0.017608
422.098388 0.017734
422.098388 0.017607
422.098388 0.017860
422.098388 0.017546
422.098388 0.018003
422.098388 0.018927
422.098388 0.017703
422.098388 0.018675
422.098388 0.017901
422.098388 0.017782
422.098388 0.018336
422.098388 0.018179
422.098388 0.018143
422.098388 0.018217
422.098388 0.017826
422.098388 0.018056
422.098388 0.018056
422.098388 0.018104
422.098388 0.017834
422.098388 0.017760
422.098388 0.017775
422.098388 0.018450
422.098388 0.018613
422.098388 0.018098
422.098388 0.017913
422.098388 0.017931
422.098388 0.018113
422.098388 0.017772
422.098388 0.018660
422.098388 0.017665
422.098388 0.017546
422.098388 0.017557
422.098388 0.017668
422.098388 0.017433
422.098388 0.017464
422.098388 0.017294
422.098388 0.017981
422.098388 0.017426
422.098388 0.017473
422.098388 0.017879
422.098388 0.017290
422.098388 0.017794
422.098388 0.016522
422.098388 0.017293
422.098388 0.019006
422.098388 0.017490
422.098388 0.018159
422.098388 0.017065
422.098388 0.017354
422.098388 0.020022
422.098388 0.017664
422.098388 0.020083
422.098388 0.017604
422.098388 0.020433
422.098388 0.018070
422.098388 0.018929
422.098388 0.019708
422.098388 0.019303
422.098388 0.017260
422.098388 0.017756
422.098388 0.017183
422.098388 0.018198
422.098388 0.018376
422.098388 0.016895
422.098388 0.017808
422.098388 0.019278
422.098388 0.017057
422.098388 0.017606
422.098388 0.016753
422.098388 0.017718
422.098388 0.017266
422.098388 0.018588
422.098388 0.017661
422.098388 0.017864
422.098388 0.017573
422.098388 0.018216
422.098388 0.018279
422.098388 0.018250
422.098388 0.017515
422.098388 0.018163
422.098388 0.017761
422.098388 0.018450
422.098388 0.018030
422.098388 0.021500
422.098388 0.018886
422.098388 0.018322
422.098388 0.017686
422.098388 0.020886
422.098388 0.020258
422.098388 0.020731
422.098388 0.017615
422.098388 0.018727
422.098388 0.017710
422.098388 0.017968
422.098388 0.017656
422.098388 0.017817
422.098388 0.018472
422.098388 0.019180
422.098388 0.018826
422.098388 0.018568
422.098388 0.018539
422.098388 0.017905
422.098388 0.017368
422.098388 0.017708
422.098388 0.017589
422.098388 0.017470
422.098388 0.018058
422.098388 0.017029
422.098388 0.018212
422.098388 0.018137
422.098388 0.018018
422.098388 0.018294
422.098388 0.018060
422.098388 0.018540
422.098388 0.018198
422.098388 0.017935
422.098388 0.018376
422.098388 0.018678
422.098388 0.017690
422.098388 0.017815
422.098388 0.017568
422.098388 0.017708
422.098388 0.018698
422.098388 0.017870
422.098388 0.017829
422.098388 0.017497
422.098388 0.017830
422.098388 0.017546
422.098388 0.018794
422.098388 0.016784
422.098388 0.018006
422.098388 0.018120
422.098388 0.017553
422.098388 0.017650
422.098388 0.018515
422.098388 0.017486
422.098388 0.017321
422.098388 0.017806
422.098388 0.017384
422.098388 0.017258
422.098388 0.018048
422.098388 0.018455
422.098388 0.017844
422.098388 0.017815
422.098388 0.018541
422.098388 0.017884
422.098388 0.018184
422.098388 0.017994
422.098388 0.017063
422.098388 0.017727
422.098388 0.018385
422.098388 0.017258
422.098388 0.017519
422.098388 0.017301
422.098388 0.018753
422.098388 0.017754
422.098388 0.017594
422.098388 0.017703
422.098388 0.017126
422.098388 0.017242
422.098388 0.017939
422.098388 0.017369
422.098388 0.022177
422.098388 0.018334
422.098388 0.018734
422.098388 0.020543
422.098388 0.017233
422.098388 0.019373
422.098388 0.018154
422.098388 0.018286
422.098388 0.018274
422.098388 0.017744
422.098388 0.017651
422.098388 0.018071
422.098388 0.018495
422.098388 0.018425
422.098388 0.018153
422.098388 0.018366
422.098388 0.017924
422.098388 0.021191
422.098388 0.017666
422.098388 0.018289
422.098388 0.017939
422.098388 0.018641
422.098388 0.017823
422.098388 0.017852
422.098388 0.017853
422.098388 0.019743
422.098388 0.017682
422.098388 0.017175
422.098388 0.017354
422.098388 0.017554
422.098388 0.018899
422.098388 0.017437
422.098388 0.017666
422.098388 0.018043
422.098388 0.017790
422.098388 0.018839
422.098388 0.022167
422.098388 0.019536
422.098388 0.017912
422.098388 0.017738
422.098388 0.018054
422.098388 0.018165
422.098388 0.017590
422.098388 0.019824
422.098388 0.017735
422.098388 0.019655
422.098388 0.017597
422.098388 0.018224
422.098388 0.017910
422.098388 0.018187
422.098388 0.018321
422.098388 0.017848
422.098388 0.021119
422.098388 0.018763
422.098388 0.020928
422.098388 0.017622
422.098388 0.017643
422.098388 0.018826
422.098388 0.017678
422.098388 0.017396
422.098388 0.017422
422.098388 0.019020
422.098388 0.017745
422.098388 0.018260
422.098388 0.017474
422.098388 0.019892
422.098388 0.017343
422.098388 0.017400
422.098388 0.017135
422.098388 0.019439
422.098388 0.017584
422.098388 0.017805
422.098388 0.017529
422.098388 0.018227
422.098388 0.017440
422.098388 0.018446
422.098388 0.018610
422.098388 0.018674
422.098388 0.017915
422.098388 0.018409
422.098388 0.018176
422.098388 0.018494
422.098388 0.017739
422.098388 0.017968
422.098388 0.018042
422.098388 0.017682
422.098388 0.018291
422.098388 0.017824
422.098388 0.017608
422.098388 0.018162
422.098388 0.018765
422.098388 0.018148
422.098388 0.017570
422.098388 0.018014
422.098388 0.017650
422.098388 0.017675
422.098388 0.017650
422.098388 0.018228
422.098388 0.017645
422.098388 0.017608
422.098388 0.017315
422.098388 0.017416
422.098388 0.017691
422.098388 0.017127
422.098388 0.017185
422.098388 0.018220
422.098388 0.017774
422.098388 0.017945
422.098388 0.018185
422.098388 0.018172
422.098388 0.018179
422.098388 0.017797
422.098388 0.017676
422.098388 0.018472
422.098388 0.017953
422.098388 0.019208
422.098388 0.017843
422.098388 0.018651
422.098388 0.017634
422.098388 0.017513
422.098388 0.017669
422.098388 0.019940
422.098388 0.016859
422.098388 0.016823
422.098388 0.017701
422.098388 0.018702
422.098388 0.017666
422.098388 0.018236
422.098388 0.017214
422.098388 0.018853
422.098388 0.018760
422.098388 0.018722
422.098388 0.018598
422.098388 0.018873
422.098388 0.017523
422.098388 0.017747
422.098388 0.017939
422.098388 0.017824
422.098388 0.017815
422.098388 0.018148
422.098388 0.017800
422.098388 0.018209
422.098388 0.017956
422.098388 0.018644
422.098388 0.017746
422.098388 0.017843
422.098388 0.018441
422.098388 0.017660
422.098388 0.017242
422.098388 0.018184
422.098388 0.018137
422.098388 0.017893
422.098388 0.017624
422.098388 0.018700
422.098388 0.017579
422.098388 0.017552
422.098388 0.017430
422.098388 0.017204
422.098388 0.018714
422.098388 0.017404
422.098388 0.017666
422.098388 0.017667
422.098388 0.018772
422.098388 0.018423
422.098388 0.018407
422.098388 0.018486
422.098388 0.012856
422.098388 0.012983
422.098388 0.012589
422.098388 0.012974
422.098388 0.013295
422.098388 0.013244
422.098388 0.012603
422.098388 0.012916
422.098388 0.012721
422.098388 0.012817
422.098388 0.013276
422.098388 0.013382
422.098388 0.013915
422.098388 0.013724
422.098388 0.012655
422.098388 0.012885
422.098388 0.012708
422.098388 0.012825
422.098388 0.012682
422.098388 0.012808
422.098388 0.012685
422.098388 0.012805
422.098388 0.012876
422.098388 0.012765
422.098388 0.012886
422.098388 0.012629
422.098388 0.012796
422.098388 0.013001
422.098388 0.020770
422.098388 0.021320
422.098388 0.020732
422.098388 0.021266
422.098388 0.017172
422.098388 0.017726
422.098388 0.016895
422.098388 0.018197
422.098388 0.019857
422.098388 0.018330
422.098388 0.016929
422.098388 0.019782
422.098388 0.020227
422.098388 0.018368
422.098388 0.018127
422.098388 0.020047
422.098388 0.020424
422.098388 0.019932
422.098388 0.018052
422.098388 0.017704
422.098388 0.017600
422.098388 0.018135
422.098388 0.017961
422.098388 0.017801
422.098388 0.018520
422.098388 0.018464
422.098388 0.017011
422.098388 0.017044
422.098388 0.018840
422.098388 0.017059
422.098388 0.018418
422.098388 0.018733
422.098388 0.019414
422.098388 0.017083
422.098388 0.017839
422.098388 0.018594
422.098388 0.017755
422.098388 0.018007
422.098388 0.017634
422.098388 0.017849
422.098388 0.017868
422.098388 0.018440
422.098388 0.018255
422.098388 0.017903
422.098388 0.018644
422.098388 0.017952
422.098388 0.018161
422.098388 0.019883
422.098388 0.018072
422.098388 0.017900
422.098388 0.018757
422.098388 0.017888
422.098388 0.017895
422.098388 0.017567
422.098388 0.018342
422.098388 0.017810
422.098388 0.020272
422.098388 0.017817
422.098388 0.017502
422.098388 0.017546
422.098388 0.017152
422.098388 0.019519
422.098388 0.017643
422.098388 0.017406
422.098388 0.017783
422.098388 0.018985
422.098388 0.019435
422.098388 0.018780
422.098388 0.017725
422.098388 0.017646
422.098388 0.017772
422.098388 0.017721
422.098388 0.017943
422.098388 0.018547
422.098388 0.018053
422.098388 0.018637
422.098388 0.018403
422.098388 0.018016
422.098388 0.018785
422.098388 0.017698
422.098388 0.018217
422.098388 0.017646
422.098388 0.018396
422.098388 0.018762
422.098388 0.017776
422.098388 0.018329
422.098388 0.017547
422.098388 0.017916
422.098388 0.018098
422.098388 0.017868
422.098388 0.017840
422.098388 0.017830
422.098388 0.017768
422.098388 0.018184
422.098388 0.017236
422.098388 0.017511
422.098388 0.017590
422.098388 0.018889
422.098388 0.017525
422.098388 0.018767
422.098388 0.017601
422.098388 0.017577
422.098388 0.017717
422.098388 0.017539
422.098388 0.018024
422.098388 0.018079
422.098388 0.018099
422.098388 0.017879
422.098388 0.018098
422.098388 0.017857
422.098388 0.018579
422.098388 0.017788
422.098388 0.018013
422.098388 0.017645
422.098388 0.017836
422.098388 0.017303
422.098388 0.017891
422.098388 0.018529
422.098388 0.018602
422.098388 0.018310
422.098388 0.017740
422.098388 0.017669
422.098388 0.017323
422.098388 0.017610
422.098388 0.017419
422.098388 0.017370
422.098388 0.017428
422.098388 0.017267
422.098388 0.017912
422.098388 0.017249
422.098388 0.017850
422.098388 0.017663
422.098388 0.017431
422.098388 0.017253
422.098388 0.018147
422.098388 0.017909
422.098388 0.017684
422.098388 0.018388
422.098388 0.017396
422.098388 0.018102
422.098388 0.017263
422.098388 0.020734
422.098388 0.017696
422.098388 0.020079
422.098388 0.017564
422.098388 0.018875
422.098388 0.018719
422.098388 0.020825
422.098388 0.017277
422.098388 0.023056
422.098388 0.017198
422.098388 0.022320
422.098388 0.022179
422.098388 0.022116
422.098388 0.019800
422.098388 0.018587
422.098388 0.017832
422.098388 0.018122
422.098388 0.018956
422.098388 0.020678
422.098388 0.018723
422.098388 0.019834
422.098388 0.018770
422.098388 0.019585
422.098388 0.017741
422.098388 0.017656
422.098388 0.017559
422.098388 0.017623
422.098388 0.017889
422.098388 0.018030
422.098388 0.018623
422.098388 0.017838
422.098388 0.018383
422.098388 0.018270
422.098388 0.017946
422.098388 0.018030
422.098388 0.018014
422.098388 0.017769
422.098388 0.017593
422.098388 0.017322
422.098388 0.018511
422.098388 0.018049
422.098388 0.017459
422.098388 0.017542
422.098388 0.017814
422.098388 0.017662
422.098388 0.017633
422.098388 0.017451
422.098388 0.018727
422.098388 0.017528
422.098388 0.017505
422.098388 0.018817
422.098388 0.018740
422.098388 0.017579
422.098388 0.018125
422.098388 0.017414
422.098388 0.017040
422.098388 0.018091
422.098388 0.018083
422.098388 0.017639
422.098388 0.017859
422.098388 0.017821
422.098388 0.017980
422.098388 0.017807
422.098388 0.017851
422.098388 0.018284
422.098388 0.019142
422.098388 0.018436
422.098388 0.017786
422.098388 0.017599
422.098388 0.018037
422.098388 0.017665
422.098388 0.018593
422.098388 0.017904
422.098388 0.017704
422.098388 0.018718
422.098388 0.018122
422.098388 0.017622
422.098388 0.017609
422.098388 0.017139
422.098388 0.017823
422.098388 0.017743
422.098388 0.017307
422.098388 0.017248
422.098388 0.017702
422.098388 0.017295
422.098388 0.018247
422.098388 0.017662
422.098388 0.017715
422.098388 0.017699
422.098388 0.018303
422.098388 0.017757
422.098388 0.017929
422.098388 0.017809
422.098388 0.017646
422.098388 0.017428
422.098388 0.018590
422.098388 0.018643
422.098388 0.021033
422.098388 0.020737
422.098388 0.017260
422.098388 0.022786
422.098388 0.017156
422.098388 0.021256
422.098388 0.023514
422.098388 0.018840
422.098388 0.022545
422.098388 0.020430
422.098388 0.018834
422.098388 0.022348
422.098388 0.018102
422.098388 0.019668
422.098388 0.017997
422.098388 0.019161
422.098388 0.021072
422.098388 0.021248
422.098388 0.018922
422.098388 0.019070
422.098388 0.019987
422.098388 0.019784
422.098388 0.017917
422.098388 0.017515
422.098388 0.018196
422.098388 0.018200
422.098388 0.017945
422.098388 0.017866
422.098388 0.017705
422.098388 0.018051
422.098388 0.018201
422.098388 0.018512
422.098388 0.018679
422.098388 0.017860
422.098388 0.018303
422.098388 0.017944
422.098388 0.018476
422.098388 0.018092
422.098388 0.017717
422.098388 0.018139
422.098388 0.017815
422.098388 0.017853
422.098388 0.017784
422.098388 0.017473
422.098388 0.017914
422.098388 0.017644
422.098388 0.017706
422.098388 0.017805
422.098388 0.017408
422.098388 0.017839
422.098388 0.018914
422.098388 0.017359
422.098388 0.017627
422.098388 0.018770
422.098388 0.017451
422.098388 0.017401
422.098388 0.017769
422.098388 0.018346
422.098388 0.018327
422.098388 0.018640
422.098388 0.018117
422.098388 0.018365
422.098388 0.017254
422.098388 0.018677
422.098388 0.017574
422.098388 0.017528
422.098388 0.016884
422.098388 0.017351
422.098388 0.017362
422.098388 0.020414
422.098388 0.017223
422.098388 0.021820
422.098388 0.022683
422.098388 0.017582
422.098388 0.017487
422.098388 0.021031
422.098388 0.025372
422.098388 0.023418
422.098388 0.018901
422.098388 0.019657
422.098388 0.020156
422.098388 0.021049
422.098388 0.019756
422.098388 0.022907
422.098388 0.021787
422.098388 0.021648
422.098388 0.017651
422.098388 0.017602
422.098388 0.017799
422.098388 0.018860
422.098388 0.019747
422.098388 0.016912
422.098388 0.017752
422.098388 0.017569
422.098388 0.019360
422.098388 0.018062
422.098388 0.018945
422.098388 0.017725
422.098388 0.019067
422.098388 0.017599
422.098388 0.017440
422.098388 0.018784
422.098388 0.017437
422.098388 0.020310
422.098388 0.018081
422.098388 0.020779
422.098388 0.018116
422.098388 0.017582
422.098388 0.023008
422.098388 0.018029
422.098388 0.018312
422.098388 0.019949
422.098388 0.016771
422.098388 0.018676
422.098388 0.017292
422.098388 0.018735
422.098388 0.020241
422.098388 0.018471
422.098388 0.017969
422.098388 0.018016
422.098388 0.017887
422.098388 0.017879
422.098388 0.017799
422.098388 0.018518
422.098388 0.017915
422.098388 0.017735
422.098388 0.018347
422.098388 0.018198
422.098388 0.017658
422.098388 0.018290
422.098388 0.018242
422.098388 0.018412
422.098388 0.018189
422.098388 0.017789
422.098388 0.017685
422.098388 0.017936
422.098388 0.017764
422.098388 0.017600
422.098388 0.018729
422.098388 0.017352
422.098388 0.017769
422.098388 0.017293
422.098388 0.017422
422.098388 0.017680
422.098388 0.017107
422.098388 0.017728
422.098388 0.018834
422.098388 0.017643
422.098388 0.018171
422.098388 0.018551
422.098388 0.017756
422.098388 0.018209
422.098388 0.018516
422.098388 0.017626
422.098388 0.017625
422.098388 0.018585
422.098388 0.018078
422.098388 0.018486
422.098388 0.017918
422.098388 0.017964
422.098388 0.018590
422.098388 0.018391
422.098388 0.018021
422.098388 0.017742
422.098388 0.017758
422.098388 0.018244
422.098388 0.018215
422.098388 0.017995
422.098388 0.017536
422.098388 0.017384
422.098388 0.017346
422.098388 0.017574
422.098388 0.018426
422.098388 0.017614
422.098388 0.017382
422.098388 0.017681
422.098388 0.021359
422.098388 0.017208
422.098388 0.017369
422.098388 0.017335
422.098388 0.017421
422.098388 0.019092
422.098388 0.018332
422.098388 0.019316
422.098388 0.018365
422.098388 0.019795
422.098388 0.018166
422.098388 0.019773
422.098388 0.020669
422.098388 0.018266
422.098388 0.018529
422.098388 0.018418
422.098388 0.020089
422.098388 0.019786
422.098388 0.018662
422.098388 0.019012
422.098388 0.020030
422.098388 0.020156
422.098388 0.017941
422.098388 0.018172
422.098388 0.019354
422.098388 0.019355
422.098388 0.019454
422.098388 0.018588
422.098388 0.019199
422.098388 0.018009
422.098388 0.017846
422.098388 0.017784
422.098388 0.017784
422.098388 0.019629
422.098388 0.018726
422.098388 0.018979
422.098388 0.018928
422.098388 0.018279
422.098388 0.017723
422.098388 0.017596
422.098388 0.018583
422.098388 0.018182
422.098388 0.018191
422.098388 0.018961
422.098388 0.017696
422.098388 0.018686
422.098388 0.019054
422.098388 0.018630
422.098388 0.018137
422.098388 0.020215
422.098388 0.017831
422.098388 0.019543
422.098388 0.017747
422.098388 0.017945
422.098388 0.018339
422.098388 0.017910
422.098388 0.017111
422.098388 0.018080
422.098388 0.018521
422.098388 0.021145
422.098388 0.017712
422.098388 0.017603
422.098388 0.017191
422.098388 0.019268
422.098388 0.018896
422.098388 0.018776
422.098388 0.020553
422.098388 0.018225
422.098388 0.019791
422.098388 0.019684
422.098388 0.017596
422.098388 0.017455
422.098388 0.017066
422.098388 0.017365
422.098388 0.017641
422.098388 0.018761
422.098388 0.017761
422.098388 0.017981
422.098388 0.018326
422.098388 0.018574
422.098388 0.017836
422.098388 0.017452
422.098388 0.017858
422.098388 0.019161
422.098388 0.018597
422.098388 0.018715
422.098388 0.017688
422.098388 0.018349
422.098388 0.017939
422.098388 0.018175
422.098388 0.017652
422.098388 0.018699
422.098388 0.017290
422.098388 0.017626
422.098388 0.017136
422.098388 0.017333
422.098388 0.018185
422.098388 0.021352
422.098388 0.017711
422.098388 0.017425
422.098388 0.017851
422.098388 0.019981
422.098388 0.017513
422.098388 0.018213
422.098388 0.017950
422.098388 0.017756
422.098388 0.017514
422.098388 0.017890
422.098388 0.018134
422.098388 0.017632
422.098388 0.018077
422.098388 0.018320
422.098388 0.018225
422.098388 0.017604
422.098388 0.017732
422.098388 0.017607
422.098388 0.017688
422.098388 0.018686
422.098388 0.017366
422.098388 0.018470
422.098388 0.017538
422.098388 0.017601
422.098388 0.017804
422.098388 0.017075
422.098388 0.017632
422.098388 0.017675
422.098388 0.018716
422.098388 0.017571
422.098388 0.017416
422.098388 0.018677
422.098388 0.017394
422.098388 0.018839
422.098388 0.017945
422.098388 0.018421
422.098388 0.017733
422.098388 0.017873
422.098388 0.017981
422.098388 0.018116
422.098388 0.017952
422.098388 0.018601
422.098388 0.018038
422.098388 0.017984
422.098388 0.017810
422.098388 0.017460
422.098388 0.018390
422.098388 0.017665
422.098388 0.018184
422.098388 0.018934
422.098388 0.019924
422.098388 0.017843
422.098388 0.017812
422.098388 0.017419
422.098388 0.017708
422.098388 0.017630
422.098388 0.017578
422.098388 0.020279
422.098388 0.017795
422.098388 0.017373
422.098388 0.017616
422.098388 0.018871
422.098388 0.017336
422.098388 0.020262
422.098388 0.018030
422.098388 0.016764
422.098388 0.019081
422.098388 0.019122
422.098388 0.016388
422.098388 0.017715
422.098388 0.017419
422.098388 0.017935
422.098388 0.018219
422.098388 0.017903
422.098388 0.017807
422.098388 0.018602
422.098388 0.018354
422.098388 0.018335
422.098388 0.018467
422.098388 0.019830
422.098388 0.017771
422.098388 0.018159
422.098388 0.017813
422.098388 0.017644
422.098388 0.016213
422.098388 0.017054
422.098388 0.019826
422.098388 0.020457
422.098388 0.017789
422.098388 0.018265
422.098388 0.017946
422.098388 0.017526
422.098388 0.019064
422.098388 0.017765
422.098388 0.017458
422.098388 0.017586
422.098388 0.018799
422.098388 0.019100
422.098388 0.019058
422.098388 0.019232
422.098388 0.017341
422.098388 0.017833
422.098388 0.017777
422.098388 0.017505
422.098388 0.017523
422.098388 0.018093
422.098388 0.017739
422.098388 0.018643
422.098388 0.017972
422.098388 0.017906
422.098388 0.017493
422.098388 0.018238
422.098388 0.018614
422.098388 0.018823
422.098388 0.017597
422.098388 0.017419
422.098388 0.017776
422.098388 0.017409
422.098388 0.017391
422.098388 0.017586
422.098388 0.017434
422.098388 0.017404
422.098388 0.018736
422.098388 0.017420
422.098388 0.017370
422.098388 0.017296
422.098388 0.017291
422.098388 0.017747
422.098388 0.020484
422.098388 0.017893
422.098388 0.017956
422.098388 0.019238
434.617239 0.018395
434.617239 0.018727
434.617239 0.018315
434.617239 0.019207
434.617239 0.018504
434.617239 0.018617
434.617239 0.019242
434.617239 0.019101
434.617239 0.018752
434.617239 0.019854
434.617239 0.018725
434.617239 0.018418
434.617239 0.018840
434.617239 0.018322
434.617239 0.019327
434.617239 0.018944
434.617239 0.018437
434.617239 0.019475
434.617239 0.020624
434.617239 0.018189
434.617239 0.018784
434.617239 0.020862
434.617239 0.018737
434.617239 0.018330
434.617239 0.018395
434.617239 0.018908
434.617239 0.018011
434.617239 0.018259
434.617239 0.018464
434.617239 0.018421
434.617239 0.019840
434.617239 0.019833
434.617239 0.018046
434.617239 0.017638
434.617239 0.018503
434.617239 0.018469
434.617239 0.018448
434.617239 0.018022
434.617239 0.019094
434.617239 0.019154
434.617239 0.018966
434.617239 0.018254
434.617239 0.019355
434.617239 0.018881
434.617239 0.019212
434.617239 0.019136
434.617239 0.018230
434.617239 0.019180
434.617239 0.018120
434.617239 0.018972
434.617239 0.017477
434.617239 0.018627
434.617239 0.018694
434.617239 0.018360
434.617239 0.018353
434.617239 0.017870
434.617239 0.019528
434.617239 0.018367
434.617239 0.018337
434.617239 0.018349
434.617239 0.018505
434.617239 0.018243
434.617239 0.019286
434.617239 0.018569
434.617239 0.017976
434.617239 0.018516
434.617239 0.018612
434.617239 0.018167
434.617239 0.018949
434.617239 0.018600
434.617239 0.018878
434.617239 0.019224
434.617239 0.018883
434.617239 0.018564
434.617239 0.018526
434.617239 0.018930
434.617239 0.019205
434.617239 0.018428
434.617239 0.019259
434.617239 0.018186
434.617239 0.018424
434.617239 0.018670
434.617239 0.018016
434.617239 0.018742
434.617239 0.019096
434.617239 0.018539
434.617239 0.019088
434.617239 0.018372
434.617239 0.018499
434.617239 0.018303
434.617239 0.017817
434.617239 0.019237
434.617239 0.018561
434.617239 0.021275
434.617239 0.017925
434.617239 0.020455
434.617239 0.019360
434.617239 0.020083
434.617239 0.019798
434.617239 0.018397
434.617239 0.020013
434.617239 0.020468
434.617239 0.020652
434.617239 0.021667
434.617239 0.022066
434.617239 0.019793
434.617239 0.021534
434.617239 0.019578
434.617239 0.019792
434.617239 0.019741
434.617239 0.019572
434.617239 0.022325
434.617239 0.018819
434.617239 0.019782
434.617239 0.019676
434.617239 0.018975
434.617239 0.019664
434.617239 0.020518
434.617239 0.020273
434.617239 0.022458
434.617239 0.022398
434.617239 0.021162
434.617239 0.018917
434.617239 0.018278
434.617239 0.020342
434.617239 0.019051
434.617239 0.019999
434.617239 0.020476
434.617239 0.017731
434.617239 0.021798
434.617239 0.023730
434.617239 0.017368
434.617239 0.021996
434.617239 0.024777
434.617239 0.022393
434.617239 0.018935
434.617239 0.019233
434.617239 0.025862
434.617239 0.021554
434.617239 0.025354
434.617239 0.018674
434.617239 0.024168
434.617239 0.026266
434.617239 0.024121
434.617239 0.019256
434.617239 0.019501
434.617239 0.023262
434.617239 0.024702
434.617239 0.019806
434.617239 0.022257
434.617239 0.022442
434.617239 0.021571
434.617239 0.024421
434.617239 0.022177
434.617239 0.021071
434.617239 0.027243
434.617239 0.026026
434.617239 0.021820
434.617239 0.021848
434.617239 0.023539
434.617239 0.018423
434.617239 0.018504
434.617239 0.019334
434.617239 0.018555
434.617239 0.018656
434.617239 0.018774
434.617239 0.018581
434.617239 0.021125
434.617239 0.018054
434.617239 0.018064
434.617239 0.017765
434.617239 0.021466
434.617239 0.017974
434.617239 0.017773
434.617239 0.018313
434.617239 0.018039
434.617239 0.019145
434.617239 0.023704
434.617239 0.019547
434.617239 0.019603
434.617239 0.019331
434.617239 0.025983
434.617239 0.026290
434.617239 0.020542
434.617239 0.023453
434.617239 0.026653
434.617239 0.026902
434.617239 0.021601
434.617239 0.023705
434.617239 0.021980
434.617239 0.026776
434.617239 0.024029
434.617239 0.019157
434.617239 0.018634
434.617239 0.018791
434.617239 0.019117
434.617239 0.018458
434.617239 0.018526
434.617239 0.018588
434.617239 0.018028
434.617239 0.018800
434.617239 0.018526
434.617239 0.018689
434.617239 0.019424
434.617239 0.018965
434.617239 0.018229
434.617239 0.018418
434.617239 0.019537
434.617239 0.018301
434.617239 0.017955
434.617239 0.021815
434.617239 0.018353
434.617239 0.019183
434.617239 0.019101
434.617239 0.018101
434.617239 0.018371
434.617239 0.021402
434.617239 0.019797
434.617239 0.020758
434.617239 0.017573
434.617239 0.019390
434.617239 0.022310
434.617239 0.020412
434.617239 0.021032
