1.010000
1.020100
1.030301
1.040604
1.051010
1.061520
1.072135
1.082857
1.093685
1.104622
1.115668
1.126825
1.138093
1.149474
1.160969
1.172579
1.184304
1.196147
1.208109
1.220190
1.232392
1.244716
1.257163
1.269735
1.282432
1.295256
1.308209
1.321291
1.334504
1.347849
1.361327
1.374941
1.388690
1.402577
1.416603
1.430769
1.445076
1.459527
1.474123
1.488864
1.503752
1.518790
1.533978
1.549318
1.564811
1.580459
1.596263
1.612226
1.628348
1.644632
1.661078
1.677689
1.694466
1.711410
1.728525
1.745810
1.763268
1.780901
1.798710
1.816697
1.834864
1.853212
1.871744
1.890462
1.909366
1.928460
1.947745
1.967222
1.986894
2.006763
2.026831
2.047099
2.067570
2.088246
2.109128
2.130220
2.151522
2.173037
2.194768
2.216715
2.238882
2.261271
2.283884
2.306723
2.329790
2.353088
2.376619
2.400385
2.424389
2.448633
2.473119
2.497850
2.522829
2.548057
2.573538
2.599273
2.625266
2.651518
2.678033
2.704814
2.731862
2.759181
2.786772
2.814640
2.842787
2.871214
2.899927
2.928926
2.958215
2.987797
3.017675
3.047852
3.078330
3.109114
3.140205
3.171607
3.203323
3.235356
3.267710
3.300387
3.333391
3.366725
3.400392
3.434396
3.468740
3.503427
3.538461
3.573846
3.609585
3.645680
3.682137
3.718959
3.756148
3.793710
3.831647
3.869963
3.908663
3.947749
3.987227
4.027099
4.067370
4.108044
4.149124
4.190616
4.232522
4.274847
4.317595
4.360771
4.404379
4.448423
4.492907
4.537836
4.583215
4.629047
4.675337
4.722091
4.769311
4.817005
4.865175
4.913826
4.962965
5.012594
5.062720
5.113347
5.164481
5.216126
5.268287
5.320970
5.374180
5.427921
5.482201
5.537023
5.592393
5.648317
5.704800
5.761848
5.819466
5.877661
5.936438
5.995802
6.055760
6.116318
6.177481
6.239256
6.301648
6.364665
6.428311
6.492594
6.557520
6.623096
6.689326
6.756220
6.823782
6.892020
6.960940
7.030549
7.100855
7.171863
7.243582
7.316018
7.389178
7.463070
7.537701
7.613078
7.689208
7.766100
7.843761
7.922199
8.001421
8.081435
8.162250
8.243872
8.326311
8.409574
8.493670
8.578606
8.664392
8.751036
8.838547
8.926932
9.016201
9.106363
9.197427
9.289401
9.382295
9.476118
9.570880
9.666588
9.763254
9.860887
9.959496
10.059091
10.159681
10.261278
10.363891
10.467530
10.572205
10.677927
10.784707
10.892554
11.001479
11.111494
11.222609
11.334835
11.448183
11.562665
11.678292
11.795075
11.913026
12.032156
12.152477
12.274002
12.396742
12.520710
12.645917
12.772376
12.900100
13.029101
13.159392
13.290985
13.423895
13.558134
13.693716
13.830653
13.968959
14.108649
14.249735
14.392233
14.536155
14.681517
14.828332
14.976615
15.126381
15.277645
15.430422
15.584726
15.740573
15.897979
16.056959
16.217528
16.379703
16.543500
16.708935
16.876025
17.044785
17.215233
17.387385
17.561259
17.736872
17.914240
18.093383
18.274317
18.457060
18.641630
18.828047
19.016327
19.206490
19.398555
19.592541
19.788466
19.986351
20.186214
20.388077
20.591957
20.797877
21.005856
21.215914
21.428073
21.642354
21.858778
22.077365
22.298139
22.521120
22.746332
22.973795
23.203533
23.435568
23.669924
23.906623
24.145689
24.387146
24.631018
24.877328
25.126101
25.377362
25.631136
25.887447
26.146322
26.407785
26.671863
26.938581
27.207967
27.480047
27.754847
28.032396
28.312720
28.595847
28.881805
29.170624
29.462330
29.756953
30.054523
30.355068
30.658618
30.965205
31.274857
31.587605
31.903481
32.222516
32.544741
32.870189
33.198891
33.530880
33.866188
34.204850
34.546899
34.892368
35.241291
35.593704
35.949641
36.309138
36.672229
37.038951
37.409341
37.783434
38.161269
38.542881
38.928310
39.317593
39.710769
40.107877
40.508956
40.914045
41.323186
41.736418
42.153782
42.575320
43.001073
43.431083
43.865394
44.304048
44.747089
45.194560
45.646505
46.102970
46.564000
47.029640
47.499936
47.974936
48.454685
48.939232
49.428624
49.922910
50.422140
50.926361
51.435625
51.949981
52.469481
52.994175
53.524117
54.059358
54.599952
55.145951
55.697411
56.254385
56.816929
57.385098
57.958949
58.538539
59.123924
59.715163
60.312315
60.915438
61.524593
62.139838
62.761237
63.388849
64.022738
64.662965
65.309595
65.962691
66.622318
67.288541
67.961426
68.641040
69.327451
70.020725
70.720933
71.428142
72.142423
72.863848
73.592486
74.328411
75.071695
75.822412
76.580636
77.346442
78.119907
78.901106
79.690117
80.487018
81.291888
82.104807
82.925855
83.755114
84.592665
85.438592
86.292978
87.155907
88.027466
88.907741
89.796818
90.694787
91.601735
92.517752
93.442929
94.377359
95.321132
96.274344
97.237087
98.209458
99.191552
100.183468
101.185303
102.197156
103.219127
104.251319
105.293832
106.346770
107.410238
108.484340
109.569184
110.664875
111.771524
112.889239
114.018132
115.158313
116.309896
117.472995
118.647725
119.834202
121.032544
122.242870
123.465299
124.699952
125.946951
127.206421
128.478485
129.763270
131.060902
132.371511
133.695226
135.032179
136.382500
137.746325
139.123789
140.515027
141.920177
143.339379
144.772772
146.220500
147.682705
149.159532
150.651128
152.157639
153.679215
155.216007
156.768167
158.335849
159.919208
161.518400
163.133584
164.764919
166.412569
168.076694
169.757461
171.455036
173.169586
174.901282
176.650295
178.416798
180.200966
182.002976
183.823005
185.661235
187.517848
189.393026
191.286956
193.199826
195.131824
197.083143
199.053974
201.044514
203.054959
205.085508
207.136364
209.207727
211.299804
213.412802
215.546930
217.702400
219.879424
222.078218
224.299000
226.541990
228.807410
231.095484
233.406439
235.740503
238.097908
240.478888
242.883676
245.312513
247.765638
250.243295
252.745728
255.273185
257.825917
260.404176
263.008218
265.638300
268.294683
270.977630
273.687406
276.424280
279.188523
281.980408
284.800212
287.648214
290.524696
293.429943
296.364243
299.327885
302.321164
305.344376
308.397820
311.481798
314.596616
317.742582
320.920008
324.129208
327.370500
330.644205
333.950647
337.290153
340.663055
344.069685
347.510382
350.985486
354.495341
358.040294
361.620697
365.236904
368.889273
372.578166
376.303948
380.066987
383.867657
387.706334
391.583397
395.499231
399.454223
403.448766
407.483253
411.558086
415.673667
419.830403
424.028707
428.268994
432.551684
436.877201
441.245973
445.658433
450.115017
454.616167
459.162329
463.753952
468.391492
473.075407
477.806161
482.584222
487.410065
492.284165
497.207007
502.179077
507.200868
512.272876
517.395605
522.569561
527.795257
533.073209
538.403942
543.787981
549.225861
554.718119
560.265301
565.867954
571.526633
577.241899
583.014318
588.844462
594.732906
600.680235
606.687038
612.753908
618.881447
625.070262
631.320964
637.634174
644.010516
650.450621
656.955127
663.524678
670.159925
676.861524
683.630140
690.466441
697.371105
704.344816
711.388265
718.502147
725.687169
732.944040
740.273481
747.676216
755.152978
762.704507
770.331553
778.034868
785.815217
793.673369
801.610103
809.626204
817.722466
825.899690
834.158687
842.500274
850.925277
859.434530
868.028875
876.709164
885.476255
894.331018
903.274328
912.307071
921.430142
930.644443
939.950888
949.350397
958.843901
968.432340
978.116663
987.897830
997.776808
1007.754576
1017.832122
1028.010443
1038.290548
1048.673453
1059.160188
1069.751789
1080.449307
1091.253800
1102.166338
1113.188002
1124.319882
1135.563081
1146.918711
1158.387899
1169.971778
1181.671495
1193.488210
1205.423092
1217.477323
1229.652097
1241.948618
1254.368104
1266.911785
1279.580903
1292.376712
1305.300479
1318.353483
1331.537018
1344.852389
1358.300912
1371.883922
1385.602761
1399.458788
1413.453376
1427.587910
1441.863789
1456.282427
1470.845251
1485.553704
1500.409241
1515.413333
1530.567467
1545.873141
1561.331873
1576.945191
1592.714643
1608.641790
1624.728208
1640.975490
1657.385245
1673.959097
1690.698688
1682.245195
1673.876236
1665.590967
1657.388551
1649.268159
1641.228971
1633.270174
1625.390966
1617.590550
1609.868138
1602.222950
1594.654214
1587.161165
1579.743047
1572.399110
1565.128612
1557.930820
1550.805005
1543.750448
1536.766437
1529.852266
1523.007237
1516.230658
1509.521845
1502.880120
1496.304812
1489.795257
1483.350798
1476.970784
1470.654569
1464.401517
1458.210995
1452.082379
1446.015049
1440.008391
1434.061801
1428.174676
1422.346423
1416.576452
1410.864181
1405.209033
1399.610436
1394.067825
1388.580640
1383.148327
1377.770337
1372.446128
1367.175160
1361.956902
1356.790826
1351.676411
1346.613140
1341.600502
1336.637991
1331.725104
1326.861347
1322.046227
1317.279258
1312.559959
1307.887853
1303.262468
1298.683336
1294.149996
1289.661990
1285.218863
1280.820168
1276.465460
1272.154299
1267.886249
1263.660880
1259.477765
1255.336481
1251.236609
1247.177737
1243.159453
1239.181352
1235.243032
1231.344095
1227.484147
1223.662799
1219.879665
1216.134361
1212.426511
1208.755740
1205.121676
1201.523952
1197.962206
1194.436078
1190.945210
1187.489252
1184.067853
1180.680667
1177.327354
1174.007574
1170.720992
1167.467275
1164.246096
1161.057128
1157.900051
1154.774544
1151.680292
1148.616982
1145.584306
1142.581956
1139.609630
1136.667027
1133.753850
1130.869805
1128.014601
1125.187948
1122.389562
1119.619160
1116.876462
1114.161190
1111.473072
1108.811835
1106.177210
1103.568931
1100.986735
1098.430361
1095.899551
1093.394049
1090.913602
1088.457960
1086.026873
1083.620098
1081.237391
1078.878510
1076.543218
1074.231280
1071.942460
1069.676529
1067.433257
1065.212418
1063.013787
1060.837143
1058.682265
1056.548936
1054.436940
1052.346064
1050.276097
1048.226829
1046.198054
1044.189567
1042.201165
1040.232647
1038.283814
1036.354469
1034.444418
1032.553467
1030.681426
1028.828105
1026.993317
1025.176878
1023.378602
1021.598310
1019.835820
1018.090955
1016.363539
1014.653397
1012.960357
1011.284247
1009.624898
1007.982142
1006.355814
1004.745749
1003.151785
1001.573761
1000.011517
998.464895
996.933739
995.417896
993.917210
992.431531
990.960709
989.504596
988.063043
986.635906
985.223041
983.824304
982.439554
981.068652
979.711459
978.367838
977.037653
975.720770
974.417056
973.126378
971.848608
970.583615
969.331273
968.091453
966.864032
965.648885
964.445890
963.254925
962.075869
960.908603
959.753011
958.608974
957.476378
956.355108
955.245050
954.146093
953.058125
951.981038
950.914721
949.859067
948.813970
947.779323
946.755024
945.740967
944.737051
943.743174
942.759235
941.785136
940.820778
939.866064
938.920897
937.985181
937.058823
936.141728
935.233804
934.334960
933.445104
932.564146
931.691998
930.828571
929.973779
929.127535
928.289753
927.460349
926.639239
925.826340
925.021570
924.224848
923.436093
922.655225
921.882166
921.116838
920.359163
919.609065
918.866468
918.131296
917.403477
916.682936
915.969600
915.263397
914.564257
913.872107
913.186880
912.508504
911.836913
911.172037
910.513810
909.862166
909.217037
908.578360
907.946070
907.320103
906.700395
906.086885
905.479509
904.878208
904.282919
903.693583
903.110141
902.532533
901.960701
901.394588
900.834135
900.279287
899.729988
899.186181
898.647813
898.114828
897.587173
897.064795
896.547641
896.035658
895.528795
895.027000
894.530224
894.038415
893.551524
893.069502
892.592301
892.119871
891.652166
891.189138
890.730740
890.276926
889.827650
889.382867
888.942532
888.506600
888.075027
887.647770
887.224786
886.806032
886.391465
885.981044
885.574727
885.172473
884.774241
884.379992
883.989686
883.603283
883.220743
882.842029
882.467102
882.095925
881.728459
881.364668
881.004515
880.647963
880.294977
879.945520
879.599559
879.257056
878.917979
878.582293
878.249963
877.920957
877.595241
877.272782
876.953548
876.637506
876.324624
876.014871
875.708216
875.404627
875.104074
874.806527
874.511955
874.220329
873.931619
873.645797
873.362832
873.082697
872.805364
872.530803
872.258989
871.989892
871.723487
871.459746
871.198642
870.940149
870.684240
870.430892
870.180076
869.931769
869.685944
869.442578
869.201646
868.963123
868.726985
868.493209
868.261770
868.032646
867.805813
867.581248
867.358929
867.138833
866.920938
866.705223
866.491664
866.280241
866.070932
865.863716
865.658572
865.455480
865.254418
865.055368
864.858307
864.663218
864.470079
864.278872
864.089576
863.902174
863.716646
863.532973
863.351136
863.171119
862.992901
862.816465
862.641794
862.468870
862.297674
862.128191
861.960402
861.794292
861.629842
861.467037
861.305860
861.146295
860.988326
860.831936
860.677110
860.523832
860.372088
860.221860
860.073135
859.925897
859.780132
859.635824
859.492959
859.351523
859.211501
859.072879
858.935644
858.799781
858.665277
858.532117
858.400290
858.269780
858.140576
858.012663
857.886030
857.760663
857.636550
857.513678
857.392035
857.271608
857.152385
857.034355
856.917505
856.801823
856.687298
856.573919
856.461673
856.350550
856.240538
856.131626
856.023803
855.917058
855.811381
855.706761
855.603187
855.500648
855.399135
855.298637
855.199144
855.100646
855.003133
854.906595
854.811023
854.716406
854.622735
854.530002
854.438195
854.347306
854.257327
854.168247
854.080058
853.992751
853.906317
853.820747
853.736033
853.652166
853.569138
853.486940
853.405564
853.325002
853.245245
853.166286
853.088117
853.010729
852.934115
852.858268
852.783178
852.708840
852.635245
852.562386
852.490256
852.418846
852.348151
852.278163
852.208875
852.140280
852.072370
852.005140
851.938582
851.872690
851.807456
851.742875
851.678940
851.615644
851.552981
851.490945
851.429529
851.368727
851.308533
851.248941
851.189945
851.131539
851.073717
851.016473
850.959802
850.903698
850.848154
850.793166
850.738728
850.684834
850.631479
850.578658
850.526364
850.474594
850.423342
850.372602
850.322369
850.272639
850.223406
850.174665
850.126412
850.078641
850.031348
849.984528
849.938177
849.892288
849.846859
849.801884
849.757358
849.713278
849.669639
849.626436
849.583665
849.541322
849.499402
849.457901
849.416816
849.376141
849.335873
849.296008
849.256541
849.217469
849.178788
849.140494
849.102582
849.065050
849.027893
848.991107
848.954689
848.918636
848.882943
848.847607
848.812624
848.777992
848.743705
848.709762
848.676157
848.642889
848.609954
848.577348
848.545068
848.513110
848.481473
848.450151
848.419143
848.388445
848.358054
848.327967
848.298181
848.268693
848.239499
848.210598
848.181985
848.153659
848.125616
848.097853
848.070368
848.043158
848.016219
847.989551
847.963149
847.937011
847.911134
847.885516
847.860154
847.835046
847.810189
847.785581
847.761218
847.737100
847.713222
847.689583
847.666181
847.643012
847.620076
847.597368
847.574888
847.552633
847.530600
847.508787
847.487193
847.465814
847.444650
847.423697
847.402953
847.382417
847.362086
847.341959
847.322033
847.302306
847.282776
847.263442
847.244301
847.225351
847.206591
847.188019
847.169632
847.151429
847.133408
847.115568
847.097905
847.080420
847.063109
847.045971
847.029005
847.012209
846.995580
846.979118
846.962820
846.946685
846.930712
846.914898
846.899242
846.883743
846.868399
846.853209
846.838170
846.823282
846.808543
846.793951
846.779505
846.765203
846.751044
846.737027
846.723150
846.709412
846.695812
846.682347
846.669017
846.655820
846.642756
846.629821
846.617017
846.604340
846.591790
846.579366
846.567065
846.554888
846.542833
846.530898
846.519082
846.507385
846.495804
846.484340
846.472990
846.461753
846.450629
846.439616
846.428714
846.417920
846.407234
846.396655
846.386182
846.375814
846.365549
846.355387
846.345327
846.335367
846.325507
846.315745
846.306081
846.296514
846.287042
846.277665
846.268382
846.259191
846.250093
846.241085
846.232168
846.223340
846.214600
846.205947
846.197381
846.188901
846.180505
846.172194
846.163965
846.155819
846.147754
846.139770
846.131866
846.124041
846.116294
846.108624
846.101031
846.093514
846.086073
846.078705
846.071412
846.064191
846.057043
846.049966
846.042960
846.036023
846.029157
846.022358
846.015628
846.008965
846.002369
845.995839
845.989374
845.982974
845.976637
845.970364
845.964154
845.958006
845.951920
845.945894
845.939928
845.934022
845.928176
845.922387
845.916657
845.910984
845.905367
845.899807
845.894303
845.888853
845.883458
845.878117
845.872829
845.867594
845.862412
845.857281
845.852202
845.847173
845.842195
845.837266
845.832387
845.827557
845.822774
845.818040
845.813353
845.808713
845.804119
845.799572
845.795069
845.790612
845.786199
845.781831
845.777506
845.773224
845.768986
845.764789
845.760635
845.756522
845.752450
845.748419
845.744428
845.740477
845.736566
845.732694
845.728860
845.725065
845.721308
845.717588
845.713906
845.710260
845.706651
845.703078
845.699541
845.696039
845.692572
845.689139
845.685742
845.682378
845.679047
845.675750
845.672486
845.669255
845.666056
845.662888
845.659753
845.656649
845.653576
845.650534
845.647522
845.644540
845.641588
845.638666
845.635772
845.632908
845.630072
845.627265
845.624486
845.621734
845.619011
845.616314
845.613644
845.611001
845.608385
845.605794
845.603230
845.600691
845.598177
845.595689
845.593226
845.590787
845.588372
845.585982
845.583616
845.581273
845.578954
845.576658
845.574384
845.572134
845.569906
845.567701
845.565517
845.563355
845.561215
845.559096
845.556999
845.554922
845.552867
845.550831
845.548816
845.546822
845.544847
845.542892
845.540956
845.539040
845.537143
845.535265
845.533406
845.531566
845.529743
845.527939
845.526153
845.524385
845.522635
845.520902
845.519186
845.517488
845.515806
845.514142
845.512494
845.510862
845.509247
845.507648
845.506065
845.504498
845.502946
845.501410
845.499890
845.498384
845.496894
845.495418
845.493958
845.492511
845.491080
845.489662
845.488259
845.486870
845.485495
845.484133
845.482785
845.481451
845.480130
845.478822
845.477527
845.476245
845.474976
845.473720
845.472476
845.471245
845.470026
845.468819
845.467624
845.466442
845.465271
845.464111
845.462964
845.461828
845.460703
845.459589
845.458487
845.457395
845.456315
845.455245
845.454186
845.453138
845.452100
845.451072
845.450055
845.449048
845.448051
845.447064
845.446086
845.445119
845.444161
845.443213
845.442274
845.441345
845.440425
845.439514
845.438613
845.437720
845.436836
845.435961
845.435095
845.434237
845.433389
845.432548
845.431716
845.430892
845.430077
845.429270
845.428470
845.427679
845.426896
845.426120
845.425352
845.424592
845.423840
845.423095
845.422357
845.421627
845.420904
845.420189
845.419480
845.418779
845.418085
845.417397
845.416717
845.416043
845.415376
845.414716
845.414062
845.413415
845.412774
845.412140
845.411512
845.410890
845.410275
845.409665
845.409062
845.408465
845.407874
845.407288
845.406709
845.406135
845.405567
845.405005
845.404449
845.403898
845.403352
845.402812
845.402277
845.401748
845.401224
845.400705
845.400191
845.399683
845.399180
845.398681
845.398188
845.397699
845.397216
845.396737
845.396263
845.395794
845.395330
845.394870
845.394414
845.393964
845.393518
845.393076
845.392638
845.392206
845.391777
845.391353
845.390932
845.390517
845.390105
845.389697
845.389294
845.388894
845.388499
845.388107
845.387720
845.387336
845.386956
845.386580
845.386207
845.385839
845.385474
845.385113
845.384755
845.384401
845.384050
845.383703
845.383360
845.383019
845.382683
845.382349
845.382019
845.381692
845.381369
845.381049
845.380732
845.380418
845.380107
845.379799
845.379495
845.379193
845.378895
845.378599
845.378307
845.378017
845.377730
845.377447
845.377166
845.376887
845.376612
845.376339
845.376069
845.375802
845.375537
845.375275
845.375016
845.374759
845.374505
845.374254
845.374005
845.373758
845.373514
845.373272
845.373033
845.372796
845.372561
845.372329
845.372099
845.371872
845.371647
845.371424
845.371203
845.370984
845.370768
845.370554
845.370341
845.370131
845.369924
845.369718
845.369514
845.369312
845.369113
845.368915
845.368719
845.368526
845.368334
845.368144
845.367956
845.367770
845.367585
845.367403
845.367222
845.367044
845.366867
845.366691
845.366518
845.366346
845.366176
845.366008
845.365841
845.365676
845.365513
845.365351
845.365191
845.365033
845.364876
845.364720
845.364567
845.364414
845.364264
845.364115
845.363967
845.363821
845.363676
845.363533
845.363391
845.363250
845.363111
845.362973
845.362837
845.362702
845.362569
845.362436
845.362306
845.362176
845.362048
845.361921
845.361795
845.361670
845.361547
845.361425
845.361304
845.361185
845.361066
845.360949
845.360833
845.360718
845.360604
845.360492
845.360380
845.360270
845.360161
845.360052
845.359945
845.359839
845.359734
845.359630
845.359528
845.359426
845.359325
845.359225
845.359126
845.359028
845.358932
845.358836
845.358741
845.358647
845.358554
845.358462
845.358371
845.358280
845.358191
845.358102
845.358015
845.357928
845.357842
845.357757
845.357673
845.357590
845.357507
845.357426
845.357345
845.357265
845.357186
845.357107
845.357030
845.356953
845.356877
845.356801
845.356727
845.356653
845.356580
845.356508
845.356436
845.356365
845.356295
845.356225
845.356157
845.356088
845.356021
845.355954
845.355888
845.355823
845.355758
845.355694
845.355630
845.355567
845.355505
845.355444
845.355383
845.355322
845.355262
845.355203
845.355145
845.355087
845.355029
845.354972
845.354916
845.354860
845.354805
845.354751
845.354696
845.354643
845.354590
845.354537
845.354486
845.354434
845.354383
845.354333
845.354283
845.354234
845.354185
845.354136
845.354088
845.354041
845.353994
845.353947
845.353901
845.353856
845.353811
845.353766
845.353722
845.353678
845.353635
845.353592
845.353549
845.353507
845.353466
845.353424
845.353384
845.353343
845.353303
845.353264
845.353224
845.353186
845.353147
845.353109
845.353072
845.353034
845.352997
845.352961
845.352925
845.352889
845.352853
845.352818
845.352784
845.352749
845.352715
845.352681
845.352648
845.352615
845.352582
845.352550
845.352518
845.352486
845.352455
845.352424
845.352393
845.352362
845.352332
845.352302
845.352273
845.352243
845.352214
845.352186
845.352157
845.352129
845.352101
845.352074
845.352046
845.352019
845.351993
845.351966
845.351940
845.351914
845.351888
845.351863
845.351838
845.351813
845.351788
845.351764
845.351739
845.351715
845.351692
845.351668
845.351645
845.351622
845.351599
845.351577
845.351554
845.351532
845.351510
845.351489
845.351467
845.351446
845.351425
845.351404
845.351384
845.351363
845.351343
845.351323
845.351303
845.351284
845.351264
845.351245
845.351226
845.351207
845.351189
845.351170
845.351152
845.351134
845.351116
845.351098
845.351081
845.351063
845.351046
845.351029
845.351012
845.350995
845.350979
845.350963
845.350946
845.350930
845.350915
845.350899
845.350883
845.350868
845.350853
845.350838
845.350823
845.350808
845.350793
845.350779
845.350764
845.350750
845.350736
845.350722
845.350708
845.350695
845.350681
845.350668
845.350655
845.350642
845.350629
845.350616
845.350603
845.350590
845.350578
845.350566
845.350553
845.350541
845.350529
845.350517
845.350506
845.350494
845.350483
845.350471
845.350460
845.350449
845.350438
845.350427
845.350416
845.350405
845.350395
845.350384
845.350374
845.350363
845.350353
845.350343
845.350333
845.350323
845.350313
845.350304
845.350294
845.350285
845.350275
845.350266
845.350257
845.350248
845.350239
845.350230
845.350221
845.350212
845.350203
845.350195
845.350186
845.350178
845.350169
845.350161
845.350153
845.350145
845.350137
845.350129
845.350121
845.350113
845.350106
845.350098
845.350091
845.350083
845.350076
845.350068
845.350061
845.350054
845.350047
845.350040
845.350033
845.350026
845.350019
845.350012
845.350006
845.349999
845.349993
845.349986
845.349980
845.349973
845.349967
845.349961
845.349955
845.349948
845.349942
845.349936
845.349931
845.349925
845.349919
845.349913
845.349907
845.349902
845.349896
845.349891
845.349885
845.349880
845.349874
845.349869
845.349864
845.349859
845.349854
845.349848
845.349843
845.349838
845.349833
845.349829
845.349824
845.349819
845.349814
845.349809
845.349805
845.349800
845.349796
845.349791
845.349787
845.349782
845.349778
845.349774
845.349769
845.349765
845.349761
845.349757
845.349752
845.349748
845.349744
845.349740
845.349736
845.349732
845.349729
845.349725
845.349721
845.349717
845.349713
845.349710
845.349706
845.349702
845.349699
845.349695
845.349692
845.349688
845.349685
845.349681
845.349678
845.349675
845.349671
845.349668
845.349665
845.349662
845.349659
845.349655
845.349652
845.349649
845.349646
845.349643
845.349640
845.349637
845.349634
845.349631
845.349628
845.349626
845.349623
845.349620
845.349617
845.349615
845.349612
845.349609
845.349606
845.349604
845.349601
845.349599
845.349596
845.349594
845.349591
845.349589
845.349586
845.349584
845.349581
845.349579
845.349577
845.349574
845.349572
845.349570
845.349567
845.349565
845.349563
845.349561
845.349559
845.349557
845.349554
845.349552
845.349550
845.349548
845.349546
845.349544
845.349542
845.349540
845.349538
845.349536
845.349534
845.349532
845.349530
845.349529
845.349527
845.349525
845.349523
845.349521
845.349520
845.349518
845.349516
845.349514
845.349513
845.349511
845.349509
845.349508
845.349506
845.349504
845.349503
845.349501
845.349500
845.349498
845.349497
845.349495
845.349494
845.349492
845.349491
845.349489
845.349488
845.349486
845.349485
845.349483
845.349482
845.349481
845.349479
845.349478
845.349477
845.349475
845.349474
845.349473
845.349471
845.349470
845.349469
845.349468
845.349466
845.349465
845.349464
845.349463
845.349461
845.349460
845.349459
845.349458
845.349457
845.349456
845.349455
845.349453
845.349452
845.349451
845.349450
845.349449
845.349448
845.349447
845.349446
845.349445
845.349444
845.349443
845.349442
845.349441
845.349440
845.349439
845.349438
845.349437
845.349436
845.349435
845.349434
845.349434
845.349433
845.349432
845.349431
845.349430
845.349429
845.349428
845.349427
845.349427
845.349426
845.349425
845.349424
845.349423
845.349423
845.349422
845.349421
845.349420
845.349419
845.349419
845.349418
845.349417
845.349416
845.349416
845.349415
845.349414
845.349414
845.349413
845.349412
845.349412
845.349411
845.349410
845.349410
845.349409
845.349408
845.349408
845.349407
845.349406
845.349406
845.349405
845.349404
845.349404
845.349403
845.349403
845.349402
845.349402
845.349401
845.349400
845.349400
845.349399
845.349399
845.349398
845.349398
845.349397
845.349397
845.349396
845.349396
845.349395
845.349394
845.349394
845.349393
845.349393
845.349392
845.349392
845.349392
845.349391
845.349391
845.349390
845.349390
845.349389
845.349389
845.349388
845.349388
845.349387
845.349387
845.349387
845.349386
845.349386
845.349385
845.349385
845.349384
845.349384
845.349384
845.349383
845.349383
845.349382
845.349382
845.349382
845.349381
845.349381
845.349381
845.349380
845.349380
845.349380
845.349379
845.349379
845.349378
845.349378
845.349378
845.349377
845.349377
845.349377
845.349376
845.349376
845.349376
845.349375
845.349375
845.349375
845.349375
845.349374
845.349374
845.349374
845.349373
845.349373
845.349373
845.349372
845.349372
845.349372
845.349372
845.349371
845.349371
845.349371
845.349371
845.349370
845.349370
845.349370
845.349369
845.349369
845.349369
845.349369
845.349368
845.349368
845.349368
845.349368
845.349368
845.349367
845.349367
845.349367
845.349367
845.349366
845.349366
845.349366
845.349366
845.349365
845.349365
845.349365
845.349365
845.349365
845.349364
845.349364
845.349364
845.349364
845.349364
845.349363
845.349363
845.349363
845.349363
845.349363
845.349362
845.349362
845.349362
845.349362
845.349362
845.349362
845.349361
845.349361
845.349361
845.349361
845.349361
845.349361
845.349360
845.349360
845.349360
845.349360
845.349360
845.349360
845.349359
845.349359
845.349359
845.349359
845.349359
845.349359
845.349359
845.349358
845.349358
845.349358
845.349358
845.349358
845.349358
845.349358
845.349357
845.349357
845.349357
845.349357
845.349357
845.349357
845.349357
845.349356
845.349356
845.349356
845.349356
845.349356
845.349356
845.349356
845.349356
845.349356
845.349355
845.349355
845.349355
845.349355
845.349355
845.349355
845.349355
845.349355
845.349355
845.349354
845.349354
845.349354
845.349354
845.349354
845.349354
845.349354
845.349354
845.349354
845.349354
845.349353
845.349353
845.349353
845.349353
845.349353
845.349353
845.349353
845.349353
845.349353
845.349353
845.349353
845.349352
845.349352
845.349352
845.349352
845.349352
845.349352
845.349352
845.349352
845.349352
845.349352
845.349352
845.349352
845.349351
845.349351
845.349351
845.349351
845.349351
845.349351
845.349351
845.349351
845.349351
845.349351
845.349351
845.349351
845.349351
845.349351
845.349350
845.349350
845.349350
845.349350
845.349350
845.349350
845.349350
845.349350
845.349350
845.349350
845.349350
845.349350
845.349350
845.349350
845.349350
845.349350
845.349350
845.349349
845.349349
845.349349
845.349349
845.349349
845.349349
845.349349
845.349349
845.349349
845.349349
845.349349
845.349349
845.349349
845.349349
845.349349
845.349349
845.349349
845.349349
845.349349
845.349349
845.349348
845.349348
845.349348
845.349348
845.349348
845.349348
845.349348
845.349348
845.349348
845.349348
845.349348
845.349348
845.349348
845.349348
845.349348
845.349348
845.349348
845.349348
845.349348
845.349348
845.349348
845.349348
845.349348
845.349348
845.349348
845.349347
845.349347
845.349347
845.349347
845.349347
845.349347
845.349347
845.349347
845.349347
845.349347
845.349347
845.349347
845.349347
845.349347
845.349347
845.349347
845.349347
845.349347
845.349347
845.349347
845.349347
845.349347
845.349347
845.349347
845.349347
845.349347
845.349347
845.349347
845.349347
845.349347
845.349347
845.349347
845.349347
845.349346
845.349346
845.349346
845.349346
845.349346
845.349346
845.349346
845.349346
845.349346
845.349346
845.349346
845.349346
845.349346
845.349346
845.349346
845.349346
845.349346
845.349346
845.349346
845.349346
845.349346
845.349346
845.349346
845.349346
845.349346
845.349346
845.349346
845.349346
845.349346
845.349346
845.349346
845.349346
845.349346
845.349346
845.349346
845.349346
845.349346
845.349346
845.349346
845.349346
845.349346
845.349346
845.349346
845.349346
845.349346
845.349346
845.349346
845.349346
845.349346
845.349346
845.349345
845.349345
845.349345
845.349345
845.349345
845.349345
845.349345
845.349345
845.349345
845.349345
845.349345
845.349345
845.349345
845.349345
845.349345
845.349345
845.349345
845.349345
845.349345
845.349345
845.349345
845.349345
845.349345
845.349345
845.349345
845.349345
845.349345
845.349345
845.349345
845.349345
845.349345
845.349345
845.349345
845.349345
845.349345
845.349345
845.349345
845.349345
845.349345
845.349345
845.349345
845.349345
845.349345
845.349345
845.349345
845.349345
845.349345
845.349345
845.349345
845.349345
845.349345
845.349345
845.349345
845.349345
845.349345
845.349345
845.349345
845.349345
845.349345
845.349345
845.349345
845.349345
845.349345
845.349345
845.349345
845.349345
845.349345
845.349345
845.349345
845.349345
845.349345
845.349345
845.349345
845.349345
845.349345
845.349345
845.349345
845.349345
845.349345
845.349345
845.349345
845.349345
845.349345
845.349345
845.349345
845.349345
845.349345
845.349345
845.349345
845.349345
845.349345
845.349345
845.349345
845.349345
845.349345
845.349345
845.349345
845.349345
845.349345
845.349345
845.349345
845.349345
845.349345
845.349345
845.349345
845.349345
845.349345
845.349345
845.349344
845.349344
845.349344
845.349344
845.349344
845.349344
845.349344
845.349344
845.349344
845.349344
845.349344
845.349344
845.349344
845.349344
845.349344
845.349344
845.349344
845.349344
845.349344
845.349344
845.349344
845.349344
845.349344
845.349344
845.349344
845.349344
845.349344
845.349344
845.349344
845.349344
845.349344
845.349344
845.349344
845.349344
845.349344
845.349344
845.349344
845.349344
845.349344
845.349344
845.349344
845.349344
845.349344
845.349344
845.349344
845.349344
845.349344
845.349344
845.349344
845.349344
845.349344
845.349344
845.349344
845.349344
845.349344
845.349344
845.349344
845.349344
845.349344
845.349344
845.349344
845.349344
845.349344
845.349344
845.349344
845.349344
845.349344
845.349344
845.349344
845.349344
845.349344
845.349344
845.349344
845.349344
845.349344
845.349344
845.349344
845.349344
845.349344
845.349344
845.349344
845.349344
845.349344
845.349344
845.349344
845.349344
845.349344
845.349344
845.349344
845.349344
845.349344
845.349344
845.349344
845.349344
845.349344
845.349344
845.349344
845.349344
845.349344
845.349344
845.349344
845.349344
845.349344
845.349344
845.349344
845.349344
845.349344
845.349344
845.349344
845.349344
845.349344
845.349344
845.349344
845.349344
845.349344
845.349344
845.349344
845.349344
845.349344
845.349344
845.349344
845.349344
845.349344
845.349344
845.349344
845.349344
845.349344
845.349344
845.349344
845.349344
845.349344
845.349344
845.349344
845.349344
845.349344
845.349344
845.349344
845.349344
845.349344
845.349344
845.349344
845.349344
845.349344
845.349344
845.349344
845.349344
845.349344
845.349344
845.349344
845.349344
845.349344
845.349344
845.349344
845.349344
845.349344
845.349344
845.349344
845.349344
845.349344
845.349344
845.349344
845.349344
845.349344
845.349344
845.349344
845.349344
845.349344
845.349344
845.349344
845.349344
845.349344
845.349344
845.349344
845.349344
845.349344
845.349344
845.349344
845.349344
845.349344
845.349344
845.349344
845.349344
845.349344
845.349344
845.349344
845.349344
845.349344
845.349344
845.349344
845.349344
845.349344
845.349344
845.349344
845.349344
845.349344
845.349344
845.349344
845.349344
845.349344
845.349344
845.349344
845.349344
845.349344
845.349344
845.349344
845.349344
845.349344
845.349344
845.349344
845.349344
845.349344
845.349344
845.349344
845.349344
845.349344
845.349344
845.349344
845.349344
845.349344
845.349344
845.349344
845.349344
845.349344
845.349344
845.349344
845.349344
845.349344
845.349344
845.349344
845.349344
845.349344
845.349344
845.349344
845.349344
845.349344
845.349344
845.349344
845.349344
845.349344
845.349344
845.349344
845.349344
845.349344
845.349344
845.349344
845.349344
845.349344
845.349344
845.349344
845.349344
845.349344
845.349344
845.349344
845.349344
845.349344
845.349344
845.349344
845.349344
845.349344
845.349344
845.349344
845.349344
845.349344
845.349344
845.349344
845.349344
845.349344
845.349344
845.349344
845.349344
845.349344
845.349344
845.349344
845.349344
845.349344
845.349344
845.349344
845.349344
845.349344
845.349344
845.349344
845.349344
845.349344
845.349344
845.349344
845.349344
845.349344
845.349344
845.349344
845.349344
845.349344
845.349344
845.349344
845.349344
845.349344
845.349344
845.349344
845.349344
845.349344
845.349344
845.349344
845.349344
845.349344
845.349344
845.349344
845.349344
845.349344
845.349344
845.349344
845.349344
845.349344
845.349344
845.349344
845.349344
845.349344
845.349344
845.349344
845.349344
845.349344
845.349344
845.349344
845.349344
845.349344
845.349344
845.349344
845.349344
845.349344
845.349344
845.349344
845.349344
845.349344
845.349344
845.349344
845.349344
845.349344
845.349344
845.349344
845.349344
845.349344
845.349344
845.349344
845.349344
845.349344
845.349344
845.349344
845.349344
845.349344
845.349344
845.349344
845.349344
845.349344
845.349344
845.349344
845.349344
845.349344
845.349344
845.349344
845.349344
845.349344
845.349344
845.349344
845.349344
845.349344
845.349344
845.349344
845.349344
845.349344
845.349344
845.349344
845.349344
845.349344
845.349344
845.349344
845.349344
845.349344
845.349344
845.349344
845.349344
845.349344
845.349344
845.349344
845.349344
845.349344
845.349344
845.349344
845.349344
845.349344
845.349344
845.349344
845.349344
838.586549
831.891382
825.263167
818.701234
812.204921
805.773570
799.406533
793.103166
786.862834
780.684904
774.568754
768.513765
762.519326
756.584831
750.709682
744.893283
739.135049
733.434397
727.790752
722.203543
716.672207
711.196183
705.774920
700.407870
695.094490
689.834243
684.626600
679.471032
674.367021
669.314049
664.311607
659.359190
654.456297
649.602432
644.797107
640.039834
635.330135
630.667532
626.051555
621.481739
616.957620
612.478742
608.044654
603.654906
599.309055
595.006664
590.747296
586.530521
582.355915
578.223054
574.131523
570.080906
566.070796
562.100786
558.170477
554.279471
550.427375
546.613800
542.838361
539.100676
535.400368
531.737063
528.110391
524.519986
520.965484
517.446528
513.962762
510.513833
507.099393
503.719098
500.372606
497.059578
493.779681
490.532583
487.317956
484.135475
480.984819
477.865669
474.777711
471.720633
468.694125
465.697883
462.731603
459.794985
456.887734
454.009555
451.160159
448.339256
445.546562
442.781795
440.044676
437.334928
434.652277
431.996453
429.367187
426.764214
424.187270
421.636096
419.110434
416.610028
414.134627
411.683979
409.257838
406.855958
404.478098
402.124015
399.793474
397.486238
395.202074
392.940752
390.702043
388.485721
386.291563
384.119346
381.968851
379.839861
377.732161
375.645539
373.579782
371.534683
369.510035
367.505633
365.521275
363.556761
361.611892
359.686472
357.780306
355.893202
354.024968
352.175417
350.344362
348.531617
346.736999
344.960328
343.201424
341.460108
339.736206
338.029542
336.339945
334.667245
333.011271
331.371857
329.748837
328.142047
326.551326
324.976511
323.417445
321.873969
320.345928
318.833167
317.335534
315.852878
314.385048
312.931896
311.493275
310.069041
308.659050
307.263158
305.881225
304.513111
303.158679
301.817791
300.490312
299.176107
297.875045
296.586993
295.311822
294.049402
292.799607
291.562310
290.337385
289.124710
287.924162
286.735619
285.558961
284.394070
283.240828
282.099119
280.968826
279.849837
278.742037
277.645315
276.559561
275.484664
274.420516
273.367009
272.324038
271.291496
270.269280
269.257286
268.255412
267.263556
266.281619
265.309502
264.347106
263.394333
262.451089
261.517276
260.592802
259.677573
258.771496
257.874480
256.986434
256.107268
255.236894
254.375224
253.522170
252.677647
251.841569
251.013852
250.194412
249.383167
248.580034
247.784932
246.997782
246.218503
245.447016
244.683245
243.927111
243.178539
242.437452
241.703776
240.977437
240.258361
239.546476
238.841710
238.143992
237.453251
236.769417
236.092421
235.422196
234.758673
234.101785
233.451465
232.807649
232.170272
231.539268
230.914574
230.296127
229.683864
229.077724
228.477646
227.883568
227.295431
226.713175
226.136742
225.566073
225.001111
224.441799
223.888080
223.339897
222.797197
222.259924
221.728023
221.201442
220.680126
220.164023
219.653082
219.147250
218.646476
218.150710
217.659902
217.174001
216.692960
216.216729
215.745260
215.278506
214.816420
214.358955
213.906064
213.457702
213.013823
212.574384
212.139339
211.708644
211.282256
210.860132
210.442230
210.028506
209.618920
209.213429
208.811994
208.414572
208.021125
207.631613
207.245995
206.864234
206.486290
206.112126
205.741704
205.374985
205.011934
204.652513
204.296687
203.944419
203.595673
203.250415
202.908610
202.570222
202.235219
201.903565
201.575228
201.250175
200.928372
200.609787
200.294388
199.982142
199.673020
199.366988
199.064017
198.764075
198.467133
198.173161
197.882128
197.594005
197.308764
197.026375
196.746810
196.470040
196.196039
195.924777
195.656228
195.390364
195.127159
194.866587
194.608619
194.353232
194.100398
193.850093
193.602291
193.356966
193.114095
192.873653
192.635615
192.399958
192.166657
191.935689
191.707031
191.480659
191.256551
191.034685
190.815036
190.597585
190.382308
190.169183
189.958190
189.749307
189.542512
189.337786
189.135107
188.934454
188.735809
188.539149
188.344456
188.151711
187.960892
187.771982
187.584961
187.399810
187.216510
187.035044
186.855392
186.677537
186.501460
186.327144
186.154572
185.983725
185.814586
185.647139
185.481366
185.317251
185.154777
184.993928
184.834688
184.677040
184.520968
184.366457
184.213491
184.062055
183.912133
183.763710
183.616772
183.471303
183.327288
183.184714
183.043566
182.903829
182.765489
182.628533
182.492946
182.358716
182.225827
182.094268
181.964024
181.835082
181.707430
181.581054
181.455942
181.332082
181.209460
181.088064
180.967882
180.848902
180.731111
180.614499
180.499053
180.384761
180.271612
180.159594
180.048697
179.938909
179.830218
179.722615
179.616087
179.510625
179.406218
179.302854
179.200524
179.099218
178.998924
178.899634
178.801336
178.704021
178.607680
178.512302
178.417877
178.324397
178.231852
178.140232
178.049529
177.959732
177.870833
177.782824
177.695694
177.609436
177.524040
177.439499
177.355802
177.272943
177.190912
177.109702
177.029303
176.949709
176.870911
176.792900
176.715670
176.639212
176.563518
176.488582
176.414395
176.340950
176.268239
176.196255
176.124991
176.054440
175.984594
175.915447
175.846991
175.779220
175.712127
175.645704
175.579946
175.514845
175.450395
175.386590
175.323423
175.260887
175.198977
175.137686
175.077008
175.016936
174.957466
174.898590
174.840302
174.782598
174.725471
174.668915
174.612924
174.557494
174.502617
174.448290
174.394506
174.341259
174.288545
174.236359
174.184694
174.133546
174.082909
174.032778
173.983149
173.934017
173.885375
173.837220
173.789546
173.742350
173.695625
173.649367
173.603572
173.558235
173.513352
173.468917
173.424926
173.381376
173.338261
173.295577
173.253320
173.211485
173.170069
173.129067
173.088475
173.048289
173.008505
172.969118
172.930126
172.891523
172.853307
172.815472
172.778016
172.740935
172.704224
172.667881
172.631901
172.596280
172.561016
172.526105
172.491542
172.457326
172.423451
172.389915
172.356715
172.323846
172.291306
172.259092
172.227200
172.195627
172.164369
172.133424
172.102788
172.072459
172.042433
172.012708
171.983279
171.954145
171.925302
171.896748
171.868479
171.840493
171.812787
171.785358
171.758203
171.731320
171.704705
171.678357
171.652272
171.626448
171.600882
171.575572
171.550515
171.525708
171.501150
171.476837
171.452767
171.428938
171.405348
171.381993
171.358872
171.335982
171.313321
171.290886
171.268676
171.246688
171.224920
171.203369
171.182034
171.160912
171.140002
171.119301
171.098806
171.078517
171.058431
171.038545
171.018858
170.999368
170.980073
170.960971
170.942060
170.923338
170.904804
170.886454
170.868288
170.850304
170.832500
170.814874
170.797423
170.780148
170.763045
170.746113
170.729351
170.712756
170.696327
170.680063
170.663961
170.648020
170.632238
170.616615
170.601147
170.585834
170.570675
170.555667
170.540809
170.526099
170.511537
170.497120
170.482848
170.468718
170.454729
170.440881
170.427171
170.413598
170.400160
170.386858
170.373688
170.360649
170.347742
170.334963
170.322312
170.309788
170.297388
170.285113
170.272961
170.260930
170.249019
170.237228
170.225554
170.213997
170.202556
170.191229
170.180015
170.168914
170.157924
170.147043
170.136271
170.125607
170.115050
170.104598
170.094251
170.084007
170.073866
170.063826
170.053886
170.044046
170.034304
170.024660
170.015112
170.005659
169.996301
169.987037
169.977865
169.968785
169.959796
169.950897
169.942087
169.933365
169.924730
169.916181
169.907718
169.899339
169.891045
169.882833
169.874703
169.866655
169.858687
169.850799
169.842990
169.835258
169.827605
169.820027
169.812526
169.805099
169.797747
169.790468
169.783262
169.776128
169.769065
169.762073
169.755151
169.748299
169.741514
169.734798
169.728149
169.721566
169.715049
169.708597
169.702210
169.695886
169.689626
169.683429
169.677293
169.671219
169.665205
169.659252
169.653358
169.647523
169.641747
169.636028
169.630366
169.624761
169.619212
169.613719
169.608280
169.602896
169.597566
169.592289
169.587065
169.581893
169.576773
169.571704
169.566685
169.561717
169.556799
169.551929
169.547109
169.542336
169.537612
169.532934
169.528303
169.523719
169.519181
169.514688
169.510239
169.505836
169.501476
169.497160
169.492887
169.488657
169.484469
169.480323
169.476218
169.472155
169.468132
169.464149
169.460207
169.456303
169.452439
169.448613
169.444826
169.441076
169.437364
169.433689
169.430051
169.426449
169.422883
169.419353
169.415858
169.412398
169.408973
169.405582
169.402225
169.398901
169.395611
169.392354
169.389129
169.385936
169.382776
169.379646
169.376549
169.373482
169.370446
169.367440
169.364464
169.361518
169.358602
169.355714
169.352856
169.350026
169.347225
169.344451
169.341705
169.338987
169.336296
169.333631
169.330994
169.328383
169.325797
169.323238
169.320704
169.318196
169.315713
169.313254
169.310820
169.308411
169.306026
169.303664
169.301326
169.299011
169.296720
169.294451
169.292206
169.289982
169.287781
169.285602
169.283445
169.281309
169.279195
169.277101
169.275029
169.272977
169.270946
169.268936
169.266945
169.264974
169.263023
169.261091
169.259179
169.257286
169.255412
169.253557
169.251720
169.249901
169.248101
169.246319
169.244554
169.242807
169.241078
169.239366
169.237671
169.235993
169.234331
169.232687
169.231059
169.229447
169.227851
169.226271
169.224707
169.223159
169.221626
169.220108
169.218606
169.217119
169.215646
169.214188
169.212745
169.211316
169.209902
169.208501
169.207115
169.205743
169.204384
169.203039
169.201707
169.200389
169.199084
169.197791
169.196512
169.195246
169.193992
169.192751
169.191522
169.190305
169.189101
169.187909
169.186728
169.185560
169.184403
169.183257
169.182124
169.181001
169.179890
169.178789
169.177700
169.176622
169.175554
169.174498
169.173451
169.172415
169.171390
169.170375
169.169370
169.168375
169.167390
169.166414
169.165449
169.164493
169.163547
169.162610
169.161683
169.160765
169.159856
169.158956
169.158065
169.157183
169.156310
169.155445
169.154590
169.153742
169.152904
169.152073
169.151251
169.150437
169.149632
169.148834
169.148044
169.147263
169.146489
169.145723
169.144964
169.144213
169.143470
169.142734
169.142005
169.141284
169.140569
169.139862
169.139163
169.138470
169.137784
169.137104
169.136432
169.135766
169.135107
169.134455
169.133809
169.133170
169.132537
169.131910
169.131290
169.130676
169.130067
169.129465
169.128869
169.128279
169.127695
169.127117
169.126545
169.125978
169.125417
169.124861
169.124311
169.123767
169.123228
169.122694
169.122166
169.121643
169.121125
169.120613
169.120105
169.119603
169.119106
169.118613
169.118126
169.117643
169.117166
169.116693
169.116224
169.115761
169.115302
169.114848
169.114398
169.113952
169.113512
169.113075
169.112643
169.112215
169.111792
169.111373
169.110958
169.110547
169.110140
169.109737
169.109339
169.108944
169.108553
169.108166
169.107783
169.107404
169.107029
169.106657
169.106289
169.105925
169.105565
169.105208
169.104854
169.104504
169.104158
169.103815
169.103476
169.103140
169.102807
169.102478
169.102151
169.101829
169.101509
169.101193
169.100879
169.100569
169.100262
169.099958
169.099657
169.099360
169.099065
169.098773
169.098484
169.098197
169.097914
169.097634
169.097356
169.097081
169.096809
169.096540
169.096273
169.096009
169.095748
169.095489
169.095233
169.094979
169.094728
169.094479
169.094233
169.093989
169.093748
169.093509
169.093273
169.093039
169.092807
169.092578
169.092351
169.092126
169.091903
169.091683
169.091465
169.091249
169.091035
169.090824
169.090614
169.090407
169.090201
169.089998
169.089797
169.089597
169.089400
169.089205
169.089011
169.088820
169.088630
169.088443
169.088257
169.088073
169.087891
169.087711
169.087532
169.087356
169.087181
169.087008
169.086836
169.086667
169.086499
169.086332
169.086168
169.086005
169.085843
169.085684
169.085526
169.085369
169.085214
169.085061
169.084909
169.084758
169.084609
169.084462
169.084316
169.084172
169.084029
169.083887
169.083747
169.083608
169.083471
169.083335
169.083200
169.083067
169.082935
169.082804
169.082675
169.082547
169.082420
169.082294
169.082170
169.082047
169.081925
169.081805
169.081685
169.081567
169.081450
169.081334
169.081220
169.081106
169.080994
169.080883
169.080772
169.080663
169.080555
169.080449
169.080343
169.080238
169.080134
169.080032
169.079930
169.079829
169.079730
169.079631
169.079534
169.079437
169.079341
169.079247
169.079153
169.079060
169.078968
169.078877
169.078787
169.078698
169.078609
169.078522
169.078436
169.078350
169.078265
169.078181
169.078098
169.078016
169.077934
169.077854
169.077774
169.077695
169.077616
169.077539
169.077462
169.077386
169.077311
169.077237
169.077163
169.077090
169.077018
169.076946
169.076876
169.076806
169.076736
169.076667
169.076599
169.076532
169.076466
169.076400
169.076334
169.076270
169.076206
169.076142
169.076080
169.076017
169.075956
169.075895
169.075835
169.075775
169.075716
169.075658
169.075600
169.075542
169.075486
169.075429
169.075374
169.075319
169.075264
169.075210
169.075157
169.075104
169.075052
169.075000
169.074949
169.074898
169.074847
169.074798
169.074748
169.074700
169.074651
169.074603
169.074556
169.074509
169.074463
169.074417
169.074371
169.074326
169.074282
169.074238
169.074194
169.074151
169.074108
169.074066
169.074024
169.073982
169.073941
169.073900
169.073860
169.073820
169.073780
169.073741
169.073703
169.073664
169.073626
169.073589
169.073552
169.073515
169.073478
169.073442
169.073406
169.073371
169.073336
169.073301
169.073267
169.073233
169.073199
169.073166
169.073133
169.073100
169.073068
169.073036
169.073004
169.072973
169.072942
169.072911
169.072881
169.072851
169.072821
169.072791
169.072762
169.072733
169.072705
169.072676
169.072648
169.072620
169.072593
169.072566
169.072539
169.072512
169.072486
169.072459
169.072434
169.072408
169.072382
169.072357
169.072332
169.072308
169.072283
169.072259
169.072235
169.072212
169.072188
169.072165
169.072142
169.072119
169.072097
169.072075
169.072053
169.072031
169.072009
169.071988
169.071966
169.071946
169.071925
169.071904
169.071884
169.071864
169.071844
169.071824
169.071804
169.071785
169.071766
169.071747
169.071728
169.071710
169.071691
169.071673
169.071655
169.071637
169.071619
169.071602
169.071585
169.071567
169.071550
169.071534
169.071517
169.071500
169.071484
169.071468
169.071452
169.071436
169.071420
169.071405
169.071390
169.071374
169.071359
169.071344
169.071330
169.071315
169.071301
169.071286
169.071272
169.071258
169.071244
169.071230
169.071217
169.071203
169.071190
169.071177
169.071164
169.071151
169.071138
169.071125
169.071113
169.071100
169.071088
169.071076
169.071064
169.071052
169.071040
169.071028
169.071017
169.071005
169.070994
169.070982
169.070971
169.070960
169.070949
169.070939
169.070928
169.070917
169.070907
169.070896
169.070886
169.070876
169.070866
169.070856
169.070846
169.070836
169.070827
169.070817
169.070808
169.070798
169.070789
169.070780
169.070771
169.070762
169.070753
169.070744
169.070735
169.070726
169.070718
169.070709
169.070701
169.070693
169.070684
169.070676
169.070668
169.070660
169.070652
169.070644
169.070637
169.070629
169.070621
169.070614
169.070606
169.070599
169.070592
169.070584
169.070577
169.070570
169.070563
169.070556
169.070549
169.070543
169.070536
169.070529
169.070523
169.070516
169.070510
169.070503
169.070497
169.070491
169.070484
169.070478
169.070472
169.070466
169.070460
169.070454
169.070448
169.070442
169.070437
169.070431
169.070425
169.070420
169.070414
169.070409
169.070404
169.070398
169.070393
169.070388
169.070382
169.070377
169.070372
169.070367
169.070362
169.070357
169.070352
169.070348
169.070343
169.070338
169.070333
169.070329
169.070324
169.070320
169.070315
169.070311
169.070306
169.070302
169.070297
169.070293
169.070289
169.070285
169.070281
169.070276
169.070272
169.070268
169.070264
169.070260
169.070256
169.070253
169.070249
169.070245
169.070241
169.070237
169.070234
169.070230
169.070227
169.070223
169.070219
169.070216
169.070212
169.070209
169.070206
169.070202
169.070199
169.070196
169.070192
169.070189
169.070186
169.070183
169.070180
169.070176
169.070173
169.070170
169.070167
169.070164
169.070161
169.070158
169.070156
169.070153
169.070150
169.070147
169.070144
169.070141
169.070139
169.070136
169.070133
169.070131
169.070128
169.070126
169.070123
169.070120
169.070118
169.070115
169.070113
169.070111
169.070108
169.070106
169.070103
169.070101
169.070099
169.070096
169.070094
169.070092
169.070090
169.070087
169.070085
169.070083
169.070081
169.070079
169.070077
169.070075
169.070073
169.070071
169.070068
169.070066
169.070065
169.070063
169.070061
169.070059
169.070057
169.070055
169.070053
169.070051
169.070049
169.070048
169.070046
169.070044
169.070042
169.070041
169.070039
169.070037
169.070035
169.070034
169.070032
169.070030
169.070029
169.070027
169.070026
169.070024
169.070023
169.070021
169.070020
169.070018
169.070017
169.070015
169.070014
169.070012
169.070011
169.070009
169.070008
169.070006
169.070005
169.070004
169.070002
169.070001
169.070000
169.069998
169.069997
169.069996
169.069995
169.069993
169.069992
169.069991
169.069990
169.069988
169.069987
169.069986
169.069985
169.069984
169.069983
169.069981
169.069980
169.069979
169.069978
169.069977
169.069976
169.069975
169.069974
169.069973
169.069972
169.069971
169.069970
169.069969
169.069968
169.069967
169.069966
169.069965
169.069964
169.069963
169.069962
169.069961
169.069960
169.069959
169.069958
169.069957
169.069956
169.069956
169.069955
169.069954
169.069953
169.069952
169.069951
169.069950
169.069950
169.069949
169.069948
169.069947
169.069946
169.069946
169.069945
169.069944
169.069943
169.069943
169.069942
169.069941
169.069940
169.069940
169.069939
169.069938
169.069938
169.069937
169.069936
169.069936
169.069935
169.069934
169.069934
169.069933
169.069932
169.069932
169.069931
169.069930
169.069930
169.069929
169.069929
169.069928
169.069927
169.069927
169.069926
169.069926
169.069925
169.069925
169.069924
169.069923
169.069923
169.069922
169.069922
169.069921
169.069921
169.069920
169.069920
169.069919
169.069919
169.069918
169.069918
169.069917
169.069917
169.069916
169.069916
169.069915
169.069915
169.069914
169.069914
169.069913
169.069913
169.069913
169.069912
169.069912
169.069911
169.069911
169.069910
169.069910
169.069910
169.069909
169.069909
169.069908
169.069908
169.069908
169.069907
169.069907
169.069906
169.069906
169.069906
169.069905
169.069905
169.069905
169.069904
169.069904
169.069904
169.069903
169.069903
169.069903
169.069902
169.069902
169.069902
169.069901
169.069901
169.069901
169.069900
169.069900
169.069900
169.069899
169.069899
169.069899
169.069898
169.069898
169.069898
169.069898
169.069897
169.069897
169.069897
169.069896
169.069896
169.069896
169.069896
169.069895
169.069895
169.069895
169.069894
169.069894
169.069894
169.069894
169.069893
169.069893
169.069893
169.069893
169.069893
169.069892
169.069892
169.069892
169.069892
169.069891
169.069891
169.069891
169.069891
169.069890
169.069890
169.069890
169.069890
169.069890
169.069889
169.069889
169.069889
169.069889
169.069889
169.069888
169.069888
169.069888
169.069888
169.069888
169.069887
169.069887
169.069887
169.069887
169.069887
169.069887
169.069886
169.069886
169.069886
169.069886
169.069886
169.069885
169.069885
169.069885
169.069885
169.069885
169.069885
169.069885
169.069884
169.069884
169.069884
169.069884
169.069884
169.069884
169.069883
169.069883
169.069883
169.069883
169.069883
169.069883
169.069883
169.069882
169.069882
169.069882
169.069882
169.069882
169.069882
169.069882
169.069882
169.069881
169.069881
169.069881
169.069881
169.069881
169.069881
169.069881
169.069881
169.069880
169.069880
169.069880
169.069880
169.069880
169.069880
169.069880
169.069880
169.069880
169.069879
169.069879
169.069879
169.069879
169.069879
169.069879
169.069879
169.069879
169.069879
169.069878
169.069878
169.069878
169.069878
169.069878
169.069878
169.069878
169.069878
169.069878
169.069878
169.069878
169.069877
169.069877
169.069877
169.069877
169.069877
169.069877
169.069877
169.069877
169.069877
169.069877
169.069877
169.069877
169.069876
169.069876
169.069876
169.069876
169.069876
169.069876
169.069876
169.069876
169.069876
169.069876
169.069876
169.069876
169.069876
169.069876
169.069875
169.069875
169.069875
169.069875
169.069875
169.069875
169.069875
169.069875
169.069875
169.069875
169.069875
169.069875
169.069875
169.069875
169.069875
169.069875
169.069874
169.069874
169.069874
169.069874
169.069874
169.069874
169.069874
169.069874
169.069874
169.069874
169.069874
169.069874
169.069874
169.069874
169.069874
169.069874
169.069874
169.069874
169.069874
169.069873
169.069873
169.069873
169.069873
169.069873
169.069873
169.069873
169.069873
169.069873
169.069873
169.069873
169.069873
169.069873
169.069873
169.069873
169.069873
169.069873
169.069873
169.069873
169.069873
169.069873
169.069873
169.069873
169.069873
169.069872
169.069872
169.069872
169.069872
169.069872
169.069872
169.069872
169.069872
169.069872
169.069872
169.069872
169.069872
169.069872
169.069872
169.069872
169.069872
169.069872
169.069872
169.069872
169.069872
169.069872
169.069872
169.069872
169.069872
169.069872
169.069872
169.069872
169.069872
169.069872
169.069872
169.069872
169.069872
169.069871
169.069871
169.069871
169.069871
169.069871
169.069871
169.069871
169.069871
169.069871
169.069871
169.069871
169.069871
169.069871
169.069871
169.069871
169.069871
169.069871
169.069871
169.069871
169.069871
169.069871
169.069871
169.069871
169.069871
169.069871
169.069871
169.069871
169.069871
169.069871
169.069871
169.069871
169.069871
169.069871
169.069871
169.069871
169.069871
169.069871
169.069871
169.069871
169.069871
169.069871
169.069871
169.069871
169.069871
169.069871
169.069871
169.069870
169.069870
169.069870
169.069870
169.069870
169.069870
169.069870
169.069870
169.069870
169.069870
169.069870
169.069870
169.069870
169.069870
169.069870
169.069870
169.069870
169.069870
169.069870
169.069870
169.069870
169.069870
169.069870
169.069870
169.069870
169.069870
169.069870
169.069870
169.069870
169.069870
169.069870
169.069870
169.069870
169.069870
169.069870
169.069870
169.069870
169.069870
169.069870
169.069870
169.069870
169.069870
169.069870
169.069870
169.069870
169.069870
169.069870
169.069870
169.069870
169.069870
169.069870
169.069870
169.069870
169.069870
169.069870
169.069870
169.069870
169.069870
169.069870
169.069870
169.069870
169.069870
169.069870
169.069870
169.069870
169.069870
169.069870
169.069870
169.069870
169.069870
169.069870
169.069870
169.069870
169.069870
169.069870
169.069870
169.069870
169.069870
169.069870
169.069870
169.069870
169.069870
169.069870
169.069870
169.069870
169.069870
169.069870
169.069870
169.069869
169.069869
169.069869
169.069869
169.069869
169.069869
169.069869
169.069869
169.069869
169.069869
169.069869
169.069869
169.069869
169.069869
169.069869
169.069869
169.069869
169.069869
169.069869
169.069869
169.069869
169.069869
169.069869
169.069869
169.069869
169.069869
169.069869
169.069869
169.069869
169.069869
169.069869
169.069869
169.069869
169.069869
169.069869
169.069869
169.069869
169.069869
169.069869
169.069869
169.069869
169.069869
169.069869
169.069869
169.069869
169.069869
169.069869
169.069869
169.069869
169.069869
169.069869
169.069869
169.069869
169.069869
169.069869
169.069869
169.069869
169.069869
169.069869
169.069869
169.069869
169.069869
169.069869
169.069869
169.069869
169.069869
169.069869
169.069869
169.069869
169.069869
169.069869
169.069869
169.069869
169.069869
169.069869
169.069869
169.069869
169.069869
169.069869
169.069869
169.069869
169.069869
169.069869
169.069869
169.069869
169.069869
169.069869
169.069869
169.069869
169.069869
169.069869
169.069869
169.069869
169.069869
169.069869
169.069869
169.069869
169.069869
169.069869
169.069869
169.069869
169.069869
169.069869
169.069869
169.069869
169.069869
169.069869
169.069869
169.069869
169.069869
169.069869
169.069869
169.069869
169.069869
169.069869
169.069869
169.069869
169.069869
169.069869
169.069869
169.069869
169.069869
169.069869
169.069869
169.069869
169.069869
169.069869
169.069869
169.069869
169.069869
169.069869
169.069869
169.069869
169.069869
169.069869
169.069869
169.069869
169.069869
169.069869
169.069869
169.069869
169.069869
169.069869
169.069869
169.069869
169.069869
169.069869
169.069869
169.069869
169.069869
169.069869
169.069869
169.069869
169.069869
169.069869
169.069869
169.069869
169.069869
169.069869
169.069869
169.069869
169.069869
169.069869
169.069869
169.069869
169.069869
169.069869
169.069869
169.069869
169.069869
169.069869
169.069869
169.069869
169.069869
169.069869
169.069869
169.069869
169.069869
169.069869
169.069869
169.069869
169.069869
169.069869
169.069869
169.069869
169.069869
169.069869
169.069869
169.069869
169.069869
169.069869
169.069869
169.069869
169.069869
169.069869
169.069869
169.069869
169.069869
169.069869
169.069869
169.069869
169.069869
169.069869
169.069869
169.069869
169.069869
169.069869
169.069869
169.069869
169.069869
169.069869
169.069869
169.069869
169.069869
169.069869
169.069869
169.069869
169.069869
169.069869
169.069869
169.069869
169.069869
169.069869
169.069869
169.069869
169.069869
169.069869
169.069869
169.069869
169.069869
169.069869
169.069869
169.069869
169.069869
169.069869
169.069869
169.069869
169.069869
169.069869
169.069869
169.069869
169.069869
169.069869
169.069869
169.069869
169.069869
169.069869
169.069869
169.069869
169.069869
169.069869
169.069869
169.069869
169.069869
169.069869
169.069869
169.069869
169.069869
169.069869
169.069869
169.069869
169.069869
169.069869
169.069869
169.069869
169.069869
169.069869
169.069869
169.069869
169.069869
169.069869
169.069869
169.069869
169.069869
169.069869
169.069869
169.069869
169.069869
169.069869
169.069869
169.069869
169.069869
169.069869
169.069869
169.069869
169.069869
169.069869
169.069869
169.069869
169.069869
169.069869
169.069869
169.069869
169.069869
169.069869
169.069869
169.069869
169.069869
169.069869
169.069869
169.069869
169.069869
169.069869
169.069869
169.069869
169.069869
169.069869
169.069869
169.069869
169.069869
169.069869
169.069869
169.069869
169.069869
169.069869
169.069869
169.069869
169.069869
169.069869
169.069869
169.069869
169.069869
169.069869
169.069869
169.069869
169.069869
169.069869
169.069869
169.069869
169.069869
169.069869
169.069869
169.069869
169.069869
169.069869
169.069869
169.069869
169.069869
169.069869
169.069869
169.069869
169.069869
169.069869
169.069869
169.069869
169.069869
169.069869
169.069869
169.069869
169.069869
169.069869
169.069869
169.069869
169.069869
169.069869
169.069869
169.069869
169.069869
169.069869
169.069869
169.069869
169.069869
169.069869
169.069869
169.069869
169.069869
169.069869
169.069869
169.069869
169.069869
169.069869
169.069869
169.069869
169.069869
169.069869
169.069869
169.069869
169.069869
169.069869
169.069869
169.069869
169.069869
169.069869
169.069869
169.069869
169.069869
169.069869
169.069869
169.069869
169.069869
169.069869
169.069869
169.069869
169.069869
169.069869
169.069869
169.069869
169.069869
169.069869
169.069869
169.069869
169.069869
169.069869
169.069869
169.069869
169.069869
169.069869
169.069869
169.069869
169.069869
169.069869
169.069869
169.069869
169.069869
169.069869
169.069869
169.069869
169.069869
169.069869
169.069869
169.069869
169.069869
169.069869
169.069869
169.069869
169.069869
169.069869
169.069869
169.069869
169.069869
169.069869
169.069869
169.069869
169.069869
169.069869
169.069869
169.069869
169.069869
169.069869
169.069869
169.069869
169.069869
169.069869
167.379170
165.705378
164.048325
162.407841
160.783763
159.175925
157.584166
156.008324
154.448241
152.903759
151.374721
149.860974
148.362364
146.878741
145.409953
143.955854
142.516295
141.091132
139.680221
138.283419
136.900584
135.531579
134.176263
132.834500
131.506155
130.191094
128.889183
127.600291
126.324288
125.061045
123.810435
122.572330
121.346607
120.133141
118.931810
117.742491
116.565066
115.399416
114.245422
113.102967
111.971938
110.852218
109.743696
108.646259
107.559797
106.484199
105.419357
104.365163
103.321512
102.288296
101.265413
100.252759
99.250232
98.257729
97.275152
96.302401
95.339377
94.385983
93.442123
92.507702
91.582625
90.666798
89.760130
88.862529
87.973904
87.094165
86.223223
85.360991
84.507381
83.662307
82.825684
81.997427
81.177453
80.365679
79.562022
78.766402
77.978738
77.198950
76.426961
75.662691
74.906064
74.157003
73.415433
72.681279
71.954466
71.234922
70.522572
69.817347
69.119173
68.427982
67.743702
67.066265
66.395602
65.731646
65.074330
64.423586
63.779350
63.141557
62.510141
61.885040
61.266190
60.653528
60.046992
59.446522
58.852057
58.263537
57.680901
57.104092
56.533051
55.967721
55.408044
54.853963
54.305424
53.762369
53.224746
52.692498
52.165573
51.643917
51.127478
50.616203
50.110041
49.608941
49.112852
48.621723
48.135506
47.654151
47.177609
46.705833
46.238775
45.776387
45.318623
44.865437
44.416783
43.972615
43.532889
43.097560
42.666584
42.239918
41.817519
41.399344
40.985351
40.575497
40.169742
39.768045
39.370364
38.976661
38.586894
38.201025
37.819015
37.440825
37.066416
36.695752
36.328795
35.965507
35.605852
35.249793
34.897295
34.548322
34.202839
33.860811
33.522203
33.186981
32.855111
32.526560
32.201294
31.879281
31.560488
31.244883
30.932435
30.623110
30.316879
30.013710
29.713573
29.416437
29.122273
28.831050
28.542740
28.257312
27.974739
27.694992
27.418042
27.143862
26.872423
26.603699
26.337662
26.074285
25.813542
25.555407
25.299853
25.046854
24.796386
24.548422
24.302938
24.059908
23.819309
23.581116
23.345305
23.111852
22.880733
22.651926
22.425407
22.201153
21.979141
21.759350
21.541756
21.326339
21.113075
20.901945
20.692925
20.485996
20.281136
20.078325
19.877541
19.678766
19.481978
19.287158
19.094287
18.903344
18.714311
18.527167
18.341896
18.158477
17.976892
17.797123
17.619152
17.442960
17.268531
17.095845
16.924887
16.755638
16.588082
16.422201
16.257979
16.095399
15.934445
15.775101
15.617350
15.461176
15.306564
15.153499
15.001964
14.851944
14.703425
14.556390
14.410827
14.266718
14.124051
13.982811
13.842983
13.704553
13.567507
13.431832
13.297514
13.164539
13.032893
12.902564
12.773539
12.645803
12.519345
12.394152
12.270210
12.147508
12.026033
11.905773
11.786715
11.668848
11.552159
11.436638
11.322271
11.209049
11.096958
10.985989
10.876129
10.767367
10.659694
10.553097
10.447566
10.343090
10.239659
10.137263
10.035890
9.935531
9.836176
9.737814
9.640436
9.544032
9.448591
9.354105
9.260564
9.167959
9.076279
8.985516
8.895661
8.806705
8.718638
8.631451
8.545137
8.459685
8.375088
8.291338
8.208424
8.126340
8.045077
7.964626
7.884979
7.806130
7.728068
7.650788
7.574280
7.498537
7.423552
7.349316
7.275823
7.203065
7.131034
7.059724
6.989127
6.919235
6.850043
6.781542
6.713727
6.646590
6.580124
6.514323
6.449179
6.384688
6.320841
6.257632
6.195056
6.133105
6.071774
6.011057
5.950946
5.891437
5.832522
5.774197
5.716455
5.659291
5.602698
5.546671
5.491204
5.436292
5.381929
5.328110
5.274829
5.222080
5.169860
5.118161
5.066979
5.016310
4.966146
4.916485
4.867320
4.818647
4.770460
4.722756
4.675528
4.628773
4.582485
4.536660
4.491294
4.446381
4.401917
4.357898
4.314319
4.271176
4.228464
4.186179
4.144318
4.102874
4.061846
4.021227
3.981015
3.941205
3.901793
3.862775
3.824147
3.785906
3.748046
3.710566
3.673460
3.636726
3.600358
3.564355
3.528711
3.493424
3.458490
3.423905
3.389666
3.355769
3.322212
3.288990
3.256100
3.223539
3.191303
3.159390
3.127796
3.096518
3.065553
3.034898
3.004549
2.974503
2.944758
2.915311
2.886158
2.857296
2.828723
2.800436
2.772431
2.744707
2.717260
2.690087
2.663187
2.636555
2.610189
2.584087
2.558246
2.532664
2.507337
2.482264
2.457441
2.432867
2.408538
2.384453
2.360608
2.337002
2.313632
2.290496
2.267591
2.244915
2.222466
2.200241
2.178239
2.156456
2.134892
2.113543
2.092407
2.071483
2.050769
2.030261
2.009958
1.989859
1.969960
1.950260
1.930758
1.911450
1.892336
1.873412
1.854678
1.836132
1.817770
1.799592
1.781597
1.763781
1.746143
1.728681
1.711395
1.694281
1.677338
1.660564
1.643959
1.627519
1.611244
1.595132
1.579180
1.563388
1.547755
1.532277
1.516954
1.501785
1.486767
1.471899
1.457180
1.442608
1.428182
1.413900
1.399761
1.385764
1.371906
1.358187
1.344605
1.331159
1.317848
1.304669
1.291622
1.278706
1.265919
1.253260
1.240727
1.228320
1.216037
1.203877
1.191838
1.179919
1.168120
1.156439
1.144875
1.133426
1.122092
1.110871
1.099762
1.088764
1.077877
1.067098
1.056427
1.045863
1.035404
1.025050
1.014800
1.004652
0.994605
0.984659
0.974812
0.965064
0.955414
0.945859
0.936401
0.927037
0.917767
0.908589
0.899503
0.890508
0.881603
0.872787
0.864059
0.855418
0.846864
0.838396
0.830012
0.821711
0.813494
0.805359
0.797306
0.789333
0.781439
0.773625
0.765889
0.758230
0.750648
0.743141
0.735710
0.728353
0.721069
0.713858
0.706720
0.699653
0.692656
0.685730
0.678872
0.672084
0.665363
0.658709
0.652122
0.645601
0.639145
0.632753
0.626426
0.620161
0.613960
0.607820
0.601742
0.595725
0.589767
0.583870
0.578031
0.572251
0.566528
0.560863
0.555254
0.549702
0.544205
0.538763
0.533375
0.528041
0.522761
0.517533
0.512358
0.507234
0.502162
0.497140
0.492169
0.487247
0.482375
0.477551
0.472776
0.468048
0.463367
0.458734
0.454146
0.449605
0.445109
0.440658
0.436251
0.431889
0.427570
0.423294
0.419061
0.414871
0.410722
0.406615
0.402548
0.398523
0.394538
0.390592
0.386686
0.382820
0.378991
0.375201
0.371449
0.367735
0.364058
0.360417
0.356813
0.353245
0.349712
0.346215
0.342753
0.339325
0.335932
0.332573
0.329247
0.325955
0.322695
0.319468
0.316274
0.313111
0.309980
0.306880
0.303811
0.300773
0.297765
0.294788
0.291840
0.288921
0.286032
0.283172
0.280340
0.277537
0.274761
0.272014
0.269294
0.266601
0.263935
0.261295
0.258682
0.256095
0.253535
0.250999
0.248489
0.246004
0.243544
0.241109
0.238698
0.236311
0.233948
0.231608
0.229292
0.226999
0.224729
0.222482
0.220257
0.218054
0.215874
0.213715
0.211578
0.209462
0.207368
0.205294
0.203241
0.201209
0.199197
0.197205
0.195233
0.193280
0.191347
0.189434
0.187540
0.185664
0.183808
0.181969
0.180150
0.178348
0.176565
0.174799
0.173051
0.171321
0.169607
0.167911
0.166232
0.164570
0.162924
0.161295
0.159682
0.158085
0.156504
0.154939
0.153390
0.151856
0.150337
0.148834
0.147346
0.145872
0.144414
0.142969
0.141540
0.140124
0.138723
0.137336
0.135963
0.134603
0.133257
0.131924
0.130605
0.129299
0.128006
0.126726
0.125459
0.124204
0.122962
0.121732
0.120515
0.119310
0.118117
0.116936
0.115766
0.114609
0.113463
0.112328
0.111205
0.110093
0.108992
0.107902
0.106823
0.105755
0.104697
0.103650
0.102614
0.101587
0.100572
0.099566
0.098570
0.097584
0.096609
0.095643
0.094686
0.093739
0.092802
0.091874
0.090955
0.090046
0.089145
0.088254
0.087371
0.086497
0.085632
0.084776
0.083928
0.083089
0.082258
0.081436
0.080621
0.079815
0.079017
0.078227
0.077444
0.076670
0.075903
0.075144
0.074393
0.073649
0.072912
0.072183
0.071461
0.070747
0.070039
0.069339
0.068646
0.067959
0.067280
0.066607
0.065941
0.065281
0.064628
0.063982
0.063342
0.062709
0.062082
0.061461
0.060846
0.060238
0.059636
0.059039
0.058449
0.057864
0.057286
0.056713
0.056146
0.055584
0.055028
0.054478
0.053933
0.053394
0.052860
0.052331
0.051808
0.051290
0.050777
0.050269
0.049767
0.049269
0.048776
0.048289
0.047806
0.047328
0.046854
0.046386
0.045922
0.045463
0.045008
0.044558
0.044112
0.043671
0.043235
0.042802
0.042374
0.041950
0.041531
0.041116
0.040705
0.040297
0.039894
0.039496
0.039101
0.038710
0.038322
0.037939
0.037560
0.037184
0.036812
0.036444
0.036080
0.035719
0.035362
0.035008
0.034658
0.034312
0.033968
0.033629
0.033293
0.032960
0.032630
0.032304
0.031981
0.031661
0.031344
0.031031
0.030720
0.030413
0.030109
0.029808
0.029510
0.029215
0.028923
0.028633
0.028347
0.028064
0.027783
0.027505
0.027230
0.026958
0.026688
0.026421
0.026157
0.025896
0.025637
0.025380
0.025126
0.024875
0.024626
0.024380
0.024136
0.023895
0.023656
0.023420
0.023185
0.022953
0.022724
0.022497
0.022272
0.022049
0.021829
0.021610
0.021394
0.021180
0.020968
0.020759
0.020551
0.020346
0.020142
0.019941
0.019741
0.019544
0.019348
0.019155
0.018963
0.018774
0.018586
0.018400
0.018216
0.018034
0.017854
0.017675
0.017498
0.017323
0.017150
0.016979
0.016809
0.016641
0.016474
0.016310
0.016147
0.015985
0.015825
0.015667
0.015510
0.015355
0.015202
0.015050
0.014899
0.014750
0.014603
0.014457
0.014312
0.014169
0.014027
0.013887
0.013748
0.013611
0.013475
0.013340
0.013206
0.013074
0.012944
0.012814
0.012686
0.012559
0.012434
0.012309
0.012186
0.012064
0.011944
0.011824
0.011706
0.011589
0.011473
0.011358
0.011245
0.011132
0.011021
0.010911
0.010802
0.010694
0.010587
0.010481
0.010376
0.010272
0.010169
0.010068
0.009967
0.009867
0.009769
0.009671
0.009574
0.009479
0.009384
0.009290
0.009197
0.009105
0.009014
0.008924
0.008835
0.008746
0.008659
0.008572
0.008487
0.008402
0.008318
0.008235
0.008152
0.008071
0.007990
0.007910
0.007831
0.007753
0.007675
0.007598
0.007522
0.007447
0.007373
0.007299
0.007226
0.007154
0.007082
0.007011
0.006941
0.006872
0.006803
0.006735
0.006668
0.006601
0.006535
0.006470
0.006405
0.006341
0.006278
0.006215
0.006153
0.006091
0.006030
0.005970
0.005910
0.005851
0.005793
0.005735
0.005677
0.005621
0.005564
0.005509
0.005454
0.005399
0.005345
0.005292
0.005239
0.005186
0.005134
0.005083
0.005032
0.004982
0.004932
0.004883
0.004834
0.004786
0.004738
0.004690
0.004643
0.004597
0.004551
0.004506
0.004461
0.004416
0.004372
0.004328
0.004285
0.004242
0.004199
0.004157
0.004116
0.004075
0.004034
0.003994
0.003954
0.003914
0.003875
0.003836
0.003798
0.003760
0.003722
0.003685
0.003648
0.003612
0.003576
0.003540
0.003505
0.003469
0.003435
0.003400
0.003366
0.003333
0.003299
0.003266
0.003234
0.003201
0.003169
0.003138
0.003106
0.003075
0.003045
0.003014
0.002984
0.002954
0.002925
0.002895
0.002866
0.002838
0.002809
0.002781
0.002753
0.002726
0.002699
0.002672
0.002645
0.002618
0.002592
0.002566
0.002541
0.002515
0.002490
0.002465
0.002441
0.002416
0.002392
0.002368
0.002344
0.002321
0.002298
0.002275
0.002252
0.002230
0.002207
0.002185
0.002163
0.002142
0.002120
0.002099
0.002078
0.002057
0.002037
0.002016
0.001996
0.001976
0.001956
0.001937
0.001918
0.001898
0.001879
0.001861
0.001842
0.001824
0.001805
0.001787
0.001769
0.001752
0.001734
0.001717
0.001700
0.001683
0.001666
0.001649
0.001633
0.001616
0.001600
0.001584
0.001568
0.001553
0.001537
0.001522
0.001507
0.001491
0.001477
0.001462
0.001447
0.001433
0.001418
0.001404
0.001390
0.001376
0.001363
0.001349
0.001335
0.001322
0.001309
0.001296
0.001283
0.001270
0.001257
0.001245
0.001232
0.001220
0.001208
0.001196
0.001184
0.001172
0.001160
0.001149
0.001137
0.001126
0.001114
0.001103
0.001092
0.001081
0.001070
0.001060
0.001049
0.001039
0.001028
0.001018
0.001008
0.000998
0.000988
0.000978
0.000968
0.000958
0.000949
0.000939
0.000930
0.000921
0.000911
0.000902
0.000893
0.000884
0.000876
0.000867
0.000858
0.000850
0.000841
0.000833
0.000824
0.000816
0.000808
0.000800
0.000792
0.000784
0.000776
0.000768
0.000761
0.000753
0.000746
0.000738
0.000731
0.000723
0.000716
0.000709
0.000702
0.000695
0.000688
0.000681
0.000674
0.000667
0.000661
0.000654
0.000648
0.000641
0.000635
0.000628
0.000622
0.000616
0.000610
0.000604
0.000598
0.000592
0.000586
0.000580
0.000574
0.000568
0.000563
0.000557
0.000551
0.000546
0.000540
0.000535
0.000530
0.000524
0.000519
0.000514
0.000509
0.000504
0.000499
0.000494
0.000489
0.000484
0.000479
0.000474
0.000470
0.000465
0.000460
0.000456
0.000451
0.000447
0.000442
0.000438
0.000433
0.000429
0.000425
0.000420
0.000416
0.000412
0.000408
0.000404
0.000400
0.000396
0.000392
0.000388
0.000384
0.000380
0.000376
0.000373
0.000369
0.000365
0.000362
0.000358
0.000354
0.000351
0.000347
0.000344
0.000340
0.000337
0.000334
0.000330
0.000327
0.000324
0.000320
0.000317
0.000314
0.000311
0.000308
0.000305
0.000302
0.000299
0.000296
0.000293
0.000290
0.000287
0.000284
0.000281
0.000278
0.000276
0.000273
0.000270
0.000267
0.000265
0.000262
0.000260
0.000257
0.000254
0.000252
0.000249
0.000247
0.000244
0.000242
0.000239
0.000237
0.000235
0.000232
0.000230
0.000228
0.000225
0.000223
0.000221
0.000219
0.000217
0.000214
0.000212
0.000210
0.000208
0.000206
0.000204
0.000202
0.000200
0.000198
0.000196
0.000194
0.000192
0.000190
0.000188
0.000186
0.000184
0.000183
0.000181
0.000179
0.000177
0.000175
0.000174
0.000172
0.000170
0.000168
0.000167
0.000165
0.000163
0.000162
0.000160
0.000159
0.000157
0.000155
0.000154
0.000152
0.000151
0.000149
0.000148
0.000146
0.000145
0.000143
0.000142
0.000141
0.000139
0.000138
0.000136
0.000135
0.000134
0.000132
0.000131
0.000130
0.000128
0.000127
0.000126
0.000125
0.000123
0.000122
0.000121
0.000120
0.000118
0.000117
0.000116
0.000115
0.000114
0.000113
0.000112
0.000110
0.000109
0.000108
0.000107
0.000106
0.000105
0.000104
0.000103
0.000102
0.000101
0.000100
0.000099
0.000098
0.000097
0.000096
0.000095
0.000094
0.000093
0.000092
0.000091
0.000090
0.000089
0.000089
0.000088
0.000087
0.000086
0.000085
0.000084
0.000083
0.000083
0.000082
0.000081
0.000080
0.000079
0.000078
0.000078
0.000077
0.000076
0.000075
0.000075
0.000074
0.000073
0.000072
0.000072
0.000071
0.000070
0.000070
0.000069
0.000068
0.000067
0.000067
0.000066
0.000065
0.000065
0.000064
0.000064
0.000063
0.000062
0.000062
0.000061
0.000060
0.000060
0.000059
0.000059
0.000058
0.000057
0.000057
0.000056
0.000056
0.000055
0.000055
0.000054
0.000054
0.000053
0.000052
0.000052
0.000051
0.000051
0.000050
0.000050
0.000049
0.000049
0.000048
0.000048
0.000047
0.000047
0.000047
0.000046
0.000046
0.000045
0.000045
0.000044
0.000044
0.000043
0.000043
0.000043
0.000042
0.000042
0.000041
0.000041
0.000040
0.000040
0.000040
0.000039
0.000039
0.000038
0.000038
0.000038
0.000037
0.000037
0.000037
0.000036
0.000036
0.000035
0.000035
0.000035
0.000034
0.000034
0.000034
0.000033
0.000033
0.000033
0.000032
0.000032
0.000032
0.000031
0.000031
0.000031
0.000031
0.000030
0.000030
0.000030
0.000029
0.000029
0.000029
0.000028
0.000028
0.000028
0.000028
0.000027
0.000027
0.000027
0.000027
0.000026
0.000026
0.000026
0.000025
0.000025
0.000025
0.000025
0.000024
0.000024
0.000024
0.000024
0.000023
0.000023
0.000023
0.000023
0.000023
0.000022
0.000022
0.000022
0.000022
0.000021
0.000021
0.000021
0.000021
0.000021
0.000020
0.000020
0.000020
0.000020
0.000020
0.000019
0.000019
0.000019
0.000019
0.000019
0.000018
0.000018
0.000018
0.000018
0.000018
0.000018
0.000017
0.000017
0.000017
0.000017
0.000017
0.000017
0.000016
0.000016
0.000016
0.000016
0.000016
0.000016
0.000015
0.000015
0.000015
0.000015
0.000015
0.000015
0.000015
0.000014
0.000014
0.000014
0.000014
0.000014
0.000014
0.000014
0.000013
0.000013
0.000013
0.000013
0.000013
0.000013
0.000013
0.000012
0.000012
0.000012
0.000012
0.000012
0.000012
0.000012
0.000012
0.000012
0.000011
0.000011
0.000011
0.000011
0.000011
0.000011
0.000011
0.000011
0.000011
0.000010
0.000010
0.000010
0.000010
0.000010
0.000010
0.000010
0.000010
0.000010
0.000010
0.000009
0.000009
0.000009
0.000009
0.000009
0.000009
0.000009
0.000009
0.000009
0.000009
0.000009
0.000008
0.000008
0.000008
0.000008
0.000008
0.000008
0.000008
0.000008
0.000008
0.000008
0.000008
0.000008
0.000007
0.000007
0.000007
0.000007
0.000007
0.000007
0.000007
0.000007
0.000007
0.000007
0.000007
0.000007
0.000007
0.000007
0.000006
0.000006
0.000006
0.000006
0.000006
0.000006
0.000006
0.000006
0.000006
0.000006
0.000006
0.000006
0.000006
0.000006
0.000006
0.000006
0.000006
0.000005
0.000005
0.000005
0.000005
0.000005
0.000005
0.000005
0.000005
0.000005
0.000005
0.000005
0.000005
0.000005
0.000005
0.000005
0.000005
0.000005
0.000005
0.000005
0.000005
0.000004
0.000004
0.000004
0.000004
0.000004
0.000004
0.000004
0.000004
0.000004
0.000004
0.000004
0.000004
0.000004
0.000004
0.000004
0.000004
0.000004
0.000004
0.000004
0.000004
0.000004
0.000004
0.000004
0.000004
0.000004
0.000003
0.000003
0.000003
0.000003
0.000003
0.000003
0.000003
0.000003
0.000003
0.000003
0.000003
0.000003
0.000003
0.000003
0.000003
0.000003
0.000003
0.000003
0.000003
0.000003
0.000003
0.000003
0.000003
0.000003
0.000003
0.000003
0.000003
0.000003
0.000003
0.000003
0.000003
0.000003
0.000003
0.000002
0.000002
0.000002
0.000002
0.000002
0.000002
0.000002
0.000002
0.000002
0.000002
0.000002
0.000002
0.000002
0.000002
0.000002
0.000002
0.000002
0.000002
0.000002
0.000002
0.000002
0.000002
0.000002
0.000002
0.000002
0.000002
0.000002
0.000002
0.000002
0.000002
0.000002
0.000002
0.000002
0.000002
0.000002
0.000002
0.000002
0.000002
0.000002
0.000002
0.000002
0.000002
0.000002
0.000002
0.000002
0.000002
0.000002
0.000002
0.000002
0.000002
0.000002
0.000001
0.000001
0.000001
0.000001
0.000001
0.000001
0.000001
0.000001
0.000001
0.000001
0.000001
0.000001
0.000001
0.000001
0.000001
0.000001
0.000001
0.000001
0.000001
0.000001
0.000001
0.000001
0.000001
0.000001
0.000001
0.000001
0.000001
0.000001
0.000001
0.000001
0.000001
0.000001
0.000001
0.000001
0.000001
0.000001
0.000001
0.000001
0.000001
0.000001
0.000001
0.000001
0.000001
0.000001
0.000001
0.000001
0.000001
0.000001
0.000001
0.000001
0.000001
0.000001
0.000001
0.000001
0.000001
0.000001
0.000001
0.000001
0.000001
0.000001
0.000001
0.000001
0.000001
0.000001
0.000001
0.000001
0.000001
0.000001
0.000001
0.000001
0.000001
0.000001
0.000001
0.000001
0.000001
0.000001
0.000001
0.000001
0.000001
0.000001
0.000001
0.000001
0.000001
0.000001
0.000001
0.000001
0.000001
0.000001
0.000001
0.000001
0.000001
0.000001
0.000001
0.000001
0.000001
0.000001
0.000001
0.000001
0.000001
0.000001
0.000001
0.000001
0.000001
0.000001
0.000001
0.000001
0.000001
0.000001
0.000001
0.000001
0.000000
0.000000
0.000000
0.000000
0.000000
0.000000
0.000000
0.000000
0.000000
0.000000
0.000000
0.000000
0.000000
0.000000
0.000000
0.000000
0.000000
0.000000
0.000000
0.000000
0.000000
0.000000
0.000000
0.000000
0.000000
0.000000
0.000000
0.000000
0.000000
0.000000
0.000000
0.000000
0.000000
0.000000
0.000000
0.000000
0.000000
0.000000
0.000000
0.000000
0.000000
0.000000
0.000000
0.000000
0.000000
0.000000
0.000000
0.000000
0.000000
0.000000
0.000000
0.000000
0.000000
0.000000
0.000000
0.000000
0.000000
0.000000
0.000000
0.000000
0.000000
0.000000
0.000000
0.000000
0.000000
0.000000
0.000000
0.000000
0.000000
0.000000
0.000000
0.000000
0.000000
0.000000
0.000000
0.000000
0.000000
0.000000
0.000000
0.000000
0.000000
0.000000
0.000000
0.000000
0.000000
0.000000
0.000000
0.000000
0.000000
0.000000
0.000000
0.000000
0.000000
0.000000
0.000000
0.000000
0.000000
0.000000
0.000000
0.000000
0.000000
0.000000
0.000000
0.000000
0.000000
0.000000
0.000000
0.000000
0.000000
0.000000
0.000000
0.000000
0.000000
0.000000
0.000000
0.000000
0.000000
0.000000
0.000000
0.000000
0.000000
0.000000
0.000000
0.000000
0.000000
0.000000
0.000000
0.000000
0.000000
0.000000
0.000000
0.000000
0.000000
0.000000
0.000000
0.000000
0.000000
0.000000
0.000000
0.000000
0.000000
0.000000
0.000000
0.000000
0.000000
0.000000
0.000000
0.000000
0.000000
0.000000
0.000000
0.000000
0.000000
0.000000
0.000000
0.000000
0.000000
0.000000
0.000000
0.000000
0.000000
0.000000
0.000000
0.000000
0.000000
0.000000
0.000000
0.000000
0.000000
0.000000
0.000000
0.000000
0.000000
0.000000
0.000000
0.000000
0.000000
0.000000
0.000000
0.000000
0.000000
0.000000
0.000000
0.000000
0.000000
0.000000
0.000000
0.000000
0.000000
0.000000
0.000000
0.000000
0.000000
0.000000
0.000000
0.000000
0.000000
0.000000
0.000000
0.000000
0.000000
0.000000
0.000000
0.000000
0.000000
0.000000
0.000000
0.000000
0.000000
0.000000
0.000000
0.000000
0.000000
0.000000
0.000000
0.000000
0.000000
0.000000
0.000000
0.000000
0.000000
0.000000
0.000000
0.000000
0.000000
0.000000
0.000000
0.000000
0.000000
0.000000
0.000000
0.000000
0.000000
0.000000
0.000000
0.000000
0.000000
0.000000
0.000000
0.000000
0.000000
0.000000
0.000000
0.000000
0.000000
0.000000
0.000000
0.000000
0.000000
0.000000
0.000000
0.000000
0.000000
0.000000
0.000000
0.000000
0.000000
0.000000
0.000000
0.000000
0.000000
0.000000
0.000000
0.000000
0.000000
0.000000
0.000000
0.000000
0.000000
0.000000
0.000000
0.000000
0.000000
0.000000
0.000000
0.000000
0.000000
0.000000
0.000000
0.000000
0.000000
0.000000
0.000000
0.000000
0.000000
0.000000
0.000000
0.000000
0.000000
0.000000
0.000000
0.000000
0.000000
0.000000
0.000000
0.000000
0.000000
0.000000
0.000000
0.000000
0.000000
0.000000
0.000000
0.000000
0.000000
0.000000
0.000000
0.000000
0.000000
0.000000
0.000000
0.000000
0.000000
0.000000
0.000000
0.000000
0.000000
0.000000
0.000000
0.000000
0.000000
0.000000
0.000000
0.000000
0.000000
0.000000
0.000000
0.000000
0.000000
0.000000
0.000000
0.000000
0.000000
0.000000
0.000000
0.000000
0.000000
0.000000
0.000000
0.000000
0.000000
0.000000
0.000000
0.000000
0.000000
0.000000
0.000000
0.000000
0.000000
0.000000
0.000000
0.000000
0.000000
0.000000
0.000000
0.000000
0.000000
0.000000
0.000000
0.000000
0.000000
0.000000
0.000000
0.000000
0.000000
0.000000
0.000000
0.000000
0.000000
0.000000
0.000000
0.000000
0.000000
0.000000
0.000000
0.000000
0.000000
0.000000
0.000000
0.000000
0.000000
0.000000
0.000000
0.000000
0.000000
0.000000
0.000000
0.000000
0.000000
0.000000
0.000000
0.000000
0.000000
0.000000
0.000000
0.000000
0.000000
0.000000
0.000000
0.000000
0.000000
0.000000
0.000000
0.000000
0.000000
0.000000
0.000000
0.000000
0.000000
0.000000
0.000000
0.000000
0.000000
0.000000
0.000000
0.000000
0.000000
0.000000
0.000000
0.000000
0.000000
0.000000
0.000000
0.000000
0.000000
0.000000
0.000000
0.000000
0.000000
0.000000
0.000000
0.000000
0.000000
0.000000
0.000000
0.000000
0.000000
0.000000
0.000000
0.000000
0.000000
0.000000
0.000000
0.000000
0.000000
0.000000
0.000000
0.000000
0.000000
0.000000
0.000000
0.000000
0.000000
0.000000
0.000000
0.000000
0.000000
0.000000
0.000000
0.000000
0.000000
0.000000
0.000000
0.000000
0.000000
0.000000
0.000000
0.000000
0.000000
0.000000
0.000000
0.000000
0.000000
0.000000
0.000000
0.000000
0.000000
0.000000
0.000000
0.000000
0.000000
0.000000
0.000000
0.000000
0.000000
0.000000
0.000000
0.000000
0.000000
0.000000
0.000000
0.000000
0.000000
0.000000
0.000000
0.000000
0.000000
0.000000
0.000000
0.000000
0.000000
0.000000
0.000000
0.000000
0.000000
0.000000
0.000000
0.000000
0.000000
0.000000
0.000000
0.000000
0.000000
0.000000
0.000000
0.000000
0.000000
0.000000
0.000000
0.000000
0.000000
0.000000
0.000000
0.000000
0.000000
0.000000
0.000000
0.000000
0.000000
0.000000
0.000000
0.000000
0.000000
0.000000
0.000000
0.000000
0.000000
0.000000
0.000000
0.000000
0.000000
0.000000
0.000000
0.000000
0.000000
0.000000
0.000000
0.000000
0.000000
0.000000
0.000000
0.000000
0.000000
0.000000
0.000000
0.000000
0.000000
0.000000
0.000000
0.000000
0.000000
0.000000
0.000000
0.000000
0.000000
0.000000
0.000000
0.000000
0.000000
0.000000
0.000000
0.000000
0.000000
0.000000
0.000000
0.000000
0.000000
0.000000
0.000000
0.000000
0.000000
0.000000
0.000000
0.000000
0.000000
0.000000
0.000000
0.000000
0.000000
0.000000
0.000000
0.000000
0.000000
0.000000
0.000000
0.000000
0.000000
0.000000
0.000000
0.000000
0.000000
0.000000
0.000000
0.000000
0.000000
0.000000
0.000000
0.000000
0.000000
0.000000
0.000000
0.000000
0.000000
0.000000
0.000000
0.000000
0.000000
0.000000
0.000000
0.000000
0.000000
0.000000
0.000000
0.000000
0.000000
0.000000
0.000000
0.000000
0.000000
0.000000
0.000000
0.000000
0.000000
0.000000
0.000000
0.000000
0.000000
0.000000
0.000000
0.000000
0.000000
0.000000
0.000000
0.000000
0.000000
0.000000
0.000000
0.000000
0.000000
0.000000
0.000000
0.000000
0.000000
0.000000
0.000000
0.000000
0.000000
0.000000
0.000000
0.000000
0.000000
0.000000
0.000000
0.000000
0.000000
0.000000
0.000000
0.000000
0.000000
0.000000
0.000000
0.000000
0.000000
0.000000
0.000000
0.000000
0.000000
0.000000
0.000000
0.000000
0.000000
0.000000
0.000000
0.000000
0.000000
0.000000
0.000000
0.000000
0.000000
0.000000
0.000000
0.000000
0.000000
0.000000
0.000000
0.000000
0.000000
0.000000
0.000000
0.000000
0.000000
0.000000
0.000000
0.000000
0.000000
0.000000
0.000000
0.000000
0.000000
0.000000
0.000000
0.000000
0.000000
0.000000
0.000000
0.000000
0.000000
0.000000
0.000000
0.000000
0.000000
0.000000
0.000000
0.000000
0.000000
0.000000
0.000000
0.000000
0.000000
0.000000
0.000000
0.000000
0.000000
0.000000
0.000000
0.000000
0.000000
0.000000
0.000000
0.000000
0.000000
0.000000
0.000000
0.000000
0.000000
0.000000
0.000000
0.000000
0.000000
0.000000
0.000000
0.000000
0.000000
0.000000
0.000000
0.000000
0.000000
0.000000
0.000000
0.000000
0.000000
0.000000
0.000000
0.000000
0.000000
0.000000
0.000000
0.000000
0.000000
0.000000
0.000000
0.000000
0.000000
0.000000
0.000000
0.000000
0.000000
0.000000
0.000000
0.000000
0.000000
0.000000
0.000000
0.000000
0.000000
0.000000
0.000000
0.000000
0.000000
0.000000
0.000000
0.000000
0.000000
0.000000
0.000000
0.000000
0.000000
0.000000
0.000000
0.000000
0.000000
0.000000
0.000000
0.000000
0.000000
0.000000
0.000000
0.000000
0.000000
0.000000
0.000000
0.000000
0.000000
0.000000
0.000000
0.000000
0.000000
0.000000
0.000000
0.000000
0.000000
0.000000
0.000000
0.000000
0.000000
0.000000
0.000000
0.000000
0.000000
0.000000
0.000000
0.000000
0.000000
0.000000
0.000000
0.000000
0.000000
0.000000
0.000000
0.000000
0.000000
0.000000
0.000000
0.000000
0.000000
0.000000
0.000000
0.000000
0.000000
0.000000
0.000000
0.000000
0.000000
0.000000
0.000000
0.000000
0.000000
0.000000
0.000000
0.000000
0.000000
0.000000
0.000000
0.000000
0.000000
0.000000
0.000000
0.000000
0.000000
0.000000
0.000000
0.000000
0.000000
0.000000
0.000000
0.000000
0.000000
0.000000
0.000000
0.000000
0.000000
0.000000
0.000000
0.000000
0.000000
0.000000
0.000000
0.000000
0.000000
0.000000
0.000000
0.000000
0.000000
0.000000
0.000000
0.000000
0.000000
0.000000
0.000000
0.000000
0.000000
0.000000
0.000000
0.000000
0.000000
0.000000
0.000000
0.000000
0.000000
0.000000
0.000000
0.000000
0.000000
0.000000
0.000000
0.000000
0.000000
0.000000
0.000000
0.000000
0.000000
0.000000
0.000000
0.000000
0.000000
0.000000
0.000000
0.000000
0.000000
0.000000
0.000000
0.000000
0.000000
0.000000
0.000000
0.000000
0.000000
0.000000
0.000000
0.000000
0.000000
0.000000
0.000000
0.000000
0.000000
0.000000
0.000000
0.000000
0.000000
0.000000
0.000000
0.000000
0.000000
0.000000
0.000000
0.000000
0.000000
0.000000
0.000000
0.000000
0.000000
0.000000
0.000000
0.000000
0.000000
0.000000
0.000000
0.000000
0.000000
0.000000
0.000000
0.000000
0.000000
0.000000
0.000000
0.000000
0.000000
0.000000
0.000000
0.000000
0.000000
0.000000
0.000000
0.000000
0.000000
0.000000
0.000000
0.000000
0.000000
0.000000
0.000000
0.000000
0.000000
0.000000
0.000000
0.000000
0.000000
0.000000
0.000000
0.000000
0.000000
0.000000
0.000000
0.000000
0.000000
0.000000
0.000000
0.000000
0.000000
0.000000
0.000000
0.000000
0.000000
0.000000
0.000000
0.000000
0.000000
0.000000
0.000000
0.000000
0.000000
0.000000
0.000000
0.000000
0.000000
0.000000
0.000000
0.000000
0.000000
0.000000
0.000000
0.000000
0.000000
0.000000
0.000000
0.000000
0.000000
0.000000
0.000000
0.000000
0.000000
0.000000
0.000000
0.000000
0.000000
0.000000
0.000000
0.000000
0.000000
0.000000
0.000000
0.000000
0.000000
0.000000
0.000000
0.000000
0.000000
0.000000
0.000000
0.000000
0.000000
0.000000
0.000000
0.000000
0.000000
0.000000
0.000000
0.000000
0.000000
0.000000
0.000000
0.000000
0.000000
0.000000
0.000000
0.000000
0.000000
0.000000
0.000000
0.000000
0.000000
0.000000
0.000000
0.000000
0.000000
0.000000
0.000000
0.000000
0.000000
0.000000
0.000000
0.000000
0.000000
0.000000
0.000000
0.000000
0.000000
0.000000
0.000000
0.000000
0.000000
0.000000
0.000000
0.000000
0.000000
0.000000
0.000000
0.000000
0.000000
0.000000
0.000000
0.000000
0.000000
0.000000
0.000000
0.000000
0.000000
0.000000
0.000000
0.000000
0.000000
0.000000
0.000000
0.000000
0.000000
0.000000
0.000000
0.000000
0.000000
0.000000
0.000000
0.000000
0.000000
0.000000
0.000000
0.000000
0.000000
0.000000
0.000000
0.000000
0.000000
0.000000
0.000000
0.000000
0.000000
0.000000
0.000000
0.000000
0.000000
0.000000
0.000000
0.000000
0.000000
0.000000
0.000000
0.000000
0.000000
0.000000
0.000000
0.000000
0.000000
0.000000
0.000000
0.000000
0.000000
0.000000
0.000000
0.000000
0.000000
0.000000
0.000000
0.000000
0.000000
0.000000
0.000000
0.000000
0.000000
0.000000
0.000000
0.000000
0.000000
0.000000
0.000000
0.000000
0.000000
0.000000
0.000000
0.000000
0.000000
0.000000
0.000000
0.000000
0.000000
0.000000
0.000000
0.000000
0.000000
0.000000
0.000000
0.000000
0.000000
0.000000
0.000000
0.000000
0.000000
0.000000
0.000000
0.000000
0.000000
0.000000
0.000000
0.000000
0.000000
0.000000
0.000000
0.000000
0.000000
0.000000
0.000000
0.000000
0.000000
0.000000
0.000000
0.000000
0.000000
0.000000
0.000000
0.000000
0.000000
0.000000
0.000000
0.000000
0.000000
0.000000
0.000000
0.000000
0.000000
0.000000
0.000000
0.000000
0.000000
0.000000
0.000000
0.000000
0.000000
0.000000
0.000000
0.000000
0.000000
0.000000
0.000000
0.000000
0.000000
0.000000
0.000000
0.000000
0.000000
0.000000
0.000000
0.000000
0.000000
0.000000
0.000000
0.000000
0.000000
0.000000
0.000000
0.000000
0.000000
0.000000
0.000000
0.000000
0.000000
0.000000
0.000000
0.000000
0.000000
0.000000
0.000000
0.000000
0.000000
0.000000
0.000000
0.000000
0.000000
0.000000
0.000000
0.000000
0.000000
0.000000
0.000000
0.000000
0.000000
0.000000
0.000000
0.000000
0.000000
0.000000
0.000000
0.000000
0.000000
0.000000
0.000000
0.000000
0.000000
0.000000
0.000000
0.000000
0.000000
0.000000
0.000000
0.000000
0.000000
0.000000
0.000000
0.000000
0.000000
0.000000
0.000000
0.000000
0.000000
0.000000
0.000000
0.000000
0.000000
0.000000
0.000000
0.000000
0.000000
0.000000
0.000000
0.000000
0.000000
0.000000
0.000000
0.000000
0.000000
0.000000
0.000000
0.000000
0.000000
0.000000
0.000000
0.000000
0.000000
0.000000
0.000000
0.000000
0.000000
0.000000
0.000000
0.000000
0.000000
0.000000
0.000000
0.000000
0.000000
0.000000
0.000000
0.000000
0.000000
0.000000
0.000000
0.000000
0.000000
0.000000
0.000000
0.000000
0.000000
0.000000
0.000000
0.000000
0.000000
0.000000
0.000000
0.000000
0.000000
0.000000
0.000000
0.000000
0.000000
0.000000
0.000000
0.000000
0.000000
0.000000
0.000000
0.000000
0.000000
0.000000
0.000000
0.000000
0.000000
0.000000
0.000000
0.000000
0.000000
0.000000
0.000000
0.000000
0.000000
0.000000
0.000000
0.000000
0.000000
0.000000
0.000000
0.000000
0.000000
0.000000
0.000000
0.000000
0.000000
0.000000
0.000000
0.000000
0.000000
0.000000
0.000000
0.000000
0.000000
0.000000
0.000000
0.000000
0.000000
0.000000
0.000000
0.000000
0.000000
0.000000
0.000000
0.000000
0.000000
0.000000
0.000000
0.000000
0.000000
0.000000
0.000000
0.000000
0.000000
0.000000
0.000000
0.000000
0.000000
0.000000
0.000000
0.000000
0.000000
0.000000
0.000000
0.000000
0.000000
0.000000
0.000000
0.000000
0.000000
0.000000
0.000000
0.000000
0.000000
0.000000
0.000000
0.000000
0.000000
0.000000
0.000000
0.000000
0.000000
0.000000
0.000000
0.000000
0.000000
0.000000
0.000000
0.000000
0.000000
0.000000
0.000000
0.000000
0.000000
0.000000
0.000000
0.000000
0.000000
0.000000
0.000000
0.000000
0.000000
0.000000
0.000000
0.000000
0.000000
0.000000
0.000000
0.000000
0.000000
0.000000
0.000000
0.000000
0.000000
0.000000
0.000000
0.000000
0.000000
0.000000
0.000000
0.000000
0.000000
0.000000
0.000000
0.000000
0.000000
0.000000
0.000000
0.000000
0.000000
0.000000
0.000000
0.000000
0.000000
0.000000
0.000000
0.000000
0.000000
0.000000
0.000000
0.000000
0.000000
0.000000
0.000000
0.000000
0.000000
0.000000
0.000000
0.000000
0.000000
0.000000
0.000000
0.000000
0.000000
0.000000
0.000000
0.000000
0.000000
0.000000
0.000000
0.000000
0.000000
0.000000
0.000000
0.000000
0.000000
0.000000
0.000000
0.000000
0.000000
0.000000
0.000000
0.000000
0.000000
0.000000
0.000000
0.000000
0.000000
0.000000
0.000000
0.000000
0.000000
0.000000
0.000000
0.000000
0.000000
0.000000
0.000000
0.000000
0.000000
0.000000
0.000000
0.000000
0.000000
0.000000
0.000000
0.000000
0.000000
0.000000
0.000000
0.000000
0.000000
0.000000
0.000000
0.000000
0.000000
0.000000
0.000000
0.000000
0.000000
0.000000
0.000000
0.000000
0.000000
0.000000
0.000000
0.000000
0.000000
0.000000
0.000000
0.000000
0.000000
0.000000
0.000000
0.000000
0.000000
0.000000
0.000000
0.000000
0.000000
0.000000
0.000000
0.000000
0.000000
0.000000
0.000000
0.000000
0.000000
0.000000
0.000000
0.000000
0.000000
0.000000
0.000000
0.000000
0.000000
0.000000
0.000000
0.000000
0.000000
0.000000
0.000000
0.000000
0.000000
0.000000
0.000000
0.000000
0.000000
0.000000
0.000000
0.000000
0.000000
0.000000
0.000000
0.000000
0.000000
0.000000
0.000000
0.000000
0.000000
0.000000
0.000000
0.000000
0.000000
0.000000
0.000000
0.000000
0.000000
0.000000
0.000000
0.000000
0.000000
0.000000
0.000000
0.000000
0.000000
0.000000
0.000000
0.000000
0.000000
0.000000
0.000000
0.000000
0.000000
0.000000
0.000000
0.000000
0.000000
0.000000
0.000000
0.000000
0.000000
0.000000
0.000000
0.000000
0.000000
0.000000
0.000000
0.000000
0.000000
0.000000
0.000000
0.000000
0.000000
0.000000
0.000000
0.000000
0.000000
0.000000
0.000000
0.000000
0.000000
0.000000
0.000000
0.000000
0.000000
0.000000
0.000000
0.000000
0.000000
0.000000
0.000000
0.000000
0.000000
0.000000
0.000000
0.000000
0.000000
0.000000
0.000000
0.000000
0.000000
0.000000
0.000000
0.000000
0.000000
0.000000
0.000000
0.000000
0.000000
0.000000
0.000000
0.000000
0.000000
0.000000
0.000000
0.000000
0.000000
0.000000
0.000000
0.000000
0.000000
0.000000
0.000000
0.000000
0.000000
0.000000
0.000000
0.000000
0.000000
0.000000
0.000000
0.000000
0.000000
0.000000
0.000000
0.000000
0.000000
0.000000
0.000000
0.000000
0.000000
0.000000
0.000000
0.000000
0.000000
0.000000
0.000000
0.000000
0.000000
0.000000
0.000000
0.000000
0.000000
0.000000
0.000000
0.000000
0.000000
0.000000
0.000000
0.000000
0.000000
0.000000
0.000000
0.000000
0.000000
0.000000
0.000000
0.000000
0.000000
0.000000
0.000000
0.000000
0.000000
0.000000
0.000000
0.000000
0.000000
0.000000
0.000000
0.000000
0.000000
0.000000
0.000000
0.000000
0.000000
0.000000
0.000000
0.000000
0.000000
0.000000
0.000000
0.000000
0.000000
0.000000
0.000000
0.000000
0.000000
0.000000
0.000000
0.000000
0.000000
0.000000
0.000000
0.000000
0.000000
0.000000
0.000000
0.000000
0.000000
0.000000
0.000000
0.000000
0.000000
0.000000
0.000000
0.000000
0.000000
0.000000
0.000000
0.000000
0.000000
0.000000
0.000000
0.000000
0.000000
0.000000
0.000000
0.000000
0.000000
0.000000
0.000000
0.000000
0.000000
0.000000
0.000000
0.000000
0.000000
0.000000
0.000000
0.000000
0.000000
0.000000
0.000000
0.000000
0.000000
0.000000
0.000000
0.000000
0.000000
0.000000
0.000000
0.000000
0.000000
0.000000
0.000000
0.000000
0.000000
0.000000
0.000000
0.000000
0.000000
0.000000
0.000000
0.000000
0.000000
0.000000
0.000000
0.000000
0.000000
0.000000
0.000000
0.000000
0.000000
0.000000
0.000000
0.000000
0.000000
0.000000
0.000000
0.000000
0.000000
0.000000
0.000000
0.000000
0.000000
0.000000
0.000000
0.000000
0.000000
0.000000
0.000000
0.000000
0.000000
0.000000
0.000000
0.000000
0.000000
0.000000
0.000000
0.000000
0.000000
0.000000
0.000000
0.000000
0.000000
0.000000
0.000000
0.000000
0.000000
0.000000
0.000000
0.000000
0.000000
0.000000
0.000000
0.000000
0.000000
0.000000
0.000000
0.000000
0.000000
0.000000
0.000000
0.000000
0.000000
0.000000
0.000000
0.000000
0.000000
0.000000
0.000000
0.000000
0.000000
0.000000
0.000000
0.000000
0.000000
0.000000
0.000000
0.000000
0.000000
0.000000
0.000000
0.000000
0.000000
0.000000
0.000000
0.000000
0.000000
0.000000
0.000000
0.000000
0.000000
0.000000
0.000000
0.000000
0.000000
0.000000
0.000000
0.000000
0.000000
0.000000
0.000000
0.000000
0.000000
0.000000
0.000000
0.000000
0.000000
0.000000
0.000000
0.000000
0.000000
0.000000
0.000000
0.000000
0.000000
0.000000
0.000000
0.000000
0.000000
0.000000
0.000000
0.000000
0.000000
0.000000
0.000000
0.000000
0.000000
0.000000
0.000000
0.000000
0.000000
0.000000
0.000000
0.000000
0.000000
0.000000
0.000000
0.000000
0.000000
0.000000
0.000000
0.000000
0.000000
0.000000
0.000000
0.000000
0.000000
0.000000
0.000000
0.000000
0.000000
0.000000
0.000000
0.000000
0.000000
0.000000
0.000000
0.000000
0.000000
0.000000
0.000000
0.000000
0.000000
0.000000
0.000000
0.000000
0.000000
0.000000
0.000000
0.000000
0.000000
0.000000
0.000000
0.000000
0.000000
0.000000
0.000000
0.000000
0.000000
0.000000
0.000000
0.000000
0.000000
0.000000
0.000000
0.000000
0.000000
0.000000
0.000000
0.000000
0.000000
0.000000
0.000000
0.000000
0.000000
0.000000
0.000000
0.000000
0.000000
0.000000
0.000000
0.000000
0.000000
0.000000
0.000000
0.000000
0.000000
0.000000
0.000000
0.000000
0.000000
0.000000
0.000000
0.000000
0.000000
0.000000
0.000000
0.000000
0.000000
0.000000
0.000000
0.000000
0.000000
0.000000
0.000000
0.000000
0.000000
0.000000
0.000000
0.000000
0.000000
0.000000
0.000000
0.000000
0.000000
0.000000
0.000000
0.000000
0.000000
0.000000
0.000000
0.000000
0.000000
0.000000
0.000000
0.000000
0.000000
0.000000
0.000000
0.000000
0.000000
0.000000
0.000000
0.000000
0.000000
0.000000
0.000000
0.000000
0.000000
0.000000
0.000000
0.000000
0.000000
0.000000
0.000000
0.000000
0.000000
0.000000
0.000000
0.000000
0.000000
0.000000
0.000000
0.000000
0.000000
0.000000
0.000000
0.000000
0.000000
0.000000
0.000000
0.000000
0.000000
0.000000
0.000000
0.000000
0.000000
0.000000
0.000000
0.000000
0.000000
0.000000
0.000000
0.000000
0.000000
0.000000
0.000000
0.000000
0.000000
0.000000
0.000000
0.000000
0.000000
0.000000
0.000000
0.000000
0.000000
0.000000
0.000000
0.000000
0.000000
0.000000
0.000000
0.000000
0.000000
0.000000
0.000000
0.000000
0.000000
0.000000
0.000000
0.000000
0.000000
0.000000
0.000000
0.000000
0.000000
0.000000
0.000000
0.000000
0.000000
0.000000
0.000000
0.000000
0.000000
0.000000
0.000000
0.000000
0.000000
0.000000
0.000000
0.000000
0.000000
0.000000
0.000000
0.000000
0.000000
0.000000
0.000000
0.000000
0.000000
0.000000
0.000000
0.000000
0.000000
0.000000
0.000000
0.000000
0.000000
0.000000
0.000000
0.000000
0.000000
0.000000
0.000000
0.000000
0.000000
0.000000
0.000000
0.000000
0.000000
0.000000
0.000000
0.000000
0.000000
0.000000
0.000000
0.000000
0.000000
0.000000
0.000000
0.000000
0.000000
0.000000
0.000000
0.000000
0.000000
0.000000
0.000000
0.000000
0.000000
0.000000
0.000000
0.000000
0.000000
0.000000
0.000000
0.000000
0.000000
0.000000
0.000000
0.000000
0.000000
0.000000
0.000000
0.000000
0.000000
0.000000
0.000000
0.000000
0.000000
0.000000
0.000000
0.000000
0.000000
0.000000
0.000000
0.000000
0.000000
0.000000
0.000000
0.000000
0.000000
0.000000
0.000000
0.000000
0.000000
0.000000
0.000000
0.000000
0.000000
0.000000
0.000000
0.000000
0.000000
0.000000
0.000000
0.000000
0.000000
0.000000
0.000000
0.000000
0.000000
0.000000
0.000000
0.000000
0.000000
0.000000
0.000000
0.000000
0.000000
0.000000
0.000000
0.000000
0.000000
0.000000
0.000000
0.000000
0.000000
0.000000
0.000000
0.000000
0.000000
0.000000
0.000000
0.000000
0.000000
0.000000
0.000000
0.000000
0.000000
0.000000
0.000000
0.000000
0.000000
0.000000
0.000000
0.000000
0.000000
0.000000
0.000000
0.000000
0.000000
0.000000
0.000000
0.000000
0.000000
0.000000
0.000000
0.000000
0.000000
0.000000
0.000000
0.000000
0.000000
0.000000
0.000000
0.000000
0.000000
0.000000
0.000000
0.000000
0.000000
0.000000
0.000000
0.000000
0.000000
0.000000
0.000000
0.000000
0.000000
0.000000
0.000000
0.000000
0.000000
0.000000
0.000000
0.000000
0.000000
0.000000
0.000000
0.000000
0.000000
0.000000
0.000000
0.000000
0.000000
0.000000
0.000000
0.000000
0.000000
0.000000
0.000000
0.000000
0.000000
0.000000
0.000000
0.000000
0.000000
0.000000
0.000000
0.000000
0.000000
0.000000
0.000000
0.000000
0.000000
0.000000
0.000000
0.000000
0.000000
0.000000
0.000000
0.000000
0.000000
0.000000
0.000000
0.000000
0.000000
0.000000
0.000000
0.000000
0.000000
0.000000
0.000000
0.000000
0.000000
0.000000
0.000000
0.000000
0.000000
0.000000
0.000000
0.000000
0.000000
0.000000
0.000000
0.000000
0.000000
0.000000
0.000000
0.000000
0.000000
0.000000
0.000000
0.000000
0.000000
0.000000
0.000000
0.000000
0.000000
0.000000
0.000000
0.000000
0.000000
0.000000
0.000000
0.000000
0.000000
0.000000
0.000000
0.000000
0.000000
0.000000
0.000000
0.000000
0.000000
0.000000
0.000000
0.000000
0.000000
0.000000
0.000000
0.000000
0.000000
0.000000
0.000000
0.000000
0.000000
0.000000
0.000000
0.000000
0.000000
0.000000
0.000000
0.000000
0.000000
0.000000
0.000000
0.000000
0.000000
0.000000
0.000000
0.000000
0.000000
0.000000
0.000000
0.000000
0.000000
0.000000
0.000000
0.000000
0.000000
0.000000
0.000000
0.000000
0.000000
0.000000
0.000000
0.000000
0.000000
0.000000
0.000000
0.000000
0.000000
0.000000
0.000000
0.000000
0.000000
0.000000
0.000000
0.000000
0.000000
0.000000
0.000000
0.000000
0.000000
0.000000
0.000000
0.000000
0.000000
0.000000
0.000000
0.000000
0.000000
0.000000
0.000000
0.000000
0.000000
0.000000
0.000000
0.000000
0.000000
0.000000
0.000000
0.000000
0.000000
0.000000
0.000000
0.000000
0.000000
0.000000
0.000000
0.000000
0.000000
0.000000
0.000000
0.000000
0.000000
0.000000
0.000000
0.000000
0.000000
0.000000
0.000000
0.000000
0.000000
0.000000
0.000000
0.000000
0.000000
0.000000
0.000000
0.000000
0.000000
0.000000
0.000000
0.000000
0.000000
0.000000
0.000000
0.000000
0.000000
0.000000
0.000000
0.000000
0.000000
0.000000
0.000000
0.000000
0.000000
0.000000
0.000000
0.000000
0.000000
0.000000
0.000000
0.000000
0.000000
0.000000
0.000000
0.000000
0.000000
0.000000
0.000000
0.000000
0.000000
0.000000
0.000000
0.000000
0.000000
0.000000
0.000000
0.000000
0.000000
0.000000
0.000000
0.000000
0.000000
0.000000
0.000000
0.000000
0.000000
0.000000
0.000000
0.000000
0.000000
0.000000
0.000000
0.000000
0.000000
0.000000
0.000000
0.000000
0.000000
0.000000
0.000000
0.000000
0.000000
0.000000
0.000000
0.000000
0.000000
0.000000
0.000000
0.000000
0.000000
0.000000
0.000000
0.000000
0.000000
0.000000
0.000000
0.000000
0.000000
0.000000
0.000000
0.000000
0.000000
0.000000
0.000000
0.000000
0.000000
0.000000
0.000000
0.000000
0.000000
0.000000
0.000000
0.000000
0.000000
0.000000
0.000000
0.000000
0.000000
0.000000
0.000000
0.000000
0.000000
0.000000
0.000000
0.000000
0.000000
0.000000
0.000000
0.000000
0.000000
0.000000
0.000000
0.000000
0.000000
0.000000
0.000000
0.000000
0.000000
0.000000
0.000000
0.000000
0.000000
0.000000
0.000000
0.000000
0.000000
0.000000
0.000000
0.000000
0.000000
0.000000
0.000000
0.000000
0.000000
0.000000
0.000000
0.000000
0.000000
0.000000
0.000000
0.000000
0.000000
0.000000
0.000000
0.000000
0.000000
0.000000
0.000000
0.000000
0.000000
0.000000
0.000000
0.000000
0.000000
0.000000
0.000000
0.000000
0.000000
0.000000
0.000000
0.000000
0.000000
0.000000
0.000000
0.000000
0.000000
0.000000
0.000000
0.000000
0.000000
0.000000
0.000000
0.000000
0.000000
0.000000
0.000000
0.000000
0.000000
0.000000
0.000000
0.000000
0.000000
0.000000
0.000000
0.000000
0.000000
0.000000
0.000000
0.000000
0.000000
0.000000
0.000000
0.000000
0.000000
0.000000
0.000000
0.000000
0.000000
0.000000
0.000000
0.000000
0.000000
0.000000
0.000000
0.000000
0.000000
0.000000
0.000000
0.000000
0.000000
0.000000
0.000000
0.000000
0.000000
0.000000
0.000000
0.000000
0.000000
0.000000
0.000000
0.000000
0.000000
0.000000
0.000000
0.000000
0.000000
0.000000
0.000000
0.000000
0.000000
0.000000
0.000000
0.000000
0.000000
0.000000
0.000000
0.000000
0.000000
0.000000
0.000000
0.000000
0.000000
0.000000
0.000000
0.000000
0.000000
0.000000
0.000000
0.000000
0.000000
0.000000
0.000000
0.000000
0.000000
0.000000
0.000000
0.000000
0.000000
0.000000
0.000000
0.000000
0.000000
0.000000
0.000000
0.000000
0.000000
0.000000
0.000000
0.000000
0.000000
0.000000
0.000000
0.000000
0.000000
0.000000
0.000000
0.000000
0.000000
0.000000
0.000000
0.000000
0.000000
0.000000
0.000000
0.000000
0.000000
0.000000
0.000000
0.000000
0.000000
0.000000
0.000000
0.000000
0.000000
0.000000
0.000000
0.000000
0.000000
0.000000
0.000000
0.000000
0.000000
0.000000
0.000000
0.000000
0.000000
0.000000
0.000000
0.000000
0.000000
0.000000
0.000000
0.000000
0.000000
0.000000
0.000000
0.000000
0.000000
0.000000
0.000000
0.000000
0.000000
0.000000
0.000000
0.000000
0.000000
0.000000
0.000000
0.000000
0.000000
0.000000
0.000000
0.000000
0.000000
0.000000
0.000000
0.000000
0.000000
0.000000
0.000000
0.000000
0.000000
0.000000
0.000000
0.000000
0.000000
0.000000
0.000000
0.000000
0.000000
0.000000
0.000000
0.000000
0.000000
0.000000
0.000000
0.000000
0.000000
0.000000
0.000000
0.000000
0.000000
0.000000
0.000000
0.000000
0.000000
0.000000
0.000000
0.000000
0.000000
0.000000
0.000000
0.000000
0.000000
0.000000
0.000000
0.000000
0.000000
0.000000
0.000000
0.000000
0.000000
0.000000
0.000000
0.000000
0.000000
0.000000
0.000000
0.000000
0.000000
0.000000
0.000000
0.000000
0.000000
0.000000
0.000000
0.000000
0.000000
0.000000
0.000000
0.000000
0.000000
0.000000
0.000000
0.000000
0.000000
0.000000
0.000000
0.000000
0.000000
0.000000
0.000000
0.000000
0.000000
0.000000
0.000000
0.000000
0.000000
0.000000
0.000000
0.000000
0.000000
0.000000
0.000000
0.000000
0.000000
0.000000
0.000000
0.000000
0.000000
0.000000
0.000000
0.000000
0.000000
0.000000
0.000000
0.000000
0.000000
0.000000
