422.098388 0.058378
422.098388 0.058680
422.098388 0.058617
434.617239 0.058519
434.617239 0.058372
434.617239 0.058326
434.617239 0.058581
434.617239 0.058686
434.617239 0.058422
434.617239 0.058864
434.617239 0.058741
434.617239 0.058554
434.617239 0.058606
434.617239 0.058360
434.617239 0.058485
434.617239 0.058466
434.617239 0.058349
434.617239 0.058613
430.017127 0.058513
430.017127 0.058502
430.017127 0.058294
430.017127 0.058396
430.017127 0.058353
430.017127 0.058241
430.017127 0.058231
430.017127 0.058352
430.017127 0.058379
430.017127 0.058266
430.017127 0.058449
430.017127 0.058254
430.017127 0.058174
430.017127 0.058344
417.600923 0.058766
417.600923 0.058485
417.600923 0.058572
417.600923 0.058430
417.600923 0.058591
417.600923 0.058727
417.600923 0.058565
417.600923 0.058611
417.600923 0.058462
417.600923 0.058417
417.600923 0.058482
417.600923 0.058640
417.600923 0.058501
417.600923 0.058560
417.600923 0.058780
422.098388 0.058377
422.098388 0.058303
422.098388 0.058295
422.098388 0.058425
422.098388 0.058204
422.098388 0.058341
422.098388 0.058228
422.098388 0.058305
422.098388 0.058204
422.098388 0.058540
422.098388 0.058298
422.098388 0.058259
422.098388 0.058325
422.098388 0.058268
422.098388 0.058307
434.617239 0.058475
434.617239 0.058612
434.617239 0.058239
434.617239 0.058398
434.617239 0.058485
434.617239 0.058535
434.617239 0.058488
434.617239 0.058401
434.617239 0.058314
434.617239 0.058492
434.617239 0.058352
434.617239 0.058499
434.617239 0.058430
434.617239 0.058581
417.600923 0.058636
417.600923 0.058818
417.600923 0.058472
417.600923 0.058614
417.600923 0.058732
417.600923 0.058639
417.600923 0.058529
417.600923 0.058380
417.600923 0.058475
417.600923 0.058743
417.600923 0.058620
417.600923 0.058529
417.600923 0.058486
417.600923 0.058364
417.600923 0.058549
417.600923 0.058525
417.600923 0.058537
417.600923 0.058529
417.600923 0.058529
417.600923 0.058496
417.600923 0.058678
417.600923 0.058558
417.600923 0.060783
417.600923 0.058482
417.600923 0.058547
417.600923 0.058814
417.600923 0.058496
417.600923 0.058518
417.600923 0.058597
417.600923 0.058488
422.098388 0.058556
422.098388 0.058358
422.098388 0.058581
422.098388 0.058387
422.098388 0.058530
422.098388 0.058379
422.098388 0.058307
422.098388 0.058393
422.098388 0.058326
422.098388 0.058377
422.098388 0.058497
422.098388 0.058554
422.098388 0.058429
422.098388 0.058204
422.098388 0.058337
434.617239 0.058294
434.617239 0.058304
434.617239 0.058355
434.617239 0.058514
434.617239 0.058256
434.617239 0.058317
434.617239 0.058464
434.617239 0.058330
434.617239 0.058356
434.617239 0.058310
434.617239 0.058358
434.617239 0.058607
434.617239 0.058258
434.617239 0.058272
434.617239 0.058209
422.098388 0.058365
422.098388 0.058505
422.098388 0.058356
422.098388 0.058229
422.098388 0.058623
422.098388 0.058360
422.098388 0.058521
422.098388 0.058500
422.098388 0.058630
422.098388 0.058599
422.098388 0.058619
422.098388 0.058462
422.098388 0.058481
422.098388 0.058560
421.894793 0.058289
421.894793 0.058310
421.894793 0.058501
421.894793 0.058357
421.894793 0.058280
421.894793 0.058732
421.894793 0.058586
421.894793 0.058289
421.894793 0.058394
421.894793 0.058401
421.894793 0.058329
421.894793 0.058586
421.894793 0.058295
421.894793 0.058557
421.894793 0.058405
422.098388 0.058352
422.098388 0.058564
422.098388 0.058424
422.098388 0.058484
422.098388 0.058398
422.098388 0.058721
422.098388 0.058301
422.098388 0.058612
422.098388 0.058314
422.098388 0.058535
422.098388 0.058389
422.098388 0.058387
422.098388 0.058667
422.098388 0.058586
422.098388 0.058445
422.098388 0.058408
422.098388 0.058610
422.098388 0.058417
422.098388 0.058449
422.098388 0.058663
422.098388 0.058321
422.098388 0.058447
422.098388 0.058446
422.098388 0.058348
422.098388 0.058552
422.098388 0.058587
422.098388 0.058467
422.098388 0.058636
422.098388 0.058496
422.098388 0.058656
417.600923 0.058744
417.600923 0.058685
417.600923 0.058605
417.600923 0.058325
417.600923 0.058416
417.600923 0.058521
417.600923 0.058793
417.600923 0.058563
417.600923 0.058447
417.600923 0.058333
417.600923 0.058445
417.600923 0.058406
417.600923 0.058684
417.600923 0.058398
417.600923 0.058593
445.991927 0.058126
445.991927 0.058044
445.991927 0.058276
445.991927 0.057916
445.991927 0.058088
445.991927 0.058303
445.991927 0.058033
445.991927 0.058206
445.991927 0.058061
445.991927 0.058123
445.991927 0.057967
445.991927 0.057956
445.991927 0.058207
445.991927 0.058178
445.991927 0.058058
458.978814 0.058575
458.978814 0.058318
458.978814 0.058392
458.978814 0.058467
458.978814 0.058613
458.978814 0.058561
458.978814 0.058302
458.978814 0.058446
458.978814 0.058580
458.978814 0.058422
458.978814 0.058677
458.978814 0.058488
458.978814 0.058395
458.978814 0.058401
458.978814 0.058602
422.098388 0.058445
422.098388 0.058621
422.098388 0.058313
422.098388 0.058556
422.098388 0.058552
422.098388 0.058491
422.098388 0.058632
422.098388 0.058519
422.098388 0.058252
422.098388 0.058548
422.098388 0.058356
422.098388 0.058447
422.098388 0.058330
422.098388 0.058425
422.098388 0.058509
422.098388 0.058649
422.098388 0.058593
422.098388 0.058685
422.098388 0.058382
422.098388 0.058489
422.098388 0.058525
422.098388 0.058327
422.098388 0.058400
422.098388 0.058268
422.098388 0.058530
422.098388 0.058477
422.098388 0.058324
422.098388 0.058256
422.098388 0.058364
422.098388 0.058361
422.098388 0.058401
422.098388 0.058585
422.098388 0.058587
422.098388 0.058644
422.098388 0.058705
422.098388 0.058532
422.098388 0.058542
422.098388 0.058400
422.098388 0.058864
422.098388 0.058555
422.098388 0.058637
422.098388 0.058804
422.098388 0.058451
422.098388 0.058477
422.098388 0.058662
422.098388 0.059337
422.098388 0.059454
422.098388 0.059269
422.098388 0.059387
422.098388 0.059255
422.098388 0.059435
422.098388 0.059186
422.098388 0.059220
422.098388 0.059134
422.098388 0.059317
422.098388 0.059326
422.098388 0.059182
422.098388 0.059249
422.098388 0.059347
425.510187 0.058536
425.510187 0.058228
425.510187 0.058409
425.510187 0.058410
425.510187 0.058273
425.510187 0.058217
425.510187 0.058326
425.510187 0.058261
425.510187 0.058438
425.510187 0.058331
425.510187 0.058466
425.510187 0.058128
425.510187 0.058375
425.510187 0.058355
425.510187 0.058277
434.617239 0.058345
434.617239 0.058499
434.617239 0.058400
434.617239 0.058334
434.617239 0.058415
434.617239 0.058478
434.617239 0.058537
434.617239 0.058301
434.617239 0.058483
434.617239 0.058458
434.617239 0.058631
434.617239 0.058572
434.617239 0.058328
434.617239 0.058660
434.617239 0.058540
417.600923 0.058467
417.600923 0.058593
417.600923 0.059055
417.600923 0.058439
417.600923 0.058490
417.600923 0.058422
417.600923 0.058471
417.600923 0.058424
417.600923 0.058543
417.600923 0.058409
417.600923 0.058626
417.600923 0.058475
417.600923 0.058501
417.600923 0.058513
417.600923 0.058599
417.600923 0.058635
417.600923 0.058446
417.600923 0.058452
417.600923 0.058420
417.600923 0.058388
417.600923 0.058499
417.600923 0.058473
417.600923 0.058519
417.600923 0.058618
417.600923 0.058407
417.600923 0.058552
417.600923 0.058512
417.600923 0.058566
417.600923 0.058780
417.600923 0.058411
423.510023 0.059445
423.510023 0.059689
423.510023 0.059609
423.510023 0.059490
423.510023 0.059427
423.510023 0.059422
423.510023 0.059664
423.510023 0.059787
423.510023 0.059726
423.510023 0.059811
423.510023 0.059843
423.510023 0.059522
423.510023 0.059559
423.510023 0.059571
423.510023 0.058767
423.510023 0.058870
423.510023 0.058891
423.510023 0.058847
423.510023 0.058882
423.510023 0.058900
423.510023 0.059010
423.510023 0.058643
423.510023 0.058927
423.510023 0.058750
423.510023 0.058943
423.510023 0.059013
423.510023 0.058759
423.510023 0.058905
422.098388 0.058459
422.098388 0.058483
422.098388 0.058623
422.098388 0.058703
422.098388 0.058724
422.098388 0.058547
422.098388 0.058566
422.098388 0.058458
422.098388 0.058450
422.098388 0.058508
422.098388 0.058615
422.098388 0.058495
422.098388 0.058421
422.098388 0.058617
422.098388 0.058355
417.600923 0.058663
417.600923 0.058420
417.600923 0.058631
417.600923 0.058473
417.600923 0.058458
417.600923 0.058518
417.600923 0.058396
417.600923 0.058436
417.600923 0.058465
417.600923 0.058564
417.600923 0.058363
417.600923 0.058273
417.600923 0.058347
417.600923 0.058438
417.600923 0.058396
417.600923 0.058587
417.600923 0.058668
417.600923 0.058502
417.600923 0.058326
417.600923 0.058278
417.600923 0.058645
417.600923 0.058444
417.600923 0.058488
417.600923 0.058566
417.600923 0.058450
417.600923 0.058299
417.600923 0.058435
417.600923 0.058434
417.600923 0.058422
417.600923 0.058397
417.600923 0.058429
417.600923 0.058578
417.600923 0.058353
417.600923 0.058491
417.600923 0.058429
417.600923 0.058506
417.600923 0.058620
417.600923 0.058481
417.600923 0.058612
417.600923 0.058433
417.600923 0.058299
417.600923 0.058502
417.600923 0.058638
417.600923 0.058452
423.510023 0.058440
423.510023 0.058705
423.510023 0.058498
423.510023 0.058559
423.510023 0.058551
423.510023 0.058653
423.510023 0.058515
423.510023 0.058446
423.510023 0.058538
423.510023 0.058536
423.510023 0.058484
423.510023 0.058529
423.510023 0.058599
423.510023 0.058372
423.510023 0.058422
434.617239 0.058365
434.617239 0.058425
434.617239 0.058262
434.617239 0.058290
434.617239 0.058224
434.617239 0.058174
434.617239 0.058101
434.617239 0.058460
434.617239 0.058537
434.617239 0.058048
434.617239 0.058227
434.617239 0.058118
434.617239 0.058188
434.617239 0.058283
434.617239 0.058165
417.600923 0.058426
417.600923 0.058238
417.600923 0.058535
417.600923 0.058437
417.600923 0.058383
417.600923 0.058493
417.600923 0.058330
417.600923 0.058277
417.600923 0.058558
417.600923 0.058505
417.600923 0.058427
417.600923 0.058337
417.600923 0.058491
417.600923 0.058375
417.600923 0.058434
417.600923 0.058722
417.600923 0.058594
417.600923 0.058692
417.600923 0.058620
417.600923 0.058506
417.600923 0.058577
417.600923 0.058688
417.600923 0.058645
417.600923 0.058756
417.600923 0.058725
417.600923 0.058642
417.600923 0.058540
417.600923 0.058539
417.600923 0.058443
417.600923 0.058488
417.600923 0.058403
417.600923 0.058663
417.600923 0.058415
417.600923 0.058378
417.600923 0.058407
417.600923 0.058429
417.600923 0.058503
417.600923 0.058562
417.600923 0.058705
417.600923 0.058594
417.600923 0.058688
417.600923 0.058451
417.600923 0.058611
417.600923 0.058508
417.600923 0.058515
422.098388 0.058358
422.098388 0.058434
422.098388 0.058364
422.098388 0.058845
422.098388 0.058451
422.098388 0.058481
422.098388 0.058380
422.098388 0.058285
422.098388 0.058492
422.098388 0.058475
422.098388 0.058308
422.098388 0.058406
422.098388 0.058224
422.098388 0.058478
422.098388 0.058213
423.510023 0.058450
423.510023 0.058656
423.510023 0.058725
423.510023 0.058408
423.510023 0.058717
423.510023 0.058482
423.510023 0.058609
423.510023 0.058551
423.510023 0.058691
423.510023 0.058467
423.510023 0.058703
423.510023 0.058504
423.510023 0.058549
423.510023 0.058554
423.510023 0.058549
423.510023 0.058360
423.510023 0.058720
423.510023 0.058398
423.510023 0.058577
423.510023 0.058435
423.510023 0.058365
423.510023 0.058521
423.510023 0.058566
423.510023 0.058497
423.510023 0.058581
423.510023 0.058462
423.510023 0.058656
423.510023 0.058476
423.510023 0.058394
423.510023 0.058356
422.098388 0.058707
422.098388 0.058704
422.098388 0.058550
422.098388 0.058416
422.098388 0.058335
422.098388 0.058483
422.098388 0.058414
422.098388 0.058435
422.098388 0.058463
422.098388 0.058536
422.098388 0.058480
422.098388 0.058742
422.098388 0.058404
422.098388 0.058566
422.098388 0.058433
422.098388 0.058066
422.098388 0.058260
422.098388 0.058174
422.098388 0.058270
422.098388 0.058180
422.098388 0.058171
422.098388 0.058322
422.098388 0.058295
422.098388 0.058416
422.098388 0.058382
422.098388 0.058262
422.098388 0.058242
422.098388 0.058208
422.098388 0.058113
422.098388 0.058172
422.098388 0.058537
422.098388 0.058644
422.098388 0.058588
422.098388 0.058792
422.098388 0.058748
422.098388 0.058723
422.098388 0.058555
422.098388 0.058584
422.098388 0.058604
422.098388 0.058553
422.098388 0.058598
422.098388 0.058611
422.098388 0.058622
422.098388 0.058632
422.098388 0.058680
417.600923 0.058837
417.600923 0.058554
417.600923 0.058789
417.600923 0.058589
417.600923 0.058629
417.600923 0.059579
417.600923 0.058633
417.600923 0.058699
417.600923 0.058539
417.600923 0.058630
417.600923 0.058521
417.600923 0.058438
417.600923 0.058557
417.600923 0.058462
417.600923 0.058435
417.600923 0.058498
417.600923 0.058443
417.600923 0.058698
417.600923 0.058592
417.600923 0.058680
417.600923 0.058417
417.600923 0.058534
417.600923 0.058381
417.600923 0.058662
417.600923 0.058477
417.600923 0.058681
417.600923 0.058448
417.600923 0.058469
417.600923 0.058424
417.600923 0.058137
417.600923 0.058242
417.600923 0.058185
417.600923 0.058187
417.600923 0.058179
417.600923 0.058243
417.600923 0.058474
417.600923 0.058253
417.600923 0.058317
417.600923 0.058129
417.600923 0.058252
417.600923 0.058158
417.600923 0.058342
417.600923 0.058385
417.600923 0.058498
417.600923 0.058669
417.600923 0.058554
417.600923 0.058591
417.600923 0.058539
417.600923 0.058761
417.600923 0.058465
417.600923 0.058631
417.600923 0.058463
417.600923 0.058634
417.600923 0.058576
417.600923 0.058575
417.600923 0.058615
417.600923 0.058604
417.600923 0.058464
417.600923 0.058554
423.510023 0.058641
423.510023 0.058528
423.510023 0.058494
423.510023 0.058438
423.510023 0.058378
423.510023 0.058542
423.510023 0.058329
423.510023 0.058516
423.510023 0.058450
423.510023 0.058369
423.510023 0.058509
423.510023 0.058470
423.510023 0.058494
423.510023 0.058585
417.600923 0.058390
417.600923 0.058370
417.600923 0.058608
417.600923 0.058483
417.600923 0.058393
417.600923 0.058477
417.600923 0.058323
417.600923 0.058266
417.600923 0.058313
417.600923 0.058349
417.600923 0.058455
417.600923 0.058211
417.600923 0.058229
417.600923 0.058401
417.600923 0.058220
422.098388 0.058503
422.098388 0.058320
422.098388 0.058452
422.098388 0.058453
422.098388 0.058354
422.098388 0.058307
422.098388 0.058409
422.098388 0.058523
422.098388 0.058512
422.098388 0.058470
422.098388 0.058461
422.098388 0.058269
422.098388 0.058645
422.098388 0.058429
423.510023 0.059080
423.510023 0.059219
423.510023 0.059062
423.510023 0.058956
423.510023 0.058951
423.510023 0.059134
423.510023 0.059033
423.510023 0.058947
423.510023 0.059613
423.510023 0.059128
423.510023 0.059121
423.510023 0.059001
423.510023 0.059075
423.510023 0.059180
423.510023 0.059060
422.098388 0.058418
422.098388 0.058516
422.098388 0.058316
422.098388 0.058330
422.098388 0.058289
422.098388 0.058484
422.098388 0.058432
422.098388 0.058432
422.098388 0.058625
422.098388 0.058480
422.098388 0.058467
422.098388 0.058395
422.098388 0.058448
422.098388 0.058523
423.510023 0.058414
423.510023 0.058309
423.510023 0.058304
423.510023 0.058251
423.510023 0.058643
423.510023 0.058628
423.510023 0.058269
423.510023 0.058343
423.510023 0.058302
423.510023 0.058206
423.510023 0.058424
423.510023 0.058496
423.510023 0.058349
423.510023 0.058537
423.510023 0.058292
422.098388 0.058368
422.098388 0.058713
422.098388 0.058389
422.098388 0.058529
422.098388 0.058512
422.098388 0.058489
422.098388 0.058689
422.098388 0.058491
422.098388 0.058687
422.098388 0.058469
422.098388 0.058436
422.098388 0.058582
422.098388 0.058539
422.098388 0.058575
422.098388 0.058356
421.894793 0.059047
421.894793 0.059176
421.894793 0.059074
421.894793 0.059062
421.894793 0.059080
421.894793 0.059032
421.894793 0.059109
421.894793 0.059245
421.894793 0.059134
421.894793 0.059197
421.894793 0.058971
421.894793 0.058935
421.894793 0.059014
421.894793 0.058945
421.894793 0.059170
422.098388 0.058374
422.098388 0.058350
422.098388 0.058437
422.098388 0.058451
422.098388 0.058295
422.098388 0.058544
422.098388 0.058494
422.098388 0.058332
422.098388 0.058268
422.098388 0.058259
422.098388 0.058351
422.098388 0.058330
422.098388 0.058397
422.098388 0.058379
422.098388 0.058286
434.617239 0.058288
434.617239 0.058246
434.617239 0.058202
434.617239 0.058255
434.617239 0.058197
434.617239 0.058589
434.617239 0.058380
434.617239 0.058374
434.617239 0.058254
434.617239 0.058247
434.617239 0.058508
434.617239 0.058338
434.617239 0.058183
434.617239 0.058414
434.617239 0.058384
422.098388 0.058449
422.098388 0.058572
422.098388 0.058555
422.098388 0.059661
422.098388 0.058534
422.098388 0.058443
422.098388 0.058534
422.098388 0.058509
422.098388 0.058565
422.098388 0.058680
422.098388 0.058442
422.098388 0.058374
422.098388 0.058545
422.098388 0.058472
417.600923 0.058308
417.600923 0.058402
417.600923 0.058515
417.600923 0.058178
417.600923 0.058236
417.600923 0.058208
417.600923 0.058557
417.600923 0.058300
417.600923 0.058404
417.600923 0.058132
417.600923 0.058216
417.600923 0.058390
417.600923 0.058195
417.600923 0.058273
417.600923 0.058505
417.600923 0.058474
417.600923 0.058758
417.600923 0.058574
417.600923 0.058596
417.600923 0.058663
417.600923 0.058553
417.600923 0.058510
417.600923 0.058694
417.600923 0.058549
417.600923 0.058672
417.600923 0.058813
417.600923 0.058618
417.600923 0.058783
417.600923 0.058538
417.600923 0.058863
422.098388 0.058671
422.098388 0.058439
422.098388 0.058627
422.098388 0.058345
422.098388 0.058462
422.098388 0.058581
422.098388 0.058701
422.098388 0.058410
422.098388 0.058721
422.098388 0.058636
422.098388 0.058375
422.098388 0.058581
422.098388 0.058421
422.098388 0.058527
422.098388 0.058587
417.600923 0.058436
417.600923 0.058501
417.600923 0.058454
417.600923 0.058447
417.600923 0.058551
417.600923 0.058566
417.600923 0.058596
417.600923 0.058368
417.600923 0.059103
417.600923 0.058766
417.600923 0.058887
417.600923 0.058681
417.600923 0.058745
417.600923 0.058796
417.600923 0.058723
417.600923 0.058724
417.600923 0.058690
417.600923 0.059128
417.600923 0.059079
417.600923 0.058933
417.600923 0.059135
417.600923 0.060679
417.600923 0.058859
417.600923 0.059027
417.600923 0.058907
417.600923 0.059072
417.600923 0.058628
417.600923 0.058907
417.600923 0.058748
422.098388 0.059046
422.098388 0.059879
422.098388 0.059766
422.098388 0.060107
422.098388 0.059338
422.098388 0.058606
422.098388 0.058588
422.098388 0.058732
422.098388 0.058504
422.098388 0.058491
422.098388 0.058323
422.098388 0.058609
422.098388 0.058419
422.098388 0.058474
422.098388 0.058454
417.600923 0.058281
417.600923 0.058397
417.600923 0.058318
417.600923 0.058535
417.600923 0.058271
417.600923 0.058356
417.600923 0.058497
417.600923 0.058311
417.600923 0.058278
417.600923 0.058308
417.600923 0.058704
417.600923 0.058299
417.600923 0.058318
417.600923 0.058466
417.600923 0.058530
434.617239 0.058428
434.617239 0.058389
434.617239 0.058186
434.617239 0.058777
434.617239 0.058567
434.617239 0.058136
434.617239 0.058307
434.617239 0.058182
434.617239 0.058240
434.617239 0.058234
434.617239 0.058381
434.617239 0.058343
434.617239 0.058131
434.617239 0.058235
434.617239 0.058464
422.098388 0.058315
422.098388 0.058460
422.098388 0.058318
422.098388 0.058243
422.098388 0.058398
422.098388 0.058515
422.098388 0.058186
422.098388 0.058176
422.098388 0.058164
422.098388 0.058156
422.098388 0.058284
422.098388 0.058354
422.098388 0.058445
422.098388 0.058211
422.098388 0.058264
423.510023 0.058483
423.510023 0.058087
423.510023 0.058283
423.510023 0.058404
423.510023 0.058450
423.510023 0.058173
423.510023 0.058323
423.510023 0.058225
423.510023 0.058186
423.510023 0.058374
423.510023 0.058200
423.510023 0.058166
423.510023 0.058227
423.510023 0.058271
423.510023 0.058224
434.617239 0.058253
434.617239 0.058478
434.617239 0.058334
434.617239 0.058356
434.617239 0.058374
434.617239 0.058314
434.617239 0.058314
434.617239 0.058452
434.617239 0.058289
434.617239 0.058385
434.617239 0.058257
434.617239 0.058651
434.617239 0.058214
434.617239 0.058237
434.617239 0.058445
417.600923 0.058420
417.600923 0.058401
417.600923 0.058642
417.600923 0.058362
417.600923 0.058492
417.600923 0.058341
417.600923 0.058229
417.600923 0.058241
417.600923 0.059789
417.600923 0.058425
417.600923 0.058426
417.600923 0.058257
417.600923 0.058308
417.600923 0.058487
417.600923 0.058309
417.600923 0.058473
417.600923 0.058597
417.600923 0.058539
417.600923 0.058588
417.600923 0.058476
417.600923 0.058469
417.600923 0.058680
417.600923 0.058568
417.600923 0.058559
417.600923 0.058541
417.600923 0.058528
417.600923 0.058445
417.600923 0.058576
417.600923 0.058485
421.894793 0.058337
421.894793 0.058468
421.894793 0.058377
421.894793 0.058194
421.894793 0.058232
421.894793 0.058394
421.894793 0.058329
421.894793 0.058320
421.894793 0.058362
421.894793 0.058342
421.894793 0.058418
421.894793 0.058268
421.894793 0.058228
421.894793 0.058312
421.894793 0.058330
427.717013 0.058500
427.717013 0.058388
427.717013 0.058261
427.717013 0.058628
427.717013 0.058497
427.717013 0.058482
427.717013 0.058411
427.717013 0.058362
427.717013 0.058678
427.717013 0.058313
427.717013 0.058640
427.717013 0.058441
427.717013 0.058524
427.717013 0.058552
427.717013 0.058396
417.600923 0.058528
417.600923 0.058586
417.600923 0.058432
417.600923 0.058507
417.600923 0.058354
417.600923 0.058529
417.600923 0.058657
417.600923 0.058442
417.600923 0.058434
417.600923 0.058485
417.600923 0.058566
417.600923 0.058995
417.600923 0.058632
417.600923 0.058526
417.600923 0.058835
422.098388 0.058782
422.098388 0.058595
422.098388 0.058760
422.098388 0.058455
422.098388 0.058773
422.098388 0.058597
422.098388 0.058655
422.098388 0.058588
422.098388 0.058881
422.098388 0.058557
422.098388 0.058605
422.098388 0.058820
422.098388 0.058872
422.098388 0.058887
422.098388 0.058857
417.600923 0.058443
417.600923 0.059716
417.600923 0.058408
417.600923 0.058744
417.600923 0.058721
417.600923 0.058677
417.600923 0.058500
417.600923 0.058528
417.600923 0.058590
417.600923 0.058544
417.600923 0.058724
417.600923 0.058549
417.600923 0.058810
417.600923 0.058618
417.600923 0.058732
417.600923 0.058613
417.600923 0.058436
417.600923 0.058455
417.600923 0.058469
417.600923 0.058426
417.600923 0.058458
417.600923 0.058549
417.600923 0.058417
417.600923 0.058512
417.600923 0.058522
417.600923 0.058318
417.600923 0.058846
417.600923 0.058557
417.600923 0.058558
417.600923 0.058630
417.600923 0.058413
417.600923 0.058333
417.600923 0.058253
417.600923 0.058377
417.600923 0.058312
417.600923 0.058322
417.600923 0.058514
417.600923 0.058424
417.600923 0.058441
417.600923 0.058426
417.600923 0.058343
417.600923 0.058729
417.600923 0.058267
417.600923 0.058564
417.600923 0.058478
417.600923 0.058389
417.600923 0.058306
417.600923 0.058507
417.600923 0.058387
417.600923 0.058347
417.600923 0.058444
417.600923 0.058435
417.600923 0.058535
417.600923 0.058522
417.600923 0.058492
417.600923 0.058366
417.600923 0.058362
417.600923 0.058715
417.600923 0.058680
417.600923 0.058250
422.098388 0.058610
422.098388 0.058565
422.098388 0.058473
422.098388 0.058390
422.098388 0.058552
422.098388 0.058511
422.098388 0.058652
422.098388 0.058578
422.098388 0.058420
422.098388 0.058461
422.098388 0.058338
422.098388 0.058385
422.098388 0.058486
422.098388 0.058293
422.098388 0.058358
422.098388 0.058363
422.098388 0.058636
422.098388 0.058285
422.098388 0.058533
422.098388 0.058538
422.098388 0.058623
422.098388 0.058453
422.098388 0.058368
422.098388 0.058319
422.098388 0.058684
422.098388 0.058435
422.098388 0.058499
422.098388 0.058465
422.098388 0.058546
422.098388 0.059775
421.894793 0.058451
421.894793 0.058479
421.894793 0.058550
421.894793 0.058796
421.894793 0.058499
421.894793 0.058727
421.894793 0.058470
421.894793 0.058399
421.894793 0.058470
421.894793 0.058498
421.894793 0.058396
421.894793 0.058545
421.894793 0.058576
421.894793 0.058439
421.894793 0.058416
425.510187 0.058215
425.510187 0.058422
425.510187 0.058303
425.510187 0.058251
425.510187 0.058338
425.510187 0.058236
425.510187 0.058346
425.510187 0.058438
425.510187 0.058323
425.510187 0.058237
425.510187 0.058105
425.510187 0.058283
425.510187 0.058577
425.510187 0.058423
423.510023 0.058521
423.510023 0.058616
423.510023 0.058505
423.510023 0.058411
423.510023 0.058636
423.510023 0.058508
423.510023 0.058401
423.510023 0.058426
423.510023 0.058410
423.510023 0.058534
423.510023 0.058513
423.510023 0.058658
423.510023 0.058485
423.510023 0.058466
423.510023 0.058488
592.162657 0.058549
592.162657 0.058399
592.162657 0.058463
592.162657 0.058405
592.162657 0.058277
592.162657 0.058394
592.162657 0.058551
592.162657 0.058412
592.162657 0.058699
592.162657 0.058688
592.162657 0.058459
592.162657 0.058400
592.162657 0.058459
592.162657 0.058539
592.162657 0.058568
422.098388 0.058530
422.098388 0.058672
422.098388 0.058410
422.098388 0.058336
422.098388 0.058492
422.098388 0.058525
422.098388 0.058552
422.098388 0.058467
422.098388 0.058424
422.098388 0.058452
422.098388 0.058454
422.098388 0.058458
422.098388 0.058407
422.098388 0.058440
422.098388 0.058530
422.098388 0.058524
422.098388 0.058416
422.098388 0.058420
422.098388 0.058296
422.098388 0.058350
422.098388 0.058670
422.098388 0.058453
422.098388 0.058467
422.098388 0.058404
422.098388 0.058431
422.098388 0.058496
422.098388 0.058436
422.098388 0.058377
422.098388 0.058347
422.098388 0.058295
422.098388 0.058405
417.600923 0.058481
417.600923 0.058880
417.600923 0.058671
417.600923 0.058760
417.600923 0.058606
417.600923 0.058707
417.600923 0.058548
417.600923 0.058716
417.600923 0.058678
417.600923 0.058495
417.600923 0.058890
417.600923 0.058812
417.600923 0.058596
417.600923 0.058638
422.098388 0.058447
422.098388 0.058439
422.098388 0.058443
422.098388 0.058393
422.098388 0.058307
422.098388 0.058272
422.098388 0.058379
422.098388 0.058503
422.098388 0.058437
422.098388 0.058253
422.098388 0.058360
422.098388 0.058293
422.098388 0.058250
422.098388 0.058245
422.098388 0.058344
422.098388 0.058356
422.098388 0.058428
422.098388 0.058568
422.098388 0.058391
422.098388 0.058271
422.098388 0.058381
422.098388 0.058565
422.098388 0.058472
422.098388 0.058566
422.098388 0.058570
422.098388 0.058357
422.098388 0.058313
422.098388 0.058372
422.098388 0.058472
422.098388 0.058487
437.869593 0.058480
437.869593 0.058456
437.869593 0.058488
437.869593 0.058697
437.869593 0.058613
437.869593 0.058535
437.869593 0.058427
437.869593 0.058507
437.869593 0.058393
437.869593 0.058606
437.869593 0.058539
437.869593 0.058510
437.869593 0.058530
437.869593 0.058492
437.869593 0.058496
417.600923 0.058645
417.600923 0.058465
417.600923 0.058624
417.600923 0.058556
417.600923 0.058438
417.600923 0.058802
417.600923 0.058597
417.600923 0.058844
417.600923 0.058650
417.600923 0.058608
417.600923 0.058509
417.600923 0.058677
417.600923 0.058532
417.600923 0.058492
417.600923 0.058739
417.600923 0.058602
417.600923 0.058562
417.600923 0.058675
417.600923 0.058602
417.600923 0.058792
417.600923 0.058563
417.600923 0.058538
417.600923 0.058891
417.600923 0.058670
417.600923 0.058567
417.600923 0.058522
417.600923 0.058638
417.600923 0.058690
417.600923 0.058381
417.600923 0.059088
417.600923 0.058526
417.600923 0.058429
417.600923 0.058523
417.600923 0.058468
417.600923 0.058566
417.600923 0.058445
417.600923 0.058503
417.600923 0.058391
417.600923 0.058381
417.600923 0.058531
417.600923 0.058319
417.600923 0.058503
417.600923 0.058524
417.600923 0.058544
417.600923 0.058396
422.098388 0.058309
422.098388 0.058181
422.098388 0.058513
422.098388 0.058329
422.098388 0.058427
422.098388 0.058330
422.098388 0.058470
422.098388 0.058512
422.098388 0.058325
422.098388 0.058588
422.098388 0.058534
422.098388 0.058446
422.098388 0.058600
422.098388 0.058354
422.098388 0.058307
422.098388 0.058619
422.098388 0.059321
422.098388 0.058515
422.098388 0.058471
422.098388 0.058780
422.098388 0.058554
422.098388 0.058373
422.098388 0.058381
422.098388 0.058592
422.098388 0.058478
422.098388 0.058555
422.098388 0.058378
422.098388 0.058600
422.098388 0.058562
422.098388 0.058399
417.600923 0.058380
417.600923 0.058512
417.600923 0.058745
417.600923 0.058265
417.600923 0.058557
417.600923 0.058385
417.600923 0.058264
417.600923 0.058431
417.600923 0.058472
417.600923 0.058490
417.600923 0.058333
417.600923 0.058376
417.600923 0.058454
417.600923 0.058526
417.600923 0.058345
425.810137 0.058503
425.810137 0.058541
425.810137 0.058299
425.810137 0.058325
425.810137 0.058525
425.810137 0.058402
425.810137 0.060379
425.810137 0.058601
425.810137 0.058605
425.810137 0.058619
425.810137 0.058454
425.810137 0.058362
425.810137 0.058614
425.810137 0.058377
425.810137 0.058489
422.098388 0.058331
422.098388 0.058455
422.098388 0.058486
422.098388 0.058362
422.098388 0.058380
422.098388 0.058523
422.098388 0.058440
422.098388 0.058466
422.098388 0.058595
422.098388 0.058379
422.098388 0.058422
422.098388 0.058549
422.098388 0.058546
422.098388 0.058421
422.098388 0.058423
423.510023 0.058464
423.510023 0.058675
423.510023 0.058603
423.510023 0.058447
423.510023 0.058604
423.510023 0.058466
423.510023 0.058462
423.510023 0.058469
423.510023 0.058657
423.510023 0.058650
423.510023 0.058801
423.510023 0.058533
423.510023 0.058523
423.510023 0.058644
423.510023 0.058671
417.600923 0.058713
417.600923 0.058459
417.600923 0.058427
417.600923 0.058650
417.600923 0.058744
417.600923 0.058487
417.600923 0.058594
417.600923 0.058511
417.600923 0.058479
417.600923 0.058514
417.600923 0.058387
417.600923 0.058562
417.600923 0.058458
417.600923 0.058300
417.600923 0.058530
417.600923 0.058507
417.600923 0.058427
417.600923 0.058503
417.600923 0.058446
417.600923 0.058395
417.600923 0.058478
417.600923 0.058339
417.600923 0.058382
417.600923 0.058410
417.600923 0.058299
417.600923 0.058538
417.600923 0.058418
417.600923 0.058322
417.600923 0.058397
417.600923 0.058518
434.617239 0.058608
434.617239 0.058387
434.617239 0.058605
434.617239 0.058640
434.617239 0.058773
434.617239 0.058397
434.617239 0.058704
434.617239 0.058369
434.617239 0.058480
434.617239 0.058700
434.617239 0.058666
434.617239 0.058787
434.617239 0.058751
434.617239 0.058592
417.600923 0.058693
417.600923 0.058670
417.600923 0.058607
417.600923 0.058479
417.600923 0.058507
417.600923 0.058719
417.600923 0.058635
417.600923 0.058426
417.600923 0.058598
417.600923 0.058689
417.600923 0.058634
417.600923 0.058481
417.600923 0.058496
417.600923 0.058742
417.600923 0.058527
422.098388 0.058419
422.098388 0.058681
422.098388 0.058726
422.098388 0.058519
422.098388 0.058613
422.098388 0.058492
422.098388 0.058531
422.098388 0.058470
422.098388 0.058557
422.098388 0.058381
422.098388 0.058713
422.098388 0.058617
422.098388 0.058379
422.098388 0.058549
422.098388 0.058654
422.098388 0.058921
422.098388 0.058897
422.098388 0.058813
422.098388 0.059150
422.098388 0.059066
422.098388 0.059106
422.098388 0.058785
422.098388 0.058862
422.098388 0.058900
422.098388 0.059057
422.098388 0.058773
422.098388 0.059074
422.098388 0.059003
422.098388 0.059182
422.098388 0.059001
422.098388 0.058450
422.098388 0.058266
422.098388 0.058334
422.098388 0.058593
422.098388 0.058527
422.098388 0.058267
422.098388 0.058381
422.098388 0.058527
422.098388 0.058306
422.098388 0.058414
422.098388 0.058317
422.098388 0.058359
422.098388 0.058375
422.098388 0.058353
422.098388 0.058494
421.894793 0.058534
421.894793 0.058204
421.894793 0.058337
421.894793 0.058308
421.894793 0.058482
421.894793 0.058638
421.894793 0.058588
421.894793 0.058366
421.894793 0.058290
421.894793 0.058481
421.894793 0.058437
421.894793 0.058295
421.894793 0.058331
421.894793 0.058516
421.894793 0.058303
444.943424 0.057983
444.943424 0.058252
444.943424 0.058124
444.943424 0.058178
444.943424 0.058025
444.943424 0.058094
444.943424 0.058135
444.943424 0.058245
444.943424 0.058088
444.943424 0.058084
444.943424 0.058094
444.943424 0.058135
444.943424 0.058012
444.943424 0.058066
444.943424 0.058109
422.098388 0.058545
422.098388 0.058550
422.098388 0.058522
422.098388 0.058503
422.098388 0.058510
422.098388 0.058503
422.098388 0.058580
422.098388 0.058398
422.098388 0.058460
422.098388 0.058538
422.098388 0.058489
422.098388 0.058442
422.098388 0.058534
422.098388 0.058424
422.098388 0.058423
423.510023 0.058435
423.510023 0.058426
423.510023 0.058487
423.510023 0.058607
423.510023 0.058594
423.510023 0.058458
423.510023 0.058546
423.510023 0.058495
423.510023 0.058675
423.510023 0.058476
423.510023 0.058518
423.510023 0.058670
423.510023 0.058716
423.510023 0.058570
423.510023 0.058477
417.600923 0.058356
417.600923 0.058483
417.600923 0.058633
417.600923 0.058286
417.600923 0.058533
417.600923 0.058472
417.600923 0.058562
417.600923 0.058339
417.600923 0.058484
417.600923 0.058341
417.600923 0.058622
417.600923 0.058456
417.600923 0.058417
417.600923 0.058266
417.600923 0.058563
417.600923 0.058470
417.600923 0.058669
417.600923 0.058608
417.600923 0.058564
417.600923 0.058539
417.600923 0.058699
417.600923 0.058544
417.600923 0.058550
417.600923 0.058690
417.600923 0.058631
417.600923 0.058662
417.600923 0.058674
417.600923 0.058445
417.600923 0.058619
417.600923 0.058404
422.098388 0.058427
422.098388 0.058456
422.098388 0.058391
422.098388 0.058501
422.098388 0.058672
422.098388 0.058624
422.098388 0.058400
422.098388 0.058490
422.098388 0.058719
422.098388 0.058482
422.098388 0.058721
422.098388 0.058374
422.098388 0.058375
422.098388 0.058669
422.098388 0.058512
434.617239 0.058365
434.617239 0.058723
434.617239 0.058433
434.617239 0.058484
434.617239 0.058251
434.617239 0.058370
434.617239 0.058392
434.617239 0.058312
434.617239 0.058753
434.617239 0.058314
434.617239 0.058556
434.617239 0.058549
434.617239 0.058422
434.617239 0.058516
434.617239 0.058388
421.894793 0.058567
421.894793 0.058758
421.894793 0.058564
421.894793 0.058640
421.894793 0.058589
421.894793 0.058731
421.894793 0.058761
421.894793 0.058612
421.894793 0.058586
421.894793 0.058548
421.894793 0.058754
421.894793 0.058909
421.894793 0.058532
421.894793 0.058585
421.894793 0.058758
434.617239 0.058144
434.617239 0.058221
434.617239 0.058201
434.617239 0.058357
434.617239 0.058385
434.617239 0.058326
434.617239 0.058352
434.617239 0.058360
434.617239 0.058146
434.617239 0.058261
434.617239 0.058223
434.617239 0.058516
434.617239 0.058258
434.617239 0.058268
434.617239 0.058185
434.617239 0.058433
434.617239 0.058373
434.617239 0.058494
434.617239 0.058441
434.617239 0.058381
434.617239 0.058456
434.617239 0.058411
434.617239 0.058345
434.617239 0.058319
434.617239 0.058318
434.617239 0.058419
434.617239 0.058368
434.617239 0.058240
434.617239 0.058367
417.600923 0.058772
417.600923 0.058494
417.600923 0.058425
417.600923 0.058354
417.600923 0.058624
417.600923 0.058517
417.600923 0.058604
417.600923 0.058536
417.600923 0.058451
417.600923 0.058664
417.600923 0.058793
417.600923 0.058634
417.600923 0.058546
417.600923 0.058661
417.600923 0.058886
417.600923 0.058366
417.600923 0.058546
417.600923 0.058643
417.600923 0.058578
417.600923 0.058406
417.600923 0.058488
417.600923 0.058407
417.600923 0.058451
417.600923 0.058450
417.600923 0.058474
417.600923 0.058409
417.600923 0.058666
417.600923 0.058449
417.600923 0.058752
417.600923 0.058368
417.600923 0.058892
417.600923 0.058459
417.600923 0.058625
417.600923 0.058434
417.600923 0.058467
417.600923 0.058350
417.600923 0.058407
417.600923 0.058479
417.600923 0.058570
417.600923 0.058552
417.600923 0.058385
417.600923 0.058627
417.600923 0.058601
417.600923 0.058345
417.600923 0.058609
422.098388 0.058401
422.098388 0.058299
422.098388 0.058263
422.098388 0.058345
422.098388 0.058401
422.098388 0.058258
422.098388 0.058260
422.098388 0.058447
422.098388 0.058285
422.098388 0.058439
422.098388 0.058304
422.098388 0.058270
422.098388 0.058332
422.098388 0.058392
422.098388 0.058331
417.600923 0.058509
417.600923 0.058676
417.600923 0.058380
417.600923 0.058448
417.600923 0.058555
417.600923 0.058671
417.600923 0.058397
417.600923 0.058476
417.600923 0.058779
417.600923 0.058252
417.600923 0.058509
417.600923 0.058405
417.600923 0.058305
417.600923 0.058460
417.600923 0.058379
434.617239 0.058354
434.617239 0.058244
434.617239 0.058578
434.617239 0.058336
434.617239 0.058380
434.617239 0.058491
434.617239 0.058484
434.617239 0.058383
434.617239 0.058215
434.617239 0.058447
434.617239 0.058579
434.617239 0.058375
434.617239 0.058371
434.617239 0.058527
434.617239 0.058515
439.484822 0.058264
439.484822 0.058390
439.484822 0.058314
439.484822 0.058451
439.484822 0.058333
439.484822 0.058286
439.484822 0.058205
439.484822 0.058462
439.484822 0.058382
439.484822 0.058533
439.484822 0.058308
439.484822 0.058379
439.484822 0.058502
439.484822 0.058225
439.484822 0.058300
422.098388 0.058562
422.098388 0.058646
422.098388 0.058485
422.098388 0.058389
422.098388 0.058490
422.098388 0.058400
422.098388 0.058699
422.098388 0.058510
422.098388 0.058609
422.098388 0.058403
422.098388 0.058630
422.098388 0.058452
422.098388 0.058431
422.098388 0.058530
422.098388 0.058602
417.600923 0.058214
417.600923 0.058133
417.600923 0.058158
417.600923 0.058163
417.600923 0.058246
417.600923 0.058054
417.600923 0.058247
417.600923 0.058056
417.600923 0.058229
417.600923 0.058406
417.600923 0.058337
417.600923 0.058432
417.600923 0.058350
417.600923 0.058395
417.600923 0.058123
422.098388 0.058331
422.098388 0.058209
422.098388 0.058510
422.098388 0.058259
422.098388 0.058356
422.098388 0.058410
422.098388 0.058342
422.098388 0.058270
422.098388 0.058404
422.098388 0.058350
422.098388 0.058651
422.098388 0.058340
422.098388 0.058507
422.098388 0.058292
434.617239 0.058349
434.617239 0.058374
434.617239 0.058477
434.617239 0.058266
434.617239 0.058477
434.617239 0.058484
434.617239 0.058391
434.617239 0.058365
434.617239 0.058358
434.617239 0.058590
434.617239 0.058606
434.617239 0.058312
434.617239 0.058439
434.617239 0.058630
434.617239 0.058357
434.617239 0.058343
422.098388 0.058668
422.098388 0.058544
422.098388 0.058468
422.098388 0.058481
422.098388 0.058375
422.098388 0.058447
422.098388 0.058318
422.098388 0.058671
422.098388 0.058584
422.098388 0.058326
422.098388 0.058667
422.098388 0.058476
422.098388 0.058327
422.098388 0.058724
422.098388 0.058513
422.098388 0.058561
422.098388 0.058566
422.098388 0.058291
422.098388 0.058545
422.098388 0.058366
422.098388 0.058597
422.098388 0.058481
422.098388 0.058565
422.098388 0.058405
422.098388 0.058330
422.098388 0.058386
422.098388 0.058359
422.098388 0.058314
422.098388 0.058564
422.098388 0.058466
417.600923 0.058610
417.600923 0.058444
417.600923 0.058698
417.600923 0.058607
417.600923 0.058493
417.600923 0.058449
417.600923 0.058470
417.600923 0.058647
417.600923 0.058423
417.600923 0.058438
417.600923 0.058579
417.600923 0.058561
417.600923 0.058414
417.600923 0.058642
417.600923 0.058523
430.494639 0.058372
430.494639 0.058170
430.494639 0.058225
430.494639 0.058359
430.494639 0.058172
430.494639 0.058373
430.494639 0.058199
430.494639 0.058291
430.494639 0.058333
430.494639 0.058443
430.494639 0.058358
430.494639 0.058364
430.494639 0.058299
430.494639 0.058384
417.600923 0.058680
417.600923 0.058594
417.600923 0.058667
417.600923 0.058718
417.600923 0.058727
417.600923 0.058612
417.600923 0.058756
417.600923 0.058593
417.600923 0.058658
417.600923 0.058651
417.600923 0.058472
417.600923 0.058539
417.600923 0.058629
417.600923 0.058737
417.600923 0.058648
436.103789 0.058461
436.103789 0.058356
436.103789 0.058569
436.103789 0.058602
436.103789 0.058517
436.103789 0.058656
436.103789 0.058530
436.103789 0.058688
436.103789 0.058553
436.103789 0.058571
436.103789 0.058393
436.103789 0.058494
436.103789 0.058552
436.103789 0.058579
436.103789 0.058536
423.510023 0.058602
423.510023 0.058476
423.510023 0.058549
423.510023 0.058474
423.510023 0.058337
423.510023 0.058527
423.510023 0.058350
423.510023 0.058491
423.510023 0.058441
423.510023 0.058522
423.510023 0.058525
423.510023 0.058543
423.510023 0.058385
423.510023 0.058432
423.510023 0.058378
423.510023 0.058395
417.600923 0.058510
417.600923 0.058428
417.600923 0.058373
417.600923 0.058420
417.600923 0.058589
417.600923 0.058482
417.600923 0.058480
417.600923 0.058415
417.600923 0.058493
417.600923 0.058597
417.600923 0.058431
417.600923 0.059629
417.600923 0.058499
417.600923 0.058436
417.600923 0.058446
434.617239 0.058436
434.617239 0.058435
434.617239 0.058559
434.617239 0.058601
434.617239 0.058410
434.617239 0.058316
434.617239 0.058474
434.617239 0.058356
434.617239 0.058486
434.617239 0.058496
434.617239 0.058386
434.617239 0.058257
434.617239 0.058694
434.617239 0.058598
434.617239 0.058810
434.617239 0.058296
434.617239 0.058398
434.617239 0.058334
434.617239 0.058382
434.617239 0.058300
434.617239 0.058629
434.617239 0.058204
434.617239 0.058435
434.617239 0.058288
434.617239 0.058387
434.617239 0.058365
434.617239 0.058499
434.617239 0.058328
434.617239 0.058217
422.098388 0.058411
422.098388 0.058300
422.098388 0.058361
422.098388 0.058364
422.098388 0.058389
422.098388 0.058506
422.098388 0.058447
422.098388 0.058538
422.098388 0.058472
422.098388 0.058441
422.098388 0.058650
422.098388 0.058518
422.098388 0.058489
422.098388 0.058338
422.098388 0.058529
422.098388 0.058469
422.098388 0.058615
422.098388 0.058447
422.098388 0.058576
422.098388 0.058794
422.098388 0.058679
422.098388 0.058710
422.098388 0.058620
422.098388 0.058548
422.098388 0.058662
422.098388 0.058568
422.098388 0.058470
422.098388 0.058546
422.098388 0.058395
422.098388 0.058374
427.717013 0.058488
427.717013 0.058583
427.717013 0.058504
427.717013 0.058519
427.717013 0.058396
427.717013 0.058368
427.717013 0.058563
427.717013 0.058421
427.717013 0.058637
427.717013 0.058328
427.717013 0.058509
427.717013 0.058365
427.717013 0.058313
427.717013 0.058599
427.717013 0.058487
422.098388 0.058439
422.098388 0.059905
422.098388 0.058577
422.098388 0.058508
422.098388 0.058583
422.098388 0.058265
422.098388 0.058314
422.098388 0.058474
422.098388 0.058363
422.098388 0.058470
422.098388 0.058280
422.098388 0.058392
422.098388 0.058486
422.098388 0.058406
422.098388 0.058652
417.600923 0.058343
417.600923 0.058522
417.600923 0.058377
417.600923 0.058608
417.600923 0.058301
417.600923 0.058380
417.600923 0.058557
417.600923 0.058381
417.600923 0.058317
417.600923 0.058341
417.600923 0.058305
417.600923 0.058444
417.600923 0.058273
417.600923 0.058400
417.600923 0.058215
422.098388 0.058558
422.098388 0.058312
422.098388 0.058738
422.098388 0.058510
422.098388 0.058435
422.098388 0.058592
422.098388 0.058322
422.098388 0.058271
422.098388 0.058691
422.098388 0.058312
422.098388 0.058294
422.098388 0.058344
422.098388 0.058664
422.098388 0.058387
422.098388 0.058564
417.600923 0.058686
417.600923 0.058477
417.600923 0.058649
417.600923 0.058577
417.600923 0.058466
417.600923 0.058458
417.600923 0.058348
417.600923 0.058540
417.600923 0.058604
417.600923 0.058417
417.600923 0.058465
417.600923 0.058924
417.600923 0.058492
417.600923 0.058684
417.600923 0.058425
422.098388 0.058400
422.098388 0.058528
422.098388 0.058336
422.098388 0.058503
422.098388 0.058383
422.098388 0.058535
422.098388 0.058406
422.098388 0.058640
422.098388 0.058647
422.098388 0.058597
422.098388 0.058639
422.098388 0.058448
422.098388 0.058901
422.098388 0.058465
422.098388 0.058627
422.098388 0.058367
422.098388 0.058236
422.098388 0.058473
422.098388 0.058545
422.098388 0.058546
422.098388 0.058489
422.098388 0.058542
422.098388 0.058475
422.098388 0.058283
422.098388 0.058405
422.098388 0.058305
422.098388 0.058507
422.098388 0.058542
422.098388 0.058295
422.098388 0.058500
422.098388 0.058873
422.098388 0.058587
422.098388 0.058501
422.098388 0.058825
422.098388 0.058444
422.098388 0.058685
422.098388 0.058648
422.098388 0.058586
422.098388 0.058540
422.098388 0.058510
422.098388 0.058316
422.098388 0.058537
422.098388 0.058499
422.098388 0.058460
422.098388 0.058608
421.894793 0.058594
421.894793 0.058419
421.894793 0.058307
421.894793 0.058458
421.894793 0.058556
421.894793 0.058256
421.894793 0.058439
421.894793 0.058561
421.894793 0.058538
421.894793 0.058375
421.894793 0.058377
421.894793 0.058314
421.894793 0.058458
421.894793 0.058707
421.894793 0.058435
422.098388 0.058344
422.098388 0.058654
422.098388 0.058575
422.098388 0.058574
422.098388 0.058595
422.098388 0.058360
422.098388 0.058472
422.098388 0.058510
422.098388 0.058258
422.098388 0.058338
422.098388 0.058605
422.098388 0.058501
422.098388 0.058440
422.098388 0.058783
422.098388 0.058625
422.098388 0.058362
422.098388 0.058369
422.098388 0.058246
422.098388 0.058348
422.098388 0.058397
422.098388 0.058400
422.098388 0.058306
422.098388 0.058532
422.098388 0.058375
422.098388 0.058478
422.098388 0.058463
422.098388 0.058660
422.098388 0.058213
422.098388 0.058491
422.098388 0.058468
417.600923 0.058275
417.600923 0.058345
417.600923 0.058291
417.600923 0.058470
417.600923 0.058756
417.600923 0.058343
417.600923 0.058293
417.600923 0.058320
417.600923 0.058227
417.600923 0.058263
417.600923 0.058392
417.600923 0.058325
417.600923 0.058592
417.600923 0.058210
417.600923 0.058677
417.600923 0.058539
417.600923 0.058517
417.600923 0.058865
417.600923 0.058486
417.600923 0.058435
417.600923 0.058716
417.600923 0.058475
417.600923 0.058500
417.600923 0.058582
417.600923 0.058501
417.600923 0.058526
417.600923 0.058464
417.600923 0.058473
417.600923 0.058531
417.600923 0.058437
421.894793 0.058333
421.894793 0.058139
421.894793 0.058291
421.894793 0.058333
421.894793 0.058590
421.894793 0.058250
421.894793 0.058310
421.894793 0.058191
421.894793 0.058186
421.894793 0.058131
421.894793 0.058365
421.894793 0.058395
421.894793 0.058172
421.894793 0.058342
421.894793 0.058307
417.600923 0.058512
417.600923 0.058485
417.600923 0.058590
417.600923 0.058586
417.600923 0.058626
417.600923 0.058521
417.600923 0.058427
417.600923 0.058702
417.600923 0.058640
417.600923 0.058544
417.600923 0.058542
417.600923 0.058492
417.600923 0.058612
417.600923 0.058439
417.600923 0.058511
417.600923 0.058639
417.600923 0.058341
417.600923 0.058423
417.600923 0.058542
417.600923 0.058397
417.600923 0.058598
417.600923 0.058463
417.600923 0.058657
417.600923 0.058444
417.600923 0.058498
417.600923 0.058609
417.600923 0.058490
417.600923 0.058589
417.600923 0.058390
417.600923 0.058436
434.617239 0.058388
434.617239 0.058579
434.617239 0.058323
434.617239 0.058570
434.617239 0.058335
434.617239 0.058467
434.617239 0.058377
434.617239 0.058609
434.617239 0.058457
434.617239 0.058440
434.617239 0.058524
434.617239 0.058281
434.617239 0.058442
434.617239 0.058206
422.098388 0.059105
422.098388 0.059091
422.098388 0.059080
422.098388 0.059225
422.098388 0.059032
422.098388 0.059042
422.098388 0.059314
422.098388 0.059155
422.098388 0.058964
422.098388 0.059134
422.098388 0.059214
422.098388 0.059274
422.098388 0.059042
422.098388 0.059169
422.098388 0.059325
422.098388 0.058436
422.098388 0.058509
422.098388 0.058353
422.098388 0.058530
422.098388 0.058392
422.098388 0.058698
422.098388 0.058378
422.098388 0.058594
422.098388 0.058461
422.098388 0.058595
422.098388 0.058663
422.098388 0.058776
422.098388 0.058419
422.098388 0.058636
422.098388 0.058562
422.098388 0.058286
422.098388 0.058276
422.098388 0.058158
422.098388 0.058234
422.098388 0.058242
422.098388 0.058413
422.098388 0.058212
422.098388 0.058153
422.098388 0.058384
422.098388 0.058233
422.098388 0.058198
422.098388 0.058341
422.098388 0.058554
422.098388 0.058178
422.098388 0.058261
422.098388 0.058312
422.098388 0.058269
422.098388 0.058258
422.098388 0.058391
422.098388 0.058312
422.098388 0.058326
422.098388 0.058418
422.098388 0.058477
422.098388 0.058411
422.098388 0.058513
422.098388 0.058489
422.098388 0.058481
422.098388 0.058354
422.098388 0.058478
422.098388 0.058525
417.600923 0.058734
417.600923 0.058782
417.600923 0.058635
417.600923 0.058445
417.600923 0.058644
417.600923 0.058532
417.600923 0.058543
417.600923 0.058603
417.600923 0.058513
417.600923 0.058551
417.600923 0.058464
417.600923 0.058478
417.600923 0.058680
417.600923 0.058547
417.600923 0.058480
417.600923 0.058467
417.600923 0.058506
417.600923 0.058418
417.600923 0.058480
417.600923 0.058594
417.600923 0.058501
417.600923 0.058612
417.600923 0.058611
417.600923 0.058444
417.600923 0.058690
417.600923 0.058478
417.600923 0.058392
417.600923 0.058464
417.600923 0.058477
417.600923 0.058753
422.098388 0.058558
422.098388 0.058331
422.098388 0.058682
422.098388 0.058506
422.098388 0.058694
422.098388 0.058395
422.098388 0.058440
422.098388 0.058512
422.098388 0.058740
422.098388 0.058500
422.098388 0.058405
422.098388 0.058396
422.098388 0.058400
422.098388 0.058428
422.098388 0.058510
417.600923 0.058464
417.600923 0.058484
417.600923 0.058523
417.600923 0.058484
417.600923 0.058335
417.600923 0.058588
417.600923 0.058345
417.600923 0.058796
417.600923 0.058684
417.600923 0.058477
417.600923 0.058452
417.600923 0.058567
417.600923 0.058418
417.600923 0.058675
417.600923 0.058356
417.600923 0.058513
417.600923 0.058455
417.600923 0.058309
417.600923 0.058560
417.600923 0.058464
417.600923 0.058340
417.600923 0.058596
417.600923 0.058402
417.600923 0.058368
417.600923 0.058676
417.600923 0.058550
417.600923 0.058456
417.600923 0.058595
417.600923 0.058328
417.600923 0.062430
417.600923 0.059438
417.600923 0.059869
417.600923 0.059817
417.600923 0.059604
417.600923 0.058568
417.600923 0.058423
417.600923 0.058748
417.600923 0.058583
417.600923 0.058774
417.600923 0.058441
417.600923 0.058374
417.600923 0.058786
417.600923 0.058407
417.600923 0.058536
417.600923 0.058460
422.098388 0.058081
422.098388 0.058252
422.098388 0.058103
422.098388 0.058282
422.098388 0.058086
422.098388 0.058380
422.098388 0.058202
422.098388 0.058356
422.098388 0.058153
422.098388 0.058513
422.098388 0.058162
422.098388 0.058241
422.098388 0.058231
422.098388 0.058507
422.098388 0.058345
417.600923 0.058426
417.600923 0.058445
417.600923 0.058849
417.600923 0.058591
417.600923 0.058702
417.600923 0.058493
417.600923 0.058498
417.600923 0.058435
417.600923 0.058454
417.600923 0.058537
417.600923 0.058509
417.600923 0.058399
417.600923 0.058470
417.600923 0.058409
417.600923 0.058602
422.098388 0.058509
422.098388 0.058645
422.098388 0.058541
422.098388 0.058615
422.098388 0.058434
422.098388 0.058484
422.098388 0.058446
422.098388 0.058570
422.098388 0.058471
422.098388 0.058409
422.098388 0.058563
422.098388 0.058678
422.098388 0.058417
422.098388 0.058529
422.098388 0.058795
430.017127 0.058599
430.017127 0.058437
430.017127 0.058499
430.017127 0.058415
430.017127 0.058484
430.017127 0.058166
430.017127 0.058364
430.017127 0.058411
430.017127 0.058340
430.017127 0.058432
430.017127 0.058416
430.017127 0.058290
430.017127 0.058387
430.017127 0.058353
430.017127 0.058460
422.098388 0.058599
422.098388 0.058175
422.098388 0.058284
422.098388 0.058415
422.098388 0.058301
422.098388 0.058320
422.098388 0.058399
422.098388 0.058438
422.098388 0.058494
422.098388 0.058331
422.098388 0.058420
422.098388 0.058422
422.098388 0.058585
422.098388 0.058247
465.088460 0.058811
465.088460 0.059150
465.088460 0.059138
465.088460 0.059080
465.088460 0.058714
465.088460 0.058886
465.088460 0.059121
465.088460 0.059050
465.088460 0.058764
465.088460 0.058895
465.088460 0.059097
465.088460 0.058881
465.088460 0.058832
465.088460 0.059043
465.088460 0.058809
422.098388 0.058542
422.098388 0.058566
422.098388 0.058554
422.098388 0.058524
422.098388 0.058457
422.098388 0.058434
422.098388 0.058668
422.098388 0.058739
422.098388 0.058513
422.098388 0.058426
422.098388 0.058500
422.098388 0.058570
422.098388 0.058495
422.098388 0.058406
422.098388 0.058473
417.600923 0.058548
417.600923 0.058536
417.600923 0.058398
417.600923 0.058732
417.600923 0.058461
417.600923 0.058380
417.600923 0.058613
417.600923 0.058575
417.600923 0.058879
417.600923 0.058330
417.600923 0.058402
417.600923 0.058625
417.600923 0.058505
417.600923 0.058416
417.600923 0.058480
421.894793 0.058255
421.894793 0.058428
421.894793 0.058514
421.894793 0.058572
421.894793 0.058437
421.894793 0.058463
421.894793 0.058301
421.894793 0.058384
421.894793 0.058529
421.894793 0.058455
421.894793 0.058448
421.894793 0.058340
421.894793 0.058462
421.894793 0.058462
421.894793 0.058436
423.510023 0.058441
423.510023 0.058219
423.510023 0.058345
423.510023 0.058418
423.510023 0.058286
423.510023 0.058357
423.510023 0.058271
423.510023 0.058181
423.510023 0.058200
423.510023 0.058121
423.510023 0.058115
423.510023 0.058297
423.510023 0.058396
423.510023 0.058123
422.098388 0.058556
422.098388 0.058746
422.098388 0.058860
422.098388 0.058550
422.098388 0.058711
422.098388 0.058704
422.098388 0.058553
422.098388 0.058660
422.098388 0.058398
422.098388 0.058468
422.098388 0.058450
422.098388 0.058391
422.098388 0.058611
422.098388 0.058724
422.098388 0.058385
422.098388 0.058387
422.098388 0.058369
422.098388 0.058298
422.098388 0.058539
422.098388 0.058319
422.098388 0.058308
422.098388 0.058635
422.098388 0.058535
422.098388 0.058546
422.098388 0.058384
422.098388 0.058416
422.098388 0.058524
422.098388 0.058556
422.098388 0.058495
422.098388 0.058374
417.600923 0.058580
417.600923 0.058557
417.600923 0.058569
417.600923 0.058462
417.600923 0.058511
417.600923 0.058567
417.600923 0.058331
417.600923 0.058340
417.600923 0.058369
417.600923 0.058542
417.600923 0.058647
417.600923 0.058458
417.600923 0.058539
417.600923 0.058527
417.600923 0.058538
427.717013 0.058384
427.717013 0.058661
427.717013 0.058366
427.717013 0.058162
427.717013 0.058563
427.717013 0.058425
427.717013 0.058615
427.717013 0.058423
427.717013 0.058385
427.717013 0.058467
427.717013 0.058543
427.717013 0.058380
427.717013 0.058462
427.717013 0.058232
427.717013 0.058363
417.600923 0.059581
417.600923 0.059547
417.600923 0.059843
417.600923 0.059379
417.600923 0.059600
417.600923 0.059826
417.600923 0.059531
417.600923 0.059447
417.600923 0.059561
417.600923 0.059485
417.600923 0.059770
417.600923 0.059666
417.600923 0.059521
417.600923 0.059836
417.600923 0.059748
422.098388 0.058467
422.098388 0.058314
422.098388 0.058520
422.098388 0.058666
422.098388 0.058339
422.098388 0.058579
422.098388 0.058552
422.098388 0.058579
422.098388 0.058623
422.098388 0.058417
422.098388 0.058408
422.098388 0.058376
422.098388 0.058680
422.098388 0.058348
422.098388 0.058486
422.098388 0.058445
422.098388 0.058318
422.098388 0.058423
422.098388 0.058543
422.098388 0.058602
422.098388 0.058365
422.098388 0.058592
422.098388 0.058505
422.098388 0.069028
422.098388 0.058262
422.098388 0.058263
422.098388 0.058349
422.098388 0.058370
422.098388 0.058551
422.098388 0.058604
422.098388 0.058451
422.098388 0.058281
422.098388 0.058481
422.098388 0.058531
422.098388 0.058404
422.098388 0.058412
422.098388 0.058257
422.098388 0.058208
422.098388 0.058573
422.098388 0.058351
422.098388 0.058240
422.098388 0.058396
422.098388 0.058367
422.098388 0.058255
422.098388 0.058670
417.600923 0.058593
417.600923 0.058386
417.600923 0.058754
417.600923 0.058494
417.600923 0.058971
417.600923 0.058577
417.600923 0.058518
417.600923 0.058363
417.600923 0.058706
417.600923 0.058351
417.600923 0.058632
417.600923 0.058587
417.600923 0.058506
417.600923 0.058443
417.600923 0.058614
434.704119 0.059066
434.704119 0.059178
434.704119 0.059125
434.704119 0.059060
434.704119 0.058991
434.704119 0.058941
434.704119 0.058713
434.704119 0.058768
434.704119 0.058859
434.704119 0.058820
434.704119 0.059019
434.704119 0.059073
434.704119 0.058919
434.704119 0.059247
417.600923 0.058526
417.600923 0.058657
417.600923 0.058621
417.600923 0.058517
417.600923 0.058532
417.600923 0.058432
417.600923 0.058494
417.600923 0.058542
417.600923 0.058345
417.600923 0.058361
417.600923 0.058691
417.600923 0.058360
417.600923 0.058405
417.600923 0.058448
417.600923 0.058509
417.600923 0.058455
417.600923 0.058328
417.600923 0.058822
417.600923 0.058544
417.600923 0.058522
417.600923 0.058730
417.600923 0.058607
417.600923 0.058699
417.600923 0.058693
417.600923 0.058436
417.600923 0.058583
417.600923 0.058675
417.600923 0.058470
417.600923 0.058731
417.600923 0.058936
417.600923 0.058362
417.600923 0.058375
417.600923 0.058520
417.600923 0.058372
417.600923 0.058645
417.600923 0.058686
417.600923 0.058479
417.600923 0.058504
417.600923 0.058378
417.600923 0.058381
417.600923 0.058406
417.600923 0.058407
417.600923 0.059042
417.600923 0.058334
417.600923 0.058589
417.600923 0.058783
422.098388 0.060347
422.098388 0.060453
422.098388 0.060594
422.098388 0.060423
422.098388 0.059317
422.098388 0.059122
422.098388 0.059080
422.098388 0.059363
422.098388 0.058951
422.098388 0.059030
422.098388 0.059089
422.098388 0.059084
422.098388 0.059150
422.098388 0.058992
432.691991 0.058620
432.691991 0.058635
432.691991 0.058453
432.691991 0.058355
432.691991 0.058350
432.691991 0.058633
432.691991 0.058614
432.691991 0.058363
432.691991 0.058499
432.691991 0.058362
432.691991 0.058361
432.691991 0.058382
432.691991 0.058546
432.691991 0.058522
432.691991 0.058418
422.098388 0.058529
422.098388 0.058649
422.098388 0.058551
422.098388 0.058743
422.098388 0.058458
422.098388 0.058706
422.098388 0.058464
422.098388 0.058445
422.098388 0.058409
422.098388 0.058434
422.098388 0.058690
422.098388 0.058530
422.098388 0.058734
422.098388 0.058421
422.098388 0.058563
423.510023 0.058441
423.510023 0.058352
423.510023 0.058339
423.510023 0.058403
423.510023 0.058290
423.510023 0.058371
423.510023 0.058288
423.510023 0.058344
423.510023 0.058510
423.510023 0.058527
423.510023 0.058445
423.510023 0.058353
423.510023 0.058440
423.510023 0.058513
423.510023 0.058343
417.600923 0.058452
417.600923 0.058656
417.600923 0.058639
417.600923 0.058423
417.600923 0.058624
417.600923 0.058530
417.600923 0.058578
417.600923 0.058370
417.600923 0.058565
417.600923 0.058406
417.600923 0.058429
417.600923 0.058549
417.600923 0.058350
417.600923 0.058422
417.600923 0.058745
443.946749 0.058627
443.946749 0.058556
443.946749 0.058389
443.946749 0.058380
443.946749 0.058493
443.946749 0.058354
443.946749 0.060886
443.946749 0.058420
443.946749 0.058720
443.946749 0.058553
443.946749 0.058388
443.946749 0.058572
443.946749 0.058474
443.946749 0.058476
443.946749 0.058419
422.098388 0.058573
422.098388 0.058385
422.098388 0.058717
422.098388 0.058358
422.098388 0.058465
422.098388 0.058511
422.098388 0.058378
422.098388 0.058442
422.098388 0.058324
422.098388 0.058558
422.098388 0.058347
422.098388 0.058488
422.098388 0.058666
422.098388 0.058216
422.098388 0.058453
417.600923 0.058499
417.600923 0.058313
417.600923 0.058287
417.600923 0.058360
417.600923 0.058550
417.600923 0.058490
417.600923 0.058408
417.600923 0.058379
417.600923 0.058541
417.600923 0.058238
417.600923 0.058384
417.600923 0.058408
417.600923 0.058317
417.600923 0.058330
417.600923 0.058512
417.600923 0.058691
417.600923 0.058525
417.600923 0.058587
417.600923 0.058495
417.600923 0.058502
417.600923 0.058682
417.600923 0.058687
417.600923 0.058613
417.600923 0.058491
417.600923 0.058426
417.600923 0.058673
417.600923 0.058719
417.600923 0.058757
417.600923 0.058483
417.600923 0.058516
417.600923 0.058806
417.600923 0.058691
417.600923 0.058673
417.600923 0.058651
417.600923 0.058717
417.600923 0.058688
417.600923 0.058740
417.600923 0.058701
417.600923 0.058841
417.600923 0.058791
417.600923 0.058806
417.600923 0.058703
417.600923 0.058649
417.600923 0.058884
417.600923 0.058757
422.098388 0.058473
422.098388 0.058646
422.098388 0.058645
422.098388 0.058630
422.098388 0.058606
422.098388 0.058767
422.098388 0.058714
422.098388 0.058620
422.098388 0.058640
422.098388 0.058450
422.098388 0.058558
422.098388 0.058602
422.098388 0.058751
422.098388 0.058668
422.098388 0.058503
417.600923 0.058513
417.600923 0.058533
417.600923 0.058359
417.600923 0.058500
417.600923 0.058359
417.600923 0.058402
417.600923 0.058606
417.600923 0.058428
417.600923 0.058622
417.600923 0.058663
417.600923 0.058747
417.600923 0.058779
417.600923 0.058419
417.600923 0.058541
423.510023 0.058502
423.510023 0.058663
423.510023 0.058641
423.510023 0.058476
423.510023 0.058549
423.510023 0.058576
423.510023 0.058478
423.510023 0.058544
423.510023 0.058260
423.510023 0.058551
423.510023 0.058418
423.510023 0.058275
423.510023 0.058488
423.510023 0.058553
423.510023 0.058507
423.510023 0.058501
423.510023 0.058580
423.510023 0.058625
423.510023 0.058569
423.510023 0.058724
423.510023 0.058636
423.510023 0.058364
423.510023 0.058555
423.510023 0.058444
423.510023 0.058418
423.510023 0.058543
423.510023 0.058375
423.510023 0.058488
423.510023 0.058613
423.510023 0.058645
422.098388 0.058323
422.098388 0.058274
422.098388 0.058259
422.098388 0.058284
422.098388 0.058499
422.098388 0.058734
422.098388 0.058388
422.098388 0.058271
422.098388 0.058315
422.098388 0.058506
422.098388 0.058197
422.098388 0.058650
422.098388 0.058491
422.098388 0.058483
422.098388 0.058388
422.098388 0.058182
422.098388 0.058485
422.098388 0.058181
422.098388 0.058251
422.098388 0.058379
422.098388 0.058422
422.098388 0.058258
422.098388 0.058279
422.098388 0.058301
422.098388 0.058258
422.098388 0.058324
422.098388 0.058154
422.098388 0.058376
422.098388 0.058380
422.098388 0.058202
417.600923 0.058555
417.600923 0.058484
417.600923 0.059098
417.600923 0.058436
417.600923 0.058603
417.600923 0.058805
417.600923 0.058630
417.600923 0.058625
417.600923 0.058635
417.600923 0.058631
417.600923 0.058499
417.600923 0.058469
417.600923 0.058713
417.600923 0.058507
417.600923 0.058483
422.098388 0.058553
422.098388 0.058615
422.098388 0.058538
422.098388 0.058571
422.098388 0.058630
422.098388 0.058348
422.098388 0.058600
422.098388 0.058384
422.098388 0.058379
422.098388 0.058582
422.098388 0.058315
422.098388 0.058352
422.098388 0.058552
422.098388 0.058401
422.098388 0.058421
417.600923 0.058423
417.600923 0.058684
417.600923 0.058417
417.600923 0.058461
417.600923 0.058613
417.600923 0.058480
417.600923 0.058510
417.600923 0.058614
417.600923 0.058705
417.600923 0.058642
417.600923 0.058512
417.600923 0.058702
417.600923 0.058665
417.600923 0.058504
417.600923 0.042281
422.098388 0.059739
422.098388 0.059153
422.098388 0.058422
422.098388 0.058358
422.098388 0.058333
422.098388 0.058287
422.098388 0.058360
422.098388 0.058265
422.098388 0.058452
422.098388 0.058462
422.098388 0.058479
422.098388 0.058385
422.098388 0.058301
422.098388 0.058787
422.098388 0.058357
417.600923 0.058643
417.600923 0.058344
417.600923 0.058480
417.600923 0.058731
417.600923 0.058393
417.600923 0.058619
417.600923 0.058645
417.600923 0.058469
417.600923 0.058492
417.600923 0.058449
417.600923 0.058586
417.600923 0.058646
417.600923 0.058453
417.600923 0.058433
417.600923 0.058504
423.510023 0.058365
423.510023 0.058626
423.510023 0.058330
423.510023 0.058487
423.510023 0.058311
423.510023 0.058501
423.510023 0.058374
423.510023 0.058421
423.510023 0.058386
423.510023 0.058297
423.510023 0.058504
423.510023 0.058408
423.510023 0.058394
423.510023 0.058414
423.510023 0.058693
422.098388 0.058330
422.098388 0.058601
422.098388 0.058466
422.098388 0.058573
422.098388 0.058546
422.098388 0.058236
422.098388 0.058619
422.098388 0.058384
422.098388 0.058562
422.098388 0.058501
422.098388 0.058636
422.098388 0.058278
422.098388 0.058503
422.098388 0.058564
422.098388 0.058661
422.098388 0.058101
422.098388 0.058200
422.098388 0.058092
422.098388 0.058095
422.098388 0.058138
422.098388 0.058008
422.098388 0.058423
422.098388 0.058141
422.098388 0.058043
422.098388 0.058347
422.098388 0.058170
422.098388 0.058063
422.098388 0.058025
422.098388 0.058790
422.098388 0.058299
423.510023 0.058511
423.510023 0.058466
423.510023 0.058470
423.510023 0.058314
423.510023 0.058646
423.510023 0.058508
423.510023 0.058597
423.510023 0.058388
423.510023 0.058428
423.510023 0.058566
423.510023 0.058287
423.510023 0.058339
423.510023 0.058332
423.510023 0.058538
423.510023 0.058320
417.600923 0.058364
417.600923 0.058312
417.600923 0.058313
417.600923 0.058309
417.600923 0.058413
417.600923 0.058467
417.600923 0.058478
417.600923 0.058230
417.600923 0.058348
417.600923 0.058342
417.600923 0.058424
417.600923 0.058489
417.600923 0.058359
417.600923 0.058258
417.600923 0.058369
417.600923 0.058607
417.600923 0.058627
417.600923 0.058681
417.600923 0.058492
417.600923 0.058723
417.600923 0.058605
417.600923 0.058653
417.600923 0.061655
417.600923 0.058809
417.600923 0.058964
417.600923 0.058677
417.600923 0.058645
417.600923 0.058663
417.600923 0.058510
421.894793 0.059287
421.894793 0.059437
421.894793 0.059268
421.894793 0.059548
421.894793 0.059416
421.894793 0.059327
421.894793 0.059315
421.894793 0.059262
421.894793 0.059179
421.894793 0.059468
421.894793 0.059735
421.894793 0.059308
421.894793 0.059339
421.894793 0.059243
421.894793 0.059337
417.600923 0.058555
417.600923 0.058493
417.600923 0.058562
417.600923 0.058401
417.600923 0.058485
417.600923 0.058452
417.600923 0.058428
417.600923 0.058492
417.600923 0.058559
417.600923 0.058565
417.600923 0.058766
417.600923 0.058491
417.600923 0.058353
417.600923 0.058556
417.600923 0.058678
417.600923 0.058443
417.600923 0.058611
417.600923 0.058522
417.600923 0.058553
417.600923 0.058447
417.600923 0.058666
417.600923 0.058429
417.600923 0.058343
417.600923 0.058914
417.600923 0.058675
417.600923 0.058522
417.600923 0.058717
417.600923 0.058399
417.600923 0.058629
417.600923 0.058553
417.600923 0.058404
417.600923 0.058391
417.600923 0.058393
417.600923 0.058676
417.600923 0.058330
417.600923 0.058433
417.600923 0.058425
417.600923 0.058444
417.600923 0.058534
417.600923 0.058601
417.600923 0.058327
417.600923 0.058608
417.600923 0.058630
417.600923 0.058615
417.600923 0.058498
417.600923 0.058389
417.600923 0.058606
417.600923 0.058541
417.600923 0.058476
417.600923 0.058530
417.600923 0.058453
417.600923 0.058593
417.600923 0.058441
417.600923 0.058587
417.600923 0.058489
417.600923 0.042357
417.600923 0.058594
417.600923 0.058511
417.600923 0.058603
417.600923 0.059770
417.600923 0.058460
417.600923 0.058363
417.600923 0.058282
417.600923 0.058483
417.600923 0.058472
417.600923 0.058410
417.600923 0.058407
417.600923 0.058421
417.600923 0.058462
417.600923 0.058537
417.600923 0.058440
417.600923 0.058463
417.600923 0.058290
417.600923 0.058144
417.600923 0.058286
422.098388 0.058610
422.098388 0.058499
422.098388 0.058607
422.098388 0.058679
422.098388 0.058528
422.098388 0.058520
422.098388 0.058658
422.098388 0.058543
422.098388 0.060570
422.098388 0.058427
422.098388 0.058696
422.098388 0.058428
422.098388 0.058521
422.098388 0.058320
422.098388 0.058597
422.098388 0.058397
422.098388 0.058603
422.098388 0.058485
422.098388 0.058578
422.098388 0.058504
422.098388 0.058457
422.098388 0.058427
422.098388 0.058496
422.098388 0.058648
422.098388 0.058551
422.098388 0.058654
422.098388 0.058466
422.098388 0.058726
422.098388 0.058501
422.098388 0.058419
439.484822 0.058418
439.484822 0.058296
439.484822 0.058361
439.484822 0.058633
439.484822 0.058299
439.484822 0.058286
439.484822 0.058241
439.484822 0.058494
439.484822 0.058396
439.484822 0.058385
439.484822 0.058530
439.484822 0.058266
439.484822 0.058194
439.484822 0.058270
439.484822 0.058488
422.098388 0.058556
422.098388 0.058888
422.098388 0.058580
422.098388 0.058649
422.098388 0.058843
422.098388 0.058649
422.098388 0.058567
422.098388 0.058914
422.098388 0.058812
422.098388 0.058618
422.098388 0.058757
422.098388 0.058792
422.098388 0.058573
422.098388 0.058924
422.098388 0.058600
417.600923 0.058196
417.600923 0.058124
417.600923 0.058290
417.600923 0.058238
417.600923 0.058308
417.600923 0.058203
417.600923 0.058142
417.600923 0.058151
417.600923 0.058414
417.600923 0.058191
417.600923 0.058328
417.600923 0.058494
417.600923 0.058425
417.600923 0.058203
417.600923 0.058286
422.098388 0.058462
422.098388 0.058321
422.098388 0.058459
422.098388 0.058475
422.098388 0.058569
422.098388 0.058555
422.098388 0.058473
422.098388 0.058434
422.098388 0.058686
422.098388 0.058418
422.098388 0.058612
422.098388 0.058532
422.098388 0.058507
422.098388 0.058465
422.098388 0.058580
422.098388 0.058516
422.098388 0.058941
422.098388 0.058421
422.098388 0.058487
422.098388 0.058624
422.098388 0.058475
422.098388 0.058532
422.098388 0.058691
422.098388 0.058632
422.098388 0.058436
422.098388 0.058455
422.098388 0.058573
422.098388 0.058578
422.098388 0.058482
422.098388 0.058582
432.691991 0.058553
432.691991 0.058558
432.691991 0.058506
432.691991 0.058314
432.691991 0.058523
432.691991 0.058400
432.691991 0.058576
432.691991 0.058363
432.691991 0.058502
432.691991 0.058365
432.691991 0.058382
432.691991 0.058623
432.691991 0.058390
432.691991 0.058585
432.691991 0.058381
417.600923 0.058476
417.600923 0.058734
417.600923 0.058404
417.600923 0.058439
417.600923 0.058526
417.600923 0.058541
417.600923 0.058662
417.600923 0.058571
417.600923 0.058501
417.600923 0.058832
417.600923 0.058443
417.600923 0.058522
417.600923 0.058690
417.600923 0.058546
417.600923 0.058710
425.510187 0.058259
425.510187 0.058362
425.510187 0.058336
425.510187 0.058274
425.510187 0.058212
425.510187 0.058257
425.510187 0.058507
425.510187 0.058550
425.510187 0.058266
425.510187 0.058248
425.510187 0.058348
425.510187 0.058208
425.510187 0.058150
425.510187 0.058142
425.510187 0.058220
417.600923 0.058581
417.600923 0.058484
417.600923 0.058652
417.600923 0.058421
417.600923 0.058431
417.600923 0.058368
417.600923 0.058334
417.600923 0.058457
417.600923 0.058639
417.600923 0.058491
417.600923 0.058378
417.600923 0.058431
417.600923 0.058415
417.600923 0.058426
417.600923 0.058415
422.098388 0.058549
422.098388 0.058335
422.098388 0.058297
422.098388 0.058236
422.098388 0.058405
422.098388 0.058470
422.098388 0.058380
422.098388 0.058556
422.098388 0.058397
422.098388 0.058284
422.098388 0.058223
422.098388 0.058370
422.098388 0.058498
422.098388 0.058424
422.098388 0.058265
422.098388 0.058274
422.098388 0.058298
422.098388 0.058350
422.098388 0.058412
422.098388 0.058504
422.098388 0.058464
422.098388 0.058505
422.098388 0.058433
422.098388 0.058450
422.098388 0.058258
422.098388 0.058448
422.098388 0.058628
422.098388 0.058751
422.098388 0.058273
422.098388 0.058496
439.484822 0.058719
439.484822 0.058692
439.484822 0.058523
439.484822 0.058354
439.484822 0.058390
439.484822 0.058297
439.484822 0.058318
439.484822 0.058325
439.484822 0.058425
439.484822 0.058466
439.484822 0.058486
439.484822 0.058392
439.484822 0.058367
439.484822 0.058355
439.484822 0.058210
417.600923 0.058592
417.600923 0.058687
417.600923 0.058393
417.600923 0.058786
417.600923 0.058507
417.600923 0.058447
417.600923 0.058569
417.600923 0.058411
417.600923 0.058530
417.600923 0.058749
417.600923 0.058521
417.600923 0.058515
417.600923 0.058398
417.600923 0.058663
417.600923 0.058702
422.098388 0.058785
422.098388 0.058695
422.098388 0.058898
422.098388 0.058588
422.098388 0.058859
422.098388 0.058553
422.098388 0.058530
422.098388 0.058537
422.098388 0.058512
422.098388 0.058688
422.098388 0.058909
422.098388 0.058759
422.098388 0.058891
422.098388 0.058535
417.600923 0.058683
417.600923 0.058598
417.600923 0.058439
417.600923 0.058645
417.600923 0.058448
417.600923 0.058405
417.600923 0.058425
417.600923 0.058649
417.600923 0.058435
417.600923 0.058539
417.600923 0.058772
417.600923 0.058565
417.600923 0.058413
417.600923 0.058556
417.600923 0.058409
417.600923 0.058554
421.894793 0.058280
421.894793 0.058451
421.894793 0.058703
421.894793 0.058529
421.894793 0.058625
421.894793 0.058342
421.894793 0.058383
421.894793 0.058570
421.894793 0.058598
421.894793 0.058530
421.894793 0.058531
421.894793 0.058662
421.894793 0.058588
421.894793 0.058447
421.894793 0.058480
422.098388 0.058430
422.098388 0.058505
422.098388 0.058573
422.098388 0.058370
422.098388 0.058381
422.098388 0.058465
422.098388 0.058578
422.098388 0.058648
422.098388 0.058709
422.098388 0.058472
422.098388 0.058872
422.098388 0.058452
422.098388 0.058722
422.098388 0.058503
425.810137 0.058561
425.810137 0.058280
425.810137 0.058289
425.810137 0.058392
425.810137 0.058335
425.810137 0.058402
425.810137 0.058466
425.810137 0.058364
425.810137 0.058293
425.810137 0.058456
425.810137 0.058389
425.810137 0.058454
425.810137 0.058449
425.810137 0.058430
425.810137 0.058327
417.600923 0.058605
417.600923 0.058347
417.600923 0.058614
417.600923 0.058471
417.600923 0.058412
417.600923 0.058449
417.600923 0.058596
417.600923 0.058578
417.600923 0.058438
417.600923 0.058708
417.600923 0.058380
417.600923 0.058514
417.600923 0.058610
417.600923 0.058513
417.600923 0.058560
422.098388 0.058419
422.098388 0.058606
422.098388 0.058558
422.098388 0.058484
422.098388 0.058516
422.098388 0.058597
422.098388 0.058379
422.098388 0.058373
422.098388 0.058450
422.098388 0.058519
422.098388 0.058603
422.098388 0.058497
422.098388 0.058543
422.098388 0.058532
422.098388 0.058515
417.600923 0.058477
417.600923 0.058464
417.600923 0.058443
417.600923 0.058376
417.600923 0.058365
417.600923 0.058460
417.600923 0.058446
417.600923 0.058479
417.600923 0.058643
417.600923 0.058347
417.600923 0.058497
417.600923 0.058490
417.600923 0.058668
417.600923 0.058524
417.600923 0.058443
423.510023 0.058559
423.510023 0.058536
423.510023 0.058450
423.510023 0.058494
423.510023 0.058418
423.510023 0.058530
423.510023 0.058627
423.510023 0.058757
423.510023 0.058538
423.510023 0.058404
423.510023 0.058479
423.510023 0.058650
423.510023 0.058519
423.510023 0.058629
423.510023 0.058530
422.098388 0.058580
422.098388 0.058246
422.098388 0.058373
422.098388 0.058497
422.098388 0.058654
422.098388 0.058367
422.098388 0.058359
422.098388 0.058414
422.098388 0.058328
422.098388 0.058373
422.098388 0.058343
422.098388 0.058264
422.098388 0.058813
422.098388 0.058462
422.098388 0.058393
417.600923 0.058759
417.600923 0.058595
417.600923 0.058540
417.600923 0.058479
417.600923 0.058630
417.600923 0.058739
417.600923 0.058486
417.600923 0.058688
417.600923 0.058581
417.600923 0.058703
417.600923 0.058966
417.600923 0.058479
417.600923 0.058660
417.600923 0.058742
417.600923 0.058591
417.600923 0.058570
417.600923 0.058674
417.600923 0.058552
417.600923 0.058414
417.600923 0.058561
417.600923 0.058750
417.600923 0.058517
417.600923 0.058741
417.600923 0.058744
417.600923 0.058582
417.600923 0.058605
417.600923 0.058665
417.600923 0.058470
417.600923 0.058640
417.600923 0.058890
422.098388 0.058591
422.098388 0.058389
422.098388 0.058514
422.098388 0.058599
422.098388 0.058409
422.098388 0.058331
422.098388 0.058405
422.098388 0.058418
422.098388 0.058315
422.098388 0.058424
422.098388 0.058398
422.098388 0.058637
422.098388 0.058419
422.098388 0.058435
422.098388 0.058664
422.098388 0.058304
422.098388 0.058358
422.098388 0.058498
422.098388 0.058403
422.098388 0.058525
422.098388 0.058430
422.098388 0.058402
422.098388 0.058361
422.098388 0.058663
422.098388 0.058381
422.098388 0.058272
422.098388 0.058783
422.098388 0.058333
422.098388 0.058636
422.098388 0.058694
434.704119 0.058219
434.704119 0.058664
434.704119 0.058284
434.704119 0.058418
434.704119 0.058427
434.704119 0.058372
434.704119 0.058426
434.704119 0.058342
434.704119 0.058299
434.704119 0.058301
434.704119 0.058398
434.704119 0.058374
434.704119 0.058280
434.704119 0.058354
434.704119 0.058352
422.098388 0.058620
422.098388 0.058406
422.098388 0.058408
422.098388 0.058392
422.098388 0.058443
422.098388 0.058447
422.098388 0.058251
422.098388 0.058434
422.098388 0.058435
422.098388 0.058291
422.098388 0.058236
422.098388 0.058423
422.098388 0.058505
422.098388 0.058520
422.098388 0.058229
417.600923 0.058845
417.600923 0.058349
417.600923 0.058567
417.600923 0.058413
417.600923 0.058492
417.600923 0.058388
417.600923 0.058325
417.600923 0.058334
417.600923 0.058534
417.600923 0.058403
417.600923 0.058299
417.600923 0.058275
417.600923 0.058342
417.600923 0.058266
417.600923 0.058233
434.617239 0.058523
434.617239 0.058144
434.617239 0.058466
434.617239 0.058175
434.617239 0.058416
434.617239 0.058318
434.617239 0.058215
434.617239 0.058350
434.617239 0.058138
434.617239 0.058186
434.617239 0.058205
434.617239 0.058401
434.617239 0.058013
434.617239 0.058622
434.617239 0.058407
422.098388 0.058254
422.098388 0.058313
422.098388 0.058377
422.098388 0.058303
422.098388 0.058111
422.098388 0.058225
422.098388 0.058373
422.098388 0.058442
422.098388 0.058231
422.098388 0.058307
422.098388 0.058402
422.098388 0.058531
422.098388 0.058285
422.098388 0.058292
422.098388 0.058239
417.600923 0.058844
417.600923 0.058476
417.600923 0.058629
417.600923 0.058625
417.600923 0.058538
417.600923 0.058642
417.600923 0.058697
417.600923 0.058585
417.600923 0.058513
417.600923 0.058763
417.600923 0.058900
417.600923 0.058497
417.600923 0.058578
417.600923 0.058823
417.600923 0.058670
417.600923 0.058727
417.600923 0.058630
417.600923 0.058536
417.600923 0.058537
417.600923 0.058479
417.600923 0.058550
417.600923 0.058428
417.600923 0.058619
417.600923 0.058484
417.600923 0.058681
417.600923 0.058475
417.600923 0.058726
417.600923 0.058531
417.600923 0.058494
417.600923 0.058687
423.510023 0.059001
423.510023 0.058963
423.510023 0.058863
423.510023 0.059035
423.510023 0.058975
423.510023 0.059206
423.510023 0.058842
423.510023 0.059220
423.510023 0.058860
423.510023 0.059011
423.510023 0.058933
423.510023 0.058891
423.510023 0.059172
423.510023 0.058910
423.510023 0.058362
423.510023 0.058528
423.510023 0.058287
423.510023 0.058464
423.510023 0.058364
423.510023 0.058346
423.510023 0.058525
423.510023 0.058493
423.510023 0.058581
423.510023 0.058379
423.510023 0.058452
423.510023 0.058522
423.510023 0.058363
423.510023 0.058306
423.510023 0.058217
423.510023 0.058517
423.510023 0.058627
423.510023 0.058674
423.510023 0.058518
423.510023 0.058490
423.510023 0.058610
423.510023 0.058655
423.510023 0.058609
423.510023 0.058543
423.510023 0.058545
423.510023 0.058485
423.510023 0.058628
423.510023 0.058453
423.510023 0.058643
423.510023 0.058591
606.545483 0.058414
606.545483 0.058516
606.545483 0.058402
606.545483 0.058576
606.545483 0.058368
606.545483 0.058510
606.545483 0.058284
606.545483 0.058547
606.545483 0.058406
606.545483 0.058551
606.545483 0.058240
606.545483 0.058324
606.545483 0.058313
606.545483 0.058623
606.545483 0.058536
417.600923 0.058516
417.600923 0.058549
417.600923 0.058360
417.600923 0.058423
417.600923 0.058585
417.600923 0.058606
417.600923 0.058651
417.600923 0.058602
417.600923 0.058776
417.600923 0.058423
417.600923 0.058580
417.600923 0.058577
417.600923 0.058572
417.600923 0.058637
417.600923 0.058449
417.600923 0.058399
417.600923 0.058665
417.600923 0.058605
417.600923 0.058891
417.600923 0.058568
417.600923 0.058634
417.600923 0.058455
417.600923 0.058532
417.600923 0.058730
417.600923 0.058518
417.600923 0.058742
417.600923 0.058439
417.600923 0.058551
417.600923 0.058814
417.600923 0.058493
422.098388 0.058361
422.098388 0.058597
422.098388 0.058522
422.098388 0.058311
422.098388 0.058349
422.098388 0.058294
422.098388 0.058634
422.098388 0.058347
422.098388 0.058497
422.098388 0.058281
422.098388 0.058417
422.098388 0.058303
422.098388 0.058456
422.098388 0.058492
422.098388 0.058416
417.600923 0.058383
417.600923 0.058483
417.600923 0.058381
417.600923 0.058650
417.600923 0.058764
417.600923 0.058482
417.600923 0.058492
417.600923 0.058427
417.600923 0.058569
417.600923 0.058549
417.600923 0.058578
417.600923 0.058390
417.600923 0.058610
417.600923 0.058363
417.600923 0.058594
423.510023 0.058556
423.510023 0.058612
423.510023 0.058447
423.510023 0.058558
423.510023 0.058419
423.510023 0.058472
423.510023 0.058440
423.510023 0.058296
423.510023 0.058482
423.510023 0.058450
423.510023 0.058322
423.510023 0.058548
423.510023 0.058394
423.510023 0.058505
423.510023 0.058563
425.510187 0.058508
425.510187 0.058371
425.510187 0.058362
425.510187 0.058608
425.510187 0.058420
425.510187 0.058455
425.510187 0.058501
425.510187 0.058412
425.510187 0.058540
425.510187 0.058516
425.510187 0.058383
425.510187 0.058399
425.510187 0.058420
425.510187 0.058353
425.510187 0.058327
423.510023 0.058177
423.510023 0.058152
423.510023 0.058444
423.510023 0.058156
423.510023 0.058206
423.510023 0.058265
423.510023 0.058443
423.510023 0.058321
423.510023 0.058481
423.510023 0.058131
423.510023 0.058285
423.510023 0.058211
423.510023 0.058251
423.510023 0.058164
423.510023 0.058370
434.617239 0.058464
434.617239 0.058504
434.617239 0.058345
434.617239 0.058674
434.617239 0.058361
434.617239 0.058552
434.617239 0.058572
434.617239 0.058451
434.617239 0.058546
434.617239 0.058628
434.617239 0.058694
434.617239 0.058490
434.617239 0.058284
434.617239 0.058606
434.617239 0.058494
430.017127 0.058426
430.017127 0.058351
430.017127 0.058549
430.017127 0.058563
430.017127 0.058434
430.017127 0.058714
430.017127 0.058275
430.017127 0.058420
430.017127 0.058412
430.017127 0.058408
430.017127 0.058536
430.017127 0.058532
430.017127 0.058332
430.017127 0.058563
430.017127 0.058347
417.600923 0.058475
417.600923 0.058461
417.600923 0.058922
417.600923 0.058403
417.600923 0.058377
417.600923 0.058646
417.600923 0.058465
417.600923 0.058522
417.600923 0.058554
417.600923 0.058445
417.600923 0.058446
417.600923 0.058365
417.600923 0.058658
417.600923 0.058464
417.600923 0.058325
417.600923 0.058571
417.600923 0.058416
417.600923 0.058573
417.600923 0.058648
417.600923 0.058658
417.600923 0.058403
417.600923 0.058524
417.600923 0.058617
417.600923 0.058546
417.600923 0.058787
417.600923 0.058591
417.600923 0.058493
417.600923 0.058616
417.600923 0.058747
417.600923 0.058422
417.600923 0.058808
417.600923 0.058409
417.600923 0.058815
417.600923 0.058554
417.600923 0.058487
417.600923 0.058780
417.600923 0.058395
417.600923 0.058600
417.600923 0.058713
417.600923 0.058706
417.600923 0.058574
417.600923 0.058578
417.600923 0.058379
417.600923 0.058704
417.600923 0.058693
434.617239 0.058445
434.617239 0.058212
434.617239 0.058173
434.617239 0.058486
434.617239 0.058516
434.617239 0.058347
434.617239 0.058235
434.617239 0.058237
434.617239 0.058217
434.617239 0.058459
434.617239 0.058333
434.617239 0.058280
434.617239 0.058281
434.617239 0.058272
434.617239 0.058329
422.098388 0.059293
422.098388 0.059207
422.098388 0.058902
422.098388 0.058885
422.098388 0.058874
422.098388 0.058977
422.098388 0.059082
422.098388 0.059265
422.098388 0.059214
422.098388 0.059133
422.098388 0.059137
422.098388 0.058845
422.098388 0.058980
422.098388 0.058960
417.600923 0.058365
417.600923 0.058520
417.600923 0.058326
417.600923 0.058472
417.600923 0.058779
417.600923 0.058431
417.600923 0.058518
417.600923 0.058359
417.600923 0.058376
417.600923 0.058459
417.600923 0.058506
417.600923 0.058609
417.600923 0.058724
417.600923 0.058465
417.600923 0.058629
417.600923 0.058375
417.600923 0.058384
417.600923 0.058293
417.600923 0.058292
417.600923 0.058484
417.600923 0.058383
417.600923 0.058355
417.600923 0.058351
417.600923 0.058182
417.600923 0.058268
417.600923 0.058418
417.600923 0.058366
417.600923 0.058282
417.600923 0.058208
417.600923 0.058521
434.617239 0.058577
434.617239 0.058384
434.617239 0.058694
434.617239 0.058541
434.617239 0.058362
434.617239 0.058426
434.617239 0.058505
434.617239 0.058448
434.617239 0.058504
434.617239 0.058542
434.617239 0.058728
434.617239 0.058467
434.617239 0.058757
434.617239 0.058633
434.617239 0.058365
422.098388 0.058565
422.098388 0.058286
422.098388 0.058249
422.098388 0.058606
422.098388 0.058449
422.098388 0.058299
422.098388 0.058475
422.098388 0.058382
422.098388 0.058489
422.098388 0.058333
422.098388 0.058507
422.098388 0.058368
422.098388 0.058502
422.098388 0.058285
422.098388 0.058214
422.098388 0.058533
422.098388 0.058773
422.098388 0.058973
422.098388 0.058629
422.098388 0.058722
422.098388 0.058651
422.098388 0.058792
422.098388 0.058623
422.098388 0.058648
422.098388 0.058526
422.098388 0.058605
422.098388 0.058485
422.098388 0.058572
422.098388 0.058798
422.098388 0.058667
422.098388 0.058442
422.098388 0.058594
422.098388 0.058952
422.098388 0.058682
422.098388 0.058448
422.098388 0.058548
422.098388 0.058476
422.098388 0.058700
422.098388 0.058584
422.098388 0.058713
422.098388 0.058571
422.098388 0.058550
422.098388 0.058636
422.098388 0.058391
422.098388 0.058480
421.894793 0.058486
421.894793 0.058273
421.894793 0.058194
421.894793 0.058514
421.894793 0.058253
421.894793 0.058637
421.894793 0.058346
421.894793 0.058545
421.894793 0.058478
421.894793 0.058551
421.894793 0.058567
421.894793 0.058423
421.894793 0.058187
421.894793 0.058359
421.894793 0.058656
417.600923 0.058483
417.600923 0.058433
417.600923 0.058783
417.600923 0.058607
417.600923 0.058684
417.600923 0.058642
417.600923 0.058869
417.600923 0.058502
417.600923 0.058700
417.600923 0.058529
417.600923 0.058578
417.600923 0.058831
417.600923 0.058529
417.600923 0.058586
417.600923 0.058512
417.600923 0.058545
417.600923 0.058590
417.600923 0.058432
417.600923 0.058554
417.600923 0.058674
417.600923 0.058481
417.600923 0.058874
417.600923 0.058797
417.600923 0.058352
417.600923 0.058407
417.600923 0.058378
417.600923 0.058480
417.600923 0.058420
417.600923 0.058606
417.600923 0.058630
422.098388 0.058755
422.098388 0.058513
422.098388 0.058271
422.098388 0.058438
422.098388 0.058275
422.098388 0.058326
422.098388 0.058612
422.098388 0.058426
422.098388 0.058218
422.098388 0.058579
422.098388 0.058742
422.098388 0.058335
422.098388 0.058476
422.098388 0.058419
422.098388 0.058527
422.098388 0.058293
422.098388 0.058468
422.098388 0.058406
422.098388 0.058471
422.098388 0.058531
422.098388 0.058489
422.098388 0.058415
422.098388 0.058389
422.098388 0.058367
422.098388 0.058589
422.098388 0.058429
422.098388 0.058332
422.098388 0.058407
422.098388 0.058638
422.098388 0.058330
417.600923 0.058562
417.600923 0.058573
417.600923 0.058615
417.600923 0.058771
417.600923 0.058545
417.600923 0.058711
417.600923 0.058544
417.600923 0.058599
417.600923 0.058436
417.600923 0.058520
417.600923 0.058449
417.600923 0.058570
417.600923 0.058593
417.600923 0.058593
417.600923 0.058491
417.600923 0.058603
417.600923 0.058428
417.600923 0.058425
417.600923 0.058553
417.600923 0.058583
417.600923 0.058417
417.600923 0.058609
417.600923 0.058390
417.600923 0.058650
417.600923 0.058605
417.600923 0.058659
417.600923 0.058741
417.600923 0.058644
417.600923 0.058666
417.600923 0.058670
423.510023 0.058707
423.510023 0.058529
423.510023 0.058464
423.510023 0.058783
423.510023 0.058584
423.510023 0.058830
423.510023 0.058515
423.510023 0.058939
423.510023 0.058451
423.510023 0.058515
423.510023 0.058809
423.510023 0.058553
423.510023 0.058632
423.510023 0.058636
423.510023 0.058417
417.600923 0.058510
417.600923 0.058575
417.600923 0.058577
417.600923 0.058375
417.600923 0.058570
417.600923 0.058357
417.600923 0.058364
417.600923 0.058757
417.600923 0.058631
417.600923 0.058601
417.600923 0.058651
417.600923 0.058345
417.600923 0.058361
417.600923 0.058361
417.600923 0.058444
417.600923 0.058592
417.600923 0.058403
417.600923 0.058501
417.600923 0.058428
417.600923 0.058379
417.600923 0.058422
417.600923 0.058247
417.600923 0.058272
417.600923 0.058499
417.600923 0.058485
417.600923 0.058619
417.600923 0.058437
417.600923 0.058402
417.600923 0.058386
417.600923 0.058390
460.494639 0.058630
460.494639 0.058526
460.494639 0.058412
460.494639 0.058593
460.494639 0.059255
460.494639 0.058437
460.494639 0.058679
460.494639 0.058444
460.494639 0.058497
460.494639 0.058562
460.494639 0.058620
460.494639 0.058813
460.494639 0.058612
460.494639 0.058432
460.494639 0.058748
425.510187 0.058495
425.510187 0.058453
425.510187 0.058391
425.510187 0.058446
425.510187 0.058594
425.510187 0.058497
425.510187 0.058414
425.510187 0.058510
425.510187 0.058480
425.510187 0.058483
425.510187 0.058625
425.510187 0.058641
425.510187 0.058343
425.510187 0.058298
425.510187 0.058605
417.600923 0.058584
417.600923 0.058747
417.600923 0.058411
417.600923 0.058476
417.600923 0.058598
417.600923 0.058464
417.600923 0.058442
417.600923 0.058612
417.600923 0.058377
417.600923 0.058619
417.600923 0.058499
417.600923 0.058663
417.600923 0.058560
417.600923 0.058418
417.600923 0.058669
417.600923 0.058490
417.600923 0.058595
417.600923 0.058618
417.600923 0.058507
417.600923 0.058701
417.600923 0.058546
417.600923 0.058875
417.600923 0.058683
417.600923 0.058733
417.600923 0.058639
417.600923 0.058384
417.600923 0.058619
417.600923 0.058541
417.600923 0.058371
417.600923 0.058976
417.600923 0.058595
417.600923 0.058465
417.600923 0.058523
417.600923 0.058675
417.600923 0.058778
417.600923 0.058537
417.600923 0.058437
417.600923 0.058613
417.600923 0.058400
417.600923 0.058630
417.600923 0.058453
417.600923 0.058578
417.600923 0.058468
417.600923 0.058463
423.510023 0.058746
423.510023 0.058668
423.510023 0.058370
423.510023 0.058802
423.510023 0.058557
423.510023 0.058579
423.510023 0.058467
423.510023 0.058414
423.510023 0.058575
423.510023 0.058612
423.510023 0.058499
423.510023 0.058633
423.510023 0.058809
423.510023 0.058509
423.510023 0.058858
417.600923 0.058568
417.600923 0.058452
417.600923 0.058503
417.600923 0.058400
417.600923 0.058437
417.600923 0.058414
417.600923 0.058383
417.600923 0.058318
417.600923 0.058470
417.600923 0.058619
417.600923 0.058507
417.600923 0.058514
417.600923 0.058412
417.600923 0.058554
417.600923 0.058608
422.098388 0.058447
422.098388 0.058841
422.098388 0.058486
422.098388 0.058617
422.098388 0.058601
422.098388 0.058385
422.098388 0.058378
422.098388 0.058663
422.098388 0.058361
422.098388 0.058660
422.098388 0.058488
422.098388 0.058493
422.098388 0.058458
422.098388 0.058280
422.098388 0.058409
417.600923 0.059516
417.600923 0.059648
417.600923 0.059541
417.600923 0.059793
417.600923 0.059911
417.600923 0.059735
417.600923 0.059786
417.600923 0.059632
417.600923 0.059817
417.600923 0.059842
417.600923 0.060059
417.600923 0.060030
417.600923 0.059639
417.600923 0.059873
417.600923 0.059743
425.510187 0.058418
425.510187 0.058425
425.510187 0.058350
425.510187 0.058558
425.510187 0.058218
425.510187 0.058622
425.510187 0.058336
425.510187 0.058504
425.510187 0.058479
425.510187 0.058563
425.510187 0.058365
425.510187 0.058527
425.510187 0.058621
425.510187 0.058610
425.510187 0.058359
417.600923 0.058818
417.600923 0.058548
417.600923 0.058556
417.600923 0.058570
417.600923 0.058593
417.600923 0.058637
417.600923 0.059013
417.600923 0.058503
417.600923 0.058565
417.600923 0.058623
417.600923 0.058787
417.600923 0.058616
417.600923 0.058688
417.600923 0.058577
417.600923 0.058483
417.600923 0.058316
417.600923 0.058372
417.600923 0.058291
417.600923 0.058338
417.600923 0.058406
417.600923 0.058373
417.600923 0.058542
417.600923 0.058580
417.600923 0.058514
417.600923 0.058416
417.600923 0.058643
417.600923 0.058478
417.600923 0.058368
417.600923 0.058387
417.600923 0.058678
422.098388 0.058474
422.098388 0.058420
422.098388 0.058550
422.098388 0.058369
422.098388 0.058544
422.098388 0.058550
422.098388 0.058292
422.098388 0.058372
422.098388 0.058673
422.098388 0.058344
422.098388 0.058518
422.098388 0.058315
422.098388 0.058342
422.098388 0.058362
422.098388 0.058407
417.600923 0.058688
417.600923 0.058748
417.600923 0.058584
417.600923 0.058365
417.600923 0.058489
417.600923 0.058591
417.600923 0.058545
417.600923 0.058419
417.600923 0.058846
417.600923 0.058440
417.600923 0.058430
417.600923 0.058767
417.600923 0.058683
417.600923 0.058469
417.600923 0.058688
422.098388 0.058471
422.098388 0.058550
422.098388 0.058576
422.098388 0.058515
422.098388 0.058663
422.098388 0.058587
422.098388 0.058657
422.098388 0.058793
422.098388 0.058662
422.098388 0.058787
422.098388 0.058758
422.098388 0.058555
422.098388 0.058820
422.098388 0.058877
417.600923 0.058541
417.600923 0.058460
417.600923 0.058513
417.600923 0.058544
417.600923 0.058654
417.600923 0.058420
417.600923 0.058354
417.600923 0.058381
417.600923 0.058404
417.600923 0.058565
417.600923 0.058691
417.600923 0.058704
417.600923 0.058486
417.600923 0.058523
417.600923 0.058528
422.098388 0.058587
422.098388 0.058664
422.098388 0.058707
422.098388 0.058490
422.098388 0.058447
422.098388 0.058694
422.098388 0.058605
422.098388 0.058638
422.098388 0.058526
422.098388 0.058654
422.098388 0.058597
422.098388 0.058317
422.098388 0.058576
422.098388 0.058580
422.098388 0.058502
417.600923 0.058511
417.600923 0.058351
417.600923 0.058527
417.600923 0.058427
417.600923 0.058432
417.600923 0.058314
417.600923 0.058366
417.600923 0.058411
417.600923 0.058418
417.600923 0.058495
417.600923 0.058440
417.600923 0.058417
417.600923 0.058573
417.600923 0.058743
417.600923 0.058404
417.600923 0.058480
417.600923 0.058646
417.600923 0.058366
417.600923 0.058480
417.600923 0.058722
417.600923 0.058618
417.600923 0.058521
417.600923 0.058317
417.600923 0.058647
417.600923 0.058643
417.600923 0.058435
417.600923 0.058342
417.600923 0.058350
417.600923 0.058513
417.600923 0.058659
423.510023 0.058526
423.510023 0.058617
423.510023 0.058350
423.510023 0.058541
423.510023 0.058546
423.510023 0.058678
423.510023 0.058504
423.510023 0.058592
423.510023 0.058634
423.510023 0.058483
423.510023 0.058493
423.510023 0.058621
423.510023 0.058631
423.510023 0.058523
423.510023 0.058706
422.098388 0.058455
422.098388 0.058226
422.098388 0.058473
422.098388 0.058500
422.098388 0.058359
422.098388 0.058670
422.098388 0.058451
422.098388 0.058391
422.098388 0.058343
422.098388 0.058419
422.098388 0.058442
422.098388 0.058498
422.098388 0.058550
422.098388 0.058450
422.098388 0.058341
434.617239 0.058429
434.617239 0.058257
434.617239 0.058147
434.617239 0.058241
434.617239 0.058581
434.617239 0.058283
434.617239 0.058298
434.617239 0.058355
434.617239 0.058439
434.617239 0.058461
434.617239 0.058487
434.617239 0.058478
434.617239 0.058218
434.617239 0.058348
434.617239 0.058248
422.098388 0.059109
422.098388 0.059298
422.098388 0.059223
422.098388 0.059262
422.098388 0.059621
422.098388 0.059073
422.098388 0.059218
422.098388 0.059355
422.098388 0.059523
422.098388 0.059174
422.098388 0.059443
422.098388 0.059233
422.098388 0.059075
422.098388 0.059222
422.098388 0.059237
423.510023 0.058665
423.510023 0.058518
423.510023 0.058558
423.510023 0.058652
423.510023 0.058798
423.510023 0.058861
423.510023 0.058652
423.510023 0.058695
423.510023 0.058766
423.510023 0.058536
423.510023 0.058586
423.510023 0.058371
423.510023 0.058625
423.510023 0.058642
423.510023 0.058757
434.704119 0.058319
434.704119 0.058589
434.704119 0.058305
434.704119 0.058470
434.704119 0.058571
434.704119 0.058769
434.704119 0.058577
434.704119 0.058304
434.704119 0.058463
434.704119 0.058378
434.704119 0.058499
434.704119 0.058688
434.704119 0.058413
434.704119 0.058432
434.704119 0.058533
423.510023 0.058967
423.510023 0.059171
423.510023 0.058973
423.510023 0.059213
423.510023 0.059106
423.510023 0.059203
423.510023 0.058912
423.510023 0.059122
423.510023 0.058929
423.510023 0.059152
423.510023 0.058946
423.510023 0.059144
423.510023 0.059183
423.510023 0.059186
423.510023 0.059178
433.575722 0.058506
433.575722 0.058375
433.575722 0.058462
433.575722 0.058442
433.575722 0.058341
433.575722 0.058614
433.575722 0.058336
433.575722 0.058319
433.575722 0.058327
433.575722 0.058856
433.575722 0.058333
433.575722 0.058282
433.575722 0.058548
433.575722 0.058452
433.575722 0.058301
423.510023 0.058597
423.510023 0.058360
423.510023 0.058307
423.510023 0.058337
423.510023 0.058432
423.510023 0.058470
423.510023 0.058418
423.510023 0.058358
423.510023 0.058352
423.510023 0.058310
423.510023 0.058457
423.510023 0.058330
423.510023 0.058465
423.510023 0.058291
423.510023 0.058300
422.098388 0.058407
422.098388 0.058540
422.098388 0.058386
422.098388 0.058516
422.098388 0.058628
422.098388 0.058244
422.098388 0.058535
422.098388 0.058203
422.098388 0.058428
422.098388 0.058563
422.098388 0.058390
422.098388 0.058628
422.098388 0.058489
422.098388 0.058464
422.098388 0.058574
423.510023 0.057937
423.510023 0.058629
423.510023 0.058249
423.510023 0.058152
423.510023 0.058030
423.510023 0.058197
423.510023 0.058166
423.510023 0.058069
423.510023 0.058341
423.510023 0.058266
423.510023 0.058023
423.510023 0.058401
423.510023 0.058229
423.510023 0.057989
417.600923 0.058617
417.600923 0.058541
417.600923 0.058416
417.600923 0.058566
417.600923 0.058662
417.600923 0.058503
417.600923 0.058724
417.600923 0.058417
417.600923 0.058439
417.600923 0.058624
417.600923 0.058684
417.600923 0.058547
417.600923 0.058631
417.600923 0.058731
417.600923 0.058680
417.600923 0.058693
417.600923 0.058714
417.600923 0.058642
417.600923 0.058656
417.600923 0.058451
417.600923 0.058666
417.600923 0.058820
417.600923 0.058716
417.600923 0.058616
417.600923 0.058475
417.600923 0.058648
417.600923 0.058776
417.600923 0.058683
417.600923 0.058499
417.600923 0.058611
422.098388 0.058477
422.098388 0.058474
422.098388 0.058356
422.098388 0.058565
422.098388 0.058553
422.098388 0.058723
422.098388 0.058560
422.098388 0.058602
422.098388 0.058738
422.098388 0.058537
422.098388 0.058363
422.098388 0.058602
422.098388 0.058601
422.098388 0.058522
417.600923 0.058510
417.600923 0.058664
417.600923 0.058808
417.600923 0.058520
417.600923 0.058389
417.600923 0.058558
417.600923 0.058914
417.600923 0.058635
417.600923 0.058583
417.600923 0.058436
417.600923 0.058556
417.600923 0.058518
417.600923 0.058602
417.600923 0.058468
417.600923 0.058616
417.600923 0.059136
417.600923 0.058963
417.600923 0.059162
417.600923 0.058981
417.600923 0.058987
417.600923 0.059011
417.600923 0.058929
417.600923 0.059006
417.600923 0.058953
417.600923 0.058869
417.600923 0.059119
417.600923 0.058770
417.600923 0.058989
417.600923 0.058902
423.510023 0.058692
423.510023 0.058407
423.510023 0.058649
423.510023 0.058469
423.510023 0.058466
423.510023 0.058487
423.510023 0.058858
423.510023 0.058641
423.510023 0.058467
423.510023 0.058601
423.510023 0.058531
423.510023 0.058553
423.510023 0.058434
423.510023 0.058771
423.510023 0.058707
417.600923 0.058490
417.600923 0.058397
417.600923 0.058671
417.600923 0.058601
417.600923 0.058460
417.600923 0.058363
417.600923 0.058429
417.600923 0.058419
417.600923 0.058520
417.600923 0.058599
417.600923 0.058458
417.600923 0.058590
417.600923 0.058548
417.600923 0.058485
417.600923 0.058325
417.600923 0.058549
417.600923 0.058614
417.600923 0.058574
417.600923 0.058386
417.600923 0.058447
417.600923 0.058416
417.600923 0.058486
417.600923 0.058540
417.600923 0.058424
417.600923 0.058435
417.600923 0.058422
417.600923 0.058366
417.600923 0.058618
417.600923 0.058859
417.600923 0.058510
422.098388 0.058582
422.098388 0.058365
422.098388 0.058331
422.098388 0.058259
422.098388 0.058525
422.098388 0.058311
422.098388 0.058461
422.098388 0.058545
422.098388 0.058637
422.098388 0.058393
422.098388 0.058267
422.098388 0.058290
422.098388 0.058388
422.098388 0.058359
422.098388 0.058507
422.098388 0.058327
422.098388 0.058380
422.098388 0.058244
422.098388 0.058265
422.098388 0.058573
422.098388 0.058347
422.098388 0.058350
422.098388 0.058281
422.098388 0.058579
422.098388 0.058570
422.098388 0.058428
422.098388 0.058695
422.098388 0.058544
422.098388 0.058664
422.098388 0.058496
417.600923 0.058522
417.600923 0.058343
417.600923 0.058385
417.600923 0.058500
417.600923 0.058599
417.600923 0.058401
417.600923 0.058481
417.600923 0.058383
417.600923 0.058475
417.600923 0.058681
417.600923 0.058583
417.600923 0.058586
417.600923 0.058390
417.600923 0.058641
417.600923 0.058470
417.600923 0.058389
417.600923 0.058521
417.600923 0.058382
417.600923 0.058465
417.600923 0.058653
417.600923 0.058554
417.600923 0.058644
417.600923 0.058456
417.600923 0.058556
417.600923 0.058424
417.600923 0.058510
417.600923 0.058423
417.600923 0.058699
417.600923 0.058601
417.600923 0.058516
417.600923 0.058528
417.600923 0.058476
417.600923 0.058572
417.600923 0.058743
417.600923 0.058685
417.600923 0.058432
417.600923 0.058348
417.600923 0.058659
417.600923 0.058499
417.600923 0.058563
417.600923 0.058329
417.600923 0.058344
417.600923 0.058542
417.600923 0.058509
417.600923 0.058307
447.620765 0.058222
447.620765 0.058317
447.620765 0.058848
447.620765 0.058540
447.620765 0.058233
447.620765 0.058212
447.620765 0.058319
447.620765 0.058360
447.620765 0.058337
447.620765 0.058314
447.620765 0.058109
447.620765 0.057992
447.620765 0.058481
447.620765 0.058395
447.620765 0.058580
422.098388 0.058563
422.098388 0.058443
422.098388 0.058432
422.098388 0.058347
422.098388 0.058534
422.098388 0.058411
422.098388 0.058460
422.098388 0.058507
422.098388 0.058543
422.098388 0.058476
422.098388 0.058321
422.098388 0.058540
422.098388 0.058447
422.098388 0.058363
422.098388 0.058326
422.098388 0.058729
422.098388 0.058391
422.098388 0.058426
422.098388 0.058438
422.098388 0.058740
422.098388 0.058634
422.098388 0.058447
422.098388 0.058454
422.098388 0.058309
422.098388 0.058568
422.098388 0.058542
422.098388 0.058363
422.098388 0.058365
422.098388 0.058379
434.617239 0.058492
434.617239 0.058580
434.617239 0.058626
434.617239 0.058515
434.617239 0.058369
434.617239 0.058613
434.617239 0.058459
434.617239 0.058467
434.617239 0.058618
434.617239 0.058543
434.617239 0.058283
434.617239 0.058473
434.617239 0.058825
434.617239 0.058416
434.617239 0.058732
417.600923 0.058660
417.600923 0.058595
417.600923 0.058419
417.600923 0.058627
417.600923 0.058724
417.600923 0.058471
417.600923 0.058446
417.600923 0.058910
417.600923 0.058636
417.600923 0.058549
417.600923 0.058648
417.600923 0.058527
417.600923 0.058504
417.600923 0.058586
417.600923 0.058491
417.600923 0.058382
417.600923 0.058251
417.600923 0.058373
417.600923 0.058236
417.600923 0.058240
417.600923 0.058405
417.600923 0.058279
417.600923 0.058368
417.600923 0.058432
417.600923 0.058380
417.600923 0.058642
417.600923 0.058414
417.600923 0.058238
417.600923 0.058225
417.600923 0.058248
421.894793 0.058211
421.894793 0.058200
421.894793 0.058042
421.894793 0.058156
421.894793 0.058222
421.894793 0.058096
421.894793 0.058225
421.894793 0.058267
421.894793 0.058236
421.894793 0.058124
421.894793 0.058193
421.894793 0.058079
421.894793 0.058034
421.894793 0.058078
421.894793 0.058219
417.600923 0.058534
417.600923 0.058596
417.600923 0.058595
417.600923 0.058585
417.600923 0.058696
417.600923 0.058636
417.600923 0.058673
417.600923 0.058816
417.600923 0.058518
417.600923 0.058488
417.600923 0.058551
417.600923 0.058508
417.600923 0.058812
417.600923 0.058581
422.098388 0.058549
422.098388 0.058611
422.098388 0.058484
422.098388 0.058647
422.098388 0.058489
422.098388 0.058493
422.098388 0.058499
422.098388 0.058447
422.098388 0.058327
422.098388 0.058451
422.098388 0.058356
422.098388 0.058229
422.098388 0.058619
422.098388 0.058457
422.098388 0.058305
422.098388 0.058644
422.098388 0.058165
422.098388 0.057576
422.098388 0.056932
422.098388 0.058971
422.098388 0.058936
422.098388 0.058934
422.098388 0.058771
422.098388 0.059152
422.098388 0.058893
422.098388 0.058936
422.098388 0.058980
422.098388 0.058874
422.098388 0.058885
417.600923 0.058691
417.600923 0.058319
417.600923 0.058391
417.600923 0.058442
417.600923 0.058259
417.600923 0.058359
417.600923 0.058115
417.600923 0.057517
417.600923 0.057002
417.600923 0.056357
417.600923 0.055464
417.600923 0.058432
417.600923 0.059041
417.600923 0.058533
417.600923 0.058380
417.600923 0.058598
417.600923 0.058631
417.600923 0.058760
417.600923 0.058636
417.600923 0.058767
417.600923 0.058595
417.600923 0.058424
417.600923 0.058425
417.600923 0.058453
417.600923 0.058520
417.600923 0.058678
417.600923 0.058564
417.600923 0.058478
417.600923 0.058552
417.600923 0.058713
422.098388 0.058402
422.098388 0.058397
422.098388 0.058306
422.098388 0.058391
422.098388 0.058585
422.098388 0.058304
422.098388 0.058404
422.098388 0.058384
422.098388 0.058347
422.098388 0.058443
422.098388 0.058405
422.098388 0.058655
422.098388 0.058207
422.098388 0.058551
422.098388 0.058632
427.717013 0.058484
427.717013 0.058751
427.717013 0.058503
427.717013 0.058881
427.717013 0.058506
427.717013 0.058610
427.717013 0.058813
427.717013 0.058455
427.717013 0.058425
427.717013 0.058617
427.717013 0.058493
427.717013 0.058581
427.717013 0.058651
427.717013 0.058701
423.510023 0.058386
423.510023 0.058634
423.510023 0.058491
423.510023 0.059002
423.510023 0.058639
423.510023 0.058599
423.510023 0.058560
423.510023 0.058814
423.510023 0.058643
423.510023 0.058493
423.510023 0.058472
423.510023 0.058760
423.510023 0.058586
423.510023 0.058655
423.510023 0.058506
417.600923 0.058462
417.600923 0.058670
417.600923 0.058408
417.600923 0.058613
417.600923 0.058459
417.600923 0.058460
417.600923 0.058590
417.600923 0.058497
417.600923 0.058371
417.600923 0.058745
417.600923 0.058479
417.600923 0.058570
417.600923 0.058480
417.600923 0.058731
422.098388 0.058586
422.098388 0.058865
422.098388 0.058430
422.098388 0.058662
422.098388 0.058402
422.098388 0.058423
422.098388 0.058372
422.098388 0.058740
422.098388 0.058600
422.098388 0.058681
422.098388 0.058508
422.098388 0.058351
422.098388 0.058601
422.098388 0.058724
422.098388 0.058775
422.098388 0.058379
422.098388 0.058473
422.098388 0.058680
422.098388 0.058409
422.098388 0.058427
422.098388 0.058425
422.098388 0.058511
422.098388 0.058532
422.098388 0.058384
422.098388 0.058305
422.098388 0.058409
422.098388 0.058348
422.098388 0.058369
422.098388 0.058526
422.098388 0.058526
434.704119 0.058691
434.704119 0.058792
434.704119 0.058861
434.704119 0.058460
434.704119 0.058663
434.704119 0.058526
434.704119 0.058475
434.704119 0.058643
434.704119 0.058843
434.704119 0.058458
434.704119 0.058624
434.704119 0.058822
434.704119 0.058747
434.704119 0.058627
434.704119 0.058533
422.098388 0.058622
422.098388 0.058597
422.098388 0.058526
422.098388 0.058422
422.098388 0.058365
422.098388 0.058551
422.098388 0.058304
422.098388 0.058507
422.098388 0.058531
422.098388 0.058312
422.098388 0.058338
422.098388 0.058374
422.098388 0.058430
422.098388 0.058328
422.098388 0.058573
422.098388 0.058477
422.098388 0.058376
422.098388 0.058548
422.098388 0.058381
422.098388 0.058659
422.098388 0.058535
422.098388 0.058584
422.098388 0.058648
422.098388 0.058512
422.098388 0.058767
422.098388 0.058430
422.098388 0.058488
422.098388 0.058638
422.098388 0.058429
422.098388 0.058571
421.894793 0.058333
421.894793 0.058245
421.894793 0.058196
421.894793 0.058411
421.894793 0.058343
421.894793 0.058461
421.894793 0.058342
421.894793 0.058668
421.894793 0.058345
421.894793 0.058554
421.894793 0.058411
421.894793 0.058302
421.894793 0.058366
421.894793 0.058196
421.894793 0.058406
422.098388 0.058355
422.098388 0.058717
422.098388 0.058554
422.098388 0.058501
422.098388 0.058378
422.098388 0.058753
422.098388 0.058331
422.098388 0.058646
422.098388 0.058470
422.098388 0.058356
422.098388 0.058359
422.098388 0.058403
422.098388 0.058632
422.098388 0.058337
422.098388 0.058336
417.600923 0.058578
417.600923 0.058446
417.600923 0.058765
417.600923 0.058674
417.600923 0.058725
417.600923 0.058476
417.600923 0.058784
417.600923 0.058810
417.600923 0.058570
417.600923 0.058728
417.600923 0.058382
417.600923 0.058703
417.600923 0.058611
417.600923 0.058706
417.600923 0.058350
417.600923 0.058530
417.600923 0.058487
417.600923 0.058475
417.600923 0.058431
417.600923 0.058599
417.600923 0.058458
417.600923 0.058717
417.600923 0.058531
417.600923 0.058681
417.600923 0.058776
417.600923 0.058859
417.600923 0.058599
417.600923 0.058562
417.600923 0.059319
423.510023 0.058614
423.510023 0.058517
423.510023 0.058709
423.510023 0.058677
423.510023 0.058514
423.510023 0.058537
423.510023 0.058454
423.510023 0.058488
423.510023 0.058549
423.510023 0.058456
423.510023 0.058524
423.510023 0.058490
423.510023 0.058392
423.510023 0.058754
423.510023 0.058655
417.600923 0.058744
417.600923 0.058721
417.600923 0.058300
417.600923 0.058490
417.600923 0.058424
417.600923 0.058664
417.600923 0.058640
417.600923 0.058528
417.600923 0.058553
417.600923 0.058689
417.600923 0.058474
417.600923 0.058659
417.600923 0.058518
417.600923 0.058413
417.600923 0.058358
422.098388 0.058557
422.098388 0.058705
422.098388 0.058305
422.098388 0.058340
422.098388 0.058485
422.098388 0.058370
422.098388 0.058388
422.098388 0.058404
422.098388 0.058363
422.098388 0.058481
422.098388 0.058493
422.098388 0.058527
422.098388 0.058593
422.098388 0.058424
422.098388 0.058601
417.600923 0.058830
417.600923 0.058502
417.600923 0.058613
417.600923 0.058412
417.600923 0.058547
417.600923 0.058744
417.600923 0.058428
417.600923 0.058461
417.600923 0.058479
417.600923 0.058623
417.600923 0.058427
417.600923 0.058524
417.600923 0.058440
417.600923 0.058683
417.600923 0.058623
421.894793 0.058775
421.894793 0.058425
421.894793 0.058462
421.894793 0.058539
421.894793 0.058564
421.894793 0.058454
421.894793 0.058416
421.894793 0.058527
421.894793 0.058442
421.894793 0.058554
421.894793 0.058449
421.894793 0.058394
421.894793 0.058594
421.894793 0.058500
421.894793 0.058641
425.510187 0.058403
425.510187 0.058365
425.510187 0.058501
425.510187 0.058472
425.510187 0.058576
425.510187 0.058664
425.510187 0.058325
425.510187 0.058453
425.510187 0.058466
425.510187 0.058818
425.510187 0.058340
425.510187 0.058400
425.510187 0.058503
425.510187 0.058367
425.510187 0.058458
417.600923 0.058585
417.600923 0.058551
417.600923 0.058199
417.600923 0.058370
417.600923 0.058594
417.600923 0.058427
417.600923 0.058394
417.600923 0.058538
417.600923 0.058301
417.600923 0.058516
417.600923 0.058389
417.600923 0.058564
417.600923 0.058276
417.600923 0.058633
422.098388 0.059260
422.098388 0.059414
422.098388 0.059405
422.098388 0.059295
422.098388 0.059200
422.098388 0.059344
422.098388 0.059521
422.098388 0.059273
422.098388 0.059725
422.098388 0.059147
422.098388 0.059285
422.098388 0.059319
422.098388 0.059362
422.098388 0.059331
422.098388 0.059105
425.510187 0.058444
425.510187 0.058530
425.510187 0.058418
425.510187 0.058370
425.510187 0.058441
425.510187 0.058594
425.510187 0.058422
425.510187 0.058659
425.510187 0.058398
425.510187 0.058265
425.510187 0.058572
425.510187 0.058492
425.510187 0.058554
425.510187 0.058549
421.894793 0.058534
421.894793 0.058495
421.894793 0.058800
421.894793 0.058557
421.894793 0.058590
421.894793 0.058670
421.894793 0.058572
421.894793 0.058707
421.894793 0.058480
421.894793 0.058532
421.894793 0.058405
421.894793 0.058500
421.894793 0.058515
421.894793 0.058631
421.894793 0.058469
422.098388 0.058568
422.098388 0.058572
422.098388 0.058618
422.098388 0.058441
422.098388 0.058733
422.098388 0.058405
422.098388 0.058582
422.098388 0.058429
422.098388 0.058509
422.098388 0.058634
422.098388 0.058465
422.098388 0.058683
422.098388 0.058506
422.098388 0.058403
422.098388 0.058516
423.510023 0.058677
423.510023 0.058569
423.510023 0.058573
423.510023 0.058568
423.510023 0.058632
423.510023 0.058487
423.510023 0.058567
423.510023 0.058417
423.510023 0.058522
423.510023 0.058745
423.510023 0.058504
423.510023 0.058590
423.510023 0.042230
423.510023 0.058729
423.510023 0.058690
434.617239 0.058552
434.617239 0.058386
434.617239 0.058656
434.617239 0.058536
434.617239 0.058499
434.617239 0.058593
434.617239 0.058637
434.617239 0.058646
434.617239 0.058360
434.617239 0.058459
434.617239 0.058431
434.617239 0.058398
434.617239 0.058580
434.617239 0.058610
434.617239 0.058411
422.098388 0.058416
422.098388 0.058428
422.098388 0.058744
422.098388 0.058670
422.098388 0.058629
422.098388 0.059089
422.098388 0.058600
422.098388 0.058464
422.098388 0.058527
422.098388 0.058488
422.098388 0.058435
422.098388 0.058301
422.098388 0.058720
422.098388 0.058747
423.510023 0.058697
423.510023 0.058499
423.510023 0.058491
423.510023 0.058636
423.510023 0.058578
423.510023 0.058560
423.510023 0.058473
423.510023 0.058377
423.510023 0.058686
423.510023 0.058414
423.510023 0.058614
423.510023 0.058497
423.510023 0.058671
423.510023 0.058407
423.510023 0.058534
417.600923 0.058218
417.600923 0.058051
417.600923 0.058428
417.600923 0.058454
417.600923 0.058151
417.600923 0.058149
417.600923 0.058240
417.600923 0.058121
417.600923 0.058219
417.600923 0.058484
417.600923 0.058310
417.600923 0.058458
417.600923 0.058160
417.600923 0.058479
417.600923 0.058407
417.600923 0.058421
417.600923 0.058605
417.600923 0.058519
417.600923 0.058245
417.600923 0.058284
417.600923 0.058581
417.600923 0.058493
417.600923 0.058215
417.600923 0.058527
417.600923 0.058296
417.600923 0.058221
417.600923 0.058475
417.600923 0.058436
417.600923 0.058367
417.600923 0.058548
423.510023 0.058538
423.510023 0.058800
423.510023 0.058657
423.510023 0.058588
423.510023 0.058708
423.510023 0.058670
423.510023 0.058333
423.510023 0.058426
423.510023 0.058710
423.510023 0.058518
423.510023 0.058566
423.510023 0.058523
423.510023 0.058668
423.510023 0.058747
423.510023 0.058435
417.600923 0.058347
417.600923 0.058421
417.600923 0.058408
417.600923 0.058451
417.600923 0.058506
417.600923 0.058527
417.600923 0.058359
417.600923 0.058453
417.600923 0.058406
417.600923 0.058654
417.600923 0.058443
417.600923 0.058608
417.600923 0.058614
417.600923 0.058519
417.600923 0.058778
417.600923 0.058526
417.600923 0.058713
417.600923 0.058906
417.600923 0.058713
417.600923 0.058575
417.600923 0.058875
417.600923 0.058581
417.600923 0.058620
417.600923 0.058579
417.600923 0.058565
417.600923 0.058849
417.600923 0.058890
417.600923 0.058746
417.600923 0.058757
417.600923 0.058691
422.098388 0.058562
422.098388 0.058558
422.098388 0.058545
422.098388 0.058590
422.098388 0.058562
422.098388 0.058603
422.098388 0.059511
422.098388 0.058422
422.098388 0.058460
422.098388 0.058727
422.098388 0.058439
422.098388 0.058503
422.098388 0.058642
422.098388 0.058672
422.098388 0.063362
422.098388 0.058615
422.098388 0.058341
422.098388 0.058385
422.098388 0.058339
422.098388 0.058388
422.098388 0.058421
422.098388 0.058428
422.098388 0.058426
422.098388 0.058274
422.098388 0.058508
422.098388 0.058579
422.098388 0.058484
422.098388 0.058464
422.098388 0.058355
422.098388 0.058453
417.600923 0.058321
417.600923 0.058362
417.600923 0.058230
417.600923 0.058418
417.600923 0.058368
417.600923 0.058438
417.600923 0.058388
417.600923 0.058389
417.600923 0.058305
417.600923 0.058456
417.600923 0.058508
417.600923 0.058381
417.600923 0.058381
417.600923 0.058371
417.600923 0.058307
446.738693 0.058323
446.738693 0.058311
446.738693 0.058213
446.738693 0.058395
446.738693 0.058423
446.738693 0.058376
446.738693 0.058499
446.738693 0.058417
446.738693 0.058467
446.738693 0.058540
446.738693 0.058302
446.738693 0.058259
446.738693 0.058262
446.738693 0.058532
446.738693 0.058537
422.098388 0.058296
422.098388 0.058237
422.098388 0.058308
422.098388 0.058585
422.098388 0.058797
422.098388 0.058481
422.098388 0.058329
422.098388 0.058604
422.098388 0.058353
422.098388 0.058411
422.098388 0.058347
422.098388 0.058321
422.098388 0.058559
422.098388 0.058375
422.098388 0.058281
423.510023 0.058309
423.510023 0.058451
423.510023 0.058448
423.510023 0.058549
423.510023 0.058283
423.510023 0.058743
423.510023 0.058544
423.510023 0.058321
423.510023 0.058456
423.510023 0.058477
423.510023 0.058588
423.510023 0.058579
423.510023 0.058602
423.510023 0.058495
423.510023 0.058615
422.098388 0.058445
422.098388 0.058302
422.098388 0.058269
422.098388 0.058299
422.098388 0.058225
422.098388 0.058525
422.098388 0.059048
422.098388 0.058677
422.098388 0.058507
422.098388 0.058442
422.098388 0.058378
422.098388 0.058405
422.098388 0.058423
422.098388 0.058379
422.098388 0.058378
422.098388 0.058469
422.098388 0.058371
422.098388 0.058577
422.098388 0.058517
422.098388 0.058291
422.098388 0.058619
422.098388 0.058447
422.098388 0.058348
422.098388 0.058514
422.098388 0.058458
422.098388 0.058407
422.098388 0.058316
422.098388 0.058852
422.098388 0.058446
422.098388 0.058418
422.098388 0.058477
422.098388 0.058549
422.098388 0.058448
422.098388 0.058508
422.098388 0.058462
422.098388 0.058565
422.098388 0.058393
422.098388 0.058527
422.098388 0.058642
422.098388 0.058588
422.098388 0.058504
422.098388 0.058444
422.098388 0.058451
422.098388 0.058575
422.098388 0.058537
421.894793 0.058334
421.894793 0.058350
421.894793 0.058383
421.894793 0.058718
421.894793 0.058400
421.894793 0.058322
421.894793 0.058328
421.894793 0.058343
421.894793 0.058353
421.894793 0.058744
421.894793 0.058294
421.894793 0.058492
421.894793 0.058681
421.894793 0.058301
421.894793 0.058336
417.600923 0.058470
417.600923 0.058312
417.600923 0.058254
417.600923 0.058155
417.600923 0.058383
417.600923 0.058294
417.600923 0.058426
417.600923 0.058710
417.600923 0.058314
417.600923 0.058262
417.600923 0.058313
417.600923 0.058273
417.600923 0.058347
417.600923 0.058275
417.600923 0.058165
425.510187 0.058444
425.510187 0.058643
425.510187 0.058587
425.510187 0.058441
425.510187 0.058536
425.510187 0.058597
425.510187 0.058662
425.510187 0.058754
425.510187 0.058762
425.510187 0.058621
425.510187 0.058598
425.510187 0.058636
425.510187 0.058517
425.510187 0.058685
432.691991 0.058237
432.691991 0.058242
432.691991 0.058455
432.691991 0.058427
432.691991 0.058713
432.691991 0.058471
432.691991 0.058367
432.691991 0.058373
432.691991 0.058592
432.691991 0.058285
432.691991 0.058264
432.691991 0.058185
432.691991 0.058130
432.691991 0.058424
432.691991 0.058242
417.600923 0.058785
417.600923 0.058605
417.600923 0.058720
417.600923 0.058568
417.600923 0.058544
417.600923 0.058540
417.600923 0.058712
417.600923 0.058780
417.600923 0.058477
417.600923 0.058505
417.600923 0.058553
417.600923 0.058564
417.600923 0.058602
417.600923 0.058427
417.600923 0.058581
422.098388 0.058676
422.098388 0.058411
422.098388 0.058610
422.098388 0.058336
422.098388 0.058703
422.098388 0.058458
422.098388 0.058422
422.098388 0.058485
422.098388 0.058500
422.098388 0.058328
422.098388 0.058475
422.098388 0.058393
422.098388 0.058390
422.098388 0.058507
422.098388 0.058459
422.098388 0.058513
422.098388 0.058560
422.098388 0.058438
422.098388 0.058741
422.098388 0.058598
422.098388 0.058748
422.098388 0.058463
422.098388 0.058599
422.098388 0.058652
422.098388 0.058559
422.098388 0.058570
422.098388 0.058496
422.098388 0.058700
422.098388 0.058403
422.098388 0.058699
417.600923 0.058396
417.600923 0.058466
417.600923 0.058372
417.600923 0.058357
417.600923 0.058385
417.600923 0.058424
417.600923 0.058623
417.600923 0.058335
417.600923 0.058401
417.600923 0.058358
417.600923 0.058473
417.600923 0.058441
417.600923 0.058327
417.600923 0.058315
417.600923 0.058505
422.098388 0.058625
422.098388 0.058435
422.098388 0.058568
422.098388 0.058550
422.098388 0.058774
422.098388 0.058507
422.098388 0.058830
422.098388 0.058465
422.098388 0.058483
422.098388 0.058474
422.098388 0.058657
422.098388 0.058712
422.098388 0.058518
422.098388 0.058902
422.098388 0.058480
422.098388 0.058524
422.098388 0.058717
422.098388 0.058757
422.098388 0.058680
422.098388 0.058552
422.098388 0.058511
422.098388 0.058700
422.098388 0.058530
422.098388 0.058499
422.098388 0.058526
422.098388 0.058604
422.098388 0.058559
422.098388 0.058688
422.098388 0.058532
422.098388 0.058646
417.600923 0.058513
417.600923 0.058869
417.600923 0.058403
417.600923 0.058517
417.600923 0.058776
417.600923 0.058530
417.600923 0.058625
417.600923 0.058573
417.600923 0.058459
417.600923 0.058466
417.600923 0.058498
417.600923 0.058505
417.600923 0.058386
417.600923 0.058407
417.600923 0.058467
421.894793 0.058447
421.894793 0.058656
421.894793 0.058563
421.894793 0.058491
421.894793 0.058690
421.894793 0.058413
421.894793 0.058527
421.894793 0.058534
421.894793 0.058736
421.894793 0.058624
421.894793 0.058609
421.894793 0.058632
421.894793 0.058679
421.894793 0.058443
421.894793 0.058462
425.510187 0.059060
425.510187 0.058903
425.510187 0.059196
425.510187 0.059177
425.510187 0.059132
425.510187 0.059085
425.510187 0.058956
425.510187 0.058902
425.510187 0.059018
425.510187 0.058945
425.510187 0.059215
425.510187 0.059064
425.510187 0.058972
425.510187 0.059041
425.510187 0.059106
422.098388 0.058123
422.098388 0.058486
422.098388 0.058204
422.098388 0.058487
422.098388 0.058729
422.098388 0.058252
422.098388 0.058174
422.098388 0.058288
422.098388 0.058282
422.098388 0.058319
422.098388 0.058414
422.098388 0.058251
422.098388 0.058300
422.098388 0.058508
422.098388 0.058188
422.098388 0.058563
422.098388 0.058507
422.098388 0.058712
422.098388 0.058407
422.098388 0.058352
422.098388 0.058570
422.098388 0.058449
422.098388 0.058478
422.098388 0.058494
422.098388 0.058435
422.098388 0.058630
422.098388 0.059042
422.098388 0.058627
422.098388 0.058271
422.098388 0.058506
417.600923 0.058519
417.600923 0.058661
417.600923 0.058582
417.600923 0.058547
417.600923 0.058620
417.600923 0.058466
417.600923 0.058747
417.600923 0.058564
417.600923 0.058797
417.600923 0.058689
417.600923 0.058510
417.600923 0.058703
417.600923 0.058589
417.600923 0.058611
417.600923 0.058551
423.510023 0.058574
423.510023 0.058620
423.510023 0.058557
423.510023 0.058511
423.510023 0.058506
423.510023 0.058775
423.510023 0.058687
423.510023 0.058428
423.510023 0.058493
423.510023 0.058768
423.510023 0.058496
423.510023 0.058823
423.510023 0.058471
423.510023 0.058446
423.510023 0.058426
422.098388 0.058437
422.098388 0.058409
422.098388 0.058497
422.098388 0.058625
422.098388 0.058270
422.098388 0.058362
422.098388 0.058312
422.098388 0.058460
422.098388 0.058238
422.098388 0.058608
422.098388 0.058365
422.098388 0.058341
422.098388 0.058554
422.098388 0.058510
423.510023 0.058450
423.510023 0.058633
423.510023 0.058436
423.510023 0.058524
423.510023 0.058718
423.510023 0.058467
423.510023 0.058708
423.510023 0.058319
423.510023 0.058454
423.510023 0.058647
423.510023 0.058429
423.510023 0.058319
423.510023 0.058689
423.510023 0.058402
423.510023 0.058597
422.098388 0.058591
422.098388 0.058424
422.098388 0.058471
422.098388 0.058537
422.098388 0.058598
422.098388 0.058568
422.098388 0.059146
422.098388 0.058846
422.098388 0.058821
422.098388 0.058699
422.098388 0.058811
422.098388 0.058626
422.098388 0.058716
422.098388 0.058752
422.098388 0.058626
422.098388 0.058753
422.098388 0.058465
422.098388 0.058350
422.098388 0.058607
422.098388 0.058544
422.098388 0.058604
422.098388 0.058532
422.098388 0.058458
422.098388 0.058371
422.098388 0.058751
422.098388 0.058365
422.098388 0.058508
422.098388 0.058707
422.098388 0.058741
422.098388 0.058499
417.600923 0.058775
417.600923 0.058559
417.600923 0.058457
417.600923 0.058614
417.600923 0.058483
417.600923 0.058773
417.600923 0.058589
417.600923 0.058679
417.600923 0.058821
417.600923 0.058699
417.600923 0.058757
417.600923 0.058747
417.600923 0.058708
417.600923 0.058708
417.600923 0.058487
422.098388 0.058523
422.098388 0.058437
422.098388 0.058469
422.098388 0.058597
422.098388 0.058678
422.098388 0.058496
422.098388 0.058406
422.098388 0.058679
422.098388 0.058457
422.098388 0.058330
422.098388 0.058409
422.098388 0.058495
422.098388 0.058489
422.098388 0.058488
422.098388 0.058478
422.098388 0.058608
422.098388 0.058564
422.098388 0.058514
422.098388 0.058504
422.098388 0.058359
422.098388 0.058518
422.098388 0.058567
422.098388 0.058615
422.098388 0.058489
422.098388 0.058493
422.098388 0.058549
422.098388 0.058477
422.098388 0.058404
422.098388 0.058426
422.098388 0.058514
421.894793 0.058526
421.894793 0.058366
421.894793 0.058522
421.894793 0.058417
421.894793 0.058499
421.894793 0.058495
421.894793 0.058531
421.894793 0.058607
421.894793 0.058511
421.894793 0.058383
421.894793 0.058558
421.894793 0.058341
421.894793 0.058610
421.894793 0.058690
421.894793 0.058651
417.600923 0.058586
417.600923 0.058642
417.600923 0.058658
417.600923 0.058707
417.600923 0.058449
417.600923 0.058760
417.600923 0.058746
417.600923 0.058514
417.600923 0.058680
417.600923 0.058722
417.600923 0.058569
417.600923 0.058656
417.600923 0.058638
417.600923 0.058623
417.600923 0.058588
422.098388 0.058756
422.098388 0.058539
422.098388 0.058424
422.098388 0.058698
422.098388 0.058898
422.098388 0.058795
422.098388 0.058612
422.098388 0.058649
422.098388 0.058602
422.098388 0.058545
422.098388 0.058575
422.098388 0.058484
422.098388 0.058474
422.098388 0.058582
422.098388 0.058601
425.510187 0.058367
425.510187 0.058664
425.510187 0.058633
425.510187 0.058499
425.510187 0.058333
425.510187 0.058309
425.510187 0.058460
425.510187 0.058370
425.510187 0.058411
425.510187 0.058462
425.510187 0.058219
425.510187 0.058397
425.510187 0.058393
425.510187 0.058443
425.510187 0.058473
423.510023 0.058604
423.510023 0.058768
423.510023 0.058843
423.510023 0.058635
423.510023 0.058580
423.510023 0.058776
423.510023 0.059054
423.510023 0.058693
423.510023 0.058673
423.510023 0.058743
423.510023 0.058707
423.510023 0.058564
423.510023 0.058900
423.510023 0.058608
423.510023 0.058614
422.098388 0.058741
422.098388 0.058728
422.098388 0.058944
422.098388 0.058761
422.098388 0.058736
422.098388 0.058724
422.098388 0.058789
422.098388 0.058957
422.098388 0.059026
422.098388 0.058949
422.098388 0.058907
422.098388 0.058792
422.098388 0.059677
422.098388 0.058940
422.098388 0.058732
423.510023 0.058741
423.510023 0.058532
423.510023 0.058524
423.510023 0.058613
423.510023 0.058478
423.510023 0.058409
423.510023 0.058455
423.510023 0.058669
423.510023 0.058441
423.510023 0.055609
423.510023 0.058660
423.510023 0.058622
423.510023 0.058478
423.510023 0.058310
423.510023 0.058692
434.617239 0.058358
434.617239 0.058319
434.617239 0.058797
434.617239 0.058336
434.617239 0.058321
434.617239 0.058638
434.617239 0.058676
434.617239 0.058414
434.617239 0.058556
434.617239 0.058394
434.617239 0.058584
434.617239 0.058740
434.617239 0.058529
434.617239 0.058428
434.617239 0.058469
417.600923 0.058449
417.600923 0.058830
417.600923 0.042318
417.600923 0.059862
417.600923 0.059857
417.600923 0.059416
417.600923 0.058565
417.600923 0.058481
417.600923 0.058465
417.600923 0.058544
417.600923 0.058439
417.600923 0.058528
417.600923 0.058755
417.600923 0.058640
417.600923 0.058367
417.600923 0.058441
417.600923 0.058512
417.600923 0.058443
417.600923 0.058572
417.600923 0.059306
417.600923 0.058581
417.600923 0.058340
417.600923 0.058634
417.600923 0.058345
417.600923 0.058468
417.600923 0.058448
417.600923 0.058735
417.600923 0.058516
417.600923 0.058517
417.600923 0.058404
422.098388 0.058116
422.098388 0.058524
422.098388 0.058344
422.098388 0.058224
422.098388 0.058218
422.098388 0.058515
422.098388 0.058124
422.098388 0.058257
422.098388 0.058403
422.098388 0.058481
422.098388 0.058244
422.098388 0.058370
422.098388 0.058321
422.098388 0.058212
422.098388 0.058280
417.600923 0.059065
417.600923 0.059212
417.600923 0.058887
417.600923 0.059114
417.600923 0.059218
417.600923 0.059058
417.600923 0.059037
417.600923 0.059259
417.600923 0.059068
417.600923 0.058976
417.600923 0.059143
417.600923 0.059449
417.600923 0.059020
417.600923 0.059344
417.600923 0.059026
422.098388 0.058856
422.098388 0.058320
422.098388 0.058187
422.098388 0.058482
422.098388 0.058757
422.098388 0.058147
422.098388 0.058097
422.098388 0.058310
422.098388 0.058309
422.098388 0.058318
422.098388 0.058245
422.098388 0.058144
422.098388 0.058248
422.098388 0.058329
422.098388 0.058280
423.510023 0.058704
423.510023 0.058598
423.510023 0.058640
423.510023 0.058700
423.510023 0.058365
423.510023 0.058648
423.510023 0.058580
423.510023 0.058407
423.510023 0.058539
423.510023 0.058398
423.510023 0.058399
423.510023 0.058592
423.510023 0.058416
423.510023 0.058772
417.600923 0.058630
417.600923 0.058471
417.600923 0.058717
417.600923 0.058507
417.600923 0.058464
417.600923 0.058436
417.600923 0.059624
417.600923 0.058654
417.600923 0.058717
417.600923 0.058395
417.600923 0.058672
417.600923 0.058591
417.600923 0.058891
417.600923 0.058471
417.600923 0.058545
417.600923 0.058505
417.600923 0.058912
417.600923 0.058508
417.600923 0.058680
417.600923 0.058655
417.600923 0.058720
417.600923 0.058751
417.600923 0.058520
417.600923 0.058841
417.600923 0.058731
417.600923 0.058532
417.600923 0.058827
417.600923 0.058583
417.600923 0.058667
417.600923 0.058532
436.019399 0.058418
436.019399 0.058604
436.019399 0.058475
436.019399 0.058384
436.019399 0.058289
436.019399 0.058400
436.019399 0.058609
436.019399 0.058408
436.019399 0.058564
436.019399 0.058502
436.019399 0.058354
436.019399 0.058463
436.019399 0.058379
436.019399 0.058442
436.019399 0.058386
423.510023 0.058307
423.510023 0.058260
423.510023 0.058443
423.510023 0.058320
423.510023 0.058224
423.510023 0.058413
423.510023 0.058185
423.510023 0.058366
423.510023 0.058152
423.510023 0.058407
423.510023 0.058367
423.510023 0.058151
423.510023 0.058474
423.510023 0.058136
423.510023 0.058218
417.600923 0.058903
417.600923 0.058478
417.600923 0.058355
417.600923 0.058630
417.600923 0.058662
417.600923 0.058625
417.600923 0.058475
417.600923 0.058425
417.600923 0.058472
417.600923 0.058498
417.600923 0.058608
417.600923 0.058489
417.600923 0.058661
417.600923 0.058403
417.600923 0.058352
425.810137 0.058463
425.810137 0.058745
425.810137 0.058640
425.810137 0.058479
425.810137 0.058438
425.810137 0.058606
425.810137 0.058686
425.810137 0.058403
425.810137 0.058605
425.810137 0.058743
425.810137 0.059963
425.810137 0.058745
425.810137 0.058576
425.810137 0.058523
425.810137 0.058419
417.600923 0.058560
417.600923 0.058548
417.600923 0.058415
417.600923 0.058774
417.600923 0.058484
417.600923 0.058620
417.600923 0.058392
417.600923 0.058547
417.600923 0.058573
417.600923 0.058410
417.600923 0.058447
417.600923 0.058762
417.600923 0.058383
417.600923 0.058379
417.600923 0.058518
417.600923 0.058524
417.600923 0.058618
417.600923 0.058810
417.600923 0.058675
417.600923 0.058544
417.600923 0.058628
417.600923 0.058734
417.600923 0.058774
417.600923 0.058610
417.600923 0.058596
417.600923 0.058644
417.600923 0.058527
417.600923 0.058639
417.600923 0.058737
417.600923 0.058401
422.098388 0.058477
422.098388 0.058565
422.098388 0.058496
422.098388 0.058315
422.098388 0.058490
422.098388 0.058609
422.098388 0.058657
422.098388 0.058492
422.098388 0.058500
422.098388 0.058372
422.098388 0.058469
422.098388 0.058567
422.098388 0.058394
422.098388 0.058449
422.098388 0.058393
421.894793 0.058193
421.894793 0.058231
421.894793 0.058401
421.894793 0.058134
421.894793 0.058237
421.894793 0.058237
421.894793 0.058168
421.894793 0.058516
421.894793 0.058313
421.894793 0.058185
421.894793 0.058288
421.894793 0.058360
421.894793 0.058463
421.894793 0.058233
421.894793 0.058125
422.098388 0.058379
422.098388 0.058553
422.098388 0.058547
422.098388 0.058216
422.098388 0.058254
422.098388 0.058419
422.098388 0.058401
422.098388 0.058374
422.098388 0.058408
422.098388 0.058469
422.098388 0.058262
422.098388 0.058614
422.098388 0.058533
422.098388 0.058584
422.098388 0.058402
425.810137 0.058403
425.810137 0.058624
425.810137 0.058555
425.810137 0.058334
425.810137 0.058511
425.810137 0.058344
425.810137 0.058549
425.810137 0.058446
425.810137 0.058444
425.810137 0.058558
425.810137 0.058535
425.810137 0.058626
425.810137 0.058337
425.810137 0.058773
425.810137 0.058624
446.738693 0.058513
446.738693 0.058631
446.738693 0.058633
446.738693 0.058524
446.738693 0.058509
446.738693 0.054691
446.738693 0.058418
446.738693 0.058625
446.738693 0.058489
446.738693 0.058401
446.738693 0.058479
446.738693 0.042272
446.738693 0.058486
446.738693 0.058488
446.738693 0.058462
425.810137 0.058415
425.810137 0.058484
425.810137 0.042357
425.810137 0.030029
425.810137 0.058700
425.810137 0.059066
425.810137 0.058460
425.810137 0.058246
425.810137 0.058614
425.810137 0.058252
425.810137 0.058420
425.810137 0.058429
425.810137 0.058352
425.810137 0.058227
425.810137 0.058253
425.810137 0.058501
417.600923 0.058622
417.600923 0.058850
417.600923 0.058983
417.600923 0.058643
417.600923 0.058792
417.600923 0.058674
417.600923 0.058605
417.600923 0.058802
417.600923 0.058624
417.600923 0.058902
417.600923 0.058904
417.600923 0.058844
417.600923 0.058765
417.600923 0.058671
422.098388 0.058629
422.098388 0.058621
422.098388 0.058661
422.098388 0.058545
422.098388 0.058594
422.098388 0.058414
422.098388 0.058639
422.098388 0.058609
422.098388 0.058601
422.098388 0.058600
422.098388 0.058563
422.098388 0.058481
422.098388 0.058551
422.098388 0.058535
422.098388 0.058546
422.098388 0.058179
422.098388 0.058381
422.098388 0.058392
422.098388 0.058134
422.098388 0.058235
422.098388 0.058477
422.098388 0.058284
422.098388 0.058102
422.098388 0.058339
422.098388 0.058364
422.098388 0.058270
422.098388 0.058402
422.098388 0.058249
422.098388 0.058413
422.098388 0.058274
422.098388 0.058501
422.098388 0.058602
422.098388 0.058537
422.098388 0.058473
422.098388 0.058314
422.098388 0.058481
422.098388 0.058594
422.098388 0.058229
422.098388 0.058404
422.098388 0.058320
422.098388 0.058361
422.098388 0.058460
422.098388 0.058444
422.098388 0.058211
422.098388 0.058281
434.617239 0.058540
434.617239 0.058646
434.617239 0.058622
434.617239 0.058884
434.617239 0.058687
434.617239 0.058549
434.617239 0.058580
434.617239 0.058609
434.617239 0.058718
434.617239 0.058759
434.617239 0.058701
434.617239 0.058811
434.617239 0.058729
434.617239 0.058618
434.617239 0.058969
423.510023 0.058588
423.510023 0.058634
423.510023 0.058584
423.510023 0.058581
423.510023 0.058760
423.510023 0.058729
423.510023 0.058826
423.510023 0.058992
423.510023 0.058547
423.510023 0.058535
423.510023 0.058530
423.510023 0.058505
423.510023 0.058473
423.510023 0.058465
423.510023 0.058658
423.510023 0.058426
423.510023 0.058483
423.510023 0.058367
423.510023 0.058589
423.510023 0.058445
423.510023 0.058505
423.510023 0.058613
423.510023 0.058518
423.510023 0.058580
423.510023 0.058736
423.510023 0.058396
423.510023 0.058784
423.510023 0.058851
423.510023 0.058492
423.510023 0.058395
417.600923 0.058630
417.600923 0.058354
417.600923 0.058389
417.600923 0.058506
417.600923 0.058407
417.600923 0.058489
417.600923 0.058492
417.600923 0.058300
417.600923 0.058376
417.600923 0.058693
417.600923 0.058417
417.600923 0.058483
417.600923 0.058364
417.600923 0.058634
417.600923 0.058436
417.600923 0.058554
417.600923 0.058694
417.600923 0.058685
417.600923 0.058414
417.600923 0.058639
417.600923 0.058366
417.600923 0.058500
417.600923 0.058464
417.600923 0.058534
417.600923 0.058602
417.600923 0.058408
417.600923 0.058500
417.600923 0.058408
417.600923 0.058556
417.600923 0.058537
422.098388 0.058470
422.098388 0.058487
422.098388 0.058370
422.098388 0.058568
422.098388 0.058586
422.098388 0.058366
422.098388 0.058572
422.098388 0.058437
422.098388 0.058590
422.098388 0.058728
422.098388 0.058640
422.098388 0.058593
422.098388 0.058675
422.098388 0.058581
422.098388 0.058548
434.704119 0.058287
434.704119 0.058290
434.704119 0.058334
434.704119 0.058404
434.704119 0.058384
434.704119 0.058527
434.704119 0.058324
434.704119 0.058267
434.704119 0.058324
434.704119 0.058264
434.704119 0.058327
434.704119 0.058462
434.704119 0.058563
434.704119 0.058309
434.704119 0.058476
417.600923 0.058429
417.600923 0.058419
417.600923 0.058493
417.600923 0.058392
417.600923 0.058777
417.600923 0.058714
417.600923 0.058359
417.600923 0.058416
417.600923 0.058556
417.600923 0.058555
417.600923 0.058381
417.600923 0.058379
417.600923 0.058758
417.600923 0.058744
417.600923 0.058558
423.510023 0.058298
423.510023 0.058501
423.510023 0.058328
423.510023 0.058269
423.510023 0.058312
423.510023 0.058170
423.510023 0.058286
423.510023 0.058180
423.510023 0.058249
423.510023 0.058265
423.510023 0.058517
423.510023 0.058478
423.510023 0.058241
423.510023 0.058458
423.510023 0.058315
417.600923 0.058521
417.600923 0.058330
417.600923 0.058395
417.600923 0.058594
417.600923 0.058475
417.600923 0.058454
417.600923 0.058632
417.600923 0.058431
417.600923 0.058401
417.600923 0.058407
417.600923 0.058427
417.600923 0.058437
417.600923 0.058524
417.600923 0.058465
417.600923 0.058709
423.510023 0.058528
423.510023 0.058512
423.510023 0.058434
423.510023 0.058502
423.510023 0.058716
423.510023 0.058383
423.510023 0.058691
423.510023 0.058460
423.510023 0.058459
423.510023 0.058538
423.510023 0.058402
423.510023 0.058448
423.510023 0.058753
423.510023 0.058540
423.510023 0.058505
446.469439 0.058810
446.469439 0.058552
446.469439 0.058547
446.469439 0.058514
446.469439 0.058410
446.469439 0.058482
446.469439 0.058575
446.469439 0.058743
446.469439 0.058895
446.469439 0.058692
446.469439 0.058696
446.469439 0.058540
446.469439 0.058704
446.469439 0.058706
423.510023 0.058593
423.510023 0.058815
423.510023 0.058453
423.510023 0.058688
423.510023 0.058559
423.510023 0.058382
423.510023 0.058609
423.510023 0.058644
423.510023 0.058703
423.510023 0.058768
423.510023 0.058671
423.510023 0.058644
423.510023 0.058640
423.510023 0.058658
423.510023 0.058880
423.510023 0.058530
423.510023 0.058633
423.510023 0.058587
423.510023 0.058473
423.510023 0.058731
423.510023 0.058558
423.510023 0.058753
423.510023 0.058537
423.510023 0.058640
423.510023 0.058580
423.510023 0.058650
423.510023 0.058713
423.510023 0.058458
423.510023 0.058635
423.510023 0.058796
422.098388 0.058524
422.098388 0.058611
422.098388 0.058418
422.098388 0.058645
422.098388 0.058497
422.098388 0.058673
422.098388 0.058377
422.098388 0.058677
422.098388 0.058619
422.098388 0.058416
422.098388 0.058753
422.098388 0.058470
422.098388 0.058567
422.098388 0.058404
422.098388 0.058496
422.098388 0.058555
422.098388 0.058677
422.098388 0.058647
422.098388 0.058527
422.098388 0.058457
422.098388 0.058666
422.098388 0.058463
422.098388 0.058473
422.098388 0.058300
422.098388 0.058248
422.098388 0.058446
422.098388 0.058332
422.098388 0.058609
422.098388 0.058550
422.098388 0.058484
417.600923 0.058533
417.600923 0.058206
417.600923 0.058162
417.600923 0.058311
417.600923 0.058508
417.600923 0.058445
417.600923 0.058211
417.600923 0.058161
417.600923 0.058309
417.600923 0.058561
417.600923 0.058363
417.600923 0.058391
417.600923 0.058441
417.600923 0.058292
417.600923 0.058397
422.098388 0.058671
422.098388 0.058533
422.098388 0.058602
422.098388 0.058739
422.098388 0.058620
422.098388 0.058609
422.098388 0.061168
422.098388 0.058718
422.098388 0.058757
422.098388 0.058568
422.098388 0.058735
422.098388 0.058509
422.098388 0.058709
422.098388 0.058581
422.098388 0.058497
417.600923 0.059207
417.600923 0.058705
417.600923 0.058446
417.600923 0.058403
417.600923 0.058494
417.600923 0.058530
417.600923 0.058384
417.600923 0.058715
417.600923 0.058508
417.600923 0.058411
417.600923 0.058565
417.600923 0.058977
417.600923 0.058322
417.600923 0.058725
417.600923 0.058523
443.004015 0.058604
443.004015 0.058464
443.004015 0.058270
443.004015 0.058595
443.004015 0.058423
443.004015 0.058540
443.004015 0.058466
443.004015 0.058551
443.004015 0.058531
443.004015 0.058411
443.004015 0.058406
443.004015 0.058837
443.004015 0.058488
443.004015 0.058383
443.004015 0.058558
422.098388 0.058311
422.098388 0.058534
422.098388 0.058463
422.098388 0.058453
422.098388 0.058370
422.098388 0.058346
422.098388 0.058342
422.098388 0.058488
422.098388 0.058468
422.098388 0.058285
422.098388 0.058471
422.098388 0.058390
422.098388 0.058379
422.098388 0.058410
422.098388 0.058484
423.510023 0.058279
423.510023 0.058116
423.510023 0.058268
423.510023 0.058181
423.510023 0.058239
423.510023 0.058355
423.510023 0.058361
423.510023 0.058330
423.510023 0.058157
423.510023 0.058244
423.510023 0.058249
423.510023 0.058228
423.510023 0.058358
423.510023 0.058545
423.510023 0.058298
423.510023 0.058502
423.510023 0.058585
423.510023 0.058885
423.510023 0.058407
423.510023 0.058466
423.510023 0.058429
423.510023 0.060051
423.510023 0.058546
423.510023 0.058497
423.510023 0.058393
423.510023 0.058806
423.510023 0.058520
423.510023 0.058495
423.510023 0.058417
423.510023 0.058653
417.600923 0.058296
417.600923 0.058405
417.600923 0.058452
417.600923 0.058398
417.600923 0.058580
417.600923 0.058169
417.600923 0.058296
417.600923 0.058206
417.600923 0.058283
417.600923 0.058430
417.600923 0.058327
417.600923 0.058235
417.600923 0.058428
417.600923 0.058284
417.600923 0.058227
417.600923 0.058783
417.600923 0.058697
417.600923 0.058579
417.600923 0.058876
417.600923 0.058633
417.600923 0.058737
417.600923 0.058606
417.600923 0.058480
417.600923 0.058595
417.600923 0.058950
417.600923 0.058562
417.600923 0.058840
417.600923 0.058601
417.600923 0.058563
417.600923 0.058643
422.098388 0.058487
422.098388 0.058590
422.098388 0.058352
422.098388 0.058467
422.098388 0.058467
422.098388 0.058619
422.098388 0.058393
422.098388 0.058569
422.098388 0.058430
422.098388 0.058267
422.098388 0.058265
422.098388 0.058449
422.098388 0.058369
422.098388 0.058342
422.098388 0.058481
423.510023 0.058601
423.510023 0.058430
423.510023 0.058591
423.510023 0.058519
423.510023 0.058413
423.510023 0.058553
423.510023 0.058623
423.510023 0.058482
423.510023 0.058471
423.510023 0.058437
423.510023 0.058414
423.510023 0.058704
423.510023 0.058648
423.510023 0.058386
423.510023 0.058533
448.089661 0.058313
448.089661 0.058177
448.089661 0.058283
448.089661 0.058369
448.089661 0.058310
448.089661 0.058536
448.089661 0.058295
448.089661 0.058402
448.089661 0.058352
448.089661 0.058444
448.089661 0.062336
448.089661 0.058081
448.089661 0.058182
448.089661 0.058235
448.089661 0.058376
423.510023 0.058558
423.510023 0.058392
423.510023 0.058467
423.510023 0.058381
423.510023 0.058564
423.510023 0.058509
423.510023 0.058723
423.510023 0.058692
423.510023 0.058651
423.510023 0.058698
423.510023 0.058579
423.510023 0.058642
423.510023 0.058465
423.510023 0.058604
423.510023 0.058511
434.617239 0.058399
434.617239 0.058185
434.617239 0.058441
434.617239 0.058290
434.617239 0.058232
434.617239 0.058150
434.617239 0.058335
434.617239 0.058349
434.617239 0.058257
434.617239 0.058371
434.617239 0.058376
434.617239 0.058443
434.617239 0.058435
434.617239 0.058313
434.617239 0.058301
422.098388 0.058424
422.098388 0.058545
422.098388 0.058233
422.098388 0.058305
422.098388 0.058739
422.098388 0.058378
422.098388 0.058309
422.098388 0.058585
422.098388 0.058333
422.098388 0.058342
422.098388 0.058437
422.098388 0.058632
422.098388 0.058565
422.098388 0.058498
422.098388 0.058566
417.600923 0.058508
417.600923 0.058418
417.600923 0.058396
417.600923 0.058644
417.600923 0.058507
417.600923 0.058568
417.600923 0.058695
417.600923 0.058491
417.600923 0.058436
417.600923 0.058669
417.600923 0.058449
417.600923 0.058347
417.600923 0.058695
417.600923 0.058740
434.788509 0.058663
434.788509 0.058929
434.788509 0.058551
434.788509 0.058816
434.788509 0.058554
434.788509 0.058508
434.788509 0.058601
434.788509 0.058495
434.788509 0.058436
434.788509 0.058501
434.788509 0.058471
434.788509 0.058599
434.788509 0.058739
434.788509 0.058596
434.788509 0.058569
422.098388 0.058590
422.098388 0.058448
422.098388 0.058411
422.098388 0.058711
422.098388 0.058722
422.098388 0.058809
422.098388 0.058486
422.098388 0.058643
422.098388 0.058455
422.098388 0.058423
422.098388 0.058476
422.098388 0.058551
422.098388 0.058326
422.098388 0.058501
422.098388 0.058402
434.617239 0.058435
434.617239 0.058458
434.617239 0.058417
434.617239 0.058528
434.617239 0.058568
434.617239 0.058522
434.617239 0.058363
434.617239 0.058546
434.617239 0.058601
434.617239 0.058494
434.617239 0.058482
434.617239 0.058551
434.617239 0.058395
434.617239 0.058295
434.617239 0.058708
434.617239 0.058693
417.600923 0.058536
417.600923 0.058524
417.600923 0.058475
417.600923 0.058992
417.600923 0.061134
417.600923 0.058407
417.600923 0.058575
417.600923 0.058509
417.600923 0.059707
417.600923 0.058671
417.600923 0.058464
417.600923 0.058583
417.600923 0.058431
417.600923 0.058326
422.098388 0.058476
422.098388 0.058440
422.098388 0.058602
422.098388 0.058529
422.098388 0.058503
422.098388 0.058618
422.098388 0.058642
422.098388 0.058574
422.098388 0.058623
422.098388 0.058786
422.098388 0.058427
422.098388 0.058530
422.098388 0.058455
422.098388 0.058742
422.098388 0.058706
434.617239 0.058335
434.617239 0.058449
434.617239 0.058529
434.617239 0.058449
434.617239 0.058526
434.617239 0.058602
434.617239 0.058463
434.617239 0.058373
434.617239 0.058412
434.617239 0.058524
434.617239 0.058398
434.617239 0.058583
434.617239 0.058463
434.617239 0.058434
434.617239 0.058497
434.617239 0.059060
434.617239 0.059082
434.617239 0.059181
434.617239 0.059038
434.617239 0.058860
434.617239 0.059041
434.617239 0.059154
434.617239 0.058881
434.617239 0.059023
434.617239 0.059071
434.617239 0.059066
434.617239 0.059016
434.617239 0.058960
434.617239 0.059142
434.617239 0.059209
430.017127 0.058318
430.017127 0.058359
430.017127 0.058438
430.017127 0.058432
430.017127 0.058606
430.017127 0.058466
430.017127 0.058335
430.017127 0.058351
430.017127 0.058364
430.017127 0.058400
430.017127 0.058355
430.017127 0.058403
430.017127 0.058577
430.017127 0.058296
430.017127 0.058458
417.600923 0.058613
417.600923 0.058451
417.600923 0.058581
417.600923 0.058602
417.600923 0.058497
417.600923 0.058562
417.600923 0.058531
417.600923 0.058882
417.600923 0.058580
417.600923 0.058591
417.600923 0.058657
417.600923 0.058915
417.600923 0.058544
417.600923 0.058523
417.600923 0.058485
423.510023 0.058412
423.510023 0.058428
423.510023 0.058545
423.510023 0.058327
423.510023 0.058294
423.510023 0.058360
423.510023 0.058389
423.510023 0.058426
423.510023 0.058370
423.510023 0.058505
423.510023 0.058479
423.510023 0.058222
423.510023 0.058403
423.510023 0.058677
423.510023 0.058389
422.098388 0.058290
422.098388 0.058416
422.098388 0.058668
422.098388 0.058300
422.098388 0.058277
422.098388 0.058513
422.098388 0.058539
422.098388 0.058315
422.098388 0.058492
422.098388 0.059100
422.098388 0.058580
422.098388 0.058352
422.098388 0.058477
422.098388 0.058361
422.098388 0.058527
417.600923 0.058794
417.600923 0.058428
417.600923 0.058520
417.600923 0.058406
417.600923 0.058377
417.600923 0.058349
417.600923 0.058466
417.600923 0.058407
417.600923 0.058368
417.600923 0.058483
417.600923 0.058592
417.600923 0.058560
417.600923 0.058423
417.600923 0.058494
417.600923 0.058350
423.510023 0.058506
423.510023 0.058645
423.510023 0.058604
423.510023 0.058779
423.510023 0.058621
423.510023 0.058452
423.510023 0.058479
423.510023 0.058480
423.510023 0.058440
423.510023 0.058310
423.510023 0.058538
423.510023 0.058625
423.510023 0.058531
423.510023 0.058369
423.510023 0.058571
434.704119 0.058400
434.704119 0.058341
434.704119 0.058359
434.704119 0.058448
434.704119 0.058489
434.704119 0.058542
434.704119 0.058612
434.704119 0.058535
434.704119 0.058530
434.704119 0.058295
434.704119 0.058313
434.704119 0.058423
434.704119 0.058439
434.704119 0.058491
434.704119 0.058350
422.098388 0.058508
422.098388 0.058812
422.098388 0.058395
422.098388 0.058357
422.098388 0.058583
422.098388 0.058595
422.098388 0.058436
422.098388 0.058669
422.098388 0.058334
422.098388 0.058522
422.098388 0.058313
422.098388 0.058505
422.098388 0.058498
422.098388 0.058309
422.098388 0.058445
422.098388 0.058772
422.098388 0.058464
422.098388 0.058448
422.098388 0.058424
422.098388 0.058417
422.098388 0.058692
422.098388 0.058486
422.098388 0.058355
422.098388 0.058484
422.098388 0.058586
422.098388 0.058769
422.098388 0.058576
422.098388 0.058621
422.098388 0.058699
422.098388 0.058894
417.600923 0.058363
417.600923 0.058319
417.600923 0.058440
417.600923 0.058649
417.600923 0.058463
417.600923 0.058428
417.600923 0.058408
417.600923 0.058457
417.600923 0.058392
417.600923 0.058470
417.600923 0.058413
417.600923 0.058604
417.600923 0.058333
417.600923 0.058315
417.600923 0.058408
422.098388 0.058506
422.098388 0.058496
422.098388 0.058353
422.098388 0.058488
422.098388 0.058453
422.098388 0.058316
422.098388 0.058417
422.098388 0.058681
422.098388 0.058423
422.098388 0.058484
422.098388 0.058371
422.098388 0.058344
422.098388 0.058474
422.098388 0.058570
422.098388 0.058578
425.510187 0.059676
425.510187 0.059380
425.510187 0.059467
425.510187 0.059761
425.510187 0.059555
425.510187 0.059350
425.510187 0.059917
425.510187 0.059462
425.510187 0.059392
425.510187 0.059807
425.510187 0.059814
425.510187 0.059391
425.510187 0.059400
425.510187 0.059270
425.510187 0.059218
423.510023 0.058314
423.510023 0.058374
423.510023 0.058414
423.510023 0.058659
423.510023 0.058216
423.510023 0.058151
423.510023 0.058064
423.510023 0.058163
423.510023 0.058390
423.510023 0.058443
423.510023 0.058245
423.510023 0.058300
423.510023 0.058481
423.510023 0.058264
422.098388 0.058494
422.098388 0.058455
422.098388 0.058845
422.098388 0.058683
422.098388 0.058575
422.098388 0.058588
422.098388 0.058583
422.098388 0.058536
422.098388 0.058785
422.098388 0.058728
422.098388 0.058630
422.098388 0.058624
422.098388 0.058559
422.098388 0.058620
422.098388 0.058643
423.510023 0.058658
423.510023 0.058484
423.510023 0.058526
423.510023 0.058413
423.510023 0.058607
423.510023 0.058603
423.510023 0.058408
423.510023 0.058999
423.510023 0.058835
423.510023 0.058558
423.510023 0.058498
423.510023 0.058645
423.510023 0.058553
423.510023 0.058416
423.510023 0.058377
423.510023 0.058464
423.510023 0.058604
423.510023 0.058834
423.510023 0.058569
423.510023 0.058481
423.510023 0.058384
423.510023 0.058542
423.510023 0.058716
423.510023 0.058833
423.510023 0.058646
423.510023 0.058500
423.510023 0.058398
423.510023 0.058499
423.510023 0.058764
423.510023 0.058696
422.098388 0.058675
422.098388 0.058409
422.098388 0.058351
422.098388 0.058272
422.098388 0.058482
422.098388 0.058535
422.098388 0.058322
422.098388 0.058325
422.098388 0.058502
422.098388 0.058421
422.098388 0.058281
422.098388 0.058313
422.098388 0.058299
422.098388 0.058363
422.098388 0.058453
421.894793 0.058869
421.894793 0.058516
421.894793 0.058938
421.894793 0.058719
421.894793 0.058495
421.894793 0.058532
421.894793 0.058389
421.894793 0.058497
421.894793 0.058454
421.894793 0.058614
421.894793 0.058896
421.894793 0.058398
421.894793 0.058521
421.894793 0.058495
421.894793 0.058415
417.600923 0.058458
417.600923 0.058725
417.600923 0.058526
417.600923 0.058484
417.600923 0.058520
417.600923 0.058657
417.600923 0.058598
417.600923 0.058688
417.600923 0.058501
417.600923 0.058631
417.600923 0.058575
417.600923 0.058833
417.600923 0.058649
417.600923 0.058379
417.600923 0.058373
422.098388 0.058398
422.098388 0.058594
422.098388 0.058357
422.098388 0.058380
422.098388 0.058281
422.098388 0.058382
422.098388 0.058290
422.098388 0.058570
422.098388 0.058497
422.098388 0.058361
422.098388 0.058356
422.098388 0.058394
422.098388 0.058239
422.098388 0.058319
422.098388 0.058357
423.510023 0.058472
423.510023 0.058757
423.510023 0.058664
423.510023 0.058538
423.510023 0.058795
423.510023 0.058735
423.510023 0.059028
423.510023 0.058524
423.510023 0.058405
423.510023 0.058593
423.510023 0.058681
423.510023 0.058851
423.510023 0.058638
423.510023 0.058805
423.510023 0.058598
434.617239 0.058612
434.617239 0.058421
434.617239 0.058653
434.617239 0.060019
434.617239 0.058766
434.617239 0.058358
434.617239 0.058694
434.617239 0.058447
434.617239 0.058867
434.617239 0.058564
434.617239 0.058536
434.617239 0.058555
434.617239 0.058551
434.617239 0.058785
434.617239 0.058571
422.098388 0.058432
422.098388 0.058777
422.098388 0.058757
422.098388 0.058472
422.098388 0.058704
422.098388 0.058644
422.098388 0.058633
422.098388 0.058851
422.098388 0.058517
422.098388 0.058517
422.098388 0.058603
422.098388 0.058725
422.098388 0.058467
422.098388 0.058624
422.098388 0.058686
421.894793 0.058710
421.894793 0.059008
421.894793 0.058978
421.894793 0.058814
421.894793 0.058877
421.894793 0.058818
421.894793 0.058881
421.894793 0.058886
421.894793 0.058911
421.894793 0.058865
421.894793 0.058756
421.894793 0.058902
421.894793 0.058798
421.894793 0.058708
421.894793 0.058899
422.098388 0.058354
422.098388 0.058723
422.098388 0.058321
422.098388 0.058340
422.098388 0.058563
422.098388 0.058510
422.098388 0.058284
422.098388 0.058372
422.098388 0.058346
422.098388 0.058497
422.098388 0.058513
422.098388 0.058238
422.098388 0.058335
422.098388 0.058456
422.098388 0.058238
422.098388 0.058475
422.098388 0.058321
422.098388 0.058407
422.098388 0.058581
422.098388 0.058791
422.098388 0.058547
422.098388 0.058495
422.098388 0.058653
422.098388 0.058539
422.098388 0.058472
422.098388 0.058429
422.098388 0.058570
422.098388 0.058516
422.098388 0.058650
422.098388 0.058484
417.600923 0.058456
417.600923 0.058773
417.600923 0.058520
417.600923 0.058499
417.600923 0.058526
417.600923 0.058549
417.600923 0.058463
417.600923 0.058545
417.600923 0.058626
417.600923 0.058652
417.600923 0.058454
417.600923 0.058594
417.600923 0.058717
417.600923 0.058621
417.600923 0.058709
446.738693 0.058950
446.738693 0.058944
446.738693 0.059434
446.738693 0.059237
446.738693 0.059055
446.738693 0.058969
446.738693 0.059132
446.738693 0.059134
446.738693 0.059027
446.738693 0.059188
446.738693 0.059147
446.738693 0.059226
446.738693 0.059090
446.738693 0.059103
423.510023 0.058418
423.510023 0.058246
423.510023 0.058444
423.510023 0.058072
423.510023 0.058246
423.510023 0.058109
423.510023 0.058247
423.510023 0.058106
423.510023 0.058109
423.510023 0.058236
423.510023 0.058245
423.510023 0.058216
423.510023 0.058235
423.510023 0.058466
423.510023 0.058384
423.510023 0.058646
423.510023 0.058537
423.510023 0.058393
423.510023 0.058536
423.510023 0.058516
423.510023 0.058627
423.510023 0.058422
423.510023 0.058606
423.510023 0.058651
423.510023 0.058569
423.510023 0.058600
423.510023 0.058798
423.510023 0.058517
423.510023 0.058725
423.510023 0.058450
422.098388 0.058806
422.098388 0.058624
422.098388 0.058342
422.098388 0.058473
422.098388 0.058651
422.098388 0.058712
422.098388 0.058436
422.098388 0.058440
422.098388 0.058395
422.098388 0.058370
422.098388 0.058280
422.098388 0.058717
422.098388 0.058315
422.098388 0.058839
422.098388 0.058320
417.600923 0.058848
417.600923 0.058632
417.600923 0.058594
417.600923 0.058654
417.600923 0.058717
417.600923 0.058609
417.600923 0.058738
417.600923 0.058583
417.600923 0.058735
417.600923 0.058790
417.600923 0.058900
417.600923 0.058732
417.600923 0.058895
417.600923 0.058594
417.600923 0.058747
417.600923 0.058463
417.600923 0.058364
417.600923 0.058401
417.600923 0.058465
417.600923 0.058573
417.600923 0.058497
417.600923 0.058507
417.600923 0.058624
417.600923 0.058476
417.600923 0.058668
417.600923 0.058461
417.600923 0.058543
417.600923 0.058586
417.600923 0.058624
417.600923 0.058737
421.894793 0.058448
421.894793 0.058292
421.894793 0.058517
421.894793 0.058344
421.894793 0.058395
421.894793 0.058879
421.894793 0.058432
421.894793 0.058447
421.894793 0.058355
421.894793 0.058270
421.894793 0.058361
421.894793 0.058294
421.894793 0.058393
421.894793 0.058345
421.894793 0.058418
433.575722 0.058476
433.575722 0.058723
433.575722 0.058457
433.575722 0.058421
433.575722 0.058606
433.575722 0.058596
433.575722 0.058528
433.575722 0.058409
433.575722 0.058538
433.575722 0.058638
433.575722 0.058486
433.575722 0.058668
433.575722 0.058706
433.575722 0.058507
433.575722 0.058630
422.098388 0.058584
422.098388 0.058658
422.098388 0.058606
422.098388 0.058529
422.098388 0.058523
422.098388 0.058414
422.098388 0.058509
422.098388 0.058566
422.098388 0.058536
422.098388 0.058429
422.098388 0.058404
422.098388 0.058519
422.098388 0.058501
422.098388 0.058455
422.098388 0.058414
422.098388 0.058238
422.098388 0.058551
422.098388 0.058527
422.098388 0.058472
422.098388 0.058657
422.098388 0.058352
422.098388 0.058305
422.098388 0.058332
422.098388 0.058422
422.098388 0.058481
422.098388 0.058564
422.098388 0.058289
422.098388 0.058245
422.098388 0.058292
422.098388 0.058493
422.098388 0.058697
422.098388 0.058674
422.098388 0.058780
422.098388 0.058554
422.098388 0.058476
422.098388 0.058532
422.098388 0.058631
422.098388 0.058513
422.098388 0.058508
422.098388 0.058568
422.098388 0.058471
422.098388 0.058609
422.098388 0.058515
422.098388 0.058764
422.098388 0.058429
417.600923 0.058428
417.600923 0.058388
417.600923 0.058685
417.600923 0.058738
417.600923 0.058586
417.600923 0.058313
417.600923 0.058490
417.600923 0.058772
417.600923 0.058632
417.600923 0.058633
417.600923 0.058410
417.600923 0.058691
417.600923 0.058484
417.600923 0.058584
417.600923 0.058560
417.600923 0.058398
417.600923 0.058580
417.600923 0.058483
417.600923 0.058565
417.600923 0.058622
417.600923 0.058408
417.600923 0.058405
417.600923 0.058616
417.600923 0.058619
417.600923 0.058544
417.600923 0.058659
417.600923 0.058384
417.600923 0.058728
417.600923 0.058750
417.600923 0.058376
423.510023 0.058549
423.510023 0.058484
423.510023 0.058514
423.510023 0.058554
423.510023 0.058519
423.510023 0.058471
423.510023 0.058363
423.510023 0.058688
423.510023 0.058525
423.510023 0.058343
423.510023 0.058520
423.510023 0.058594
423.510023 0.058644
423.510023 0.058571
423.510023 0.058601
422.098388 0.058612
422.098388 0.058371
422.098388 0.058379
422.098388 0.058674
422.098388 0.058435
422.098388 0.058313
422.098388 0.058671
422.098388 0.058406
422.098388 0.058387
422.098388 0.058332
422.098388 0.058482
422.098388 0.058488
422.098388 0.058420
422.098388 0.058524
422.098388 0.058299
421.894793 0.058402
421.894793 0.058526
421.894793 0.058538
421.894793 0.058427
421.894793 0.058444
421.894793 0.058601
421.894793 0.058720
421.894793 0.058533
421.894793 0.058326
421.894793 0.058441
421.894793 0.058482
421.894793 0.058420
421.894793 0.058386
421.894793 0.058609
421.894793 0.058654
434.617239 0.058592
434.617239 0.058484
434.617239 0.058447
434.617239 0.058725
434.617239 0.058392
434.617239 0.058397
434.617239 0.058377
434.617239 0.058521
434.617239 0.058559
434.617239 0.058445
434.617239 0.058552
434.617239 0.058650
434.617239 0.058353
434.617239 0.058607
434.617239 0.058681
417.600923 0.058603
417.600923 0.058582
417.600923 0.058639
417.600923 0.058391
417.600923 0.058617
417.600923 0.058621
417.600923 0.058619
417.600923 0.058393
417.600923 0.058365
417.600923 0.058497
417.600923 0.058604
417.600923 0.058441
417.600923 0.058702
417.600923 0.058407
417.600923 0.058446
417.600923 0.058585
417.600923 0.058469
417.600923 0.058346
417.600923 0.058258
417.600923 0.058606
417.600923 0.058452
417.600923 0.058633
417.600923 0.058706
417.600923 0.058369
417.600923 0.058443
417.600923 0.058569
417.600923 0.058339
417.600923 0.058401
417.600923 0.058396
417.600923 0.058367
421.894793 0.058695
421.894793 0.058544
421.894793 0.058768
421.894793 0.058495
421.894793 0.058520
421.894793 0.058710
421.894793 0.058479
421.894793 0.058668
421.894793 0.058660
421.894793 0.058826
421.894793 0.058575
421.894793 0.058418
421.894793 0.058529
421.894793 0.058531
421.894793 0.058762
422.098388 0.058619
422.098388 0.058500
422.098388 0.058620
422.098388 0.058611
422.098388 0.058554
422.098388 0.058508
422.098388 0.058484
422.098388 0.058377
422.098388 0.058422
422.098388 0.058283
422.098388 0.058589
422.098388 0.058377
422.098388 0.058468
422.098388 0.058608
422.098388 0.058744
417.600923 0.058899
417.600923 0.059134
417.600923 0.059035
417.600923 0.058927
417.600923 0.058854
417.600923 0.059162
417.600923 0.059282
417.600923 0.058957
417.600923 0.058985
417.600923 0.059341
417.600923 0.059219
417.600923 0.058991
417.600923 0.058965
417.600923 0.060356
422.098388 0.058415
422.098388 0.058696
422.098388 0.058370
422.098388 0.058359
422.098388 0.058510
422.098388 0.058455
422.098388 0.058364
422.098388 0.058439
422.098388 0.058380
422.098388 0.058333
422.098388 0.058651
422.098388 0.058387
422.098388 0.058448
422.098388 0.058303
422.098388 0.058481
422.098388 0.058269
422.098388 0.058318
422.098388 0.058590
422.098388 0.058472
422.098388 0.058500
422.098388 0.058202
422.098388 0.058309
422.098388 0.058289
422.098388 0.058324
422.098388 0.058326
422.098388 0.058558
422.098388 0.058267
422.098388 0.058370
422.098388 0.058539
422.098388 0.058340
417.600923 0.058748
417.600923 0.058675
417.600923 0.058803
417.600923 0.058689
417.600923 0.058801
417.600923 0.058560
417.600923 0.058529
417.600923 0.058566
417.600923 0.058681
417.600923 0.058642
417.600923 0.058866
417.600923 0.058715
417.600923 0.058705
417.600923 0.058809
417.600923 0.058646
417.600923 0.059039
417.600923 0.059180
417.600923 0.059028
417.600923 0.059347
417.600923 0.059204
417.600923 0.059028
417.600923 0.058957
417.600923 0.059002
417.600923 0.059100
417.600923 0.059238
417.600923 0.059088
417.600923 0.059288
417.600923 0.059019
417.600923 0.059219
417.600923 0.058995
417.600923 0.058579
417.600923 0.058396
417.600923 0.058578
417.600923 0.058493
417.600923 0.058529
417.600923 0.058568
417.600923 0.058857
417.600923 0.058435
417.600923 0.058581
417.600923 0.058609
417.600923 0.058430
417.600923 0.058675
417.600923 0.058411
417.600923 0.058579
417.600923 0.058512
423.510023 0.058714
423.510023 0.058634
423.510023 0.058637
423.510023 0.058393
423.510023 0.058598
423.510023 0.058479
423.510023 0.058743
423.510023 0.058561
423.510023 0.058626
423.510023 0.058507
423.510023 0.058466
423.510023 0.058663
423.510023 0.058536
423.510023 0.058658
423.510023 0.058480
423.510023 0.058519
423.510023 0.058523
423.510023 0.058681
423.510023 0.058508
423.510023 0.058404
423.510023 0.058652
423.510023 0.058520
423.510023 0.058795
423.510023 0.058527
423.510023 0.058659
423.510023 0.058831
423.510023 0.058497
423.510023 0.058458
423.510023 0.058454
423.510023 0.058737
422.098388 0.058946
422.098388 0.058799
422.098388 0.059203
422.098388 0.059086
422.098388 0.059072
422.098388 0.058822
422.098388 0.059164
422.098388 0.059279
422.098388 0.059080
422.098388 0.058983
422.098388 0.059046
422.098388 0.059045
422.098388 0.058818
422.098388 0.059179
422.098388 0.059113
423.510023 0.059941
423.510023 0.059641
423.510023 0.059706
423.510023 0.059874
423.510023 0.058684
423.510023 0.058581
423.510023 0.058440
423.510023 0.058453
423.510023 0.058325
423.510023 0.058498
423.510023 0.058577
423.510023 0.058387
423.510023 0.058554
423.510023 0.058354
423.510023 0.058552
422.098388 0.058355
422.098388 0.058439
422.098388 0.058231
422.098388 0.058206
422.098388 0.058130
422.098388 0.058227
422.098388 0.058319
422.098388 0.058248
422.098388 0.058145
422.098388 0.058425
422.098388 0.058427
422.098388 0.058154
422.098388 0.058277
422.098388 0.058223
422.098388 0.058367
422.098388 0.058527
422.098388 0.058374
422.098388 0.058357
422.098388 0.058340
422.098388 0.058346
422.098388 0.058327
422.098388 0.058419
422.098388 0.058542
422.098388 0.058553
422.098388 0.058401
422.098388 0.058282
422.098388 0.058365
422.098388 0.058457
422.098388 0.058415
434.617239 0.058257
434.617239 0.058232
434.617239 0.058164
434.617239 0.058294
434.617239 0.058557
434.617239 0.058379
434.617239 0.058165
434.617239 0.058319
434.617239 0.058342
434.617239 0.058639
434.617239 0.058321
434.617239 0.058141
434.617239 0.058296
434.617239 0.058421
434.617239 0.058458
434.617239 0.058177
422.098388 0.058426
422.098388 0.058302
422.098388 0.058778
422.098388 0.058413
422.098388 0.058334
422.098388 0.058526
422.098388 0.058665
422.098388 0.058412
422.098388 0.058767
422.098388 0.058491
422.098388 0.058364
422.098388 0.058311
422.098388 0.058567
422.098388 0.058530
422.098388 0.058310
422.098388 0.058550
422.098388 0.058512
422.098388 0.058563
422.098388 0.058581
422.098388 0.058265
422.098388 0.058385
422.098388 0.058487
422.098388 0.058414
422.098388 0.058450
422.098388 0.058579
422.098388 0.058538
422.098388 0.058327
422.098388 0.058342
422.098388 0.058451
422.098388 0.058492
417.600923 0.058633
417.600923 0.058599
417.600923 0.058681
417.600923 0.058802
417.600923 0.058704
417.600923 0.058868
417.600923 0.058721
417.600923 0.058828
417.600923 0.058912
417.600923 0.058886
417.600923 0.058701
417.600923 0.058641
417.600923 0.058842
417.600923 0.058542
422.098388 0.058325
422.098388 0.058529
422.098388 0.058548
422.098388 0.058341
422.098388 0.058442
422.098388 0.058459
422.098388 0.058406
422.098388 0.058401
422.098388 0.058417
422.098388 0.058879
422.098388 0.058449
422.098388 0.058389
422.098388 0.058517
422.098388 0.058527
422.098388 0.058414
422.098388 0.059168
422.098388 0.059699
422.098388 0.059640
422.098388 0.059931
422.098388 0.059448
422.098388 0.058447
422.098388 0.058338
422.098388 0.058637
422.098388 0.058451
422.098388 0.058568
422.098388 0.058593
422.098388 0.058433
422.098388 0.058555
422.098388 0.058330
422.098388 0.058429
417.600923 0.058406
417.600923 0.058444
417.600923 0.058308
417.600923 0.058604
417.600923 0.058730
417.600923 0.058558
417.600923 0.058307
417.600923 0.058427
417.600923 0.058589
417.600923 0.058475
417.600923 0.058423
417.600923 0.058333
417.600923 0.058568
417.600923 0.058537
417.600923 0.058231
417.600923 0.058644
417.600923 0.058620
417.600923 0.058377
417.600923 0.058573
417.600923 0.058711
417.600923 0.058429
417.600923 0.058552
417.600923 0.058765
417.600923 0.058552
417.600923 0.058717
417.600923 0.058539
417.600923 0.058601
417.600923 0.058535
417.600923 0.058472
417.600923 0.058523
425.810137 0.058579
425.810137 0.058568
425.810137 0.058638
425.810137 0.058518
425.810137 0.058309
425.810137 0.058572
425.810137 0.058622
425.810137 0.058365
425.810137 0.058347
425.810137 0.058568
425.810137 0.058653
425.810137 0.058259
425.810137 0.058321
425.810137 0.058277
425.810137 0.058329
425.510187 0.058530
425.510187 0.058841
425.510187 0.058901
425.510187 0.058604
425.510187 0.058417
425.510187 0.058657
425.510187 0.058349
425.510187 0.058603
425.510187 0.058710
425.510187 0.058641
425.510187 0.058582
425.510187 0.058691
425.510187 0.058557
425.510187 0.058711
425.510187 0.058532
422.098388 0.058696
422.098388 0.058446
422.098388 0.058531
422.098388 0.058468
422.098388 0.058664
422.098388 0.058513
422.098388 0.058619
422.098388 0.058712
422.098388 0.058501
422.098388 0.058628
422.098388 0.058377
422.098388 0.058396
422.098388 0.058689
422.098388 0.058410
422.098388 0.058523
422.098388 0.058498
422.098388 0.058488
422.098388 0.058529
422.098388 0.058382
422.098388 0.058418
422.098388 0.058327
422.098388 0.058457
422.098388 0.058361
422.098388 0.058548
422.098388 0.058357
422.098388 0.058451
422.098388 0.058563
422.098388 0.058369
422.098388 0.058553
422.098388 0.058488
423.510023 0.058632
423.510023 0.058771
423.510023 0.058526
423.510023 0.058576
423.510023 0.058546
423.510023 0.058490
423.510023 0.058484
423.510023 0.058842
423.510023 0.058542
423.510023 0.058724
423.510023 0.058422
423.510023 0.058425
423.510023 0.058528
423.510023 0.058673
423.510023 0.058707
422.098388 0.058308
422.098388 0.058549
422.098388 0.058326
422.098388 0.058299
422.098388 0.058441
422.098388 0.058616
422.098388 0.058453
422.098388 0.058447
422.098388 0.058396
422.098388 0.058305
422.098388 0.058472
422.098388 0.058375
422.098388 0.058614
422.098388 0.058555
422.098388 0.058388
422.098388 0.058709
422.098388 0.058905
422.098388 0.058565
422.098388 0.058486
422.098388 0.058353
422.098388 0.058464
422.098388 0.058524
422.098388 0.058459
422.098388 0.058433
422.098388 0.058430
422.098388 0.058422
422.098388 0.058541
422.098388 0.058951
422.098388 0.058512
425.510187 0.058240
425.510187 0.058415
425.510187 0.058421
425.510187 0.058319
425.510187 0.058309
425.510187 0.058300
425.510187 0.058333
425.510187 0.058456
425.510187 0.058335
425.510187 0.058404
425.510187 0.058435
425.510187 0.058325
425.510187 0.058442
425.510187 0.058675
425.510187 0.058575
422.098388 0.058454
422.098388 0.058466
422.098388 0.058189
422.098388 0.058664
422.098388 0.058646
422.098388 0.058526
422.098388 0.058426
422.098388 0.058495
422.098388 0.058400
422.098388 0.058501
422.098388 0.058285
422.098388 0.058631
422.098388 0.058399
422.098388 0.058485
422.098388 0.058232
434.617239 0.058200
434.617239 0.058309
434.617239 0.058470
434.617239 0.058317
434.617239 0.058150
434.617239 0.058310
434.617239 0.058152
434.617239 0.058114
434.617239 0.058253
434.617239 0.058287
434.617239 0.058189
434.617239 0.058227
434.617239 0.058506
434.617239 0.058437
434.617239 0.058227
434.617239 0.058461
422.098388 0.058291
422.098388 0.058308
422.098388 0.058870
422.098388 0.058344
422.098388 0.058250
422.098388 0.058476
422.098388 0.058270
422.098388 0.058666
422.098388 0.058529
422.098388 0.058324
422.098388 0.058614
422.098388 0.058549
422.098388 0.058341
422.098388 0.058435
423.510023 0.058752
423.510023 0.058589
423.510023 0.058404
423.510023 0.058494
423.510023 0.058397
423.510023 0.058312
423.510023 0.058434
423.510023 0.058458
423.510023 0.058379
423.510023 0.058386
423.510023 0.058275
423.510023 0.058596
423.510023 0.058570
423.510023 0.058494
423.510023 0.058363
422.098388 0.058552
422.098388 0.058727
422.098388 0.058638
422.098388 0.058913
422.098388 0.058756
422.098388 0.058684
422.098388 0.058960
422.098388 0.058550
422.098388 0.058861
422.098388 0.058490
422.098388 0.058794
422.098388 0.058828
422.098388 0.058784
422.098388 0.058645
422.098388 0.058616
452.938500 0.058443
452.938500 0.058506
452.938500 0.058448
452.938500 0.058379
452.938500 0.058281
452.938500 0.058536
452.938500 0.058562
452.938500 0.058338
452.938500 0.058320
452.938500 0.058465
452.938500 0.058462
452.938500 0.058331
452.938500 0.058434
452.938500 0.058342
452.938500 0.058302
423.510023 0.058237
423.510023 0.058482
423.510023 0.058186
423.510023 0.058154
423.510023 0.058449
423.510023 0.058405
423.510023 0.058117
423.510023 0.058277
423.510023 0.058338
423.510023 0.058321
423.510023 0.058604
423.510023 0.058549
423.510023 0.058308
423.510023 0.058166
423.510023 0.058157
417.600923 0.058425
417.600923 0.058465
417.600923 0.058486
417.600923 0.058556
417.600923 0.058616
417.600923 0.058443
417.600923 0.058664
417.600923 0.058554
417.600923 0.058640
417.600923 0.058258
417.600923 0.058610
417.600923 0.058468
417.600923 0.058727
417.600923 0.058634
417.600923 0.058600
417.600923 0.058586
417.600923 0.058260
417.600923 0.058291
417.600923 0.058320
417.600923 0.058321
417.600923 0.058284
417.600923 0.058315
417.600923 0.058306
417.600923 0.058593
417.600923 0.058391
417.600923 0.058325
417.600923 0.058290
417.600923 0.058275
417.600923 0.058408
417.600923 0.058483
422.098388 0.058460
422.098388 0.058610
422.098388 0.058603
422.098388 0.058381
422.098388 0.058490
422.098388 0.058559
422.098388 0.058501
422.098388 0.058337
422.098388 0.058468
422.098388 0.058559
422.098388 0.058607
422.098388 0.058387
422.098388 0.058298
422.098388 0.058473
422.098388 0.058406
425.810137 0.058491
425.810137 0.058530
425.810137 0.058543
425.810137 0.058562
425.810137 0.058593
425.810137 0.058650
425.810137 0.058482
425.810137 0.058758
425.810137 0.058602
425.810137 0.058620
425.810137 0.058668
425.810137 0.058468
425.810137 0.058843
425.810137 0.058663
425.810137 0.058794
423.510023 0.058876
423.510023 0.058831
423.510023 0.059157
423.510023 0.059149
423.510023 0.059055
423.510023 0.058779
423.510023 0.059136
423.510023 0.058809
423.510023 0.059266
423.510023 0.058887
423.510023 0.058929
423.510023 0.059160
423.510023 0.059118
423.510023 0.058816
423.510023 0.059286
423.510023 0.058599
423.510023 0.058482
423.510023 0.058384
423.510023 0.058373
423.510023 0.058545
423.510023 0.058523
423.510023 0.058598
423.510023 0.058468
423.510023 0.058540
423.510023 0.058471
423.510023 0.058653
423.510023 0.058570
423.510023 0.058580
423.510023 0.058486
423.510023 0.058632
417.600923 0.059557
417.600923 0.059829
417.600923 0.059732
417.600923 0.059615
417.600923 0.058827
417.600923 0.058470
417.600923 0.058588
417.600923 0.058584
417.600923 0.058421
417.600923 0.058627
417.600923 0.058460
417.600923 0.058508
417.600923 0.058525
417.600923 0.058712
417.600923 0.058309
422.098388 0.059306
422.098388 0.059268
422.098388 0.059545
422.098388 0.059149
422.098388 0.059322
422.098388 0.059083
422.098388 0.059170
422.098388 0.059116
422.098388 0.059061
422.098388 0.059001
422.098388 0.059144
422.098388 0.059160
422.098388 0.059187
422.098388 0.059040
422.098388 0.059036
423.510023 0.058610
423.510023 0.058758
423.510023 0.058462
423.510023 0.058501
423.510023 0.058422
423.510023 0.058429
423.510023 0.058652
423.510023 0.058534
423.510023 0.058392
423.510023 0.058507
423.510023 0.058419
423.510023 0.058515
423.510023 0.058500
423.510023 0.058340
423.510023 0.058549
421.894793 0.058538
421.894793 0.058620
421.894793 0.058424
421.894793 0.058517
421.894793 0.058710
421.894793 0.058446
421.894793 0.058449
421.894793 0.058786
421.894793 0.058501
421.894793 0.058750
421.894793 0.058448
421.894793 0.058766
421.894793 0.058894
421.894793 0.058667
421.894793 0.058671
417.600923 0.058975
417.600923 0.058808
417.600923 0.058899
417.600923 0.058544
417.600923 0.059044
417.600923 0.058685
417.600923 0.058836
417.600923 0.058575
417.600923 0.058626
417.600923 0.058516
417.600923 0.058802
417.600923 0.058583
417.600923 0.058639
417.600923 0.058761
422.098388 0.058678
422.098388 0.058314
422.098388 0.058505
422.098388 0.058400
422.098388 0.058581
422.098388 0.058648
422.098388 0.058500
422.098388 0.058492
422.098388 0.058407
422.098388 0.058707
422.098388 0.058894
422.098388 0.058707
422.098388 0.058702
422.098388 0.058792
422.098388 0.058536
422.098388 0.058716
422.098388 0.058387
422.098388 0.058644
422.098388 0.058374
422.098388 0.058608
422.098388 0.058528
422.098388 0.058346
422.098388 0.058501
422.098388 0.058418
422.098388 0.058597
422.098388 0.058465
422.098388 0.058594
422.098388 0.058393
422.098388 0.058707
422.098388 0.058412
422.098388 0.059374
422.098388 0.058950
422.098388 0.058744
422.098388 0.058854
422.098388 0.058770
422.098388 0.059037
422.098388 0.059184
422.098388 0.058916
422.098388 0.058762
422.098388 0.058919
422.098388 0.058741
422.098388 0.058687
422.098388 0.058876
422.098388 0.058914
422.098388 0.058658
417.600923 0.058465
417.600923 0.058728
417.600923 0.058691
417.600923 0.058625
417.600923 0.058657
417.600923 0.058574
417.600923 0.058527
417.600923 0.058523
417.600923 0.058464
417.600923 0.058579
417.600923 0.058725
417.600923 0.058440
417.600923 0.058410
417.600923 0.058443
417.600923 0.058812
417.600923 0.058639
417.600923 0.058665
417.600923 0.058475
417.600923 0.058554
417.600923 0.058840
417.600923 0.058524
417.600923 0.058628
417.600923 0.058546
417.600923 0.058611
417.600923 0.058598
417.600923 0.058531
417.600923 0.058641
417.600923 0.058639
417.600923 0.058413
417.600923 0.058861
417.600923 0.058572
417.600923 0.058616
417.600923 0.058661
417.600923 0.058380
417.600923 0.058875
417.600923 0.058524
417.600923 0.058497
417.600923 0.058651
417.600923 0.058522
417.600923 0.058522
417.600923 0.058358
417.600923 0.058532
417.600923 0.058470
417.600923 0.058478
417.600923 0.058635
423.510023 0.058587
423.510023 0.058521
423.510023 0.058675
423.510023 0.053918
423.510023 0.058498
423.510023 0.058945
423.510023 0.058436
423.510023 0.058601
423.510023 0.058495
423.510023 0.058490
423.510023 0.058694
423.510023 0.059582
423.510023 0.058358
423.510023 0.058645
423.510023 0.058541
433.575722 0.058692
433.575722 0.058414
433.575722 0.058550
433.575722 0.058389
433.575722 0.042071
433.575722 0.058998
433.575722 0.058674
433.575722 0.058423
433.575722 0.058538
433.575722 0.058406
433.575722 0.058556
433.575722 0.058408
433.575722 0.058488
433.575722 0.058513
433.575722 0.058552
423.510023 0.058395
423.510023 0.058388
423.510023 0.058600
423.510023 0.058560
423.510023 0.058671
423.510023 0.058481
423.510023 0.058473
423.510023 0.058466
423.510023 0.058557
423.510023 0.058623
423.510023 0.058774
423.510023 0.058421
423.510023 0.058549
423.510023 0.058711
423.510023 0.058496
422.098388 0.058277
422.098388 0.058102
422.098388 0.058419
422.098388 0.058307
422.098388 0.058369
422.098388 0.058322
422.098388 0.058320
422.098388 0.058202
422.098388 0.058465
422.098388 0.058289
422.098388 0.058391
422.098388 0.058175
422.098388 0.058351
422.098388 0.058426
422.098388 0.058145
423.510023 0.058233
423.510023 0.058448
423.510023 0.058253
423.510023 0.058324
423.510023 0.058470
423.510023 0.058576
423.510023 0.058526
423.510023 0.058338
423.510023 0.058794
423.510023 0.058383
423.510023 0.058408
423.510023 0.058601
423.510023 0.058430
423.510023 0.058340
423.510023 0.058350
422.098388 0.058275
422.098388 0.058461
422.098388 0.058236
422.098388 0.058189
422.098388 0.058468
422.098388 0.058461
422.098388 0.058259
422.098388 0.058498
422.098388 0.058398
422.098388 0.058354
422.098388 0.058236
422.098388 0.058389
422.098388 0.058282
422.098388 0.058363
422.098388 0.058244
422.098388 0.058570
422.098388 0.058433
422.098388 0.058711
422.098388 0.058496
422.098388 0.058649
422.098388 0.058666
422.098388 0.058542
422.098388 0.058520
422.098388 0.058510
422.098388 0.058589
422.098388 0.058693
422.098388 0.058418
422.098388 0.058818
422.098388 0.058661
422.098388 0.058619
422.098388 0.058597
422.098388 0.058315
422.098388 0.058302
422.098388 0.058313
422.098388 0.058532
422.098388 0.058484
422.098388 0.058445
422.098388 0.058373
422.098388 0.058438
422.098388 0.058364
422.098388 0.058444
422.098388 0.058675
422.098388 0.058663
422.098388 0.058455
422.098388 0.058484
422.098388 0.058576
422.098388 0.058374
422.098388 0.058387
422.098388 0.058265
422.098388 0.058599
422.098388 0.058473
422.098388 0.058376
422.098388 0.058527
422.098388 0.058618
422.098388 0.058568
422.098388 0.058421
422.098388 0.058382
422.098388 0.058438
422.098388 0.058375
422.098388 0.058511
422.098388 0.058481
422.098388 0.058650
422.098388 0.058558
422.098388 0.058303
422.098388 0.058387
422.098388 0.058513
422.098388 0.058505
422.098388 0.058611
422.098388 0.058683
422.098388 0.058630
422.098388 0.058485
422.098388 0.058524
422.098388 0.058708
422.098388 0.058504
422.098388 0.058428
423.510023 0.058317
423.510023 0.058439
423.510023 0.058261
423.510023 0.058442
423.510023 0.058491
423.510023 0.058537
423.510023 0.058362
423.510023 0.058410
423.510023 0.058276
423.510023 0.058538
423.510023 0.058291
423.510023 0.058475
423.510023 0.058274
423.510023 0.058327
423.510023 0.058585
417.600923 0.058456
417.600923 0.058329
417.600923 0.058498
417.600923 0.058553
417.600923 0.058559
417.600923 0.058497
417.600923 0.058421
417.600923 0.058536
417.600923 0.058443
417.600923 0.058611
417.600923 0.058572
417.600923 0.058625
417.600923 0.058472
417.600923 0.058478
417.600923 0.058620
434.617239 0.058487
434.617239 0.058397
434.617239 0.058340
434.617239 0.058547
434.617239 0.058551
434.617239 0.058624
434.617239 0.058386
434.617239 0.058561
434.617239 0.058554
434.617239 0.058449
434.617239 0.058476
434.617239 0.058414
434.617239 0.058276
434.617239 0.058503
434.617239 0.058422
417.600923 0.058758
417.600923 0.058698
417.600923 0.058473
417.600923 0.058519
417.600923 0.058423
417.600923 0.058846
417.600923 0.058484
417.600923 0.058569
417.600923 0.058505
417.600923 0.058483
417.600923 0.058573
417.600923 0.058526
417.600923 0.058521
417.600923 0.058718
417.600923 0.058654
422.098388 0.058325
422.098388 0.058377
422.098388 0.058532
422.098388 0.058706
422.098388 0.058474
422.098388 0.058283
422.098388 0.058211
422.098388 0.058225
422.098388 0.058479
422.098388 0.058346
422.098388 0.058363
422.098388 0.058377
422.098388 0.058436
422.098388 0.058226
422.098388 0.058272
423.510023 0.058520
423.510023 0.058513
423.510023 0.058419
423.510023 0.058666
423.510023 0.058483
423.510023 0.058759
423.510023 0.058455
423.510023 0.058783
423.510023 0.058533
423.510023 0.058534
423.510023 0.058626
423.510023 0.058585
423.510023 0.058556
423.510023 0.058492
423.510023 0.058489
422.098388 0.058349
422.098388 0.058211
422.098388 0.058225
422.098388 0.058237
422.098388 0.058446
422.098388 0.058370
422.098388 0.058066
422.098388 0.058431
422.098388 0.058247
422.098388 0.058224
422.098388 0.058249
422.098388 0.058247
422.098388 0.058338
422.098388 0.058531
422.098388 0.058392
422.098388 0.058123
422.098388 0.058320
422.098388 0.058285
422.098388 0.058242
422.098388 0.058253
422.098388 0.058162
422.098388 0.058635
422.098388 0.058243
422.098388 0.058255
422.098388 0.058129
422.098388 0.058373
422.098388 0.058178
422.098388 0.058191
422.098388 0.058507
422.098388 0.058311
422.098388 0.058485
422.098388 0.058254
422.098388 0.058183
422.098388 0.058341
422.098388 0.058432
422.098388 0.058232
422.098388 0.058478
422.098388 0.058296
422.098388 0.058231
422.098388 0.058178
422.098388 0.058297
422.098388 0.058269
422.098388 0.058251
422.098388 0.058524
422.098388 0.058672
422.098388 0.058408
422.098388 0.058510
422.098388 0.058519
422.098388 0.058568
422.098388 0.058659
422.098388 0.058467
422.098388 0.058480
422.098388 0.058488
422.098388 0.058518
422.098388 0.058492
422.098388 0.058415
422.098388 0.058420
422.098388 0.058528
422.098388 0.058462
417.600923 0.058510
417.600923 0.058393
417.600923 0.058542
417.600923 0.058517
417.600923 0.058667
417.600923 0.058521
417.600923 0.058443
417.600923 0.058504
417.600923 0.058650
417.600923 0.058464
417.600923 0.058507
417.600923 0.058336
417.600923 0.058603
417.600923 0.058410
417.600923 0.058644
437.869593 0.058786
437.869593 0.058594
437.869593 0.058637
437.869593 0.058790
437.869593 0.058576
437.869593 0.058605
437.869593 0.058538
437.869593 0.058515
437.869593 0.058695
437.869593 0.058489
437.869593 0.058536
437.869593 0.058496
437.869593 0.058494
437.869593 0.058539
437.869593 0.058595
423.510023 0.058582
423.510023 0.058561
423.510023 0.058377
423.510023 0.058585
423.510023 0.058523
423.510023 0.058552
423.510023 0.058356
423.510023 0.058536
423.510023 0.058518
423.510023 0.058419
423.510023 0.058395
423.510023 0.058353
423.510023 0.058573
423.510023 0.058588
423.510023 0.058392
433.575722 0.058574
433.575722 0.058524
433.575722 0.058571
433.575722 0.060371
433.575722 0.058306
433.575722 0.058494
433.575722 0.058560
433.575722 0.058497
433.575722 0.058355
433.575722 0.058303
433.575722 0.058536
433.575722 0.058365
433.575722 0.058357
433.575722 0.058556
433.575722 0.058290
422.098388 0.058770
422.098388 0.058424
422.098388 0.058488
422.098388 0.058569
422.098388 0.058493
422.098388 0.058572
422.098388 0.058725
422.098388 0.058296
422.098388 0.058306
422.098388 0.058264
422.098388 0.058389
422.098388 0.058512
422.098388 0.058416
422.098388 0.058710
422.098388 0.058380
425.810137 0.058469
425.810137 0.058203
425.810137 0.058317
425.810137 0.058499
425.810137 0.058351
425.810137 0.058313
425.810137 0.058650
425.810137 0.058539
425.810137 0.058562
425.810137 0.058446
425.810137 0.058479
425.810137 0.058862
425.810137 0.058338
425.810137 0.058487
425.810137 0.058492
417.600923 0.058618
417.600923 0.058577
417.600923 0.058355
417.600923 0.058446
417.600923 0.058660
417.600923 0.058799
417.600923 0.058745
417.600923 0.058710
417.600923 0.058703
417.600923 0.058512
417.600923 0.058553
417.600923 0.058432
417.600923 0.058734
417.600923 0.058640
417.600923 0.058553
422.098388 0.058368
422.098388 0.058710
422.098388 0.058743
422.098388 0.058678
422.098388 0.058343
422.098388 0.058842
422.098388 0.058688
422.098388 0.058456
422.098388 0.058468
422.098388 0.058585
422.098388 0.058584
422.098388 0.058842
422.098388 0.058482
422.098388 0.058458
422.098388 0.058523
427.717013 0.058413
427.717013 0.058478
427.717013 0.058630
427.717013 0.058461
427.717013 0.058890
427.717013 0.058683
427.717013 0.058795
427.717013 0.058556
427.717013 0.058834
427.717013 0.058431
427.717013 0.058475
427.717013 0.058517
427.717013 0.058552
427.717013 0.058454
427.717013 0.058642
423.510023 0.058103
423.510023 0.058229
423.510023 0.058264
423.510023 0.058259
423.510023 0.058272
423.510023 0.058174
423.510023 0.058137
423.510023 0.058288
423.510023 0.058434
423.510023 0.058215
423.510023 0.061271
423.510023 0.058219
423.510023 0.058138
423.510023 0.058223
423.510023 0.058355
417.600923 0.058610
417.600923 0.058656
417.600923 0.058693
417.600923 0.058620
417.600923 0.058564
417.600923 0.058357
417.600923 0.058348
417.600923 0.058469
417.600923 0.058325
417.600923 0.058968
417.600923 0.058683
417.600923 0.058593
417.600923 0.058534
417.600923 0.058516
417.600923 0.058397
422.098388 0.058769
422.098388 0.058865
422.098388 0.058735
422.098388 0.058933
422.098388 0.058408
422.098388 0.058594
422.098388 0.058758
422.098388 0.058682
422.098388 0.058665
422.098388 0.058609
422.098388 0.058550
422.098388 0.058794
422.098388 0.058484
422.098388 0.058485
422.098388 0.058704
422.098388 0.058554
422.098388 0.058543
422.098388 0.058599
422.098388 0.059095
422.098388 0.058616
422.098388 0.058671
422.098388 0.058557
422.098388 0.058405
422.098388 0.058483
422.098388 0.058590
422.098388 0.058672
422.098388 0.058621
422.098388 0.058555
422.098388 0.058428
422.098388 0.058413
422.098388 0.058370
422.098388 0.058322
422.098388 0.058259
422.098388 0.060237
422.098388 0.058494
422.098388 0.058653
422.098388 0.058387
422.098388 0.058526
422.098388 0.058409
422.098388 0.058527
422.098388 0.058614
422.098388 0.058330
422.098388 0.058522
422.098388 0.058574
422.098388 0.058367
434.617239 0.058605
434.617239 0.058456
434.617239 0.058284
434.617239 0.058586
434.617239 0.058368
434.617239 0.058339
434.617239 0.058401
434.617239 0.058135
434.617239 0.058287
434.617239 0.058343
434.617239 0.058165
434.617239 0.058445
434.617239 0.058222
434.617239 0.058491
434.617239 0.058199
417.600923 0.058309
417.600923 0.058520
417.600923 0.058443
417.600923 0.058886
417.600923 0.058561
417.600923 0.058429
417.600923 0.058603
417.600923 0.058589
417.600923 0.058525
417.600923 0.058479
417.600923 0.058673
417.600923 0.058554
417.600923 0.058259
417.600923 0.058413
417.600923 0.058574
422.098388 0.058509
422.098388 0.058538
422.098388 0.058256
422.098388 0.058370
422.098388 0.058517
422.098388 0.058639
422.098388 0.058475
422.098388 0.058467
422.098388 0.058272
422.098388 0.058516
422.098388 0.058391
422.098388 0.058410
422.098388 0.058356
422.098388 0.058414
422.098388 0.058676
430.494639 0.058784
430.494639 0.058701
430.494639 0.058592
430.494639 0.058470
430.494639 0.058623
430.494639 0.058628
430.494639 0.058529
430.494639 0.058747
430.494639 0.058615
430.494639 0.058430
430.494639 0.058579
430.494639 0.058482
430.494639 0.058480
430.494639 0.058552
417.600923 0.058622
417.600923 0.058829
417.600923 0.058607
417.600923 0.058626
417.600923 0.058632
417.600923 0.058652
417.600923 0.058414
417.600923 0.058655
417.600923 0.058504
417.600923 0.058531
417.600923 0.058585
417.600923 0.058447
417.600923 0.058753
417.600923 0.058695
417.600923 0.058531
423.510023 0.058610
423.510023 0.058733
423.510023 0.058361
423.510023 0.058703
423.510023 0.058495
423.510023 0.058403
423.510023 0.058597
423.510023 0.058547
423.510023 0.058433
423.510023 0.058521
423.510023 0.058358
423.510023 0.058825
423.510023 0.058726
423.510023 0.058676
423.510023 0.058754
422.098388 0.058245
422.098388 0.058293
422.098388 0.058544
422.098388 0.058338
422.098388 0.058497
422.098388 0.058467
422.098388 0.058305
422.098388 0.058310
422.098388 0.058487
422.098388 0.058533
422.098388 0.058466
422.098388 0.058456
422.098388 0.058254
422.098388 0.058259
417.600923 0.058626
417.600923 0.058332
417.600923 0.058279
417.600923 0.058241
417.600923 0.058473
417.600923 0.058352
417.600923 0.058712
417.600923 0.058690
417.600923 0.058586
417.600923 0.058668
417.600923 0.058355
417.600923 0.058387
417.600923 0.058492
417.600923 0.058572
417.600923 0.058470
446.738693 0.058402
446.738693 0.058318
446.738693 0.058143
446.738693 0.058642
446.738693 0.058285
446.738693 0.058400
446.738693 0.058125
446.738693 0.058233
446.738693 0.058196
446.738693 0.058545
446.738693 0.058141
446.738693 0.058210
446.738693 0.058496
446.738693 0.058289
446.738693 0.058432
421.894793 0.058504
421.894793 0.058379
421.894793 0.058445
421.894793 0.058468
421.894793 0.058609
421.894793 0.058502
421.894793 0.058362
421.894793 0.058368
421.894793 0.058435
421.894793 0.058354
421.894793 0.058636
421.894793 0.058605
421.894793 0.058506
421.894793 0.058492
417.600923 0.058506
417.600923 0.058695
417.600923 0.058651
417.600923 0.058445
417.600923 0.058848
417.600923 0.058534
417.600923 0.058487
417.600923 0.058446
417.600923 0.058493
417.600923 0.058784
417.600923 0.059002
417.600923 0.058602
417.600923 0.058455
417.600923 0.058537
417.600923 0.058701
423.510023 0.058413
423.510023 0.058445
423.510023 0.058403
423.510023 0.058558
423.510023 0.058698
423.510023 0.058557
423.510023 0.058401
423.510023 0.058571
423.510023 0.058438
423.510023 0.058386
423.510023 0.058374
423.510023 0.058704
423.510023 0.058451
423.510023 0.058631
423.510023 0.058608
417.600923 0.059009
417.600923 0.058891
417.600923 0.059188
417.600923 0.058829
417.600923 0.058973
417.600923 0.058945
417.600923 0.059001
417.600923 0.059103
417.600923 0.059228
417.600923 0.059093
417.600923 0.058970
417.600923 0.059087
417.600923 0.059089
417.600923 0.058980
417.600923 0.059072
422.098388 0.058487
422.098388 0.058523
422.098388 0.059563
422.098388 0.058421
422.098388 0.058706
422.098388 0.058368
422.098388 0.058282
422.098388 0.058458
422.098388 0.058597
422.098388 0.058475
422.098388 0.058512
422.098388 0.058469
422.098388 0.058461
422.098388 0.058589
422.098388 0.058358
422.098388 0.058542
422.098388 0.058485
422.098388 0.058591
422.098388 0.058486
422.098388 0.058547
422.098388 0.058445
422.098388 0.058554
422.098388 0.058474
422.098388 0.058506
422.098388 0.058389
422.098388 0.058664
422.098388 0.058422
422.098388 0.058903
422.098388 0.058683
422.098388 0.058647
422.098388 0.058232
422.098388 0.058681
422.098388 0.058490
422.098388 0.058250
422.098388 0.058576
422.098388 0.058559
422.098388 0.058568
422.098388 0.058417
422.098388 0.058487
422.098388 0.058327
422.098388 0.058573
422.098388 0.058442
422.098388 0.058407
422.098388 0.058249
422.098388 0.058363
422.098388 0.058618
422.098388 0.058422
422.098388 0.058324
422.098388 0.058463
422.098388 0.058548
422.098388 0.058349
422.098388 0.058456
422.098388 0.058601
422.098388 0.058520
422.098388 0.058386
422.098388 0.058436
422.098388 0.058304
422.098388 0.058557
422.098388 0.058539
422.098388 0.058630
417.600923 0.058565
417.600923 0.058522
417.600923 0.058802
417.600923 0.058533
417.600923 0.058378
417.600923 0.058459
417.600923 0.058452
417.600923 0.058648
417.600923 0.058440
417.600923 0.058436
417.600923 0.058481
417.600923 0.058619
417.600923 0.058519
417.600923 0.058690
417.600923 0.058643
417.600923 0.058666
417.600923 0.058473
417.600923 0.058504
417.600923 0.058747
417.600923 0.058615
417.600923 0.060070
417.600923 0.058494
417.600923 0.058548
417.600923 0.058604
417.600923 0.058589
417.600923 0.058674
417.600923 0.058563
417.600923 0.058325
417.600923 0.058506
417.600923 0.058482
423.510023 0.058304
423.510023 0.058462
423.510023 0.058228
423.510023 0.058476
423.510023 0.058359
423.510023 0.058197
423.510023 0.058394
423.510023 0.058414
423.510023 0.058394
423.510023 0.058218
423.510023 0.058229
423.510023 0.058167
423.510023 0.058231
423.510023 0.058693
423.510023 0.058287
422.098388 0.058988
422.098388 0.058950
422.098388 0.058958
422.098388 0.058922
422.098388 0.059180
422.098388 0.058958
422.098388 0.058985
422.098388 0.059011
422.098388 0.058883
422.098388 0.058989
422.098388 0.059072
422.098388 0.058968
422.098388 0.058860
422.098388 0.059090
422.098388 0.059154
422.098388 0.058442
422.098388 0.058410
422.098388 0.058504
422.098388 0.058406
422.098388 0.058497
422.098388 0.058472
422.098388 0.058715
422.098388 0.058528
422.098388 0.058294
422.098388 0.058361
422.098388 0.058300
422.098388 0.058603
422.098388 0.058353
422.098388 0.058473
422.098388 0.058534
417.600923 0.058557
417.600923 0.058516
417.600923 0.058483
417.600923 0.058505
417.600923 0.058532
417.600923 0.058800
417.600923 0.058629
417.600923 0.058519
417.600923 0.058501
417.600923 0.058431
417.600923 0.058461
417.600923 0.058602
417.600923 0.058500
417.600923 0.058484
417.600923 0.058663
443.946749 0.058345
443.946749 0.058362
443.946749 0.058346
443.946749 0.058363
443.946749 0.058490
443.946749 0.058555
443.946749 0.058349
443.946749 0.058460
443.946749 0.058283
443.946749 0.058221
443.946749 0.058794
443.946749 0.058363
443.946749 0.058584
443.946749 0.058304
443.946749 0.058445
443.691813 0.059144
443.691813 0.058492
443.691813 0.058503
443.691813 0.058477
443.691813 0.058514
443.691813 0.058399
443.691813 0.058402
443.691813 0.058349
443.691813 0.058727
443.691813 0.058519
443.691813 0.058555
443.691813 0.058356
443.691813 0.058555
443.691813 0.058718
421.894793 0.058633
421.894793 0.058627
421.894793 0.058556
421.894793 0.058502
421.894793 0.058539
421.894793 0.058428
421.894793 0.058438
421.894793 0.058355
421.894793 0.058463
421.894793 0.058492
421.894793 0.058562
421.894793 0.058500
421.894793 0.058526
421.894793 0.058356
421.894793 0.058457
423.510023 0.058328
423.510023 0.058309
423.510023 0.058569
423.510023 0.058361
423.510023 0.058550
423.510023 0.058425
423.510023 0.058435
423.510023 0.058630
423.510023 0.058505
423.510023 0.058347
423.510023 0.058459
423.510023 0.058323
423.510023 0.058516
423.510023 0.058415
423.510023 0.058755
423.510023 0.058570
423.510023 0.058539
423.510023 0.058730
423.510023 0.058628
423.510023 0.058708
423.510023 0.058500
423.510023 0.058591
423.510023 0.058538
423.510023 0.058382
423.510023 0.058446
423.510023 0.058615
423.510023 0.058399
423.510023 0.058583
423.510023 0.058578
417.600923 0.058617
417.600923 0.058296
417.600923 0.058147
417.600923 0.058358
417.600923 0.058439
417.600923 0.058428
417.600923 0.058361
417.600923 0.058432
417.600923 0.058271
417.600923 0.058297
417.600923 0.058457
417.600923 0.058466
417.600923 0.058360
417.600923 0.058341
417.600923 0.058485
422.098388 0.058330
422.098388 0.058501
422.098388 0.058308
422.098388 0.058383
422.098388 0.058233
422.098388 0.058369
422.098388 0.058386
422.098388 0.058239
422.098388 0.058460
422.098388 0.058528
422.098388 0.058246
422.098388 0.058442
422.098388 0.058386
422.098388 0.058592
425.510187 0.058393
425.510187 0.058408
425.510187 0.058378
425.510187 0.058183
425.510187 0.058315
425.510187 0.058475
425.510187 0.058102
425.510187 0.058264
425.510187 0.058291
425.510187 0.058132
425.510187 0.058143
425.510187 0.058295
425.510187 0.058137
425.510187 0.058176
425.510187 0.058245
417.600923 0.058400
417.600923 0.058514
417.600923 0.058351
417.600923 0.058662
417.600923 0.058447
417.600923 0.058695
417.600923 0.058639
417.600923 0.058328
417.600923 0.058402
417.600923 0.058485
417.600923 0.058708
417.600923 0.058379
417.600923 0.058487
417.600923 0.058438
417.600923 0.058586
417.600923 0.058575
417.600923 0.058647
417.600923 0.058624
417.600923 0.058569
417.600923 0.058694
417.600923 0.058557
417.600923 0.058509
417.600923 0.058393
417.600923 0.058746
417.600923 0.058885
417.600923 0.058662
417.600923 0.058551
417.600923 0.058554
417.600923 0.058454
417.600923 0.058621
417.600923 0.058519
417.600923 0.058464
417.600923 0.058483
417.600923 0.058536
417.600923 0.058477
417.600923 0.058431
417.600923 0.058581
417.600923 0.058528
417.600923 0.058605
417.600923 0.058451
417.600923 0.058646
417.600923 0.058714
417.600923 0.058328
417.600923 0.058333
434.617239 0.058199
434.617239 0.058078
434.617239 0.058226
434.617239 0.058211
434.617239 0.058135
434.617239 0.058295
434.617239 0.058049
434.617239 0.058430
434.617239 0.058248
434.617239 0.058188
434.617239 0.058232
434.617239 0.058318
434.617239 0.058292
434.617239 0.058336
434.617239 0.058388
423.510023 0.058424
423.510023 0.058661
423.510023 0.058396
423.510023 0.058427
423.510023 0.058433
423.510023 0.058564
423.510023 0.058340
423.510023 0.058465
423.510023 0.058611
423.510023 0.058476
423.510023 0.058506
423.510023 0.058705
423.510023 0.058620
423.510023 0.058510
423.510023 0.058417
417.600923 0.058430
417.600923 0.058408
417.600923 0.058552
417.600923 0.058574
417.600923 0.058947
417.600923 0.058510
417.600923 0.058419
417.600923 0.058561
417.600923 0.058346
417.600923 0.058433
417.600923 0.058671
417.600923 0.058647
417.600923 0.058454
417.600923 0.058688
430.494639 0.058600
430.494639 0.058388
430.494639 0.058462
430.494639 0.058518
430.494639 0.058464
430.494639 0.058735
430.494639 0.058620
430.494639 0.058403
430.494639 0.058306
430.494639 0.058264
430.494639 0.058381
430.494639 0.058267
430.494639 0.058449
430.494639 0.058353
430.494639 0.058490
422.098388 0.059457
422.098388 0.059897
422.098388 0.059610
422.098388 0.059340
422.098388 0.059385
422.098388 0.059345
422.098388 0.059705
422.098388 0.059550
422.098388 0.059501
422.098388 0.059537
422.098388 0.059707
422.098388 0.059502
422.098388 0.059584
422.098388 0.059719
422.098388 0.059804
422.098388 0.058340
422.098388 0.058308
422.098388 0.058579
422.098388 0.058438
422.098388 0.058432
422.098388 0.058153
422.098388 0.059153
422.098388 0.058399
422.098388 0.058267
422.098388 0.058400
422.098388 0.058328
422.098388 0.058287
422.098388 0.058437
422.098388 0.058422
417.600923 0.058800
417.600923 0.058434
417.600923 0.058590
417.600923 0.058522
417.600923 0.058490
417.600923 0.058675
417.600923 0.058466
417.600923 0.058702
417.600923 0.058556
417.600923 0.058555
417.600923 0.058594
417.600923 0.058542
417.600923 0.058428
417.600923 0.058727
417.600923 0.058537
417.600923 0.058484
417.600923 0.058634
417.600923 0.058583
417.600923 0.058457
417.600923 0.058662
417.600923 0.058691
417.600923 0.058506
417.600923 0.058484
417.600923 0.058694
417.600923 0.058509
417.600923 0.058466
417.600923 0.058608
417.600923 0.058555
417.600923 0.058418
417.600923 0.058508
417.600923 0.058303
417.600923 0.058400
417.600923 0.058462
417.600923 0.058683
417.600923 0.058435
417.600923 0.058620
417.600923 0.058632
417.600923 0.058399
417.600923 0.058425
417.600923 0.058502
417.600923 0.058301
417.600923 0.058507
417.600923 0.058388
417.600923 0.058361
417.600923 0.058449
417.600923 0.058476
417.600923 0.058444
417.600923 0.058484
417.600923 0.058332
417.600923 0.058562
417.600923 0.058355
417.600923 0.058273
417.600923 0.058487
417.600923 0.058428
417.600923 0.058292
417.600923 0.058474
417.600923 0.058441
417.600923 0.058435
417.600923 0.058436
417.600923 0.058562
422.098388 0.058362
422.098388 0.058113
422.098388 0.058377
422.098388 0.058146
422.098388 0.058226
422.098388 0.058152
422.098388 0.058457
422.098388 0.058345
422.098388 0.058278
422.098388 0.058358
422.098388 0.058379
422.098388 0.058241
422.098388 0.058234
422.098388 0.058294
422.098388 0.058197
422.098388 0.058794
422.098388 0.058382
422.098388 0.058583
422.098388 0.058657
422.098388 0.058526
422.098388 0.058691
422.098388 0.058500
422.098388 0.058558
422.098388 0.058783
422.098388 0.053968
422.098388 0.058627
422.098388 0.058669
422.098388 0.058663
422.098388 0.058534
422.098388 0.058631
423.510023 0.058396
423.510023 0.058268
423.510023 0.058416
423.510023 0.058581
423.510023 0.058357
423.510023 0.031346
423.510023 0.058757
423.510023 0.058763
423.510023 0.058433
423.510023 0.058473
423.510023 0.058607
423.510023 0.058821
423.510023 0.058686
423.510023 0.058723
423.510023 0.058626
422.098388 0.059001
422.098388 0.059846
422.098388 0.059894
422.098388 0.063898
422.098388 0.059139
422.098388 0.058875
422.098388 0.058294
422.098388 0.058452
422.098388 0.058356
422.098388 0.058322
422.098388 0.058428
422.098388 0.058266
422.098388 0.058234
422.098388 0.058338
422.098388 0.058260
422.098388 0.058498
422.098388 0.058839
422.098388 0.058516
422.098388 0.058575
422.098388 0.058518
422.098388 0.058386
422.098388 0.058481
422.098388 0.058560
422.098388 0.058593
422.098388 0.058531
422.098388 0.058608
422.098388 0.059081
422.098388 0.058465
422.098388 0.058340
422.098388 0.058693
421.894793 0.058487
421.894793 0.058313
421.894793 0.058356
421.894793 0.058299
421.894793 0.058649
421.894793 0.058479
421.894793 0.058498
421.894793 0.059146
421.894793 0.058406
421.894793 0.058848
421.894793 0.058523
421.894793 0.058534
421.894793 0.058785
421.894793 0.058733
421.894793 0.058542
421.894793 0.058724
421.894793 0.058689
421.894793 0.058499
421.894793 0.058724
421.894793 0.058476
421.894793 0.058464
421.894793 0.058468
421.894793 0.058618
421.894793 0.058657
421.894793 0.058718
421.894793 0.058536
421.894793 0.058513
421.894793 0.058489
421.894793 0.058503
422.098388 0.058223
422.098388 0.058234
422.098388 0.058529
422.098388 0.058220
422.098388 0.058228
422.098388 0.058342
422.098388 0.058136
422.098388 0.058167
422.098388 0.058377
422.098388 0.058303
422.098388 0.058584
422.098388 0.058172
422.098388 0.058410
422.098388 0.058327
422.098388 0.058271
456.896174 0.058504
456.896174 0.058549
456.896174 0.058650
456.896174 0.058708
456.896174 0.058404
456.896174 0.058389
456.896174 0.058691
456.896174 0.058740
456.896174 0.058686
456.896174 0.058423
