1.010000
1.020100
1.030301
1.040604
1.051010
1.061520
1.072135
1.082857
1.093685
1.104622
1.115668
1.126825
1.138093
1.149474
1.160969
1.172579
1.184304
1.196147
1.208109
1.220190
1.232392
1.244716
1.257163
1.269735
1.282432
1.295256
1.308209
1.321291
1.334504
1.347849
1.361327
1.374941
1.388690
1.402577
1.416603
1.430769
1.445076
1.459527
1.474123
1.488864
1.503752
1.518790
1.533978
1.549318
1.564811
1.580459
1.596263
1.612226
1.628348
1.644632
1.661078
1.677689
1.694466
1.711410
1.728525
1.745810
1.763268
1.780901
1.798710
1.816697
1.834864
1.853212
1.871744
1.890462
1.909366
1.928460
1.947745
1.967222
1.986894
2.006763
2.026831
2.047099
2.067570
2.088246
2.109128
2.130220
2.151522
2.173037
2.194768
2.216715
2.238882
2.261271
2.283884
2.306723
2.329790
2.353088
2.376619
2.400385
2.424389
2.448633
2.473119
2.497850
2.522829
2.548057
2.573538
2.599273
2.625266
2.651518
2.678033
2.704814
2.731862
2.759181
2.786772
2.814640
2.842787
2.871214
2.899927
2.928926
2.958215
2.987797
3.017675
3.047852
3.078330
3.109114
3.140205
3.171607
3.203323
3.235356
3.267710
3.300387
3.333391
3.366725
3.400392
3.434396
3.468740
3.503427
3.538461
3.573846
3.609585
3.645680
3.682137
3.718959
3.756148
3.793710
3.831647
3.869963
3.908663
3.947749
3.987227
4.027099
4.067370
4.108044
4.149124
4.190616
4.232522
4.274847
4.317595
4.360771
4.404379
4.448423
4.492907
4.537836
4.583215
4.629047
4.675337
4.722091
4.769311
4.817005
4.865175
4.913826
4.962965
5.012594
5.062720
5.113347
5.164481
5.216126
5.268287
5.320970
5.374180
5.427921
5.482201
5.537023
5.592393
5.648317
5.704800
5.761848
5.819466
5.877661
5.936438
5.995802
6.055760
6.116318
6.177481
6.239256
6.301648
6.364665
6.428311
6.492594
6.557520
6.623096
6.689326
6.756220
6.823782
6.892020
6.960940
7.030549
7.100855
7.171863
7.243582
7.316018
7.389178
7.463070
7.537701
7.613078
7.689208
7.766100
7.843761
7.922199
8.001421
8.081435
8.162250
8.243872
8.326311
8.409574
8.493670
8.578606
8.664392
8.751036
8.838547
8.926932
9.016201
9.106363
9.197427
9.289401
9.382295
9.476118
9.570880
9.666588
9.763254
9.860887
9.959496
10.059091
10.159681
10.261278
10.363891
10.467530
10.572205
10.677927
10.784707
10.892554
11.001479
11.111494
11.222609
11.334835
11.448183
11.562665
11.678292
11.795075
11.913026
12.032156
12.152477
12.274002
12.396742
12.520710
12.645917
12.772376
12.900100
13.029101
13.159392
13.290985
13.423895
13.558134
13.693716
13.830653
13.968959
14.108649
14.249735
14.392233
14.536155
14.681517
14.828332
14.976615
15.126381
15.277645
15.430422
15.584726
15.740573
15.897979
16.056959
16.217528
16.379703
16.543500
16.708935
16.876025
17.044785
17.215233
17.387385
17.561259
17.736872
17.914240
18.093383
18.274317
18.457060
18.641630
18.828047
19.016327
19.206490
19.398555
19.592541
19.788466
19.986351
20.186214
20.388077
20.591957
20.797877
21.005856
21.215914
21.428073
21.642354
21.858778
22.077365
22.298139
22.521120
22.746332
22.973795
23.203533
23.435568
23.669924
23.906623
24.145689
24.387146
24.631018
24.877328
25.126101
25.377362
25.631136
25.887447
26.146322
26.407785
26.671863
26.938581
27.207967
27.480047
27.754847
28.032396
28.312720
28.595847
28.881805
29.170624
29.462330
29.756953
30.054523
30.355068
30.658618
30.965205
31.274857
31.587605
31.903481
32.222516
32.544741
32.870189
33.198891
33.530880
33.866188
34.204850
34.546899
34.892368
35.241291
35.593704
35.949641
36.309138
36.672229
37.038951
37.409341
37.783434
38.161269
38.542881
38.928310
39.317593
39.710769
40.107877
40.508956
40.914045
41.323186
41.736418
42.153782
42.575320
43.001073
43.431083
43.865394
44.304048
44.747089
45.194560
45.646505
46.102970
46.564000
47.029640
47.499936
47.974936
48.454685
48.939232
49.428624
49.922910
50.422140
50.926361
51.435625
51.949981
52.469481
52.994175
53.524117
54.059358
54.599952
55.145951
55.697411
56.254385
56.816929
57.385098
57.958949
58.538539
59.123924
59.715163
60.312315
60.915438
61.524593
62.139838
62.761237
63.388849
64.022738
64.662965
65.309595
65.962691
66.622318
67.288541
67.961426
68.641040
69.327451
70.020725
70.720933
71.428142
72.142423
72.863848
73.592486
74.328411
75.071695
75.822412
76.580636
77.346442
78.119907
78.901106
79.690117
80.487018
81.291888
82.104807
82.925855
83.755114
84.592665
85.438592
86.292978
87.155907
88.027466
88.907741
89.796818
90.694787
91.601735
92.517752
93.442929
94.377359
95.321132
96.274344
97.237087
98.209458
99.191552
100.183468
101.185303
102.197156
103.219127
104.251319
105.293832
106.346770
107.410238
108.484340
109.569184
110.664875
111.771524
112.889239
114.018132
115.158313
116.309896
117.472995
118.647725
119.834202
121.032544
122.242870
123.465299
124.699952
125.946951
127.206421
128.478485
129.763270
131.060902
132.371511
133.695226
135.032179
136.382500
137.746325
139.123789
140.515027
141.920177
143.339379
144.772772
146.220500
147.682705
149.159532
150.651128
152.157639
153.679215
155.216007
156.768167
158.335849
159.919208
161.518400
163.133584
164.764919
166.412569
168.076694
169.757461
171.455036
173.169586
174.901282
176.650295
178.416798
180.200966
182.002976
183.823005
185.661235
187.517848
189.393026
191.286956
193.199826
195.131824
197.083143
199.053974
201.044514
203.054959
205.085508
207.136364
209.207727
211.299804
213.412802
215.546930
217.702400
219.879424
222.078218
224.299000
226.541990
228.807410
231.095484
233.406439
235.740503
238.097908
240.478888
242.883676
245.312513
247.765638
250.243295
252.745728
255.273185
257.825917
260.404176
263.008218
265.638300
268.294683
270.977630
273.687406
276.424280
279.188523
281.980408
284.800212
287.648214
290.524696
293.429943
296.364243
299.327885
302.321164
305.344376
308.397820
311.481798
314.596616
317.742582
320.920008
324.129208
327.370500
330.644205
333.950647
337.290153
340.663055
344.069685
347.510382
350.985486
354.495341
358.040294
361.620697
365.236904
368.889273
372.578166
376.303948
380.066987
383.867657
387.706334
391.583397
395.499231
399.454223
403.448766
407.483253
411.558086
415.673667
419.830403
424.028707
428.268994
432.551684
436.877201
441.245973
445.658433
450.115017
454.616167
459.162329
463.753952
468.391492
473.075407
477.806161
482.584222
487.410065
492.284165
497.207007
502.179077
507.200868
512.272876
517.395605
522.569561
527.795257
533.073209
538.403942
543.787981
549.225861
554.718119
560.265301
565.867954
571.526633
577.241899
583.014318
588.844462
594.732906
600.680235
606.687038
612.753908
618.881447
625.070262
631.320964
637.634174
644.010516
650.450621
656.955127
663.524678
670.159925
676.861524
683.630140
690.466441
697.371105
704.344816
711.388265
718.502147
725.687169
732.944040
740.273481
747.676216
755.152978
762.704507
770.331553
778.034868
785.815217
793.673369
801.610103
809.626204
817.722466
825.899690
834.158687
842.500274
850.925277
859.434530
868.028875
876.709164
885.476255
894.331018
903.274328
912.307071
921.430142
930.644443
939.950888
949.350397
958.843901
968.432340
978.116663
987.897830
997.776808
1007.754576
1017.832122
1028.010443
1038.290548
1048.673453
1059.160188
1069.751789
1080.449307
1091.253800
1102.166338
1113.188002
1124.319882
1135.563081
1146.918711
1158.387899
1169.971778
1181.671495
1193.488210
1205.423092
1217.477323
1229.652097
1241.948618
1254.368104
1266.911785
1279.580903
1292.376712
1305.300479
1318.353483
1331.537018
1344.852389
1358.300912
1371.883922
1385.602761
1399.458788
1413.453376
1427.587910
1441.863789
1456.282427
1470.845251
1485.553704
1500.409241
1515.413333
1530.567467
1545.873141
1561.331873
1576.945191
1592.714643
1608.641790
1624.728208
1640.975490
1657.385245
1673.959097
1690.698688
1707.605675
1724.681732
1741.928549
1759.347834
1776.941313
1794.710726
1812.657833
1830.784411
1849.092256
1867.583178
1886.259010
1905.121600
1924.172816
1943.414544
1962.848690
1982.477177
2002.301948
2022.324968
2042.548217
2062.973700
2052.658831
2042.447111
2032.337509
2022.329002
2012.420581
2002.611243
1992.899999
1983.285868
1973.767878
1964.345067
1955.016485
1945.781189
1936.638245
1927.586732
1918.625733
1909.754344
1900.971669
1892.276821
1883.668921
1875.147100
1866.710498
1858.358261
1850.089547
1841.903520
1833.799354
1825.776228
1817.833335
1809.969870
1802.185040
1794.478058
1786.848146
1779.294533
1771.816456
1764.413160
1757.083897
1749.827926
1742.644515
1735.532939
1728.492478
1721.522422
1714.622066
1707.790714
1701.027675
1694.332267
1687.703813
1681.141643
1674.645095
1668.213513
1661.846246
1655.542652
1649.302094
1643.123942
1637.007571
1630.952364
1624.957708
1619.023000
1613.147638
1607.331030
1601.572589
1595.871731
1590.227882
1584.640472
1579.108936
1573.632715
1568.211256
1562.844012
1557.530441
1552.270005
1547.062173
1541.906420
1536.802224
1531.749071
1526.746448
1521.793852
1516.890782
1512.036743
1507.231244
1502.473800
1497.763931
1493.101160
1488.485017
1483.915035
1479.390753
1474.911714
1470.477465
1466.087559
1461.741552
1457.439005
1453.179484
1448.962557
1444.787800
1440.654791
1436.563111
1432.512349
1428.502094
1424.531941
1420.601490
1416.710344
1412.858109
1409.044396
1405.268821
1401.531001
1397.830560
1394.167123
1390.540320
1386.949785
1383.395156
1379.876073
1376.392181
1372.943127
1369.528564
1366.148147
1362.801534
1359.488388
1356.208372
1352.961157
1349.746414
1346.563818
1343.413049
1340.293787
1337.205717
1334.148528
1331.121912
1328.125561
1325.159174
1322.222451
1319.315095
1316.436812
1313.587313
1310.766308
1307.973513
1305.208647
1302.471429
1299.761583
1297.078836
1294.422916
1291.793555
1289.190488
1286.613452
1284.062186
1281.536432
1279.035937
1276.560446
1274.109710
1271.683481
1269.281515
1266.903568
1264.549401
1262.218775
1259.911456
1257.627210
1255.365807
1253.127017
1250.910615
1248.716378
1246.544082
1244.393510
1242.264443
1240.156668
1238.069969
1236.004138
1233.958965
1231.934244
1229.929770
1227.945341
1225.980756
1224.035817
1222.110327
1220.204093
1218.316920
1216.448619
1214.599002
1212.767880
1210.955070
1209.160388
1207.383652
1205.624684
1203.883306
1202.159341
1200.452616
1198.762959
1197.090198
1195.434164
1193.794691
1192.171613
1190.564765
1188.973986
1187.399115
1185.839992
1184.296460
1182.768364
1181.255549
1179.757862
1178.275152
1176.807269
1175.354065
1173.915393
1172.491107
1171.081065
1169.685123
1168.303140
1166.934977
1165.580496
1164.239559
1162.912032
1161.597780
1160.296671
1159.008573
1157.733356
1156.470890
1155.221050
1153.983708
1152.758739
1151.546021
1150.345429
1149.156843
1147.980143
1146.815210
1145.661927
1144.520176
1143.389843
1142.270813
1141.162973
1140.066212
1138.980418
1137.905483
1136.841296
1135.787752
1134.744743
1133.712164
1132.689911
1131.677880
1130.675970
1129.684079
1128.702106
1127.729954
1126.767523
1125.814716
1124.871437
1123.937591
1123.013084
1122.097822
1121.191712
1120.294663
1119.406585
1118.527388
1117.656982
1116.795281
1115.942197
1115.097643
1114.261535
1113.433789
1112.614319
1111.803044
1110.999882
1110.204752
1109.417573
1108.638266
1107.866752
1107.102953
1106.346792
1105.598192
1104.857079
1104.123377
1103.397011
1102.677910
1101.965999
1101.261208
1100.563464
1099.872698
1099.188839
1098.511819
1097.841570
1097.178023
1096.521111
1095.870768
1095.226929
1094.589528
1093.958501
1093.333785
1092.715316
1092.103031
1091.496869
1090.896769
1090.302670
1089.714512
1089.132235
1088.555781
1087.985092
1087.420109
1086.860777
1086.307037
1085.758836
1085.216116
1084.678823
1084.146903
1083.620303
1083.098968
1082.582847
1082.071887
1081.566037
1081.065245
1080.569461
1080.078635
1079.592717
1079.111658
1078.635410
1078.163925
1077.697154
1077.235051
1076.777569
1076.324662
1075.876284
1075.432389
1074.992934
1074.557873
1074.127163
1073.700760
1073.278620
1072.860703
1072.446964
1072.037363
1071.631858
1071.230408
1070.832972
1070.439511
1070.049984
1069.664353
1069.282578
1068.904621
1068.530443
1068.160007
1067.793276
1067.430211
1067.070778
1066.714938
1066.362658
1066.013899
1065.668629
1065.326811
1064.988412
1064.653396
1064.321731
1063.993382
1063.668316
1063.346502
1063.027905
1062.712495
1062.400238
1062.091104
1061.785062
1061.482080
1061.182127
1060.885175
1060.591191
1060.300148
1060.012015
1059.726763
1059.444364
1059.164789
1058.888010
1058.613998
1058.342727
1058.074168
1057.808295
1057.545080
1057.284498
1057.026521
1056.771125
1056.518282
1056.267968
1056.020156
1055.774823
1055.531944
1055.291493
1055.053446
1054.817780
1054.584471
1054.353495
1054.124828
1053.898449
1053.674333
1053.452458
1053.232802
1053.015342
1052.800057
1052.586925
1052.375924
1052.167034
1051.960232
1051.755498
1051.552811
1051.352152
1051.153499
1050.956832
1050.762133
1050.569380
1050.378554
1050.189637
1050.002609
1049.817452
1049.634146
1049.452673
1049.273015
1049.095153
1048.919070
1048.744748
1048.572169
1048.401316
1048.232171
1048.064718
1047.898939
1047.734818
1047.572338
1047.411484
1047.252237
1047.094583
1046.938506
1046.783989
1046.631018
1046.479576
1046.329649
1046.181221
1046.034277
1045.888803
1045.744784
1045.602204
1045.461051
1045.321309
1045.182964
1045.046003
1044.910411
1044.776176
1044.643283
1044.511718
1044.381470
1044.252523
1044.124867
1043.998486
1043.873370
1043.749505
1043.626878
1043.505478
1043.385292
1043.266307
1043.148513
1043.031896
1042.916446
1042.802150
1042.688997
1042.576975
1042.466074
1042.356282
1042.247587
1042.139980
1042.033449
1041.927983
1041.823571
1041.720204
1041.617871
1041.516560
1041.416263
1041.316969
1041.218668
1041.121350
1041.025005
1040.929623
1040.835196
1040.741712
1040.649163
1040.557540
1040.466833
1040.377034
1040.288132
1040.200119
1040.112986
1040.026725
1039.941326
1039.856781
1039.773082
1039.690220
1039.608186
1039.526973
1039.446571
1039.366974
1039.288173
1039.210160
1039.132927
1039.056466
1038.980770
1038.905831
1038.831641
1038.758193
1038.685479
1038.613493
1038.542227
1038.471673
1038.401825
1038.332675
1038.264217
1038.196443
1038.129347
1038.062922
1037.997161
1037.932058
1037.867606
1037.803799
1037.740629
1037.678091
1037.616179
1037.554886
1037.494205
1037.434132
1037.374659
1037.315781
1037.257491
1037.199785
1037.142656
1037.086098
1037.030105
1036.974673
1036.919794
1036.865465
1036.811679
1036.758431
1036.705715
1036.653526
1036.601859
1036.550709
1036.500071
1036.449938
1036.400308
1036.351173
1036.302530
1036.254373
1036.206698
1036.159499
1036.112773
1036.066513
1036.020717
1035.975378
1035.930493
1035.886056
1035.842064
1035.798512
1035.755396
1035.712710
1035.670452
1035.628616
1035.587198
1035.546194
1035.505601
1035.465413
1035.425628
1035.386240
1035.347246
1035.308642
1035.270424
1035.232588
1035.195131
1035.158048
1035.121336
1035.084991
1035.049010
1035.013388
1034.978123
1034.943210
1034.908647
1034.874429
1034.840553
1034.807016
1034.773814
1034.740945
1034.708404
1034.676188
1034.644295
1034.612720
1034.581462
1034.550515
1034.519879
1034.489549
1034.459522
1034.429795
1034.400365
1034.371230
1034.342386
1034.313831
1034.285561
1034.257574
1034.229867
1034.202437
1034.175281
1034.148397
1034.121781
1034.095432
1034.069346
1034.043521
1034.017954
1033.992643
1033.967585
1033.942778
1033.918219
1033.893905
1033.869834
1033.846005
1033.822413
1033.799057
1033.775935
1033.753044
1033.730382
1033.707947
1033.685736
1033.663747
1033.641978
1033.620427
1033.599091
1033.577969
1033.557058
1033.536356
1033.515861
1033.495570
1033.475483
1033.455597
1033.435909
1033.416419
1033.397123
1033.378020
1033.359109
1033.340386
1033.321851
1033.303501
1033.285334
1033.267349
1033.249544
1033.231917
1033.214467
1033.197191
1033.180087
1033.163155
1033.146392
1033.129796
1033.113367
1033.097102
1033.080999
1033.065058
1033.049276
1033.033651
1033.018183
1033.002870
1032.987710
1032.972701
1032.957843
1032.943133
1032.928570
1032.914153
1032.899880
1032.885749
1032.871760
1032.857911
1032.844201
1032.830627
1032.817189
1032.803886
1032.790716
1032.777677
1032.764769
1032.751990
1032.739338
1032.726813
1032.714414
1032.702138
1032.689985
1032.677954
1032.666043
1032.654251
1032.642577
1032.631019
1032.619578
1032.608251
1032.597037
1032.585935
1032.574944
1032.564063
1032.553291
1032.542626
1032.532069
1032.521616
1032.511269
1032.501025
1032.490883
1032.480842
1032.470903
1032.461062
1032.451320
1032.441675
1032.432127
1032.422674
1032.413316
1032.404051
1032.394879
1032.385799
1032.376809
1032.367910
1032.359099
1032.350377
1032.341741
1032.333193
1032.324729
1032.316350
1032.308055
1032.299843
1032.291713
1032.283665
1032.275697
1032.267808
1032.259999
1032.252267
1032.244613
1032.237035
1032.229533
1032.222107
1032.214754
1032.207475
1032.200269
1032.193134
1032.186072
1032.179079
1032.172157
1032.165304
1032.158520
1032.151803
1032.145153
1032.138570
1032.132053
1032.125601
1032.119213
1032.112890
1032.106629
1032.100432
1032.094296
1032.088221
1032.082208
1032.076254
1032.070360
1032.064525
1032.058748
1032.053029
1032.047367
1032.041762
1032.036213
1032.030719
1032.025281
1032.019896
1032.014566
1032.009289
1032.004064
1031.998892
1031.993772
1031.988703
1031.983684
1031.978716
1031.973797
1031.968928
1031.964107
1031.959334
1031.954609
1031.949932
1031.945301
1031.940717
1031.936178
1031.931685
1031.927236
1031.922832
1031.918473
1031.914156
1031.909883
1031.905653
1031.901465
1031.897319
1031.893214
1031.889150
1031.885127
1031.881145
1031.877202
1031.873298
1031.869434
1031.865608
1031.861820
1031.858071
1031.854358
1031.850683
1031.847045
1031.843443
1031.839877
1031.836347
1031.832852
1031.829392
1031.825966
1031.822575
1031.819218
1031.815894
1031.812604
1031.809346
1031.806121
1031.802929
1031.799768
1031.796639
1031.793541
1031.790474
1031.787438
1031.784432
1031.781456
1031.778510
1031.775593
1031.772706
1031.769847
1031.767017
1031.764216
1031.761442
1031.758696
1031.755978
1031.753286
1031.750622
1031.747984
1031.745373
1031.742788
1031.740228
1031.737694
1031.735186
1031.732703
1031.730244
1031.727810
1031.725401
1031.723015
1031.720653
1031.718315
1031.716001
1031.713709
1031.711441
1031.709195
1031.706971
1031.704770
1031.702591
1031.700433
1031.698298
1031.696183
1031.694090
1031.692017
1031.689966
1031.687935
1031.685924
1031.683933
1031.681962
1031.680011
1031.678079
1031.676167
1031.674274
1031.672400
1031.670544
1031.668707
1031.666889
1031.665088
1031.663306
1031.661541
1031.659794
1031.658065
1031.656353
1031.654658
1031.652980
1031.651318
1031.649674
1031.648045
1031.646434
1031.644838
1031.643258
1031.641694
1031.640145
1031.638612
1031.637095
1031.635592
1031.634105
1031.632632
1031.631174
1031.629731
1031.628302
1031.626888
1031.625487
1031.624101
1031.622729
1031.621370
1031.620025
1031.618693
1031.617374
1031.616069
1031.614777
1031.613498
1031.612231
1031.610977
1031.609736
1031.608507
1031.607291
1031.606086
1031.604894
1031.603714
1031.602545
1031.601388
1031.600243
1031.599109
1031.597986
1031.596875
1031.595774
1031.594685
1031.593607
1031.592539
1031.591482
1031.590436
1031.589400
1031.588375
1031.587359
1031.586354
1031.585359
1031.584374
1031.583399
1031.582433
1031.581478
1031.580531
1031.579595
1031.578667
1031.577749
1031.576840
1031.575940
1031.575049
1031.574167
1031.573294
1031.572429
1031.571574
1031.570726
1031.569888
1031.569057
1031.568235
1031.567421
1031.566616
1031.565818
1031.565028
1031.564247
1031.563473
1031.562706
1031.561948
1031.561197
1031.560453
1031.559717
1031.558989
1031.558267
1031.557553
1031.556846
1031.556146
1031.555453
1031.554767
1031.554088
1031.553416
1031.552750
1031.552091
1031.551438
1031.550793
1031.550153
1031.549520
1031.548893
1031.548273
1031.547659
1031.547051
1031.546449
1031.545853
1031.545263
1031.544678
1031.544100
1031.543528
1031.542961
1031.542400
1031.541844
1031.541294
1031.540750
1031.540211
1031.539677
1031.539149
1031.538626
1031.538108
1031.537596
1031.537088
1031.536586
1031.536088
1031.535596
1031.535109
1031.534626
1031.534148
1031.533675
1031.533207
1031.532743
1031.532285
1031.531830
1031.531380
1031.530935
1031.530494
1031.530058
1031.529626
1031.529198
1031.528774
1031.528355
1031.527940
1031.527529
1031.527122
1031.526720
1031.526321
1031.525926
1031.525536
1031.525149
1031.524766
1031.524387
1031.524011
1031.523640
1031.523272
1031.522907
1031.522547
1031.522190
1031.521837
1031.521487
1031.521140
1031.520797
1031.520458
1031.520122
1031.519789
1031.519460
1031.519134
1031.518811
1031.518491
1031.518175
1031.517861
1031.517551
1031.517244
1031.516940
1031.516640
1031.516342
1031.516047
1031.515755
1031.515466
1031.515180
1031.514896
1031.514616
1031.514338
1031.514063
1031.513791
1031.513522
1031.513255
1031.512991
1031.512729
1031.512471
1031.512214
1031.511961
1031.511710
1031.511461
1031.511215
1031.510971
1031.510730
1031.510491
1031.510255
1031.510021
1031.509789
1031.509560
1031.509333
1031.509108
1031.508885
1031.508665
1031.508447
1031.508231
1031.508017
1031.507805
1031.507596
1031.507388
1031.507183
1031.506980
1031.506778
1031.506579
1031.506382
1031.506186
1031.505993
1031.505802
1031.505612
1031.505424
1031.505239
1031.505055
1031.504873
1031.504693
1031.504514
1031.504337
1031.504163
1031.503989
1031.503818
1031.503648
1031.503480
1031.503314
1031.503149
1031.502986
1031.502825
1031.502665
1031.502507
1031.502351
1031.502196
1031.502042
1031.501890
1031.501740
1031.501591
1031.501443
1031.501298
1031.501153
1031.501010
1031.500868
1031.500728
1031.500589
1031.500452
1031.500316
1031.500181
1031.500048
1031.499916
1031.499785
1031.499656
1031.499528
1031.499401
1031.499276
1031.499151
1031.499028
1031.498907
1031.498786
1031.498667
1031.498549
1031.498432
1031.498316
1031.498201
1031.498088
1031.497975
1031.497864
1031.497754
1031.497645
1031.497537
1031.497430
1031.497324
1031.497219
1031.497116
1031.497013
1031.496911
1031.496811
1031.496711
1031.496613
1031.496515
1031.496418
1031.496323
1031.496228
1031.496134
1031.496041
1031.495949
1031.495858
1031.495768
1031.495679
1031.495591
1031.495503
1031.495417
1031.495331
1031.495246
1031.495162
1031.495079
1031.494997
1031.494915
1031.494835
1031.494755
1031.494676
1031.494598
1031.494520
1031.494443
1031.494368
1031.494292
1031.494218
1031.494144
1031.494071
1031.493999
1031.493928
1031.493857
1031.493787
1031.493717
1031.493649
1031.493581
1031.493513
1031.493447
1031.493381
1031.493316
1031.493251
1031.493187
1031.493123
1031.493061
1031.492999
1031.492937
1031.492876
1031.492816
1031.492756
1031.492697
1031.492639
1031.492581
1031.492524
1031.492467
1031.492411
1031.492355
1031.492300
1031.492246
1031.492192
1031.492138
1031.492085
1031.492033
1031.491981
1031.491930
1031.491879
1031.491829
1031.491779
1031.491730
1031.491681
1031.491632
1031.491585
1031.491537
1031.491490
1031.491444
1031.491398
1031.491353
1031.491308
1031.491263
1031.491219
1031.491175
1031.491132
1031.491089
1031.491047
1031.491005
1031.490963
1031.490922
1031.490881
1031.490841
1031.490801
1031.490762
1031.490722
1031.490684
1031.490645
1031.490607
1031.490570
1031.490533
1031.490496
1031.490459
1031.490423
1031.490388
1031.490352
1031.490317
1031.490282
1031.490248
1031.490214
1031.490181
1031.490147
1031.490114
1031.490082
1031.490049
1031.490017
1031.489986
1031.489954
1031.489923
1031.489892
1031.489862
1031.489832
1031.489802
1031.489773
1031.489743
1031.489714
1031.489686
1031.489657
1031.489629
1031.489602
1031.489574
1031.489547
1031.489520
1031.489493
1031.489467
1031.489441
1031.489415
1031.489389
1031.489364
1031.489338
1031.489314
1031.489289
1031.489265
1031.489240
1031.489216
1031.489193
1031.489169
1031.489146
1031.489123
1031.489100
1031.489078
1031.489056
1031.489034
1031.489012
1031.488990
1031.488969
1031.488948
1031.488927
1031.488906
1031.488885
1031.488865
1031.488845
1031.488825
1031.488805
1031.488786
1031.488766
1031.488747
1031.488728
1031.488709
1031.488691
1031.488672
1031.488654
1031.488636
1031.488618
1031.488600
1031.488583
1031.488566
1031.488548
1031.488531
1031.488515
1031.488498
1031.488481
1031.488465
1031.488449
1031.488433
1031.488417
1031.488402
1031.488386
1031.488371
1031.488355
1031.488340
1031.488325
1031.488311
1031.488296
1031.488282
1031.488267
1031.488253
1031.488239
1031.488225
1031.488211
1031.488198
1031.488184
1031.488171
1031.488158
1031.488145
1031.488132
1031.488119
1031.488106
1031.488094
1031.488081
1031.488069
1031.488057
1031.488045
1031.488033
1031.488021
1031.488009
1031.487998
1031.487986
1031.487975
1031.487964
1031.487952
1031.487941
1031.487930
1031.487920
1031.487909
1031.487898
1031.487888
1031.487877
1031.487867
1031.487857
1031.487847
1031.487837
1031.487827
1031.487817
1031.487808
1031.487798
1031.487789
1031.487779
1031.487770
1031.487761
1031.487752
1031.487743
1031.487734
1031.487725
1031.487716
1031.487707
1031.487699
1031.487690
1031.487682
1031.487674
1031.487665
1031.487657
1031.487649
1031.487641
1031.487633
1031.487625
1031.487618
1031.487610
1031.487602
1031.487595
1031.487587
1031.487580
1031.487573
1031.487565
1031.487558
1031.487551
1031.487544
1031.487537
1031.487530
1031.487524
1031.487517
1031.487510
1031.487504
1031.487497
1031.487491
1031.487484
1031.487478
1031.487472
1031.487465
1031.487459
1031.487453
1031.487447
1031.487441
1031.487435
1031.487429
1031.487424
1031.487418
1031.487412
1031.487406
1031.487401
1031.487395
1031.487390
1031.487385
1031.487379
1031.487374
1031.487369
1031.487363
1031.487358
1031.487353
1031.487348
1031.487343
1031.487338
1031.487333
1031.487329
1031.487324
1031.487319
1031.487314
1031.487310
1031.487305
1031.487301
1031.487296
1031.487292
1031.487287
1031.487283
1031.487278
1031.487274
1031.487270
1031.487266
1031.487262
1031.487257
1031.487253
1031.487249
1031.487245
1031.487241
1031.487237
1031.487234
1031.487230
1031.487226
1031.487222
1031.487218
1031.487215
1031.487211
1031.487208
1031.487204
1031.487200
1031.487197
1031.487193
1031.487190
1031.487187
1031.487183
1031.487180
1031.487177
1031.487173
1031.487170
1031.487167
1031.487164
1031.487161
1031.487157
1031.487154
1031.487151
1031.487148
1031.487145
1031.487142
1031.487139
1031.487137
1031.487134
1031.487131
1031.487128
1031.487125
1031.487123
1031.487120
1031.487117
1031.487114
1031.487112
1031.487109
1031.487107
1031.487104
1031.487101
1031.487099
1031.487096
1031.487094
1031.487092
1031.487089
1031.487087
1031.487084
1031.487082
1031.487080
1031.487077
1031.487075
1031.487073
1031.487071
1031.487068
1031.487066
1031.487064
1031.487062
1031.487060
1031.487058
1031.487056
1031.487054
1031.487052
1031.487050
1031.487048
1031.487046
1031.487044
1031.487042
1031.487040
1031.487038
1031.487036
1031.487034
1031.487032
1031.487030
1031.487029
1031.487027
1031.487025
1031.487023
1031.487022
1031.487020
1031.487018
1031.487016
1031.487015
1031.487013
1031.487012
1031.487010
1031.487008
1031.487007
1031.487005
1031.487004
1031.487002
1031.487001
1031.486999
1031.486998
1031.486996
1031.486995
1031.486993
1031.486992
1031.486990
1031.486989
1031.486987
1031.486986
1031.486985
1031.486983
1031.486982
1031.486981
1031.486979
1031.486978
1031.486977
1031.486976
1031.486974
1031.486973
1031.486972
1031.486971
1031.486969
1031.486968
1031.486967
1031.486966
1031.486965
1031.486964
1031.486962
1031.486961
1031.486960
1031.486959
1031.486958
1031.486957
1031.486956
1031.486955
1031.486954
1031.486953
1031.486952
1031.486951
1031.486950
1031.486949
1031.486948
1031.486947
1031.486946
1031.486945
1031.486944
1031.486943
1031.486942
1031.486941
1031.486940
1031.486939
1031.486938
1031.486937
1031.486937
1031.486936
1031.486935
1031.486934
1031.486933
1031.486932
1031.486931
1031.486931
1031.486930
1031.486929
1031.486928
1031.486927
1031.486927
1031.486926
1031.486925
1031.486924
1031.486924
1031.486923
1031.486922
1031.486921
1031.486921
1031.486920
1031.486919
1031.486919
1031.486918
1031.486917
1031.486917
1031.486916
1031.486915
1031.486915
1031.486914
1031.486913
1031.486913
1031.486912
1031.486911
1031.486911
1031.486910
1031.486910
1031.486909
1031.486908
1031.486908
1031.486907
1031.486907
1031.486906
1031.486906
1031.486905
1031.486904
1031.486904
1031.486903
1031.486903
1031.486902
1031.486902
1031.486901
1031.486901
1031.486900
1031.486900
1031.486899
1031.486899
1031.486898
1031.486898
1031.486897
1031.486897
1031.486896
1031.486896
1031.486895
1031.486895
1031.486894
1031.486894
1031.486894
1031.486893
1031.486893
1031.486892
1031.486892
1031.486891
1031.486891
1031.486891
1031.486890
1031.486890
1031.486889
1031.486889
1031.486889
1031.486888
1031.486888
1031.486887
1031.486887
1031.486887
1031.486886
1031.486886
1031.486886
1031.486885
1031.486885
1031.486885
1031.486884
1031.486884
1031.486884
1031.486883
1031.486883
1031.486883
1031.486882
1031.486882
1031.486882
1031.486881
1031.486881
1031.486881
1031.486880
1031.486880
1031.486880
1031.486879
1031.486879
1031.486879
1031.486879
1031.486878
1031.486878
1031.486878
1031.486877
1031.486877
1031.486877
1031.486877
1031.486876
1031.486876
1031.486876
1031.486876
1031.486875
1031.486875
1031.486875
1031.486874
1031.486874
1031.486874
1031.486874
1031.486874
1031.486873
1031.486873
1031.486873
1031.486873
1031.486872
1031.486872
1031.486872
1031.486872
1031.486871
1031.486871
1031.486871
1031.486871
1031.486871
1031.486870
1031.486870
1031.486870
1031.486870
1031.486870
1031.486869
1031.486869
1031.486869
1031.486869
1031.486869
1031.486868
1031.486868
1031.486868
1031.486868
1031.486868
1031.486868
1031.486867
1031.486867
1031.486867
1031.486867
1031.486867
1031.486866
1031.486866
1031.486866
1031.486866
1031.486866
1031.486866
1031.486866
1031.486865
1031.486865
1031.486865
1031.486865
1031.486865
1031.486865
1031.486864
1031.486864
1031.486864
1031.486864
1031.486864
1031.486864
1031.486864
1031.486863
1031.486863
1031.486863
1031.486863
1031.486863
1031.486863
1031.486863
1031.486863
1031.486862
1031.486862
1031.486862
1031.486862
1031.486862
1031.486862
1031.486862
1031.486862
1031.486861
1031.486861
1031.486861
1031.486861
1031.486861
1031.486861
1031.486861
1031.486861
1031.486861
1031.486860
1031.486860
1031.486860
1031.486860
1031.486860
1031.486860
1031.486860
1031.486860
1031.486860
1031.486860
1031.486859
1031.486859
1031.486859
1031.486859
1031.486859
1031.486859
1031.486859
1031.486859
1031.486859
1031.486859
1031.486858
1031.486858
1031.486858
1031.486858
1031.486858
1031.486858
1031.486858
1031.486858
1031.486858
1031.486858
1031.486858
1031.486858
1031.486858
1031.486857
1031.486857
1031.486857
1031.486857
1031.486857
1031.486857
1031.486857
1031.486857
1031.486857
1031.486857
1031.486857
1031.486857
1031.486857
1031.486856
1031.486856
1031.486856
1031.486856
1031.486856
1031.486856
1031.486856
1031.486856
1031.486856
1031.486856
1031.486856
1031.486856
1031.486856
1031.486856
1031.486856
1031.486856
1031.486856
1031.486855
1031.486855
1031.486855
1031.486855
1031.486855
1031.486855
1031.486855
1031.486855
1031.486855
1031.486855
1031.486855
1031.486855
1031.486855
1031.486855
1031.486855
1031.486855
1031.486855
1031.486855
1031.486855
1031.486854
1031.486854
1031.486854
1031.486854
1031.486854
1031.486854
1031.486854
1031.486854
1031.486854
1031.486854
1031.486854
1031.486854
1031.486854
1031.486854
1031.486854
1031.486854
1031.486854
1031.486854
1031.486854
1031.486854
1031.486854
1031.486854
1031.486854
1031.486854
1031.486853
1031.486853
1031.486853
1031.486853
1031.486853
1031.486853
1031.486853
1031.486853
1031.486853
1031.486853
1031.486853
1031.486853
1031.486853
1031.486853
1031.486853
1031.486853
1031.486853
1031.486853
1031.486853
1031.486853
1031.486853
1031.486853
1031.486853
1031.486853
1031.486853
1031.486853
1031.486853
1031.486853
1031.486853
1031.486853
1031.486853
1031.486852
1031.486852
1031.486852
1031.486852
1031.486852
1031.486852
1031.486852
1031.486852
1031.486852
1031.486852
1031.486852
1031.486852
1031.486852
1031.486852
1031.486852
1031.486852
1031.486852
1031.486852
1031.486852
1031.486852
1031.486852
1031.486852
1031.486852
1031.486852
1031.486852
1031.486852
1031.486852
1031.486852
1031.486852
1031.486852
1031.486852
1031.486852
1031.486852
1031.486852
1031.486852
1031.486852
1031.486852
1031.486852
1031.486852
1031.486852
1031.486852
1031.486852
1031.486852
1031.486852
1031.486852
1031.486852
1031.486851
1031.486851
1031.486851
1031.486851
1031.486851
1031.486851
1031.486851
1031.486851
1031.486851
1031.486851
1031.486851
1031.486851
1031.486851
1031.486851
1031.486851
1031.486851
1031.486851
1031.486851
1031.486851
1031.486851
1031.486851
1031.486851
1031.486851
1031.486851
1031.486851
1031.486851
1031.486851
1031.486851
1031.486851
1031.486851
1031.486851
1031.486851
1031.486851
1031.486851
1031.486851
1031.486851
1031.486851
1031.486851
1031.486851
1031.486851
1031.486851
1031.486851
1031.486851
1031.486851
1031.486851
1031.486851
1031.486851
1031.486851
1031.486851
1031.486851
1031.486851
1031.486851
1031.486851
1031.486851
1031.486851
1031.486851
1031.486851
1031.486851
1031.486851
1031.486851
1031.486851
1031.486851
1031.486851
1031.486851
1031.486851
1031.486851
1031.486851
1031.486851
1031.486851
1031.486851
1031.486851
1031.486851
1031.486851
1031.486851
1031.486851
1031.486851
1031.486851
1031.486851
1031.486851
1031.486851
1031.486851
1031.486851
1031.486851
1031.486851
1031.486851
1031.486851
1031.486851
1031.486851
1031.486851
1031.486850
1031.486850
1031.486850
1031.486850
1031.486850
1031.486850
1031.486850
1031.486850
1031.486850
1031.486850
1031.486850
1031.486850
1031.486850
1031.486850
1031.486850
1031.486850
1031.486850
1031.486850
1031.486850
1031.486850
1031.486850
1031.486850
1031.486850
1031.486850
1031.486850
1031.486850
1031.486850
1031.486850
1031.486850
1031.486850
1031.486850
1031.486850
1031.486850
1031.486850
1031.486850
1031.486850
1031.486850
1031.486850
1031.486850
1031.486850
1031.486850
1031.486850
1031.486850
1031.486850
1031.486850
1031.486850
1031.486850
1031.486850
1031.486850
1031.486850
1031.486850
1031.486850
1031.486850
1031.486850
1031.486850
1031.486850
1031.486850
1031.486850
1031.486850
1031.486850
1031.486850
1031.486850
1031.486850
1031.486850
1031.486850
1031.486850
1031.486850
1031.486850
1031.486850
1031.486850
1031.486850
1031.486850
1031.486850
1031.486850
1031.486850
1031.486850
1031.486850
1031.486850
1031.486850
1031.486850
1031.486850
1031.486850
1031.486850
1031.486850
1031.486850
1031.486850
1031.486850
1031.486850
1031.486850
1031.486850
1031.486850
1031.486850
1031.486850
1031.486850
1031.486850
1031.486850
1031.486850
1031.486850
1031.486850
1031.486850
1031.486850
1031.486850
1031.486850
1031.486850
1031.486850
1031.486850
1031.486850
1031.486850
1031.486850
1031.486850
1031.486850
1031.486850
1031.486850
1031.486850
1031.486850
1031.486850
1031.486850
1031.486850
1031.486850
1031.486850
1031.486850
1031.486850
1031.486850
1031.486850
1031.486850
1031.486850
1031.486850
1031.486850
1031.486850
1031.486850
1031.486850
1031.486850
1031.486850
1031.486850
1031.486850
1031.486850
1031.486850
1031.486850
1031.486850
1031.486850
1031.486850
1031.486850
1031.486850
1031.486850
1031.486850
1031.486850
1031.486850
1031.486850
1031.486850
1031.486850
1031.486850
1031.486850
1031.486850
1031.486850
1031.486850
1031.486850
1031.486850
1031.486850
1031.486850
1031.486850
1031.486850
1031.486850
1031.486850
1031.486850
1031.486850
1031.486850
1031.486850
1031.486850
1031.486850
1031.486850
1031.486850
1031.486850
1031.486850
1031.486850
1031.486850
1031.486850
1031.486850
1031.486850
1031.486850
1031.486850
1031.486850
1031.486850
1031.486850
1031.486850
1031.486850
1031.486850
1031.486850
1031.486850
1031.486850
1031.486850
1031.486850
1031.486850
1031.486850
1031.486850
1031.486850
1031.486850
1031.486850
1031.486850
1031.486850
1031.486850
1031.486850
1031.486850
1031.486850
1031.486850
1031.486850
1031.486850
1031.486850
1031.486850
1031.486850
1031.486850
1031.486850
1031.486850
1031.486850
1031.486850
1031.486850
1031.486850
1031.486850
1031.486850
1031.486850
1031.486850
1031.486850
1031.486850
1031.486850
1031.486850
1031.486850
1031.486850
1031.486850
1031.486850
1031.486850
1031.486850
1031.486850
1031.486850
1031.486850
1031.486850
1031.486850
1031.486850
1031.486850
1031.486850
1031.486850
1031.486850
1031.486850
1031.486850
1031.486850
1031.486850
1031.486850
1031.486850
1031.486850
1031.486850
1031.486850
1031.486850
1031.486850
1031.486850
1031.486850
1031.486850
1031.486850
1031.486850
1031.486850
1031.486850
1031.486850
1031.486850
1031.486850
1031.486850
1031.486850
1031.486850
1031.486850
1031.486850
1031.486850
1031.486850
1031.486850
1031.486850
1031.486850
1031.486850
1031.486850
1031.486850
1031.486850
1031.486850
1031.486850
1031.486850
1031.486850
1031.486850
1031.486850
1031.486850
1031.486850
1031.486850
1031.486850
1031.486850
1031.486850
1031.486850
1031.486850
1031.486850
1031.486850
1031.486850
1031.486850
1031.486850
1031.486850
1031.486850
1031.486850
1031.486850
1031.486850
1031.486850
1031.486850
1031.486850
1031.486850
1031.486850
1031.486850
1031.486850
1031.486850
1031.486850
1031.486850
1031.486850
1031.486850
1031.486850
1031.486850
1031.486850
1031.486850
1031.486850
1031.486850
1031.486850
1031.486850
1031.486850
1031.486850
1031.486850
1031.486850
1031.486850
1031.486850
1031.486850
1031.486850
1031.486850
1031.486850
1031.486850
1031.486850
1031.486850
1031.486850
1031.486850
1031.486850
1031.486850
1031.486850
1031.486850
1031.486850
1031.486850
1031.486850
1031.486850
1031.486850
1031.486850
1031.486850
1031.486850
1031.486850
1031.486850
1031.486850
1031.486850
1031.486850
1031.486850
1031.486850
1031.486850
1031.486850
1031.486850
1031.486850
1031.486850
1031.486850
1031.486850
1031.486850
1031.486850
1031.486850
1031.486850
1031.486850
1031.486850
1031.486850
1031.486850
1031.486850
1031.486850
1031.486850
1031.486850
1031.486850
1031.486850
1031.486850
1031.486850
1031.486850
1031.486850
1031.486850
1031.486850
1031.486850
1031.486850
1031.486850
1031.486850
1031.486850
1031.486850
1031.486850
1031.486850
1031.486850
1031.486850
1031.486850
1031.486850
1031.486850
1031.486850
1031.486850
1031.486850
1031.486850
1031.486850
1031.486850
1031.486850
1023.234955
1015.065579
1006.977897
998.971092
991.044355
983.196885
975.427890
967.736584
960.122192
952.583944
945.121078
937.732841
930.418486
923.177275
916.008476
908.911365
901.885225
894.929347
888.043027
881.225570
874.476288
867.794499
861.179528
854.630706
848.147373
841.728873
835.374558
829.083786
822.855922
816.690336
810.586407
804.543516
798.561055
792.638418
786.775008
780.970231
775.223503
769.534241
763.901872
758.325827
752.805543
747.340461
741.930030
736.573704
731.270940
726.021205
720.823966
715.678700
710.584887
705.542012
700.549565
695.607043
690.713947
685.869781
681.074057
676.326290
671.626001
666.972714
662.365961
657.805275
653.290196
648.820268
644.395039
640.014062
635.676895
631.383100
627.132243
622.923894
618.757629
614.633026
610.549670
606.507147
602.505049
598.542972
594.620516
590.737285
586.892885
583.086930
579.319035
575.588818
571.895903
568.239918
564.620493
561.037261
557.489863
553.977938
550.501132
547.059094
543.651477
540.277936
536.938130
533.631723
530.358379
527.117769
523.909565
520.733443
517.589082
514.476165
511.394377
508.343407
505.322947
502.332691
499.372338
496.441588
493.540146
490.667718
487.824015
485.008748
482.221635
479.462392
476.730742
474.026408
471.349118
468.698600
466.074588
463.476816
460.905021
458.358945
455.838329
453.342919
450.872464
448.426713
446.005419
443.608339
441.235229
438.885851
436.559966
434.257340
431.977740
429.720937
427.486701
425.274808
423.085033
420.917157
418.770959
416.646223
414.542734
412.460281
410.398652
408.357639
406.337036
404.336639
402.356247
400.395658
398.454675
396.533102
394.630745
392.747411
390.882910
389.037055
387.209658
385.400535
383.609504
381.836382
380.080992
378.343156
376.622698
374.919445
373.233224
371.563866
369.911201
368.275062
366.655285
365.051706
363.464163
361.892495
360.336544
358.796152
357.271164
355.761426
354.266786
352.787091
351.322194
349.871946
348.436200
347.014812
345.607638
344.214535
342.835363
341.469983
340.118257
338.780048
337.455221
336.143643
334.845180
333.559702
332.287079
331.027182
329.779884
328.545058
327.322582
326.112329
324.914180
323.728012
322.553705
321.391142
320.240204
319.100776
317.972742
316.855988
315.750402
314.655872
313.572287
312.499537
311.437516
310.386114
309.345227
308.314748
307.294575
306.284603
305.284730
304.294857
303.314882
302.344707
301.384233
300.433365
299.492005
298.560058
297.637431
296.724031
295.819764
294.924540
294.038269
293.160860
292.292225
291.432276
290.580927
289.738091
288.903684
288.077621
287.259819
286.450194
285.648666
284.855153
284.069575
283.291853
282.521908
281.759663
281.005040
280.257963
279.518357
278.786147
278.061260
277.343621
276.633158
275.929800
275.233476
274.544115
273.861648
273.186005
272.517118
271.854921
271.199345
270.550326
269.907796
269.271692
268.641949
268.018503
267.401292
266.790252
266.185323
265.586444
264.993553
264.406591
263.825499
263.250218
262.680689
262.116856
261.558661
261.006048
260.458962
259.917346
259.381146
258.850308
258.324779
257.804505
257.289433
256.779513
256.274691
255.774918
255.280143
254.790315
254.305385
253.825305
253.350026
252.879499
252.413678
251.952515
251.495964
251.043978
250.596512
250.153520
249.714959
249.280783
248.850949
248.425413
248.004132
247.587065
247.174168
246.765400
246.360720
245.960086
245.563459
245.170798
244.782064
244.397217
244.016218
243.639030
243.265613
242.895931
242.529945
242.167619
241.808917
241.453801
241.102237
240.754188
240.409620
240.068498
239.730787
239.396452
239.065462
238.737781
238.413376
238.092216
237.774268
237.459499
237.147878
236.839373
236.533953
236.231587
235.932245
235.635896
235.342511
235.052059
234.764512
234.479841
234.198016
233.919010
233.642793
233.369339
233.098619
232.830607
232.565275
232.302595
232.042543
231.785091
231.530214
231.277886
231.028081
230.780774
230.535940
230.293554
230.053592
229.816030
229.580843
229.348008
229.117502
228.889301
228.663381
228.439721
228.218298
227.999089
227.782071
227.567224
227.354526
227.143954
226.935488
226.729107
226.524790
226.322516
226.122264
225.924015
225.727749
225.533445
225.341084
225.150647
224.962114
224.775467
224.590686
224.407753
224.226649
224.047356
223.869856
223.694131
223.520164
223.347936
223.177430
223.008630
222.841517
222.676076
222.512288
222.350139
222.189612
222.030689
221.873356
221.717596
221.563394
221.410734
221.259600
221.109978
220.961852
220.815207
220.670028
220.526302
220.384013
220.243146
220.103688
219.965625
219.828943
219.693627
219.559664
219.427041
219.295745
219.165761
219.037077
218.909680
218.783557
218.658695
218.535082
218.412705
218.291551
218.171609
218.052867
217.935312
217.818933
217.703717
217.589654
217.476731
217.364937
217.254261
217.144693
217.036219
216.928831
216.822516
216.717265
216.613066
216.509909
216.407783
216.306679
216.206586
216.107494
216.009393
215.912273
215.816124
215.720936
215.626700
215.533407
215.441047
215.349610
215.259088
215.169470
215.080749
214.992916
214.905960
214.819874
214.734649
214.650276
214.566747
214.484054
214.402187
214.321138
214.240901
214.161466
214.082825
214.004970
213.927894
213.851589
213.776047
213.701260
213.627221
213.553922
213.481357
213.409517
213.338396
213.267985
213.198279
213.129270
213.060951
212.993315
212.926356
212.860066
212.794439
212.729468
212.665147
212.601470
212.538429
212.476018
212.414231
212.353063
212.292506
212.232555
212.173203
212.114444
212.056274
211.998685
211.941671
211.885228
211.829350
211.774030
211.719263
211.665045
211.611368
211.558228
211.505619
211.453537
211.401975
211.350929
211.300393
211.250363
211.200833
211.151799
211.103254
211.055195
211.007617
210.960515
210.913883
210.867718
210.822015
210.776768
210.731974
210.687628
210.643726
210.600262
210.557233
210.514635
210.472462
210.430711
210.389378
210.348457
210.307947
210.267841
210.228136
210.188828
210.149914
210.111388
210.073248
210.035489
209.998108
209.961101
209.924464
209.888193
209.852284
209.816735
209.781542
209.746700
209.712207
209.678058
209.644251
209.610783
209.577648
209.544846
209.512371
209.480221
209.448392
209.416882
209.385687
209.354804
209.324230
209.293961
209.263995
209.234329
209.204959
209.175883
209.147098
209.118601
209.090389
209.062458
209.034807
209.007433
208.980332
208.953503
208.926942
208.900646
208.874613
208.848841
208.823326
208.798066
208.773059
208.748302
208.723793
208.699529
208.675507
208.651726
208.628182
208.604874
208.581799
208.558955
208.536339
208.513949
208.491784
208.469839
208.448115
208.426607
208.405315
208.384236
208.363367
208.342707
208.322254
208.302005
208.281958
208.262112
208.242465
208.223014
208.203758
208.184694
208.165821
208.147136
208.128638
208.110326
208.092196
208.074248
208.056479
208.038888
208.021473
208.004232
207.987163
207.970265
207.953536
207.936975
207.920579
207.904346
207.888277
207.872368
207.856618
207.841025
207.825589
207.810306
207.795177
207.780199
207.765371
207.750691
207.736158
207.721770
207.707526
207.693424
207.679464
207.665643
207.651960
207.638414
207.625004
207.611727
207.598584
207.585571
207.572689
207.559936
207.547311
207.534811
207.522437
207.510186
207.498058
207.486051
207.474164
207.462396
207.450746
207.439212
207.427794
207.416490
207.405298
207.394219
207.383251
207.372392
207.361642
207.350999
207.340463
207.330032
207.319705
207.309482
207.299361
207.289341
207.279421
207.269600
207.259878
207.250253
207.240724
207.231291
207.221952
207.212706
207.203552
207.194491
207.185519
207.176638
207.167845
207.159140
207.150523
207.141991
207.133545
207.125183
207.116905
207.108710
207.100596
207.092564
207.084612
207.076740
207.068946
207.061230
207.053592
207.046029
207.038543
207.031131
207.023793
207.016529
207.009338
207.002218
206.995170
206.988192
206.981283
206.974444
206.967673
206.960970
206.954334
206.947765
206.941261
206.934822
206.928447
206.922137
206.915889
206.909704
206.903580
206.897518
206.891517
206.885575
206.879693
206.873870
206.868105
206.862398
206.856747
206.851154
206.845616
206.840133
206.834706
206.829332
206.824013
206.818746
206.813533
206.808371
206.803261
206.798202
206.793194
206.788235
206.783327
206.778467
206.773656
206.768893
206.764178
206.759510
206.754889
206.750313
206.745784
206.741300
206.736861
206.732466
206.728115
206.723807
206.719543
206.715321
206.711142
206.707004
206.702908
206.698852
206.694837
206.690863
206.686928
206.683032
206.679176
206.675358
206.671578
206.667836
206.664131
206.660463
206.656832
206.653238
206.649679
206.646156
206.642668
206.639215
206.635797
206.632412
206.629062
206.625745
206.622461
206.619210
206.615992
206.612806
206.609651
206.606529
206.603437
206.600376
206.597346
206.594347
206.591377
206.588437
206.585526
206.582644
206.579792
206.576968
206.574172
206.571404
206.568663
206.565950
206.563264
206.560606
206.557973
206.555367
206.552787
206.550233
206.547704
206.545201
206.542723
206.540269
206.537840
206.535435
206.533055
206.530698
206.528365
206.526055
206.523768
206.521504
206.519263
206.517044
206.514847
206.512672
206.510519
206.508388
206.506277
206.504188
206.502120
206.500073
206.498046
206.496039
206.494052
206.492085
206.490138
206.488211
206.486302
206.484413
206.482542
206.480691
206.478857
206.477043
206.475246
206.473467
206.471706
206.469963
206.468237
206.466528
206.464837
206.463162
206.461504
206.459863
206.458238
206.456629
206.455036
206.453460
206.451899
206.450354
206.448824
206.447309
206.445810
206.444325
206.442856
206.441401
206.439961
206.438535
206.437123
206.435726
206.434342
206.432972
206.431616
206.430274
206.428945
206.427629
206.426327
206.425037
206.423760
206.422496
206.421245
206.420006
206.418780
206.417566
206.416364
206.415174
206.413996
206.412830
206.411675
206.410532
206.409400
206.408280
206.407171
206.406073
206.404986
206.403910
206.402844
206.401790
206.400745
206.399712
206.398688
206.397675
206.396672
206.395679
206.394696
206.393723
206.392759
206.391805
206.390861
206.389926
206.389000
206.388084
206.387177
206.386279
206.385390
206.384510
206.383638
206.382776
206.381922
206.381076
206.380239
206.379410
206.378590
206.377778
206.376974
206.376178
206.375389
206.374609
206.373837
206.373072
206.372315
206.371566
206.370824
206.370089
206.369362
206.368642
206.367929
206.367224
206.366525
206.365834
206.365149
206.364471
206.363800
206.363136
206.362478
206.361827
206.361183
206.360545
206.359913
206.359287
206.358668
206.358055
206.357448
206.356848
206.356253
206.355664
206.355081
206.354504
206.353933
206.353367
206.352807
206.352253
206.351704
206.351160
206.350623
206.350090
206.349563
206.349041
206.348524
206.348013
206.347506
206.347005
206.346508
206.346017
206.345531
206.345049
206.344572
206.344100
206.343633
206.343170
206.342712
206.342259
206.341810
206.341366
206.340926
206.340490
206.340059
206.339632
206.339209
206.338791
206.338377
206.337967
206.337561
206.337159
206.336761
206.336367
206.335977
206.335591
206.335209
206.334830
206.334456
206.334085
206.333718
206.333354
206.332994
206.332638
206.332285
206.331936
206.331591
206.331248
206.330910
206.330574
206.330242
206.329914
206.329588
206.329266
206.328947
206.328631
206.328319
206.328009
206.327703
206.327399
206.327099
206.326802
206.326507
206.326216
206.325928
206.325642
206.325359
206.325079
206.324802
206.324528
206.324256
206.323988
206.323721
206.323458
206.323197
206.322939
206.322683
206.322430
206.322179
206.321931
206.321686
206.321442
206.321202
206.320963
206.320727
206.320494
206.320263
206.320034
206.319807
206.319583
206.319361
206.319141
206.318923
206.318707
206.318494
206.318283
206.318074
206.317867
206.317662
206.317459
206.317258
206.317059
206.316862
206.316667
206.316474
206.316283
206.316094
206.315907
206.315721
206.315538
206.315356
206.315176
206.314998
206.314822
206.314648
206.314475
206.314304
206.314134
206.313967
206.313801
206.313636
206.313474
206.313313
206.313153
206.312995
206.312839
206.312685
206.312531
206.312380
206.312230
206.312081
206.311934
206.311788
206.311644
206.311501
206.311360
206.311220
206.311082
206.310945
206.310809
206.310674
206.310541
206.310410
206.310279
206.310150
206.310022
206.309896
206.309771
206.309647
206.309524
206.309402
206.309282
206.309163
206.309045
206.308928
206.308813
206.308698
206.308585
206.308473
206.308362
206.308252
206.308143
206.308035
206.307929
206.307823
206.307718
206.307615
206.307513
206.307411
206.307311
206.307211
206.307113
206.307015
206.306919
206.306823
206.306729
206.306635
206.306543
206.306451
206.306360
206.306270
206.306181
206.306093
206.306006
206.305920
206.305834
206.305749
206.305666
206.305583
206.305501
206.305419
206.305339
206.305259
206.305180
206.305102
206.305025
206.304948
206.304872
206.304797
206.304723
206.304650
206.304577
206.304505
206.304433
206.304363
206.304293
206.304224
206.304155
206.304087
206.304020
206.303954
206.303888
206.303823
206.303758
206.303694
206.303631
206.303568
206.303506
206.303445
206.303384
206.303324
206.303264
206.303206
206.303147
206.303089
206.303032
206.302976
206.302920
206.302864
206.302809
206.302755
206.302701
206.302648
206.302595
206.302543
206.302491
206.302440
206.302389
206.302339
206.302289
206.302240
206.302191
206.302143
206.302095
206.302048
206.302001
206.301955
206.301909
206.301864
206.301819
206.301774
206.301730
206.301687
206.301643
206.301601
206.301558
206.301516
206.301475
206.301434
206.301393
206.301353
206.301313
206.301274
206.301235
206.301196
206.301158
206.301120
206.301082
206.301045
206.301009
206.300972
206.300936
206.300901
206.300865
206.300830
206.300796
206.300761
206.300727
206.300694
206.300661
206.300628
206.300595
206.300563
206.300531
206.300499
206.300468
206.300437
206.300406
206.300376
206.300346
206.300316
206.300287
206.300258
206.300229
206.300200
206.300172
206.300144
206.300116
206.300089
206.300061
206.300035
206.300008
206.299982
206.299955
206.299930
206.299904
206.299879
206.299854
206.299829
206.299804
206.299780
206.299756
206.299732
206.299708
206.299685
206.299662
206.299639
206.299616
206.299594
206.299571
206.299549
206.299528
206.299506
206.299485
206.299463
206.299443
206.299422
206.299401
206.299381
206.299361
206.299341
206.299321
206.299302
206.299282
206.299263
206.299244
206.299226
206.299207
206.299189
206.299170
206.299152
206.299135
206.299117
206.299100
206.299082
206.299065
206.299048
206.299031
206.299015
206.298998
206.298982
206.298966
206.298950
206.298934
206.298919
206.298903
206.298888
206.298873
206.298858
206.298843
206.298828
206.298813
206.298799
206.298785
206.298770
206.298756
206.298743
206.298729
206.298715
206.298702
206.298688
206.298675
206.298662
206.298649
206.298637
206.298624
206.298611
206.298599
206.298587
206.298574
206.298562
206.298550
206.298539
206.298527
206.298515
206.298504
206.298493
206.298481
206.298470
206.298459
206.298448
206.298438
206.298427
206.298416
206.298406
206.298396
206.298385
206.298375
206.298365
206.298355
206.298345
206.298336
206.298326
206.298316
206.298307
206.298297
206.298288
206.298279
206.298270
206.298261
206.298252
206.298243
206.298234
206.298226
206.298217
206.298209
206.298200
206.298192
206.298184
206.298176
206.298168
206.298160
206.298152
206.298144
206.298136
206.298129
206.298121
206.298113
206.298106
206.298099
206.298091
206.298084
206.298077
206.298070
206.298063
206.298056
206.298049
206.298042
206.298036
206.298029
206.298022
206.298016
206.298009
206.298003
206.297997
206.297990
206.297984
206.297978
206.297972
206.297966
206.297960
206.297954
206.297948
206.297943
206.297937
206.297931
206.297926
206.297920
206.297914
206.297909
206.297904
206.297898
206.297893
206.297888
206.297883
206.297877
206.297872
206.297867
206.297862
206.297857
206.297853
206.297848
206.297843
206.297838
206.297834
206.297829
206.297824
206.297820
206.297815
206.297811
206.297806
206.297802
206.297798
206.297793
206.297789
206.297785
206.297781
206.297777
206.297773
206.297769
206.297765
206.297761
206.297757
206.297753
206.297749
206.297745
206.297742
206.297738
206.297734
206.297731
206.297727
206.297723
206.297720
206.297716
206.297713
206.297709
206.297706
206.297703
206.297699
206.297696
206.297693
206.297690
206.297686
206.297683
206.297680
206.297677
206.297674
206.297671
206.297668
206.297665
206.297662
206.297659
206.297656
206.297653
206.297650
206.297648
206.297645
206.297642
206.297639
206.297637
206.297634
206.297631
206.297629
206.297626
206.297624
206.297621
206.297619
206.297616
206.297614
206.297611
206.297609
206.297606
206.297604
206.297602
206.297599
206.297597
206.297595
206.297593
206.297590
206.297588
206.297586
206.297584
206.297582
206.297580
206.297577
206.297575
206.297573
206.297571
206.297569
206.297567
206.297565
206.297563
206.297561
206.297559
206.297558
206.297556
206.297554
206.297552
206.297550
206.297548
206.297547
206.297545
206.297543
206.297541
206.297540
206.297538
206.297536
206.297535
206.297533
206.297531
206.297530
206.297528
206.297527
206.297525
206.297523
206.297522
206.297520
206.297519
206.297517
206.297516
206.297514
206.297513
206.297512
206.297510
206.297509
206.297507
206.297506
206.297505
206.297503
206.297502
206.297501
206.297499
206.297498
206.297497
206.297495
206.297494
206.297493
206.297492
206.297491
206.297489
206.297488
206.297487
206.297486
206.297485
206.297483
206.297482
206.297481
206.297480
206.297479
206.297478
206.297477
206.297476
206.297475
206.297474
206.297473
206.297472
206.297471
206.297470
206.297469
206.297468
206.297467
206.297466
206.297465
206.297464
206.297463
206.297462
206.297461
206.297460
206.297459
206.297458
206.297457
206.297457
206.297456
206.297455
206.297454
206.297453
206.297452
206.297451
206.297451
206.297450
206.297449
206.297448
206.297447
206.297447
206.297446
206.297445
206.297444
206.297444
206.297443
206.297442
206.297441
206.297441
206.297440
206.297439
206.297439
206.297438
206.297437
206.297437
206.297436
206.297435
206.297435
206.297434
206.297433
206.297433
206.297432
206.297431
206.297431
206.297430
206.297430
206.297429
206.297428
206.297428
206.297427
206.297427
206.297426
206.297426
206.297425
206.297424
206.297424
206.297423
206.297423
206.297422
206.297422
206.297421
206.297421
206.297420
206.297420
206.297419
206.297419
206.297418
206.297418
206.297417
206.297417
206.297416
206.297416
206.297415
206.297415
206.297415
206.297414
206.297414
206.297413
206.297413
206.297412
206.297412
206.297412
206.297411
206.297411
206.297410
206.297410
206.297409
206.297409
206.297409
206.297408
206.297408
206.297408
206.297407
206.297407
206.297406
206.297406
206.297406
206.297405
206.297405
206.297405
206.297404
206.297404
206.297404
206.297403
206.297403
206.297403
206.297402
206.297402
206.297402
206.297401
206.297401
206.297401
206.297400
206.297400
206.297400
206.297399
206.297399
206.297399
206.297399
206.297398
206.297398
206.297398
206.297397
206.297397
206.297397
206.297397
206.297396
206.297396
206.297396
206.297396
206.297395
206.297395
206.297395
206.297395
206.297394
206.297394
206.297394
206.297394
206.297393
206.297393
206.297393
206.297393
206.297392
206.297392
206.297392
206.297392
206.297392
206.297391
206.297391
206.297391
206.297391
206.297391
206.297390
206.297390
206.297390
206.297390
206.297390
206.297389
206.297389
206.297389
206.297389
206.297389
206.297388
206.297388
206.297388
206.297388
206.297388
206.297387
206.297387
206.297387
206.297387
206.297387
206.297387
206.297386
206.297386
206.297386
206.297386
206.297386
206.297386
206.297385
206.297385
206.297385
206.297385
206.297385
206.297385
206.297385
206.297384
206.297384
206.297384
206.297384
206.297384
206.297384
206.297384
206.297383
206.297383
206.297383
206.297383
206.297383
206.297383
206.297383
206.297383
206.297382
206.297382
206.297382
206.297382
206.297382
206.297382
206.297382
206.297382
206.297381
206.297381
206.297381
206.297381
206.297381
206.297381
206.297381
206.297381
206.297381
206.297380
206.297380
206.297380
206.297380
206.297380
206.297380
206.297380
206.297380
206.297380
206.297380
206.297379
206.297379
206.297379
206.297379
206.297379
206.297379
206.297379
206.297379
206.297379
206.297379
206.297379
206.297378
206.297378
206.297378
206.297378
206.297378
206.297378
206.297378
206.297378
206.297378
206.297378
206.297378
206.297378
206.297377
206.297377
206.297377
206.297377
206.297377
206.297377
206.297377
206.297377
206.297377
206.297377
206.297377
206.297377
206.297377
206.297377
206.297377
206.297376
206.297376
206.297376
206.297376
206.297376
206.297376
206.297376
206.297376
206.297376
206.297376
206.297376
206.297376
206.297376
206.297376
206.297376
206.297376
206.297375
206.297375
206.297375
206.297375
206.297375
206.297375
206.297375
206.297375
206.297375
206.297375
206.297375
206.297375
206.297375
206.297375
206.297375
206.297375
206.297375
206.297375
206.297375
206.297375
206.297374
206.297374
206.297374
206.297374
206.297374
206.297374
206.297374
206.297374
206.297374
206.297374
206.297374
206.297374
206.297374
206.297374
206.297374
206.297374
206.297374
206.297374
206.297374
206.297374
206.297374
206.297374
206.297374
206.297374
206.297374
206.297373
206.297373
206.297373
206.297373
206.297373
206.297373
206.297373
206.297373
206.297373
206.297373
206.297373
206.297373
206.297373
206.297373
206.297373
206.297373
206.297373
206.297373
206.297373
206.297373
206.297373
206.297373
206.297373
206.297373
206.297373
206.297373
206.297373
206.297373
206.297373
206.297373
206.297373
206.297373
206.297373
206.297372
206.297372
206.297372
206.297372
206.297372
206.297372
206.297372
206.297372
206.297372
206.297372
206.297372
206.297372
206.297372
206.297372
206.297372
206.297372
206.297372
206.297372
206.297372
206.297372
206.297372
206.297372
206.297372
206.297372
206.297372
206.297372
206.297372
206.297372
206.297372
206.297372
206.297372
206.297372
206.297372
206.297372
206.297372
206.297372
206.297372
206.297372
206.297372
206.297372
206.297372
206.297372
206.297372
206.297372
206.297372
206.297372
206.297372
206.297372
206.297372
206.297371
206.297371
206.297371
206.297371
206.297371
206.297371
206.297371
206.297371
206.297371
206.297371
206.297371
206.297371
206.297371
206.297371
206.297371
206.297371
206.297371
206.297371
206.297371
206.297371
206.297371
206.297371
206.297371
206.297371
206.297371
206.297371
206.297371
206.297371
206.297371
206.297371
206.297371
206.297371
206.297371
206.297371
206.297371
206.297371
206.297371
206.297371
206.297371
206.297371
206.297371
206.297371
206.297371
206.297371
206.297371
206.297371
206.297371
206.297371
206.297371
206.297371
206.297371
206.297371
206.297371
206.297371
206.297371
206.297371
206.297371
206.297371
206.297371
206.297371
206.297371
206.297371
206.297371
206.297371
206.297371
206.297371
206.297371
206.297371
206.297371
206.297371
206.297371
206.297371
206.297371
206.297371
206.297371
206.297371
206.297371
206.297371
206.297371
206.297371
206.297371
206.297371
206.297371
206.297371
206.297371
206.297371
206.297371
206.297371
206.297371
206.297371
206.297371
206.297371
206.297371
206.297371
206.297371
206.297371
206.297371
206.297371
206.297371
206.297371
206.297371
206.297371
206.297371
206.297371
206.297371
206.297370
206.297370
206.297370
206.297370
206.297370
206.297370
206.297370
206.297370
206.297370
206.297370
206.297370
206.297370
206.297370
206.297370
206.297370
206.297370
206.297370
206.297370
206.297370
206.297370
206.297370
206.297370
206.297370
206.297370
206.297370
206.297370
206.297370
206.297370
206.297370
206.297370
206.297370
206.297370
206.297370
206.297370
206.297370
206.297370
206.297370
206.297370
206.297370
206.297370
206.297370
206.297370
206.297370
206.297370
206.297370
206.297370
206.297370
206.297370
206.297370
206.297370
206.297370
206.297370
206.297370
206.297370
206.297370
206.297370
206.297370
206.297370
206.297370
206.297370
206.297370
206.297370
206.297370
206.297370
206.297370
206.297370
206.297370
206.297370
206.297370
206.297370
206.297370
206.297370
206.297370
206.297370
206.297370
206.297370
206.297370
206.297370
206.297370
206.297370
206.297370
206.297370
206.297370
206.297370
206.297370
206.297370
206.297370
206.297370
206.297370
206.297370
206.297370
206.297370
206.297370
206.297370
206.297370
206.297370
206.297370
206.297370
206.297370
206.297370
206.297370
206.297370
206.297370
206.297370
206.297370
206.297370
206.297370
206.297370
206.297370
206.297370
206.297370
206.297370
206.297370
206.297370
206.297370
206.297370
206.297370
206.297370
206.297370
206.297370
206.297370
206.297370
206.297370
206.297370
206.297370
206.297370
206.297370
206.297370
206.297370
206.297370
206.297370
206.297370
206.297370
206.297370
206.297370
206.297370
206.297370
206.297370
206.297370
206.297370
206.297370
206.297370
206.297370
206.297370
206.297370
206.297370
206.297370
206.297370
206.297370
206.297370
206.297370
206.297370
206.297370
206.297370
206.297370
206.297370
206.297370
206.297370
206.297370
206.297370
206.297370
206.297370
206.297370
206.297370
206.297370
206.297370
206.297370
206.297370
206.297370
206.297370
206.297370
206.297370
206.297370
206.297370
206.297370
206.297370
206.297370
206.297370
206.297370
206.297370
206.297370
206.297370
206.297370
206.297370
206.297370
206.297370
206.297370
206.297370
206.297370
206.297370
206.297370
206.297370
206.297370
206.297370
206.297370
206.297370
206.297370
206.297370
206.297370
206.297370
206.297370
206.297370
206.297370
206.297370
206.297370
206.297370
206.297370
206.297370
206.297370
206.297370
206.297370
206.297370
206.297370
206.297370
206.297370
206.297370
206.297370
206.297370
206.297370
206.297370
206.297370
206.297370
206.297370
206.297370
206.297370
206.297370
206.297370
206.297370
206.297370
206.297370
206.297370
206.297370
206.297370
206.297370
206.297370
206.297370
206.297370
206.297370
206.297370
206.297370
206.297370
206.297370
206.297370
206.297370
206.297370
206.297370
206.297370
206.297370
206.297370
206.297370
206.297370
206.297370
206.297370
206.297370
206.297370
206.297370
206.297370
206.297370
206.297370
206.297370
206.297370
206.297370
206.297370
206.297370
206.297370
206.297370
206.297370
206.297370
206.297370
206.297370
206.297370
206.297370
206.297370
206.297370
206.297370
206.297370
206.297370
206.297370
206.297370
206.297370
206.297370
206.297370
206.297370
206.297370
206.297370
206.297370
206.297370
206.297370
206.297370
206.297370
206.297370
206.297370
206.297370
206.297370
206.297370
206.297370
206.297370
206.297370
206.297370
206.297370
206.297370
206.297370
206.297370
206.297370
206.297370
206.297370
206.297370
206.297370
206.297370
206.297370
206.297370
206.297370
206.297370
206.297370
206.297370
206.297370
206.297370
206.297370
206.297370
206.297370
206.297370
206.297370
206.297370
206.297370
206.297370
206.297370
206.297370
206.297370
206.297370
206.297370
206.297370
206.297370
206.297370
206.297370
206.297370
206.297370
206.297370
206.297370
206.297370
206.297370
206.297370
206.297370
206.297370
206.297370
206.297370
206.297370
206.297370
206.297370
206.297370
206.297370
206.297370
206.297370
206.297370
206.297370
206.297370
206.297370
206.297370
206.297370
206.297370
206.297370
206.297370
206.297370
206.297370
206.297370
206.297370
206.297370
206.297370
206.297370
206.297370
206.297370
206.297370
206.297370
206.297370
206.297370
206.297370
206.297370
206.297370
206.297370
206.297370
206.297370
206.297370
206.297370
206.297370
206.297370
206.297370
206.297370
206.297370
206.297370
206.297370
206.297370
206.297370
206.297370
206.297370
206.297370
206.297370
206.297370
206.297370
204.234396
202.192052
200.170132
198.168430
196.186746
194.224879
192.282630
190.359804
188.456206
186.571644
184.705927
182.858868
181.030279
179.219976
177.427777
175.653499
173.896964
172.157994
170.436414
168.732050
167.044730
165.374282
163.720539
162.083334
160.462501
158.857876
157.269297
155.696604
154.139638
152.598242
151.072259
149.561537
148.065921
146.585262
145.119409
143.668215
142.231533
140.809218
139.401126
138.007114
136.627043
135.260773
133.908165
132.569083
131.243393
129.930959
128.631649
127.345333
126.071879
124.811160
123.563049
122.327418
121.104144
119.893103
118.694172
117.507230
116.332158
115.168836
114.017148
112.876976
111.748207
110.630724
109.524417
108.429173
107.344881
106.271432
105.208718
104.156631
103.115065
102.083914
101.063075
100.052444
99.051920
98.061401
97.080787
96.109979
95.148879
94.197390
93.255416
92.322862
91.399633
90.485637
89.580781
88.684973
87.798123
86.920142
86.050940
85.190431
84.338527
83.495142
82.660190
81.833588
81.015252
80.205100
79.403049
78.609018
77.822928
77.044699
76.274252
75.511509
74.756394
74.008830
73.268742
72.536055
71.810694
71.092587
70.381661
69.677845
68.981066
68.291255
67.608343
66.932260
66.262937
65.600308
64.944304
64.294861
63.651913
63.015394
62.385240
61.761387
61.143773
60.532336
59.927012
59.327742
58.734465
58.147120
57.565649
56.989992
56.420093
55.855892
55.297333
54.744359
54.196916
53.654947
53.118397
52.587213
52.061341
51.540728
51.025320
50.515067
50.009917
49.509817
49.014719
48.524572
48.039326
47.558933
47.083344
46.612510
46.146385
45.684921
45.228072
44.775791
44.328033
43.884753
43.445906
43.011447
42.581332
42.155519
41.733964
41.316624
40.903458
40.494423
40.089479
39.688584
39.291698
38.898781
38.509793
38.124696
37.743449
37.366014
36.992354
36.622430
36.256206
35.893644
35.534708
35.179361
34.827567
34.479291
34.134498
33.793153
33.455222
33.120670
32.789463
32.461568
32.136953
31.815583
31.497427
31.182453
30.870628
30.561922
30.256303
29.953740
29.654202
29.357660
29.064084
28.773443
28.485709
28.200851
27.918843
27.639655
27.363258
27.089625
26.818729
26.550542
26.285036
26.022186
25.761964
25.504345
25.249301
24.996808
24.746840
24.499372
24.254378
24.011834
23.771716
23.533999
23.298659
23.065672
22.835015
22.606665
22.380599
22.156793
21.935225
21.715872
21.498714
21.283727
21.070889
20.860180
20.651579
20.445063
20.240612
20.038206
19.837824
19.639446
19.443051
19.248621
19.056135
18.865573
18.676917
18.490148
18.305247
18.122194
17.940972
17.761563
17.583947
17.408108
17.234027
17.061686
16.891069
16.722159
16.554937
16.389388
16.225494
16.063239
15.902607
15.743580
15.586145
15.430283
15.275980
15.123221
14.971988
14.822268
14.674046
14.527305
14.382032
14.238212
14.095830
13.954872
13.815323
13.677170
13.540398
13.404994
13.270944
13.138235
13.006852
12.876784
12.748016
12.620536
12.494330
12.369387
12.245693
12.123236
12.002004
11.881984
11.763164
11.645532
11.529077
11.413786
11.299648
11.186652
11.074785
10.964038
10.854397
10.745853
10.638395
10.532011
10.426691
10.322424
10.219199
10.117007
10.015837
9.915679
9.816522
9.718357
9.621173
9.524962
9.429712
9.335415
9.242061
9.149640
9.058144
8.967562
8.877887
8.789108
8.701217
8.614205
8.528063
8.442782
8.358354
8.274771
8.192023
8.110103
8.029002
7.948712
7.869225
7.790532
7.712627
7.635501
7.559146
7.483554
7.408719
7.334631
7.261285
7.188672
7.116786
7.045618
6.975162
6.905410
6.836356
6.767992
6.700312
6.633309
6.566976
6.501306
6.436293
6.371930
6.308211
6.245129
6.182678
6.120851
6.059642
5.999046
5.939056
5.879665
5.820868
5.762660
5.705033
5.647983
5.591503
5.535588
5.480232
5.425430
5.371175
5.317464
5.264289
5.211646
5.159530
5.107934
5.056855
5.006286
4.956224
4.906661
4.857595
4.809019
4.760929
4.713319
4.666186
4.619524
4.573329
4.527596
4.482320
4.437497
4.393122
4.349190
4.305698
4.262641
4.220015
4.177815
4.136037
4.094676
4.053730
4.013192
3.973060
3.933330
3.893997
3.855057
3.816506
3.778341
3.740558
3.703152
3.666120
3.629459
3.593165
3.557233
3.521661
3.486444
3.451580
3.417064
3.382893
3.349064
3.315574
3.282418
3.249594
3.217098
3.184927
3.153077
3.121547
3.090331
3.059428
3.028834
2.998545
2.968560
2.938874
2.909486
2.880391
2.851587
2.823071
2.794840
2.766892
2.739223
2.711831
2.684712
2.657865
2.631287
2.604974
2.578924
2.553135
2.527603
2.502327
2.477304
2.452531
2.428006
2.403726
2.379688
2.355892
2.332333
2.309009
2.285919
2.263060
2.240429
2.218025
2.195845
2.173886
2.152148
2.130626
2.109320
2.088227
2.067344
2.046671
2.026204
2.005942
1.985883
1.966024
1.946364
1.926900
1.907631
1.888555
1.869669
1.850972
1.832463
1.814138
1.795997
1.778037
1.760256
1.742654
1.725227
1.707975
1.690895
1.673986
1.657246
1.640674
1.624267
1.608025
1.591944
1.576025
1.560265
1.544662
1.529215
1.513923
1.498784
1.483796
1.468958
1.454269
1.439726
1.425329
1.411075
1.396965
1.382995
1.369165
1.355473
1.341919
1.328499
1.315214
1.302062
1.289042
1.276151
1.263390
1.250756
1.238248
1.225866
1.213607
1.201471
1.189456
1.177562
1.165786
1.154128
1.142587
1.131161
1.119850
1.108651
1.097565
1.086589
1.075723
1.064966
1.054316
1.043773
1.033335
1.023002
1.012772
1.002644
0.992618
0.982692
0.972865
0.963136
0.953505
0.943970
0.934530
0.925185
0.915933
0.906773
0.897706
0.888729
0.879841
0.871043
0.862332
0.853709
0.845172
0.836720
0.828353
0.820070
0.811869
0.803750
0.795713
0.787756
0.779878
0.772079
0.764358
0.756715
0.749148
0.741656
0.734240
0.726897
0.719628
0.712432
0.705308
0.698255
0.691272
0.684359
0.677516
0.670741
0.664033
0.657393
0.650819
0.644311
0.637868
0.631489
0.625174
0.618922
0.612733
0.606606
0.600540
0.594534
0.588589
0.582703
0.576876
0.571107
0.565396
0.559742
0.554145
0.548603
0.543117
0.537686
0.532309
0.526986
0.521716
0.516499
0.511334
0.506221
0.501159
0.496147
0.491186
0.486274
0.481411
0.476597
0.471831
0.467113
0.462442
0.457817
0.453239
0.448707
0.444219
0.439777
0.435380
0.431026
0.426715
0.422448
0.418224
0.414042
0.409901
0.405802
0.401744
0.397727
0.393749
0.389812
0.385914
0.382055
0.378234
0.374452
0.370707
0.367000
0.363330
0.359697
0.356100
0.352539
0.349014
0.345523
0.342068
0.338647
0.335261
0.331908
0.328589
0.325303
0.322050
0.318830
0.315642
0.312485
0.309360
0.306267
0.303204
0.300172
0.297170
0.294199
0.291257
0.288344
0.285461
0.282606
0.279780
0.276982
0.274212
0.271470
0.268755
0.266068
0.263407
0.260773
0.258165
0.255584
0.253028
0.250498
0.247993
0.245513
0.243058
0.240627
0.238221
0.235839
0.233480
0.231145
0.228834
0.226546
0.224280
0.222037
0.219817
0.217619
0.215443
0.213288
0.211155
0.209044
0.206953
0.204884
0.202835
0.200807
0.198799
0.196811
0.194842
0.192894
0.190965
0.189055
0.187165
0.185293
0.183440
0.181606
0.179790
0.177992
0.176212
0.174450
0.172705
0.170978
0.169269
0.167576
0.165900
0.164241
0.162599
0.160973
0.159363
0.157769
0.156192
0.154630
0.153083
0.151553
0.150037
0.148537
0.147051
0.145581
0.144125
0.142684
0.141257
0.139844
0.138446
0.137061
0.135691
0.134334
0.132991
0.131661
0.130344
0.129041
0.127750
0.126473
0.125208
0.123956
0.122716
0.121489
0.120274
0.119072
0.117881
0.116702
0.115535
0.114380
0.113236
0.112104
0.110982
0.109873
0.108774
0.107686
0.106609
0.105543
0.104488
0.103443
0.102408
0.101384
0.100371
0.099367
0.098373
0.097389
0.096416
0.095451
0.094497
0.093552
0.092616
0.091690
0.090773
0.089866
0.088967
0.088077
0.087197
0.086325
0.085461
0.084607
0.083761
0.082923
0.082094
0.081273
0.080460
0.079656
0.078859
0.078070
0.077290
0.076517
0.075752
0.074994
0.074244
0.073502
0.072767
0.072039
0.071319
0.070605
0.069899
0.069200
0.068508
0.067823
0.067145
0.066474
0.065809
0.065151
0.064499
0.063854
0.063216
0.062584
0.061958
0.061338
0.060725
0.060118
0.059516
0.058921
0.058332
0.057749
0.057171
0.056599
0.056033
0.055473
0.054918
0.054369
0.053826
0.053287
0.052754
0.052227
0.051705
0.051188
0.050676
0.050169
0.049667
0.049171
0.048679
0.048192
0.047710
0.047233
0.046761
0.046293
0.045830
0.045372
0.044918
0.044469
0.044024
0.043584
0.043148
0.042717
0.042290
0.041867
0.041448
0.041034
0.040623
0.040217
0.039815
0.039417
0.039022
0.038632
0.038246
0.037863
0.037485
0.037110
0.036739
0.036371
0.036008
0.035648
0.035291
0.034938
0.034589
0.034243
0.033901
0.033562
0.033226
0.032894
0.032565
0.032239
0.031917
0.031598
0.031282
0.030969
0.030659
0.030353
0.030049
0.029748
0.029451
0.029156
0.028865
0.028576
0.028291
0.028008
0.027728
0.027450
0.027176
0.026904
0.026635
0.026369
0.026105
0.025844
0.025585
0.025330
0.025076
0.024826
0.024577
0.024331
0.024088
0.023847
0.023609
0.023373
0.023139
0.022908
0.022679
0.022452
0.022227
0.022005
0.021785
0.021567
0.021351
0.021138
0.020927
0.020717
0.020510
0.020305
0.020102
0.019901
0.019702
0.019505
0.019310
0.019117
0.018926
0.018736
0.018549
0.018363
0.018180
0.017998
0.017818
0.017640
0.017463
0.017289
0.017116
0.016945
0.016775
0.016608
0.016441
0.016277
0.016114
0.015953
0.015794
0.015636
0.015479
0.015325
0.015171
0.015020
0.014869
0.014721
0.014573
0.014428
0.014283
0.014141
0.013999
0.013859
0.013721
0.013583
0.013448
0.013313
0.013180
0.013048
0.012918
0.012789
0.012661
0.012534
0.012409
0.012285
0.012162
0.012040
0.011920
0.011801
0.011683
0.011566
0.011450
0.011336
0.011222
0.011110
0.010999
0.010889
0.010780
0.010672
0.010565
0.010460
0.010355
0.010252
0.010149
0.010048
0.009947
0.009848
0.009749
0.009652
0.009555
0.009460
0.009365
0.009271
0.009179
0.009087
0.008996
0.008906
0.008817
0.008729
0.008642
0.008555
0.008470
0.008385
0.008301
0.008218
0.008136
0.008055
0.007974
0.007894
0.007815
0.007737
0.007660
0.007583
0.007507
0.007432
0.007358
0.007284
0.007212
0.007139
0.007068
0.006997
0.006927
0.006858
0.006790
0.006722
0.006654
0.006588
0.006522
0.006457
0.006392
0.006328
0.006265
0.006202
0.006140
0.006079
0.006018
0.005958
0.005898
0.005839
0.005781
0.005723
0.005666
0.005609
0.005553
0.005498
0.005443
0.005388
0.005334
0.005281
0.005228
0.005176
0.005124
0.005073
0.005022
0.004972
0.004922
0.004873
0.004824
0.004776
0.004728
0.004681
0.004634
0.004588
0.004542
0.004497
0.004452
0.004407
0.004363
0.004319
0.004276
0.004233
0.004191
0.004149
0.004108
0.004067
0.004026
0.003986
0.003946
0.003906
0.003867
0.003829
0.003790
0.003752
0.003715
0.003678
0.003641
0.003605
0.003569
0.003533
0.003498
0.003463
0.003428
0.003394
0.003360
0.003326
0.003293
0.003260
0.003227
0.003195
0.003163
0.003131
0.003100
0.003069
0.003038
0.003008
0.002978
0.002948
0.002919
0.002890
0.002861
0.002832
0.002804
0.002776
0.002748
0.002720
0.002693
0.002666
0.002640
0.002613
0.002587
0.002561
0.002536
0.002510
0.002485
0.002460
0.002436
0.002411
0.002387
0.002363
0.002340
0.002316
0.002293
0.002270
0.002248
0.002225
0.002203
0.002181
0.002159
0.002137
0.002116
0.002095
0.002074
0.002053
0.002033
0.002012
0.001992
0.001972
0.001953
0.001933
0.001914
0.001895
0.001876
0.001857
0.001838
0.001820
0.001802
0.001784
0.001766
0.001748
0.001731
0.001713
0.001696
0.001679
0.001663
0.001646
0.001629
0.001613
0.001597
0.001581
0.001565
0.001550
0.001534
0.001519
0.001504
0.001489
0.001474
0.001459
0.001444
0.001430
0.001416
0.001401
0.001387
0.001374
0.001360
0.001346
0.001333
0.001319
0.001306
0.001293
0.001280
0.001267
0.001255
0.001242
0.001230
0.001217
0.001205
0.001193
0.001181
0.001169
0.001158
0.001146
0.001135
0.001123
0.001112
0.001101
0.001090
0.001079
0.001068
0.001058
0.001047
0.001037
0.001026
0.001016
0.001006
0.000996
0.000986
0.000976
0.000966
0.000957
0.000947
0.000938
0.000928
0.000919
0.000910
0.000901
0.000892
0.000883
0.000874
0.000865
0.000856
0.000848
0.000839
0.000831
0.000823
0.000814
0.000806
0.000798
0.000790
0.000782
0.000775
0.000767
0.000759
0.000752
0.000744
0.000737
0.000729
0.000722
0.000715
0.000708
0.000700
0.000693
0.000687
0.000680
0.000673
0.000666
0.000659
0.000653
0.000646
0.000640
0.000633
0.000627
0.000621
0.000615
0.000609
0.000602
0.000596
0.000590
0.000585
0.000579
0.000573
0.000567
0.000562
0.000556
0.000550
0.000545
0.000539
0.000534
0.000529
0.000523
0.000518
0.000513
0.000508
0.000503
0.000498
0.000493
0.000488
0.000483
0.000478
0.000473
0.000469
0.000464
0.000459
0.000455
0.000450
0.000446
0.000441
0.000437
0.000432
0.000428
0.000424
0.000420
0.000415
0.000411
0.000407
0.000403
0.000399
0.000395
0.000391
0.000387
0.000383
0.000379
0.000376
0.000372
0.000368
0.000364
0.000361
0.000357
0.000354
0.000350
0.000347
0.000343
0.000340
0.000336
0.000333
0.000330
0.000326
0.000323
0.000320
0.000317
0.000313
0.000310
0.000307
0.000304
0.000301
0.000298
0.000295
0.000292
0.000289
0.000286
0.000284
0.000281
0.000278
0.000275
0.000272
0.000270
0.000267
0.000264
0.000262
0.000259
0.000256
0.000254
0.000251
0.000249
0.000246
0.000244
0.000241
0.000239
0.000237
0.000234
0.000232
0.000230
0.000227
0.000225
0.000223
0.000221
0.000218
0.000216
0.000214
0.000212
0.000210
0.000208
0.000206
0.000203
0.000201
0.000199
0.000197
0.000195
0.000194
0.000192
0.000190
0.000188
0.000186
0.000184
0.000182
0.000180
0.000179
0.000177
0.000175
0.000173
0.000172
0.000170
0.000168
0.000166
0.000165
0.000163
0.000161
0.000160
0.000158
0.000157
0.000155
0.000154
0.000152
0.000151
0.000149
0.000148
0.000146
0.000145
0.000143
0.000142
0.000140
0.000139
0.000137
0.000136
0.000135
0.000133
0.000132
0.000131
0.000129
0.000128
0.000127
0.000126
0.000124
0.000123
0.000122
0.000121
0.000119
0.000118
0.000117
0.000116
0.000115
0.000114
0.000112
0.000111
0.000110
0.000109
0.000108
0.000107
0.000106
0.000105
0.000104
0.000103
0.000102
0.000101
0.000100
0.000099
0.000098
0.000097
0.000096
0.000095
0.000094
0.000093
0.000092
0.000091
0.000090
0.000089
0.000088
0.000087
0.000087
0.000086
0.000085
0.000084
0.000083
0.000082
0.000082
0.000081
0.000080
0.000079
0.000078
0.000078
0.000077
0.000076
0.000075
0.000074
0.000074
0.000073
0.000072
0.000072
0.000071
0.000070
0.000069
0.000069
0.000068
0.000067
0.000067
0.000066
0.000065
0.000065
0.000064
0.000063
0.000063
0.000062
0.000062
0.000061
0.000060
0.000060
0.000059
0.000059
0.000058
0.000057
0.000057
0.000056
0.000056
0.000055
0.000055
0.000054
0.000053
0.000053
0.000052
0.000052
0.000051
0.000051
0.000050
0.000050
0.000049
0.000049
0.000048
0.000048
0.000047
0.000047
0.000046
0.000046
0.000046
0.000045
0.000045
0.000044
0.000044
0.000043
0.000043
0.000042
0.000042
0.000042
0.000041
0.000041
0.000040
0.000040
0.000040
0.000039
0.000039
0.000038
0.000038
0.000038
0.000037
0.000037
0.000036
0.000036
0.000036
0.000035
0.000035
0.000035
0.000034
0.000034
0.000034
0.000033
0.000033
0.000033
0.000032
0.000032
0.000032
0.000031
0.000031
0.000031
0.000030
0.000030
0.000030
0.000030
0.000029
0.000029
0.000029
0.000028
0.000028
0.000028
0.000028
0.000027
0.000027
0.000027
0.000026
0.000026
0.000026
0.000026
0.000025
0.000025
0.000025
0.000025
0.000024
0.000024
0.000024
0.000024
0.000023
0.000023
0.000023
0.000023
0.000023
0.000022
0.000022
0.000022
0.000022
0.000021
0.000021
0.000021
0.000021
0.000021
0.000020
0.000020
0.000020
0.000020
0.000020
0.000019
0.000019
0.000019
0.000019
0.000019
0.000018
0.000018
0.000018
0.000018
0.000018
0.000018
0.000017
0.000017
0.000017
0.000017
0.000017
0.000016
0.000016
0.000016
0.000016
0.000016
0.000016
0.000016
0.000015
0.000015
0.000015
0.000015
0.000015
0.000015
0.000014
0.000014
0.000014
0.000014
0.000014
0.000014
0.000014
0.000013
0.000013
0.000013
0.000013
0.000013
0.000013
0.000013
0.000013
0.000012
0.000012
0.000012
0.000012
0.000012
0.000012
0.000012
0.000012
0.000011
0.000011
0.000011
0.000011
0.000011
0.000011
0.000011
0.000011
0.000011
0.000010
0.000010
0.000010
0.000010
0.000010
0.000010
0.000010
0.000010
0.000010
0.000010
0.000009
0.000009
0.000009
0.000009
0.000009
0.000009
0.000009
0.000009
0.000009
0.000009
0.000009
0.000008
0.000008
0.000008
0.000008
0.000008
0.000008
0.000008
0.000008
0.000008
0.000008
0.000008
0.000008
0.000008
0.000007
0.000007
0.000007
0.000007
0.000007
0.000007
0.000007
0.000007
0.000007
0.000007
0.000007
0.000007
0.000007
0.000007
0.000006
0.000006
0.000006
0.000006
0.000006
0.000006
0.000006
0.000006
0.000006
0.000006
0.000006
0.000006
0.000006
0.000006
0.000006
0.000006
0.000006
0.000005
0.000005
0.000005
0.000005
0.000005
0.000005
0.000005
0.000005
0.000005
0.000005
0.000005
0.000005
0.000005
0.000005
0.000005
0.000005
0.000005
0.000005
0.000005
0.000005
0.000004
0.000004
0.000004
0.000004
0.000004
0.000004
0.000004
0.000004
0.000004
0.000004
0.000004
0.000004
0.000004
0.000004
0.000004
0.000004
0.000004
0.000004
0.000004
0.000004
0.000004
0.000004
0.000004
0.000004
0.000004
0.000003
0.000003
0.000003
0.000003
0.000003
0.000003
0.000003
0.000003
0.000003
0.000003
0.000003
0.000003
0.000003
0.000003
0.000003
0.000003
0.000003
0.000003
0.000003
0.000003
0.000003
0.000003
0.000003
0.000003
0.000003
0.000003
0.000003
0.000003
0.000003
0.000003
0.000003
0.000003
0.000003
0.000002
0.000002
0.000002
0.000002
0.000002
0.000002
0.000002
0.000002
0.000002
0.000002
0.000002
0.000002
0.000002
0.000002
0.000002
0.000002
0.000002
0.000002
0.000002
0.000002
0.000002
0.000002
0.000002
0.000002
0.000002
0.000002
0.000002
0.000002
0.000002
0.000002
0.000002
0.000002
0.000002
0.000002
0.000002
0.000002
0.000002
0.000002
0.000002
0.000002
0.000002
0.000002
0.000002
0.000002
0.000002
0.000002
0.000002
0.000002
0.000002
0.000002
0.000002
0.000001
0.000001
0.000001
0.000001
0.000001
0.000001
0.000001
0.000001
0.000001
0.000001
0.000001
0.000001
0.000001
0.000001
0.000001
0.000001
0.000001
0.000001
0.000001
0.000001
0.000001
0.000001
0.000001
0.000001
0.000001
0.000001
0.000001
0.000001
0.000001
0.000001
0.000001
0.000001
0.000001
0.000001
0.000001
0.000001
0.000001
0.000001
0.000001
0.000001
0.000001
0.000001
0.000001
0.000001
0.000001
0.000001
0.000001
0.000001
0.000001
0.000001
0.000001
0.000001
0.000001
0.000001
0.000001
0.000001
0.000001
0.000001
0.000001
0.000001
0.000001
0.000001
0.000001
0.000001
0.000001
0.000001
0.000001
0.000001
0.000001
0.000001
0.000001
0.000001
0.000001
0.000001
0.000001
0.000001
0.000001
0.000001
0.000001
0.000001
0.000001
0.000001
0.000001
0.000001
0.000001
0.000001
0.000001
0.000001
0.000001
0.000001
0.000001
0.000001
0.000001
0.000001
0.000001
0.000001
0.000001
0.000001
0.000001
0.000001
0.000001
0.000001
0.000001
0.000001
0.000001
0.000001
0.000001
0.000001
0.000001
0.000000
0.000000
0.000000
0.000000
0.000000
0.000000
0.000000
0.000000
0.000000
0.000000
0.000000
0.000000
0.000000
0.000000
0.000000
0.000000
0.000000
0.000000
0.000000
0.000000
0.000000
0.000000
0.000000
0.000000
0.000000
0.000000
0.000000
0.000000
0.000000
0.000000
0.000000
0.000000
0.000000
0.000000
0.000000
0.000000
0.000000
0.000000
0.000000
0.000000
0.000000
0.000000
0.000000
0.000000
0.000000
0.000000
0.000000
0.000000
0.000000
0.000000
0.000000
0.000000
0.000000
0.000000
0.000000
0.000000
0.000000
0.000000
0.000000
0.000000
0.000000
0.000000
0.000000
0.000000
0.000000
0.000000
0.000000
0.000000
0.000000
0.000000
0.000000
0.000000
0.000000
0.000000
0.000000
0.000000
0.000000
0.000000
0.000000
0.000000
0.000000
0.000000
0.000000
0.000000
0.000000
0.000000
0.000000
0.000000
0.000000
0.000000
0.000000
0.000000
0.000000
0.000000
0.000000
0.000000
0.000000
0.000000
0.000000
0.000000
0.000000
0.000000
0.000000
0.000000
0.000000
0.000000
0.000000
0.000000
0.000000
0.000000
0.000000
0.000000
0.000000
0.000000
0.000000
0.000000
0.000000
0.000000
0.000000
0.000000
0.000000
0.000000
0.000000
0.000000
0.000000
0.000000
0.000000
0.000000
0.000000
0.000000
0.000000
0.000000
0.000000
0.000000
0.000000
0.000000
0.000000
0.000000
0.000000
0.000000
0.000000
0.000000
0.000000
0.000000
0.000000
0.000000
0.000000
0.000000
0.000000
0.000000
0.000000
0.000000
0.000000
0.000000
0.000000
0.000000
0.000000
0.000000
0.000000
0.000000
0.000000
0.000000
0.000000
0.000000
0.000000
0.000000
0.000000
0.000000
0.000000
0.000000
0.000000
0.000000
0.000000
0.000000
0.000000
0.000000
0.000000
0.000000
0.000000
0.000000
0.000000
0.000000
0.000000
0.000000
0.000000
0.000000
0.000000
0.000000
0.000000
0.000000
0.000000
0.000000
0.000000
0.000000
0.000000
0.000000
0.000000
0.000000
0.000000
0.000000
0.000000
0.000000
0.000000
0.000000
0.000000
0.000000
0.000000
0.000000
0.000000
0.000000
0.000000
0.000000
0.000000
0.000000
0.000000
0.000000
0.000000
0.000000
0.000000
0.000000
0.000000
0.000000
0.000000
0.000000
0.000000
0.000000
0.000000
0.000000
0.000000
0.000000
0.000000
0.000000
0.000000
0.000000
0.000000
0.000000
0.000000
0.000000
0.000000
0.000000
0.000000
0.000000
0.000000
0.000000
0.000000
0.000000
0.000000
0.000000
0.000000
0.000000
0.000000
0.000000
0.000000
0.000000
0.000000
0.000000
0.000000
0.000000
0.000000
0.000000
0.000000
0.000000
0.000000
0.000000
0.000000
0.000000
0.000000
0.000000
0.000000
0.000000
0.000000
0.000000
0.000000
0.000000
0.000000
0.000000
0.000000
0.000000
0.000000
0.000000
0.000000
0.000000
0.000000
0.000000
0.000000
0.000000
0.000000
0.000000
0.000000
0.000000
0.000000
0.000000
0.000000
0.000000
0.000000
0.000000
0.000000
0.000000
0.000000
0.000000
0.000000
0.000000
0.000000
0.000000
0.000000
0.000000
0.000000
0.000000
0.000000
0.000000
0.000000
0.000000
0.000000
0.000000
0.000000
0.000000
0.000000
0.000000
0.000000
0.000000
0.000000
0.000000
0.000000
0.000000
0.000000
0.000000
0.000000
0.000000
0.000000
0.000000
0.000000
0.000000
0.000000
0.000000
0.000000
0.000000
0.000000
0.000000
0.000000
0.000000
0.000000
0.000000
0.000000
0.000000
0.000000
0.000000
0.000000
0.000000
0.000000
0.000000
0.000000
0.000000
0.000000
0.000000
0.000000
0.000000
0.000000
0.000000
0.000000
0.000000
0.000000
0.000000
0.000000
0.000000
0.000000
0.000000
0.000000
0.000000
0.000000
0.000000
0.000000
0.000000
0.000000
0.000000
0.000000
0.000000
0.000000
0.000000
0.000000
0.000000
0.000000
0.000000
0.000000
0.000000
0.000000
0.000000
0.000000
0.000000
0.000000
0.000000
0.000000
0.000000
0.000000
0.000000
0.000000
0.000000
0.000000
0.000000
0.000000
0.000000
0.000000
0.000000
0.000000
0.000000
0.000000
0.000000
0.000000
0.000000
0.000000
0.000000
0.000000
0.000000
0.000000
0.000000
0.000000
0.000000
0.000000
0.000000
0.000000
0.000000
0.000000
0.000000
0.000000
0.000000
0.000000
0.000000
0.000000
0.000000
0.000000
0.000000
0.000000
0.000000
0.000000
0.000000
0.000000
0.000000
0.000000
0.000000
0.000000
0.000000
0.000000
0.000000
0.000000
0.000000
0.000000
0.000000
0.000000
0.000000
0.000000
0.000000
0.000000
0.000000
0.000000
0.000000
0.000000
0.000000
0.000000
0.000000
0.000000
0.000000
0.000000
0.000000
0.000000
0.000000
0.000000
0.000000
0.000000
0.000000
0.000000
0.000000
0.000000
0.000000
0.000000
0.000000
0.000000
0.000000
0.000000
0.000000
0.000000
0.000000
0.000000
0.000000
0.000000
0.000000
0.000000
0.000000
0.000000
0.000000
0.000000
0.000000
0.000000
0.000000
0.000000
0.000000
0.000000
0.000000
0.000000
0.000000
0.000000
0.000000
0.000000
0.000000
0.000000
0.000000
0.000000
0.000000
0.000000
0.000000
0.000000
0.000000
0.000000
0.000000
0.000000
0.000000
0.000000
0.000000
0.000000
0.000000
0.000000
0.000000
0.000000
0.000000
0.000000
0.000000
0.000000
0.000000
0.000000
0.000000
0.000000
0.000000
0.000000
0.000000
0.000000
0.000000
0.000000
0.000000
0.000000
0.000000
0.000000
0.000000
0.000000
0.000000
0.000000
0.000000
0.000000
0.000000
0.000000
0.000000
0.000000
0.000000
0.000000
0.000000
0.000000
0.000000
0.000000
0.000000
0.000000
0.000000
0.000000
0.000000
0.000000
0.000000
0.000000
0.000000
0.000000
0.000000
0.000000
0.000000
0.000000
0.000000
0.000000
0.000000
0.000000
0.000000
0.000000
0.000000
0.000000
0.000000
0.000000
0.000000
0.000000
0.000000
0.000000
0.000000
0.000000
0.000000
0.000000
0.000000
0.000000
0.000000
0.000000
0.000000
0.000000
0.000000
0.000000
0.000000
0.000000
0.000000
0.000000
0.000000
0.000000
0.000000
0.000000
0.000000
0.000000
0.000000
0.000000
0.000000
0.000000
0.000000
0.000000
0.000000
0.000000
0.000000
0.000000
0.000000
0.000000
0.000000
0.000000
0.000000
0.000000
0.000000
0.000000
0.000000
0.000000
0.000000
0.000000
0.000000
0.000000
0.000000
0.000000
0.000000
0.000000
0.000000
0.000000
0.000000
0.000000
0.000000
0.000000
0.000000
0.000000
0.000000
0.000000
0.000000
0.000000
0.000000
0.000000
0.000000
0.000000
0.000000
0.000000
0.000000
0.000000
0.000000
0.000000
0.000000
0.000000
0.000000
0.000000
0.000000
0.000000
0.000000
0.000000
0.000000
0.000000
0.000000
0.000000
0.000000
0.000000
0.000000
0.000000
0.000000
0.000000
0.000000
0.000000
0.000000
0.000000
0.000000
0.000000
0.000000
0.000000
0.000000
0.000000
0.000000
0.000000
0.000000
0.000000
0.000000
0.000000
0.000000
0.000000
0.000000
0.000000
0.000000
0.000000
0.000000
0.000000
0.000000
0.000000
0.000000
0.000000
0.000000
0.000000
0.000000
0.000000
0.000000
0.000000
0.000000
0.000000
0.000000
0.000000
0.000000
0.000000
0.000000
0.000000
0.000000
0.000000
0.000000
0.000000
0.000000
0.000000
0.000000
0.000000
0.000000
0.000000
0.000000
0.000000
0.000000
0.000000
0.000000
0.000000
0.000000
0.000000
0.000000
0.000000
0.000000
0.000000
0.000000
0.000000
0.000000
0.000000
0.000000
0.000000
0.000000
0.000000
0.000000
0.000000
0.000000
0.000000
0.000000
0.000000
0.000000
0.000000
0.000000
0.000000
0.000000
0.000000
0.000000
0.000000
0.000000
0.000000
0.000000
0.000000
0.000000
0.000000
0.000000
0.000000
0.000000
0.000000
0.000000
0.000000
0.000000
0.000000
0.000000
0.000000
0.000000
0.000000
0.000000
0.000000
0.000000
0.000000
0.000000
0.000000
0.000000
0.000000
0.000000
0.000000
0.000000
0.000000
0.000000
0.000000
0.000000
0.000000
0.000000
0.000000
0.000000
0.000000
0.000000
0.000000
0.000000
0.000000
0.000000
0.000000
0.000000
0.000000
0.000000
0.000000
0.000000
0.000000
0.000000
0.000000
0.000000
0.000000
0.000000
0.000000
0.000000
0.000000
0.000000
0.000000
0.000000
0.000000
0.000000
0.000000
0.000000
0.000000
0.000000
0.000000
0.000000
0.000000
0.000000
0.000000
0.000000
0.000000
0.000000
0.000000
0.000000
0.000000
0.000000
0.000000
0.000000
0.000000
0.000000
0.000000
0.000000
0.000000
0.000000
0.000000
0.000000
0.000000
0.000000
0.000000
0.000000
0.000000
0.000000
0.000000
0.000000
0.000000
0.000000
0.000000
0.000000
0.000000
0.000000
0.000000
0.000000
0.000000
0.000000
0.000000
0.000000
0.000000
0.000000
0.000000
0.000000
0.000000
0.000000
0.000000
0.000000
0.000000
0.000000
0.000000
0.000000
0.000000
0.000000
0.000000
0.000000
0.000000
0.000000
0.000000
0.000000
0.000000
0.000000
0.000000
0.000000
0.000000
0.000000
0.000000
0.000000
0.000000
0.000000
0.000000
0.000000
0.000000
0.000000
0.000000
0.000000
0.000000
0.000000
0.000000
0.000000
0.000000
0.000000
0.000000
0.000000
0.000000
0.000000
0.000000
0.000000
0.000000
0.000000
0.000000
0.000000
0.000000
0.000000
0.000000
0.000000
0.000000
0.000000
0.000000
0.000000
0.000000
0.000000
0.000000
0.000000
0.000000
0.000000
0.000000
0.000000
0.000000
0.000000
0.000000
0.000000
0.000000
0.000000
0.000000
0.000000
0.000000
0.000000
0.000000
0.000000
0.000000
0.000000
0.000000
0.000000
0.000000
0.000000
0.000000
0.000000
0.000000
0.000000
0.000000
0.000000
0.000000
0.000000
0.000000
0.000000
0.000000
0.000000
0.000000
0.000000
0.000000
0.000000
0.000000
0.000000
0.000000
0.000000
0.000000
0.000000
0.000000
0.000000
0.000000
0.000000
0.000000
0.000000
0.000000
0.000000
0.000000
0.000000
0.000000
0.000000
0.000000
0.000000
0.000000
0.000000
0.000000
0.000000
0.000000
0.000000
0.000000
0.000000
0.000000
0.000000
0.000000
0.000000
0.000000
0.000000
0.000000
0.000000
0.000000
0.000000
0.000000
0.000000
0.000000
0.000000
0.000000
0.000000
0.000000
0.000000
0.000000
0.000000
0.000000
0.000000
0.000000
0.000000
0.000000
0.000000
0.000000
0.000000
0.000000
0.000000
0.000000
0.000000
0.000000
0.000000
0.000000
0.000000
0.000000
0.000000
0.000000
0.000000
0.000000
0.000000
0.000000
0.000000
0.000000
0.000000
0.000000
0.000000
0.000000
0.000000
0.000000
0.000000
0.000000
0.000000
0.000000
0.000000
0.000000
0.000000
0.000000
0.000000
0.000000
0.000000
0.000000
0.000000
0.000000
0.000000
0.000000
0.000000
0.000000
0.000000
0.000000
0.000000
0.000000
0.000000
0.000000
0.000000
0.000000
0.000000
0.000000
0.000000
0.000000
0.000000
0.000000
0.000000
0.000000
0.000000
0.000000
0.000000
0.000000
0.000000
0.000000
0.000000
0.000000
0.000000
0.000000
0.000000
0.000000
0.000000
0.000000
0.000000
0.000000
0.000000
0.000000
0.000000
0.000000
0.000000
0.000000
0.000000
0.000000
0.000000
0.000000
0.000000
0.000000
0.000000
0.000000
0.000000
0.000000
0.000000
0.000000
0.000000
0.000000
0.000000
0.000000
0.000000
0.000000
0.000000
0.000000
0.000000
0.000000
0.000000
0.000000
0.000000
0.000000
0.000000
0.000000
0.000000
0.000000
0.000000
0.000000
0.000000
0.000000
0.000000
0.000000
0.000000
0.000000
0.000000
0.000000
0.000000
0.000000
0.000000
0.000000
0.000000
0.000000
0.000000
0.000000
0.000000
0.000000
0.000000
0.000000
0.000000
0.000000
0.000000
0.000000
0.000000
0.000000
0.000000
0.000000
0.000000
0.000000
0.000000
0.000000
0.000000
0.000000
0.000000
0.000000
0.000000
0.000000
0.000000
0.000000
0.000000
0.000000
0.000000
0.000000
0.000000
0.000000
0.000000
0.000000
0.000000
0.000000
0.000000
0.000000
0.000000
0.000000
0.000000
0.000000
0.000000
0.000000
0.000000
0.000000
0.000000
0.000000
0.000000
0.000000
0.000000
0.000000
0.000000
0.000000
0.000000
0.000000
0.000000
0.000000
0.000000
0.000000
0.000000
0.000000
0.000000
0.000000
0.000000
0.000000
0.000000
0.000000
0.000000
0.000000
0.000000
0.000000
0.000000
0.000000
0.000000
0.000000
0.000000
0.000000
0.000000
0.000000
0.000000
0.000000
0.000000
0.000000
0.000000
0.000000
0.000000
0.000000
0.000000
0.000000
0.000000
0.000000
0.000000
0.000000
0.000000
0.000000
0.000000
0.000000
0.000000
0.000000
0.000000
0.000000
0.000000
0.000000
0.000000
0.000000
0.000000
0.000000
0.000000
0.000000
0.000000
0.000000
0.000000
0.000000
0.000000
0.000000
0.000000
0.000000
0.000000
0.000000
0.000000
0.000000
0.000000
0.000000
0.000000
0.000000
0.000000
0.000000
0.000000
0.000000
0.000000
0.000000
0.000000
0.000000
0.000000
0.000000
0.000000
0.000000
0.000000
0.000000
0.000000
0.000000
0.000000
0.000000
0.000000
0.000000
0.000000
0.000000
0.000000
0.000000
0.000000
0.000000
0.000000
0.000000
0.000000
0.000000
0.000000
0.000000
0.000000
0.000000
0.000000
0.000000
0.000000
0.000000
0.000000
0.000000
0.000000
0.000000
0.000000
0.000000
0.000000
0.000000
0.000000
0.000000
0.000000
0.000000
0.000000
0.000000
0.000000
0.000000
0.000000
0.000000
0.000000
0.000000
0.000000
0.000000
0.000000
0.000000
0.000000
0.000000
0.000000
0.000000
0.000000
0.000000
0.000000
0.000000
0.000000
0.000000
0.000000
0.000000
0.000000
0.000000
0.000000
0.000000
0.000000
0.000000
0.000000
0.000000
0.000000
0.000000
0.000000
0.000000
0.000000
0.000000
0.000000
0.000000
0.000000
0.000000
0.000000
0.000000
0.000000
0.000000
0.000000
0.000000
0.000000
0.000000
0.000000
0.000000
0.000000
0.000000
0.000000
0.000000
0.000000
0.000000
0.000000
0.000000
0.000000
0.000000
0.000000
0.000000
0.000000
0.000000
0.000000
0.000000
0.000000
0.000000
0.000000
0.000000
0.000000
0.000000
0.000000
0.000000
0.000000
0.000000
0.000000
0.000000
0.000000
0.000000
0.000000
0.000000
0.000000
0.000000
0.000000
0.000000
0.000000
0.000000
0.000000
0.000000
0.000000
0.000000
0.000000
0.000000
0.000000
0.000000
0.000000
0.000000
0.000000
0.000000
0.000000
0.000000
0.000000
0.000000
0.000000
0.000000
0.000000
0.000000
0.000000
0.000000
0.000000
0.000000
0.000000
0.000000
0.000000
0.000000
0.000000
0.000000
0.000000
0.000000
0.000000
0.000000
0.000000
0.000000
0.000000
0.000000
0.000000
0.000000
0.000000
0.000000
0.000000
0.000000
0.000000
0.000000
0.000000
0.000000
0.000000
0.000000
0.000000
0.000000
0.000000
0.000000
0.000000
0.000000
0.000000
0.000000
0.000000
0.000000
0.000000
0.000000
0.000000
0.000000
0.000000
0.000000
0.000000
0.000000
0.000000
0.000000
0.000000
0.000000
0.000000
0.000000
0.000000
0.000000
0.000000
0.000000
0.000000
0.000000
0.000000
0.000000
0.000000
0.000000
0.000000
0.000000
0.000000
0.000000
0.000000
0.000000
0.000000
0.000000
0.000000
0.000000
0.000000
0.000000
0.000000
0.000000
0.000000
0.000000
0.000000
0.000000
0.000000
0.000000
0.000000
0.000000
0.000000
0.000000
0.000000
0.000000
0.000000
0.000000
0.000000
0.000000
0.000000
0.000000
0.000000
0.000000
0.000000
0.000000
0.000000
0.000000
0.000000
0.000000
0.000000
0.000000
0.000000
0.000000
0.000000
0.000000
0.000000
0.000000
0.000000
0.000000
0.000000
0.000000
0.000000
0.000000
0.000000
0.000000
0.000000
0.000000
0.000000
0.000000
0.000000
0.000000
0.000000
0.000000
0.000000
0.000000
0.000000
0.000000
0.000000
0.000000
0.000000
0.000000
0.000000
0.000000
0.000000
0.000000
0.000000
0.000000
0.000000
0.000000
0.000000
0.000000
0.000000
0.000000
0.000000
0.000000
0.000000
0.000000
0.000000
0.000000
0.000000
0.000000
0.000000
0.000000
0.000000
0.000000
0.000000
0.000000
0.000000
0.000000
0.000000
0.000000
0.000000
0.000000
0.000000
0.000000
0.000000
0.000000
0.000000
0.000000
0.000000
0.000000
0.000000
0.000000
0.000000
0.000000
0.000000
0.000000
0.000000
0.000000
0.000000
0.000000
0.000000
0.000000
0.000000
0.000000
0.000000
0.000000
0.000000
0.000000
0.000000
0.000000
0.000000
0.000000
0.000000
0.000000
0.000000
0.000000
0.000000
0.000000
0.000000
0.000000
0.000000
0.000000
0.000000
0.000000
0.000000
0.000000
0.000000
0.000000
0.000000
0.000000
0.000000
0.000000
0.000000
0.000000
0.000000
0.000000
0.000000
0.000000
0.000000
0.000000
0.000000
0.000000
0.000000
0.000000
0.000000
0.000000
0.000000
0.000000
0.000000
0.000000
0.000000
0.000000
0.000000
0.000000
0.000000
0.000000
0.000000
0.000000
0.000000
0.000000
0.000000
0.000000
0.000000
0.000000
0.000000
0.000000
0.000000
0.000000
0.000000
0.000000
0.000000
0.000000
0.000000
0.000000
0.000000
0.000000
0.000000
0.000000
0.000000
0.000000
0.000000
0.000000
0.000000
0.000000
0.000000
0.000000
0.000000
0.000000
0.000000
0.000000
0.000000
0.000000
0.000000
0.000000
0.000000
0.000000
0.000000
0.000000
0.000000
0.000000
0.000000
0.000000
0.000000
0.000000
0.000000
0.000000
0.000000
0.000000
0.000000
0.000000
0.000000
0.000000
0.000000
0.000000
0.000000
0.000000
0.000000
0.000000
0.000000
0.000000
0.000000
0.000000
0.000000
0.000000
0.000000
0.000000
0.000000
0.000000
0.000000
0.000000
0.000000
0.000000
0.000000
0.000000
0.000000
0.000000
0.000000
0.000000
0.000000
0.000000
0.000000
0.000000
0.000000
0.000000
0.000000
0.000000
0.000000
0.000000
0.000000
0.000000
0.000000
0.000000
0.000000
0.000000
0.000000
0.000000
0.000000
0.000000
0.000000
0.000000
0.000000
0.000000
0.000000
0.000000
0.000000
0.000000
0.000000
0.000000
0.000000
0.000000
0.000000
0.000000
0.000000
0.000000
0.000000
0.000000
0.000000
0.000000
0.000000
0.000000
0.000000
0.000000
0.000000
0.000000
0.000000
0.000000
0.000000
0.000000
0.000000
0.000000
0.000000
0.000000
0.000000
0.000000
0.000000
0.000000
0.000000
0.000000
0.000000
0.000000
0.000000
0.000000
0.000000
0.000000
0.000000
0.000000
0.000000
0.000000
0.000000
0.000000
0.000000
0.000000
0.000000
0.000000
0.000000
0.000000
0.000000
0.000000
0.000000
0.000000
0.000000
0.000000
0.000000
0.000000
0.000000
0.000000
0.000000
0.000000
0.000000
0.000000
0.000000
0.000000
0.000000
0.000000
0.000000
0.000000
0.000000
0.000000
0.000000
0.000000
0.000000
0.000000
0.000000
0.000000
0.000000
0.000000
0.000000
0.000000
0.000000
0.000000
0.000000
0.000000
0.000000
0.000000
0.000000
0.000000
0.000000
0.000000
0.000000
0.000000
0.000000
0.000000
0.000000
0.000000
0.000000
0.000000
0.000000
0.000000
0.000000
0.000000
0.000000
0.000000
0.000000
0.000000
0.000000
0.000000
0.000000
0.000000
0.000000
0.000000
0.000000
0.000000
0.000000
0.000000
0.000000
0.000000
0.000000
0.000000
0.000000
0.000000
0.000000
0.000000
0.000000
0.000000
0.000000
0.000000
0.000000
0.000000
0.000000
0.000000
0.000000
0.000000
0.000000
0.000000
0.000000
0.000000
0.000000
0.000000
0.000000
0.000000
0.000000
0.000000
0.000000
0.000000
0.000000
0.000000
0.000000
0.000000
0.000000
0.000000
0.000000
0.000000
0.000000
0.000000
0.000000
0.000000
0.000000
0.000000
0.000000
0.000000
0.000000
0.000000
0.000000
0.000000
0.000000
0.000000
0.000000
0.000000
0.000000
0.000000
0.000000
0.000000
0.000000
0.000000
0.000000
0.000000
0.000000
0.000000
0.000000
0.000000
0.000000
0.000000
0.000000
0.000000
0.000000
0.000000
0.000000
0.000000
0.000000
0.000000
0.000000
0.000000
0.000000
0.000000
0.000000
0.000000
0.000000
0.000000
0.000000
0.000000
0.000000
0.000000
0.000000
0.000000
0.000000
0.000000
0.000000
0.000000
0.000000
0.000000
0.000000
0.000000
0.000000
0.000000
0.000000
0.000000
0.000000
0.000000
0.000000
0.000000
0.000000
0.000000
0.000000
0.000000
0.000000
0.000000
0.000000
0.000000
0.000000
0.000000
0.000000
0.000000
0.000000
0.000000
0.000000
0.000000
0.000000
0.000000
0.000000
0.000000
0.000000
0.000000
0.000000
0.000000
0.000000
0.000000
0.000000
0.000000
0.000000
0.000000
0.000000
0.000000
0.000000
0.000000
0.000000
0.000000
0.000000
0.000000
0.000000
0.000000
0.000000
0.000000
0.000000
0.000000
0.000000
0.000000
0.000000
0.000000
0.000000
0.000000
0.000000
0.000000
0.000000
0.000000
0.000000
0.000000
0.000000
0.000000
0.000000
0.000000
0.000000
0.000000
0.000000
0.000000
0.000000
0.000000
0.000000
0.000000
0.000000
0.000000
0.000000
0.000000
0.000000
0.000000
0.000000
0.000000
0.000000
0.000000
0.000000
0.000000
0.000000
0.000000
0.000000
0.000000
0.000000
0.000000
0.000000
0.000000
0.000000
0.000000
0.000000
0.000000
0.000000
0.000000
0.000000
0.000000
0.000000
0.000000
0.000000
0.000000
0.000000
0.000000
0.000000
0.000000
0.000000
0.000000
0.000000
0.000000
0.000000
0.000000
0.000000
0.000000
0.000000
0.000000
0.000000
0.000000
0.000000
0.000000
0.000000
0.000000
0.000000
0.000000
0.000000
0.000000
0.000000
0.000000
0.000000
0.000000
0.000000
0.000000
0.000000
0.000000
0.000000
0.000000
0.000000
0.000000
0.000000
0.000000
0.000000
0.000000
0.000000
0.000000
0.000000
0.000000
0.000000
0.000000
0.000000
0.000000
0.000000
0.000000
0.000000
0.000000
0.000000
0.000000
0.000000
0.000000
0.000000
0.000000
0.000000
0.000000
0.000000
0.000000
0.000000
0.000000
0.000000
0.000000
0.000000
0.000000
0.000000
0.000000
0.000000
0.000000
0.000000
0.000000
0.000000
0.000000
0.000000
0.000000
0.000000
0.000000
0.000000
0.000000
0.000000
0.000000
0.000000
0.000000
0.000000
0.000000
0.000000
0.000000
0.000000
0.000000
0.000000
0.000000
0.000000
0.000000
0.000000
0.000000
0.000000
0.000000
0.000000
0.000000
0.000000
0.000000
0.000000
0.000000
0.000000
0.000000
0.000000
0.000000
0.000000
0.000000
0.000000
0.000000
0.000000
0.000000
0.000000
0.000000
0.000000
0.000000
0.000000
0.000000
0.000000
0.000000
0.000000
0.000000
0.000000
0.000000
0.000000
0.000000
0.000000
0.000000
0.000000
0.000000
0.000000
0.000000
0.000000
0.000000
0.000000
0.000000
0.000000
0.000000
0.000000
0.000000
0.000000
0.000000
0.000000
0.000000
0.000000
0.000000
0.000000
0.000000
0.000000
0.000000
0.000000
0.000000
0.000000
0.000000
0.000000
0.000000
0.000000
0.000000
0.000000
0.000000
0.000000
0.000000
0.000000
0.000000
0.000000
0.000000
0.000000
0.000000
0.000000
0.000000
0.000000
0.000000
0.000000
0.000000
0.000000
0.000000
0.000000
0.000000
0.000000
0.000000
0.000000
0.000000
0.000000
0.000000
0.000000
0.000000
0.000000
0.000000
0.000000
0.000000
0.000000
0.000000
0.000000
0.000000
0.000000
0.000000
0.000000
0.000000
0.000000
0.000000
0.000000
0.000000
0.000000
0.000000
0.000000
0.000000
0.000000
0.000000
0.000000
0.000000
0.000000
0.000000
0.000000
0.000000
0.000000
0.000000
0.000000
0.000000
0.000000
0.000000
0.000000
0.000000
0.000000
0.000000
0.000000
0.000000
0.000000
0.000000
0.000000
0.000000
0.000000
0.000000
0.000000
0.000000
0.000000
0.000000
0.000000
0.000000
0.000000
0.000000
0.000000
0.000000
0.000000
0.000000
0.000000
0.000000
0.000000
0.000000
0.000000
0.000000
0.000000
0.000000
0.000000
0.000000
0.000000
0.000000
0.000000
0.000000
0.000000
0.000000
0.000000
0.000000
0.000000
0.000000
0.000000
0.000000
0.000000
0.000000
0.000000
0.000000
0.000000
0.000000
0.000000
0.000000
0.000000
0.000000
0.000000
0.000000
0.000000
0.000000
0.000000
0.000000
0.000000
0.000000
0.000000
0.000000
0.000000
0.000000
0.000000
0.000000
0.000000
0.000000
0.000000
0.000000
0.000000
0.000000
0.000000
0.000000
0.000000
0.000000
0.000000
0.000000
0.000000
0.000000
0.000000
0.000000
0.000000
0.000000
0.000000
0.000000
0.000000
0.000000
0.000000
0.000000
0.000000
0.000000
0.000000
0.000000
0.000000
0.000000
0.000000
0.000000
0.000000
0.000000
0.000000
0.000000
0.000000
0.000000
0.000000
0.000000
0.000000
0.000000
0.000000
0.000000
0.000000
0.000000
0.000000
0.000000
0.000000
0.000000
0.000000
0.000000
0.000000
0.000000
0.000000
0.000000
0.000000
0.000000
0.000000
0.000000
0.000000
0.000000
0.000000
0.000000
0.000000
0.000000
0.000000
0.000000
0.000000
0.000000
0.000000
0.000000
0.000000
0.000000
0.000000
0.000000
0.000000
0.000000
0.000000
0.000000
0.000000
0.000000
0.000000
0.000000
0.000000
0.000000
0.000000
0.000000
0.000000
0.000000
0.000000
0.000000
0.000000
0.000000
0.000000
0.000000
0.000000
0.000000
0.000000
0.000000
0.000000
0.000000
0.000000
0.000000
0.000000
0.000000
0.000000
0.000000
0.000000
0.000000
0.000000
0.000000
0.000000
0.000000
0.000000
0.000000
0.000000
0.000000
0.000000
0.000000
0.000000
0.000000
0.000000
0.000000
0.000000
0.000000
0.000000
0.000000
0.000000
0.000000
0.000000
0.000000
0.000000
0.000000
0.000000
0.000000
0.000000
0.000000
0.000000
0.000000
0.000000
0.000000
0.000000
0.000000
0.000000
0.000000
0.000000
0.000000
0.000000
0.000000
0.000000
0.000000
0.000000
0.000000
0.000000
0.000000
0.000000
0.000000
0.000000
0.000000
0.000000
0.000000
0.000000
0.000000
0.000000
0.000000
0.000000
0.000000
0.000000
0.000000
0.000000
0.000000
0.000000
0.000000
0.000000
0.000000
0.000000
0.000000
0.000000
0.000000
0.000000
0.000000
0.000000
0.000000
0.000000
0.000000
0.000000
0.000000
0.000000
0.000000
0.000000
0.000000
0.000000
0.000000
0.000000
0.000000
0.000000
0.000000
0.000000
0.000000
0.000000
0.000000
0.000000
0.000000
0.000000
0.000000
0.000000
0.000000
0.000000
0.000000
0.000000
0.000000
0.000000
0.000000
0.000000
0.000000
0.000000
0.000000
0.000000
0.000000
0.000000
0.000000
0.000000
0.000000
0.000000
0.000000
0.000000
0.000000
0.000000
0.000000
0.000000
0.000000
0.000000
0.000000
0.000000
0.000000
0.000000
0.000000
0.000000
0.000000
0.000000
0.000000
0.000000
0.000000
0.000000
0.000000
0.000000
0.000000
0.000000
0.000000
0.000000
0.000000
0.000000
0.000000
0.000000
0.000000
0.000000
0.000000
0.000000
0.000000
0.000000
0.000000
0.000000
0.000000
0.000000
0.000000
0.000000
0.000000
0.000000
0.000000
0.000000
0.000000
0.000000
0.000000
0.000000
0.000000
0.000000
0.000000
0.000000
0.000000
0.000000
0.000000
0.000000
0.000000
0.000000
0.000000
0.000000
0.000000
0.000000
0.000000
0.000000
0.000000
0.000000
0.000000
0.000000
0.000000
0.000000
0.000000
0.000000
0.000000
0.000000
0.000000
0.000000
0.000000
0.000000
0.000000
0.000000
0.000000
0.000000
0.000000
0.000000
0.000000
0.000000
0.000000
0.000000
0.000000
0.000000
0.000000
0.000000
0.000000
0.000000
0.000000
0.000000
0.000000
0.000000
0.000000
0.000000
0.000000
0.000000
0.000000
0.000000
0.000000
0.000000
0.000000
0.000000
0.000000
0.000000
0.000000
0.000000
0.000000
0.000000
0.000000
0.000000
0.000000
0.000000
0.000000
0.000000
0.000000
0.000000
0.000000
0.000000
0.000000
0.000000
0.000000
0.000000
0.000000
0.000000
0.000000
0.000000
0.000000
0.000000
0.000000
0.000000
0.000000
0.000000
0.000000
0.000000
0.000000
0.000000
0.000000
0.000000
0.000000
0.000000
0.000000
0.000000
0.000000
0.000000
0.000000
0.000000
0.000000
0.000000
0.000000
0.000000
0.000000
0.000000
0.000000
0.000000
0.000000
0.000000
0.000000
0.000000
0.000000
0.000000
0.000000
0.000000
0.000000
0.000000
0.000000
0.000000
0.000000
0.000000
0.000000
0.000000
0.000000
0.000000
0.000000
0.000000
0.000000
0.000000
0.000000
0.000000
0.000000
0.000000
0.000000
0.000000
0.000000
0.000000
0.000000
0.000000
0.000000
0.000000
0.000000
0.000000
0.000000
0.000000
0.000000
0.000000
0.000000
0.000000
0.000000
0.000000
0.000000
0.000000
0.000000
0.000000
0.000000
0.000000
0.000000
0.000000
0.000000
0.000000
0.000000
0.000000
0.000000
0.000000
0.000000
0.000000
0.000000
0.000000
0.000000
0.000000
0.000000
0.000000
0.000000
0.000000
0.000000
0.000000
0.000000
0.000000
0.000000
0.000000
0.000000
0.000000
0.000000
0.000000
0.000000
0.000000
0.000000
0.000000
0.000000
0.000000
0.000000
0.000000
0.000000
0.000000
0.000000
0.000000
0.000000
0.000000
0.000000
0.000000
0.000000
0.000000
0.000000
0.000000
0.000000
0.000000
0.000000
0.000000
0.000000
0.000000
0.000000
0.000000
0.000000
0.000000
0.000000
0.000000
0.000000
0.000000
0.000000
0.000000
0.000000
0.000000
0.000000
0.000000
0.000000
0.000000
0.000000
0.000000
0.000000
0.000000
0.000000
0.000000
0.000000
0.000000
0.000000
0.000000
0.000000
0.000000
0.000000
0.000000
0.000000
0.000000
0.000000
0.000000
0.000000
0.000000
0.000000
0.000000
0.000000
0.000000
0.000000
0.000000
0.000000
0.000000
0.000000
0.000000
0.000000
0.000000
0.000000
0.000000
0.000000
0.000000
0.000000
0.000000
0.000000
0.000000
0.000000
0.000000
0.000000
0.000000
0.000000
0.000000
0.000000
0.000000
0.000000
0.000000
0.000000
0.000000
0.000000
0.000000
0.000000
0.000000
0.000000
0.000000
0.000000
0.000000
0.000000
0.000000
0.000000
0.000000
0.000000
0.000000
0.000000
0.000000
0.000000
0.000000
0.000000
0.000000
0.000000
0.000000
0.000000
0.000000
0.000000
0.000000
0.000000
0.000000
0.000000
0.000000
0.000000
0.000000
0.000000
0.000000
0.000000
0.000000
0.000000
0.000000
0.000000
0.000000
0.000000
0.000000
0.000000
0.000000
0.000000
0.000000
0.000000
0.000000
0.000000
0.000000
0.000000
0.000000
0.000000
0.000000
0.000000
0.000000
0.000000
0.000000
0.000000
0.000000
0.000000
