69193.474107
69193.474107
69193.474107
69193.474107
69193.474107
68811.484707
68811.484707
68811.484707
68811.484707
68811.484707
68428.877116
68428.877116
68268.580039
68268.580039
68268.580039
68268.580039
68268.580039
68268.580039
67576.682790
67576.682790
67576.682790
67576.682790
67576.682790
67576.682790
67576.682790
67576.682790
67019.287216
67019.287216
66844.122111
66703.061990
66703.061990
66703.061990
66703.061990
66703.061990
66703.061990
66703.061990
66028.374629
66028.374629
66031.032025
64844.467378
64844.467378
64844.467378
64844.467378
64727.338845
64390.208982
63962.505973
63959.190052
62991.714891
62991.714891
62801.664997
62801.664997
62801.664997
62533.717420
62533.717420
62492.657486
62492.657486
62448.057006
62448.057006
62448.057006
61783.366284
61783.366284
61783.366284
61783.366284
61543.347153
61543.347153
61543.347153
61543.347153
61543.347153
60859.235837
60683.028756
60683.028756
60683.028756
60683.028756
60683.028756
60631.152825
60631.152825
60440.738128
60440.738128
60440.738128
59876.622589
59876.622589
59856.619847
59856.619847
59854.297225
58521.995970
58521.995970
58166.252608
58166.252608
58166.252608
58166.252608
58166.252608
58092.494664
58092.494664
58030.544515
58030.544515
57884.366671
57884.366671
57726.626814
57726.626814
57367.724948
57367.724948
57367.724948
57367.724948
57367.724948
57328.596093
57161.356640
57161.356640
57161.356640
57161.356640
57161.356640
57161.356640
57161.356640
57161.356640
57161.356640
57161.356640
57161.356640
56400.305691
56154.587628
56154.587628
56154.587628
56154.587628
56154.587628
55368.606127
55368.606127
55368.606127
54868.373415
54682.066697
54682.066697
54656.886704
54656.886704
54645.557326
54645.557326
54645.557326
54645.557326
54645.557326
54645.557326
54645.557326
54100.721912
54100.721912
54100.721912
54100.721912
54100.721912
53551.359567
53446.518787
53446.518787
53446.518787
53446.518787
53255.925560
52958.588395
52958.588395
52958.588395
52958.588395
52863.941512
52832.501664
52832.501664
52832.501664
52832.501664
52832.501664
52832.501664
52832.501664
52832.501664
52832.501664
52832.501664
52156.910131
52156.910131
52156.910131
52156.910131
52156.910131
52065.963262
51913.671509
51913.671509
51771.093915
51771.093915
51771.093915
51771.093915
51771.093915
51771.093915
51771.093915
51323.887920
51323.887920
50982.120608
50982.120608
50973.426202
50973.426202
50973.426202
50973.426202
50973.426202
50973.426202
50973.426202
50747.982684
50747.982684
50747.982684
50747.982684
50388.652972
50388.652972
50087.776076
50087.776076
50087.776076
49913.865505
49913.865505
49913.865505
49913.865505
49913.865505
49913.865505
49913.865505
49913.865505
49781.441379
49781.441379
49781.441379
49781.441379
49781.441379
49781.441379
49781.441379
49781.441379
49781.441379
49781.441379
49781.441379
49781.441379
49575.120894
49594.402975
49289.772439
49289.772439
49289.772439
49289.772439
49289.772439
49289.772439
49289.772439
49289.772439
49289.772439
49289.772439
49289.772439
49289.772439
49289.772439
49289.772439
49289.772439
49289.772439
49289.772439
49289.772439
49289.772439
49289.772439
49289.772439
49289.772439
49289.772439
49289.772439
49289.772439
49289.772439
49289.772439
48796.166107
48796.166107
48796.166107
48796.166107
48805.255436
48805.255436
48805.255436
47851.361780
47851.361780
47851.361780
47851.361780
47851.361780
47851.361780
47851.361780
47851.361780
47851.361780
47851.361780
47851.361780
47851.361780
47851.361780
47851.361780
47851.361780
47689.704757
47207.928518
47207.928518
47085.272558
47085.272558
47085.272558
47085.272558
47085.272558
47085.272558
47085.272558
47085.272558
47085.272558
47085.272558
47085.272558
47085.272558
47085.272558
47085.272558
47049.006567
47049.006567
47049.006567
47049.006567
47049.006567
47049.006567
47049.006567
47049.006567
47049.006567
47049.006567
47049.006567
47049.006567
47049.006567
47049.006567
47049.006567
47049.006567
47049.006567
47049.006567
47049.006567
47032.060023
47032.060023
47032.060023
47032.060023
47032.060023
47032.060023
47032.060023
47032.060023
47032.060023
47032.060023
47032.060023
47032.060023
47032.060023
47032.060023
47032.060023
47032.060023
46817.281027
46817.281027
46817.281027
46817.281027
46817.281027
46658.108142
46658.108142
46658.108142
46658.108142
46658.108142
46658.108142
46658.108142
46658.108142
46658.108142
46658.108142
46658.108142
46658.108142
46658.108142
46658.108142
46658.108142
46633.060951
46633.060951
46633.060951
46633.060951
46633.060951
46633.060951
46633.060951
46633.060951
46633.060951
46633.060951
46633.060951
46633.060951
46633.060951
45064.797085
45064.797085
45064.797085
44353.108910
44353.108910
44353.108910
44353.108910
44353.108910
44353.108910
44353.108910
44353.108910
44353.108910
44353.108910
44353.108910
44353.108910
44353.108910
44353.108910
43693.885393
43693.885393
43693.885393
43693.885393
43693.885393
43664.095667
43664.095667
43664.095667
43664.095667
43664.095667
43664.095667
43664.095667
43664.095667
43664.095667
43001.158031
43001.158031
43001.158031
43001.158031
43001.158031
43001.158031
43001.158031
43001.158031
43001.158031
43001.158031
43001.158031
43001.158031
42923.304205
42923.304205
42923.304205
42923.304205
42992.772797
42992.772797
42992.772797
42992.772797
42992.772797
42992.772797
42992.772797
42992.772797
42992.772797
42992.772797
42511.555988
42577.195589
42577.195589
42584.094274
42584.094274
42584.094274
42584.094274
42584.094274
42584.094274
42584.094274
42645.928872
42645.928872
42645.928872
42645.928872
42479.489966
42284.742926
42284.742926
42284.742926
42284.742926
42213.040316
42213.040316
42213.040316
42213.040316
42213.040316
42213.040316
41405.969573
41405.969573
41405.969573
41405.969573
41549.043659
41549.043659
41549.043659
41549.043659
41549.043659
41549.043659
41549.043659
41948.686989
41948.686989
41948.686989
41948.686989
41948.686989
41948.686989
41948.686989
41948.686989
41948.686989
41948.686989
41948.686989
41948.686989
41948.686989
41948.686989
41314.099499
41314.099499
41314.099499
41314.099499
41314.099499
41314.099499
41314.099499
41314.099499
41314.099499
41314.099499
41314.099499
41314.099499
41314.099499
41314.099499
41314.099499
41314.099499
41314.099499
41314.099499
41314.099499
41314.099499
41314.099499
40804.006788
40804.006788
40804.006788
40804.006788
40804.006788
40804.006788
40804.006788
40804.006788
40804.006788
40804.006788
40804.006788
40804.006788
40840.629997
40840.629997
40840.629997
40840.629997
40840.629997
40840.629997
40840.629997
40840.629997
40840.629997
40840.629997
40840.629997
40840.629997
40840.629997
40840.629997
40840.629997
40840.629997
40840.629997
40840.629997
40840.629997
40840.629997
40840.629997
41042.960221
41042.960221
41042.960221
41042.960221
41042.960221
40946.828790
40946.828790
40946.828790
40946.828790
40946.828790
40946.828790
40946.828790
40946.828790
40946.828790
40946.828790
40946.828790
40946.828790
40946.828790
40946.828790
40946.828790
40946.828790
41073.815603
41073.815603
41073.815603
41073.815603
41073.815603
41073.815603
41073.815603
41073.815603
41073.815603
41073.815603
41153.597005
41153.597005
41153.597005
41153.597005
41153.597005
41153.597005
41153.597005
41153.597005
41153.597005
41263.044242
41263.044242
41263.044242
41263.044242
41263.044242
41268.068733
41268.068733
40539.041454
40539.041454
40539.041454
40539.041454
40539.041454
40539.041454
40610.744064
40610.744064
40610.744064
40610.744064
40610.744064
40610.744064
40610.744064
40610.744064
40602.488477
40602.488477
40602.488477
40445.740466
40445.740466
40445.740466
40445.740466
40445.740466
40445.740466
40445.740466
40445.740466
40526.626330
40526.626330
40526.626330
40581.534654
40897.621315
40897.621315
40897.621315
40897.621315
40897.621315
40897.621315
40897.621315
40897.621315
40897.621315
40897.621315
40897.621315
40897.621315
40897.621315
40897.621315
40897.621315
40897.621315
40897.621315
40751.416596
40751.416596
40155.841694
40155.841694
40165.746892
40165.746892
40165.746892
40165.746892
40350.366087
40350.366087
40350.366087
40350.366087
40350.366087
40055.826475
40055.826475
40055.826475
40075.211674
40075.211674
41544.101420
41544.101420
41544.101420
41544.101420
41544.101420
41544.101420
41544.101420
41544.101420
41544.101420
41544.101420
41544.101420
41735.538199
41735.538199
41464.700197
41524.433682
41229.055361
41277.111396
41277.111396
41277.111396
41277.111396
41277.111396
41277.111396
41277.111396
41277.111396
41277.111396
41277.111396
41277.111396
41259.720508
41259.720508
41259.720508
41259.720508
41259.720508
41259.720508
41259.720508
41259.720508
41304.857015
41304.857015
41338.537107
41522.380687
41522.380687
41522.380687
41522.380687
43610.152182
43610.152182
44925.352886
44925.352886
44925.352886
44925.352886
45772.040116
45701.626036
46320.072158
46320.072158
46320.072158
46320.072158
46320.072158
46581.430035
46581.430035
48022.803683
48022.803683
49511.224965
49364.283211
49364.283211
49386.948968
49563.319294
49563.319294
49563.319294
49093.093758
49093.093758
49093.093758
49093.093758
49093.093758
49093.093758
48962.342863
48962.342863
48366.323726
49117.428696
49117.428696
49498.781276
49731.172811
49731.172811
50893.163179
50893.163179
51126.742016
51361.573453
51564.812204
51564.812204
50866.691769
52167.054439
53232.678020
53232.678020
53875.113630
56271.621513
55812.478751
55361.606948
55361.606948
55657.760008
55578.908234
56213.438302
56213.438302
55967.872492
55967.872492
56507.891604
56449.529902
56332.156706
56332.156706
57810.622217
57730.507130
58697.393316
59040.661982
59040.661982
58404.873114
58574.568751
58628.053756
59029.571521
59063.260365
59407.074422
59407.074422
59407.074422
61794.083070
60871.434114
60871.434114
59849.133288
59849.133288
59666.558389
59666.558389
60472.726043
60472.726043
60206.801111
60883.166115
60627.737290
60396.139137
60396.139137
60654.036220
61028.142672
61254.670861
61106.436481
60927.987124
60927.987124
60501.837753
60501.837753
60161.201011
60161.201011
59758.316451
59862.083537
61402.026898
61250.353034
61250.353034
60983.518096
61056.574252
61248.085753
61229.900619
61502.427789
62069.206163
61678.486157
61678.486157
61568.722996
61381.199008
61277.225529
61188.569429
61881.268197
62755.602530
62741.442080
62054.031749
60673.726341
61582.999584
61926.106866
61926.106866
61926.106866
61417.037408
61417.037408
61289.810165
62549.916353
62549.916353
63457.837371
63457.837371
63803.603828
63768.812063
62996.747159
63622.279535
63622.279535
64567.791827
64776.821952
65727.274384
66074.893683
65660.629278
66106.735533
66472.020026
66618.132366
67479.377997
65910.245449
66050.694730
64651.827707
64465.005758
64465.005758
65141.623877
65381.229796
64763.556421
64742.649617
64742.649617
65706.130469
65682.835698
64854.348625
65517.779312
65274.901462
64734.971902
64768.926756
65673.535261
65997.296467
65954.898045
66307.487935
68258.975379
68235.987917
68079.295084
68396.817994
69524.843111
70501.190026
70501.190026
70574.670096
72056.231221
71488.246936
71889.703606
72252.609455
71211.286452
71022.058866
71177.471761
72128.882648
69948.369311
71055.915077
69827.116406
69395.906295
68427.402123
69606.445018
69069.542872
69253.350068
68978.375994
68578.753994
67404.810580
67375.818886
67371.552703
68060.222733
66826.378604
66884.497463
68775.104469
69295.781579
68948.414538
69602.229711
69986.161597
69774.645923
71203.965692
73319.524690
73535.954894
74427.696836
74568.574199
74558.016899
74799.181968
75434.645866
75371.677575
75295.139856
75621.696426
76208.245887
76094.347633
77538.870932
76799.551377
77072.179760
77178.447034
76894.655496
76669.517305
76223.786183
76070.879648
73789.055420
73722.590151
73794.915272
73447.234584
72897.008227
72897.008227
73209.351927
72825.639586
72589.829074
72861.693063
72415.092008
72419.632917
72419.632917
72714.627510
71500.273952
71991.883142
71905.445654
70913.878241
69913.695180
70438.370390
69388.189027
69214.078190
69149.698117
69015.549858
69205.739188
69100.877899
69811.732253
69918.751049
70131.794438
69320.310230
69479.983611
69765.047671
69430.081587
69280.503211
69519.888012
69206.326102
70111.884447
70159.453603
70284.952473
70551.188314
70335.508913
71325.993849
71475.410874
71105.419248
70009.808358
69998.112679
70066.269478
70066.269478
70364.778046
70809.874990
70586.265021
70469.793408
70978.167352
70210.163137
69886.076650
68958.682095
68619.202748
66800.374689
66729.265535
66788.975012
67082.504357
66815.365579
67482.209308
67050.934924
67182.306535
67154.753780
67891.978654
68371.673609
68421.145390
68180.535494
68234.696914
68152.415482
67514.563358
67491.282834
66910.017613
67256.807995
67362.811908
67625.990878
68698.363305
66878.751911
68888.048529
69899.520963
70198.799272
69788.295138
70209.484615
67047.155067
67110.800995
67450.784212
67706.494279
67903.283509
68075.450243
68360.969719
68860.596235
68658.053327
67691.243156
66447.736069
66709.653985
67386.694253
67312.202901
67312.202901
67470.802349
67766.522645
67461.615059
67478.126761
67976.447276
68704.408806
68871.637474
69460.644317
71029.654545
70261.028879
69689.325809
69580.584236
68507.847548
69187.932518
68634.150466
68062.214208
67749.537616
67585.718894
69027.920358
70591.749518
70857.032570
70769.744164
71111.496287
71622.564420
71759.499162
71759.499162
71884.520564
71511.183528
70297.897285
70413.555306
70284.641413
70412.233440
69909.018383
70050.764341
71451.068413
70600.843952
70958.037251
70958.037251
70738.113663
71243.957041
70933.804512
69809.101720
69248.315434
69243.854061
69758.022252
68512.808329
69609.322808
69163.736200
69358.219739
70143.138707
71057.009246
70861.244406
70762.494651
70799.548937
70770.300696
70196.627791
70259.541667
70024.716549
70936.700624
71224.997765
70851.783287
71753.361636
71471.218981
71739.205278
72048.696212
72291.915745
72159.196990
72322.733386
72217.746563
73098.361047
72101.092314
72414.730057
72573.689521
72269.164074
70494.789176
69180.040222
69618.826599
68111.488381
68024.111671
67738.215678
66750.690527
66984.755040
67453.387615
68737.139387
68943.569551
68910.186890
69485.952167
69641.919831
69450.092061
68052.242209
69139.353859
69275.203925
70219.302809
70153.884173
70379.752859
69799.186160
69180.757674
69229.374452
69185.549949
69374.523365
69082.967139
68975.472920
68893.971518
68997.393036
68775.191696
68544.113812
67799.148429
68228.668071
68378.401150
68283.032383
68802.043271
68134.831453
69689.693378
70701.358524
70705.327310
70130.052351
69481.092579
69652.744942
69121.929252
69339.258124
69841.222679
68371.914460
67818.159153
67155.666708
67145.873542
67565.832035
67491.547701
67103.423740
66701.814521
65479.128467
65425.256146
65432.163291
65122.262519
65050.724736
65858.397920
67063.405612
66807.640715
66899.360334
67475.244302
67112.243743
67469.345200
67135.400236
69248.632707
69348.825681
69348.825681
69954.208581
69927.461498
70205.125525
69724.608747
70272.845377
70441.194020
71133.919230
72164.897180
74299.860209
74192.104729
73893.072979
73281.657018
73179.900352
72347.855521
72931.565950
72965.147906
73756.723664
73950.315937
73451.341890
72179.766602
72431.791549
71998.360875
72382.281330
72209.461283
72196.455194
72207.649923
71747.572139
71822.528441
71559.800095
72197.366144
71838.315745
73034.795013
72650.444477
72696.304329
73214.908628
71537.953979
70934.774418
71730.275339
71941.361035
70292.233283
70420.551062
71332.540810
70880.652451
72001.562258
71395.621932
71683.119804
71453.135343
71440.665554
71567.363002
71020.598034
71142.496256
74103.348421
74269.867920
74008.738381
72911.455163
71142.585210
70194.735062
71964.065806
72448.591040
72172.968622
73419.296165
72011.983552
72011.983552
72594.246727
72618.185133
72521.474497
73310.312791
73696.938661
73084.839829
73262.863019
72107.208187
71161.775703
72202.429518
73405.069223
73131.883857
74513.904548
74501.504229
74509.271236
75967.155169
76171.637591
77067.375065
77281.490919
75631.302870
75754.036855
75707.829426
76084.904774
75879.226992
77173.725858
75838.137154
75751.271594
75688.931941
76399.351192
76049.535115
76887.224252
75796.059554
75270.055792
75388.961092
75519.263419
74247.865037
74944.291925
75347.357008
75615.794627
74015.254648
73387.390540
75345.682272
75010.276492
75355.834638
76387.514267
75661.592812
74958.587258
75059.722921
76909.852803
76737.495821
75392.680265
75100.961402
75539.144700
76730.938978
77098.881286
78007.029111
76716.784421
77146.230131
77502.668630
77489.234455
76437.365002
76984.673410
76878.204907
76386.360462
76409.603573
75783.301071
77123.689463
77784.560538
77818.264331
76304.436780
75807.080329
75781.119322
76289.384071
75717.903238
75734.903790
75892.550253
77275.644841
77631.434899
78351.828091
77427.657541
77433.327341
77752.874179
77945.853370
78373.191934
78311.948214
78857.024536
79580.062384
79300.560805
79244.599209
78789.959423
78721.484129
79229.259726
79625.852421
79213.976156
78904.019475
79316.546345
78572.765017
79740.972762
79763.479991
79463.839797
77968.945973
76902.671765
76853.595746
76989.253723
79080.629593
78806.806557
77052.143463
75834.369476
74494.102769
74844.328152
74697.817281
75170.926543
75111.674976
75226.932813
74578.414307
71881.799250
72597.683449
72492.080552
73023.845927
72866.164042
72736.426798
72114.790493
72746.618966
72388.636332
72150.373867
72078.501499
72830.251668
73271.204067
73177.655642
73650.869197
73572.667165
72716.584173
71761.825942
71928.198504
71503.846906
71784.022032
71784.022032
71763.559419
72050.438570
72244.293873
73021.848013
72781.621378
73704.683739
73777.354262
72382.405640
72483.447740
72440.225527
72391.299386
72132.362106
70053.633464
69779.262419
69776.904096
71118.687890
70958.958400
71204.846579
70715.078132
71156.840540
71526.263671
71453.157682
71408.252928
71227.475115
71464.144476
71572.145101
71323.459652
71274.277309
71648.886971
71968.504728
71856.178408
72132.466363
71895.867598
71308.314156
72653.515520
72794.480516
73370.087871
72190.186589
71501.553514
71452.706876
72166.498282
72517.802920
69922.840045
70669.799045
71606.559767
71606.559767
71800.446836
71018.417721
71233.736269
71914.627414
71506.832576
70628.344766
70985.894427
71031.716762
70204.640900
70204.640900
70568.398825
70134.287385
70070.902555
69640.158865
70036.107316
70958.745048
71414.081635
71186.044082
70529.101267
70608.704744
72086.158771
72345.347148
71312.554168
70447.109189
69995.246482
69078.673311
68689.378150
69410.522316
69263.530689
68821.101079
69480.572557
69297.384750
69915.477787
69708.160503
70863.986707
70960.600132
71061.016264
71038.259106
70632.347033
70611.205651
69228.060867
73645.142198
73551.122096
75278.867168
73681.942821
73308.539328
73670.965799
73673.454440
73673.454440
75170.827926
74811.405217
74832.646058
74427.935965
74197.035399
74297.209964
74241.618896
73486.191699
73038.284891
73049.439459
73045.176268
73471.679636
74366.026779
75324.973484
75537.314037
75989.506620
76228.897493
76345.121016
76287.426518
76824.859198
76824.859198
76742.914312
77198.796445
77323.170773
76098.458576
76544.131398
76594.743074
75686.242249
75629.296230
75301.436223
75380.638651
76065.408040
76067.300471
75963.646594
75903.204253
76452.020673
77583.647503
79322.717702
79423.751538
78454.223057
78234.184307
78239.185163
78473.295087
78235.994270
77996.925526
77700.707685
77571.574477
77574.387212
77254.294434
77246.417628
77044.903940
76908.381201
76681.351336
77213.810981
77933.990429
76192.271232
77239.962384
75925.271355
76306.424571
76559.540495
76447.060036
76347.063784
75147.921822
74936.640615
74983.961071
74854.013949
74553.789623
74166.750406
74591.025205
73199.451645
73260.396891
73785.157675
73995.261613
75436.015562
76747.752117
76238.784303
76611.776144
77466.004972
76318.834163
76414.459929
77106.338144
77759.305984
78020.748509
76610.449203
76799.352646
77195.969250
76750.298315
76307.231799
76419.256969
75708.227019
75425.205757
75415.417087
74961.599529
76261.073099
75975.207046
75035.330973
75205.849242
74744.386283
73521.124862
74067.818697
74283.490819
74852.569018
74767.584595
74076.634220
72974.328353
71817.860962
72161.535128
72900.153134
72562.619069
72481.465141
71960.665679
70183.402789
69986.689492
69642.045456
69310.453787
70033.177485
70970.565389
70400.410739
70683.208066
71406.166202
71406.166202
71599.385466
71671.845043
71087.370791
71084.807185
71394.489403
70837.752588
70838.130524
70166.066040
70385.179951
70769.838017
70238.059802
69548.045723
70008.502374
69152.994622
68074.842494
68576.029256
68546.770195
69815.902882
69739.097057
70448.125084
69985.840435
70408.378868
70965.829749
71142.343957
71810.851691
72047.536966
69445.917909
68378.031238
68525.960117
68210.831167
68210.831167
68879.482646
68318.061543
68263.464742
68199.624883
70018.148461
70788.706219
70031.433354
70328.532331
69631.129994
69832.864621
70128.097615
70112.034092
72066.319003
71531.108526
71287.196707
71741.700965
72174.785438
69630.155529
70540.725860
70547.675247
70633.339093
69363.928403
69429.900244
69866.116906
70393.209639
69321.507652
68992.591874
69547.994414
70416.709995
70345.772170
70903.348764
72854.340430
72572.359495
74096.347453
74888.375489
76168.442206
76586.819087
76212.136657
76206.760291
76537.290200
76314.693228
76194.037048
75855.378723
75855.378723
75102.352839
75209.808655
75264.134384
75830.649924
75501.150539
74930.181243
74622.680181
75099.985831
75475.878773
76292.167593
75348.108270
76500.783593
76415.705304
75900.593866
75929.447336
75202.363494
75457.777517
75075.613890
73765.294783
72469.523432
72543.483122
72346.569630
70884.039789
72459.934605
72735.629586
73041.803773
73041.803773
72960.415777
73172.559408
73943.975615
74028.141757
75858.235723
76018.326690
74489.336417
71945.547601
73096.188361
71465.944395
71088.174659
70447.150778
71280.043967
71230.929819
70581.929097
70820.419801
69623.455605
69074.860132
68586.222799
68489.519708
68835.300573
68833.725132
69246.571574
70008.904516
70547.109942
72700.549193
72579.383788
72446.838403
72340.475902
71978.306607
70810.541265
70496.108390
70338.245382
71142.799637
72531.646473
72324.456105
73564.881919
72890.270527
73156.882649
72532.426750
72232.500376
72910.651975
72935.199906
72923.059878
73407.078587
73976.706758
72014.136621
72559.733203
72685.196962
71814.803068
71692.005528
72958.183018
71610.372161
72303.259996
71883.477192
71821.524751
72140.150847
72237.113153
74676.572937
75216.596213
74872.648320
75981.032061
75755.732521
76082.045455
77436.450879
77113.521206
76884.173212
77109.472751
76404.272914
75384.670768
73795.401451
73790.957858
73463.013525
73463.013525
73254.713425
73283.869407
74101.080345
74717.356528
72403.900139
73171.156154
73958.900913
73960.172403
74448.085764
72969.891444
70043.487754
69276.973292
69411.176655
68923.092141
69098.919821
69386.992790
69871.184898
69870.216108
69199.224360
69189.212546
69318.622216
69338.832868
70093.826524
68077.447534
67995.315358
67420.280921
66955.086354
67323.704440
67598.325087
66785.189407
66650.275324
67364.383264
67465.058779
69409.900478
69430.517352
69448.892710
69395.849127
68897.335089
69555.682971
69730.462202
69777.112803
70889.073681
71012.806621
70540.808997
70602.188138
70279.864577
70562.237830
69961.798899
70205.247636
69833.455834
69857.460732
67456.654359
68025.520863
68696.432865
69781.940010
69594.663851
70691.950563
69717.132164
69462.494878
70082.473087
70626.835394
69926.429377
71819.804420
70893.823094
71106.105463
72238.563347
72216.896568
73283.377721
73091.104826
73176.707489
72595.587481
71098.320473
72284.926302
71678.455738
71630.693430
71380.779338
71304.551821
71345.987754
71333.321121
71518.779443
71518.779443
72340.570893
72893.318217
71178.314335
70474.218455
71543.633733
72318.136989
71928.274462
70202.018523
69935.865516
69795.268254
72796.500075
72269.505506
72082.303203
72196.151205
71730.849224
71629.982006
72792.655891
72015.409190
71433.692041
71502.873587
69868.660087
69256.571625
68925.730620
69707.982699
70628.930315
70390.373031
72123.067994
71900.785881
70378.729643
69955.017000
70267.129582
70454.832433
70469.536555
70985.325536
70671.679524
69956.383345
70254.460867
70127.465723
72001.094063
72121.151043
71816.679728
70777.034136
71177.168580
71603.531950
70695.255394
69601.886854
70526.217630
70442.217925
70672.825597
70590.083532
70178.416498
69723.632975
69919.205851
69688.014100
69413.288675
69469.231172
69423.245832
70390.863446
70726.527419
70635.251589
70825.260765
70107.222055
70210.433787
71018.995482
71505.076013
69621.209712
69825.252813
70787.414703
71172.042231
70905.193856
70632.407392
71551.519370
71992.348253
71988.044019
70858.435812
70503.197672
68230.432629
69916.243645
69884.426356
72027.011382
72704.547230
72613.375343
72607.798575
71946.360505
70531.202714
68911.898134
71914.552378
70691.558323
71057.607307
71335.107637
72513.376747
72271.087263
73356.699347
73246.734545
73351.165321
75177.907859
76291.756700
76949.273328
77738.098265
77672.482722
76743.090814
77238.806007
77099.565459
77493.804260
77633.177213
75985.918633
76593.436630
76856.250294
76728.637930
77648.462816
78634.342978
78530.952576
78526.553003
76014.810195
78059.172209
77687.406013
77589.227113
77325.082388
77906.421233
77996.797805
77633.855263
77508.833184
76647.937105
76647.937105
76635.216376
75513.332172
75739.085503
76970.065217
76930.573293
76952.339903
76809.117845
77189.583491
76818.980289
76315.904356
74963.270446
74488.503452
73078.412673
73214.000648
73486.826969
74828.432586
75181.561593
74963.500480
74991.382437
75086.704107
74866.197422
76751.185395
76329.388286
77036.736011
74838.910675
75447.687968
75112.713757
75163.381641
75347.855934
75474.523100
75138.683632
74933.396322
74316.117444
73863.070188
72811.976981
72630.242313
72330.889897
73116.048483
72411.121703
73022.774788
73224.578658
71723.307483
71610.364124
71820.604457
72416.967051
72969.465587
72445.231833
71212.392983
70365.423055
70365.423055
70300.577642
70663.995771
71876.292654
71563.084068
71869.553095
72033.429153
71325.281273
70944.509083
70779.738085
72207.820811
72328.066449
71796.680263
71673.215307
72569.605218
72093.789617
72179.763688
71834.755007
72457.975051
73995.196921
73627.224068
74296.875139
74365.519077
74570.357280
75007.852546
75934.202646
75772.592431
76209.288769
76230.768619
75754.115294
76425.248355
76486.465390
75995.458408
76746.392978
77391.025871
78282.870786
78637.235879
78366.904708
79038.845677
79328.323093
78736.046500
78333.027744
78479.435792
77332.327248
75945.207811
75865.027546
75890.508198
75294.603165
74952.528060
74313.457257
73071.095898
72888.760924
71557.908666
70187.338113
72230.410243
71823.245052
71865.530870
71623.974570
70741.465619
71987.863310
71951.366900
72432.789817
72712.098238
74518.684465
74605.850518
74603.422693
75175.434663
75637.246789
75057.203267
75855.270411
74715.684544
74740.988372
74769.352752
74762.341347
75416.332137
75809.287918
75207.654171
74931.386791
74569.644988
74424.360055
72850.890937
71740.272320
71512.005259
70474.966055
70167.324181
70324.465773
70779.051876
71475.261199
70758.961606
70914.256859
71843.784116
71913.963375
72001.176521
74556.854384
75507.756688
75917.716275
76160.046737
76024.456414
75836.953584
76668.831426
76574.899274
76605.559280
76459.894943
75786.672363
73606.078829
72850.806462
71796.404536
72165.290075
72432.061393
72545.510781
72601.882917
72501.100286
73896.033429
74685.875664
75180.821300
75137.444574
74880.622221
74503.317439
73909.118822
72189.681041
72025.563110
71342.250433
72793.796863
74346.284606
74735.101164
74484.638259
73385.166670
73385.166670
73611.085766
73165.691305
73403.012747
72965.707462
74932.657843
75216.831972
76127.230467
76212.606357
76172.693555
76192.304077
75550.345820
75702.154052
76005.156888
74982.117031
75518.819660
75161.574189
75277.485106
75405.567233
73282.501911
73327.593860
73412.721856
73483.122570
73203.195488
73099.841473
73160.583724
73163.303836
72544.549136
72170.142996
72020.576097
71609.301157
70040.189843
69404.723483
68887.445489
67558.482529
67377.026438
67554.695621
68641.791367
68680.299892
68378.267840
69295.230852
69307.001739
68392.145270
68046.100665
67436.614102
68896.260131
68896.260131
69742.150408
68880.376485
69132.560031
69047.689972
68898.173041
67802.751673
67050.756481
66720.806794
66957.878673
66381.727166
67479.237096
64817.104522
63834.275937
62225.767812
62548.339362
62282.781982
62071.671453
62143.242393
64069.751762
63802.532289
64822.959624
65030.325985
65111.005939
65142.235309
65641.290527
65048.387967
66333.517678
66511.189164
67330.162047
67341.662122
67296.136702
66553.505303
65821.560461
65833.222244
64710.301208
66054.010689
66287.524221
67436.451473
65843.580786
66336.062940
67759.479993
67289.138221
67141.407031
67120.191341
68380.443535
66604.391157
66327.919287
67941.889567
68572.009062
68275.536908
66320.426873
67860.298806
67375.032824
68011.126438
70199.283659
70205.869977
68798.007392
68404.642240
67777.223087
67630.729694
68557.203595
70804.569438
70204.329549
71004.270985
71696.414233
71203.787922
70974.762894
69045.248115
69497.213273
69979.570182
69772.230089
69064.787349
68653.520125
67890.589054
68542.138797
68953.776439
69044.364368
70037.415974
70281.735045
70003.855069
69424.450485
69549.000357
69558.823350
69692.872326
69448.953790
70398.035057
70175.953782
69912.303116
71046.722129
71277.835677
71153.100021
70885.705829
70142.570770
70187.051461
70187.051461
70294.105686
70161.807341
68848.249997
70949.623145
70787.191837
71765.675424
70959.269920
72233.777917
72030.447542
72297.129422
71859.168349
72152.539205
72420.540053
72360.072744
73289.693320
72947.639990
72792.183988
73698.628069
71788.059494
71308.094224
71535.324944
71374.219621
71447.610761
70252.558911
72142.890590
71865.838812
70314.329336
70899.215267
71244.389172
70910.229815
70870.835886
70498.645493
71878.036281
71494.488248
72142.204179
69285.453600
69251.094801
69991.068064
70641.768542
70214.253094
70279.776004
68851.041723
69250.916364
68462.611275
71442.188018
71184.686232
72755.822422
73192.294111
72788.324979
73347.609559
74086.182504
74549.692584
74958.728215
75113.602938
75011.894845
74965.454301
75472.051765
75238.390975
75624.916435
75574.112722
75609.016280
74768.857096
74454.217077
75438.741940
75347.538777
75295.768745
74390.501443
74111.396825
73077.893034
73631.519013
74017.991325
74046.128723
73250.619525
73186.214156
72841.129487
71509.987386
71807.570304
72276.339072
71638.574002
71996.382764
70765.985885
71489.815557
72907.987602
72772.418403
73440.555774
74845.854604
74420.583550
72173.375149
71706.481660
71201.240753
70928.946813
70613.342993
69822.254139
70409.327010
70182.922547
70540.381413
70399.053424
71312.306994
72153.820384
72408.494846
73585.518509
73554.274883
71511.161380
71233.970458
72114.632978
71431.902777
71826.227000
72300.865472
71770.792884
72159.111742
74524.422045
74023.475972
73339.719617
73887.226080
74189.838070
73566.960493
72764.874048
73065.880688
72886.064914
72059.299268
72067.634181
72070.208157
71641.078123
71549.267883
71618.487277
71997.956488
72738.059644
72734.130600
74227.112139
74145.413845
74270.325385
75135.994024
74887.862962
74776.031528
74314.579162
74975.070069
75744.332732
76288.525078
76144.441305
77311.624121
79112.365145
77767.461990
76344.316790
77147.687905
77268.925764
77128.786513
77123.217595
77839.293378
77938.591328
78000.088369
77986.908335
76480.153946
76579.901810
76579.531749
76825.184677
76592.778031
77146.829301
74856.675861
74381.413853
74900.553334
75332.518935
75945.583379
76972.760247
77293.682351
76547.238459
77135.158675
75547.713390
75150.585496
75137.647469
73779.514659
73764.330328
72547.686315
72867.873189
70895.027639
70384.410439
70320.967875
70504.328723
70411.585452
70406.055351
70032.177691
70583.421243
72662.385299
71198.849755
71232.239487
70916.616992
69796.891442
69128.549271
69647.954643
67626.423972
68099.844607
68156.628077
67995.463788
68243.402812
68211.937648
67088.978468
67977.824107
68585.194512
68986.638662
68647.483341
68615.490133
68438.774875
67796.670460
65961.639233
66994.248862
66442.450103
66202.667686
66523.432339
66428.491994
64852.264709
64422.156331
64983.646789
64969.191654
63343.125180
65448.765407
64215.385712
65819.260397
67845.972826
68506.278088
69486.902341
69486.902341
69762.582107
69729.913315
69794.863426
69794.863426
69399.559359
70094.560134
70006.507103
70333.826504
70262.553428
70131.876776
70120.208258
71827.318754
70949.656316
70029.338839
69859.642189
69525.509077
70008.262906
70046.383166
68045.887295
68177.146681
67687.415424
67679.826725
66690.580975
66821.887623
67479.259093
67552.291192
67680.179734
67953.407105
69889.048024
69943.231493
70448.561582
73307.281932
73298.122754
72116.651079
72214.245735
71138.359726
70830.719814
69696.248074
69603.440066
69277.332747
68504.597265
68557.482982
68347.089031
68937.109215
68937.109215
68788.052768
70781.741172
70467.714591
70105.302508
71061.722993
72295.113240
70788.548973
70628.034792
69502.996810
70168.928680
69928.919301
70957.131787
70727.097776
70483.223706
72123.261162
73983.552447
74403.265382
74018.707198
73719.159175
73829.952431
73171.297970
73431.279776
73089.597928
72189.421797
72496.726023
73174.701913
72711.709874
72914.694567
72729.871291
74002.932949
74616.777168
74026.218526
74521.270637
74634.033442
75047.879080
75030.025195
75962.893152
76298.950151
76457.105437
76536.306604
76377.326549
75561.226397
75613.879367
75084.190828
73587.634853
74229.571560
74243.512785
73922.645203
73634.818116
72028.451439
71875.466962
71567.373827
72744.831716
72362.357172
72253.183756
72201.932036
71934.073851
71310.730224
71213.821072
69900.285732
70194.391764
70319.310980
70368.997471
70166.433783
70354.893315
71414.820038
72550.915430
73148.304434
73229.073269
73411.177139
73069.080816
73016.301656
74371.009771
74790.644545
75780.563486
75240.399748
74172.871802
73810.160675
73634.995303
72137.413005
72445.283356
71591.483822
71017.301580
71353.367332
72755.321106
71162.372085
72627.875784
72411.199760
70956.074384
71546.872937
71710.410260
71313.886824
73398.159393
73438.982484
73118.926576
72601.289356
72306.998167
72405.806614
71918.921174
72539.633868
72569.954785
72823.260954
73314.022359
73984.352588
74925.401683
74149.042041
74674.724370
74711.552829
74658.782932
75574.054959
75001.149253
73096.924130
73114.529933
73540.998331
73732.863974
73062.450004
73535.382821
73521.568003
74302.214860
73925.615760
74147.198671
72545.783157
71671.345007
72536.568613
72677.246779
72690.687769
71755.823559
71747.541026
71669.649875
71020.470395
71544.121545
72103.781672
71250.508747
69925.520169
69914.955092
69728.313663
70125.151257
70735.400482
70660.844562
69886.216107
70049.400465
69582.027173
70013.013909
69893.600797
69900.392423
70020.421797
70024.224807
70282.876505
70153.232659
70528.032387
69925.651229
68872.113200
68700.857999
68564.769904
68888.850943
68309.274863
68408.682123
67851.200465
68038.527286
67412.893599
67266.180711
68726.752741
69513.893320
69864.155232
70174.483164
70398.451464
71450.042058
71836.361671
71892.249392
72473.471831
72228.411455
72031.240272
71300.381715
71370.102800
71021.527449
70475.923833
70463.680389
70357.879166
70665.372512
69602.082378
69913.531487
70856.509231
70460.200371
70548.083213
70042.662242
68399.538986
69010.945463
68688.388483
66986.001320
67060.136719
66962.434395
66734.959811
65817.316119
66091.632784
66572.533677
66475.342900
65955.059373
65696.745205
66485.053683
67127.553779
67124.796789
68197.978720
68877.233918
70233.876217
69724.284044
70089.249906
68908.636354
68745.171309
70119.733311
70132.268842
70292.567875
70289.773029
70345.699211
70321.807049
69942.564347
68644.018845
68822.164451
68411.399816
68429.915820
68912.226458
69338.087497
69241.165606
69037.812709
68883.190028
67634.885892
67681.597135
68151.561403
69773.868620
70069.626441
70864.444644
71311.060547
70955.756833
71050.665315
70883.004242
69790.059253
71085.090290
71772.280058
71820.503056
72881.717621
72999.395485
72457.234165
71390.684107
70275.368342
69821.316178
70279.285078
70267.272319
69976.224221
69652.926121
70058.297625
71895.418957
71065.099628
70915.647212
71140.028362
69771.036265
70398.861545
71801.624666
71966.309382
72032.412624
73010.283076
73475.533715
73466.384287
72221.686586
71176.990932
71966.155563
72414.040809
72494.069807
72053.301137
72273.340582
72469.686955
71867.298410
72098.093048
72210.486083
71885.609891
72646.411609
72499.230296
72935.927719
73025.073701
72919.699814
74256.366170
74159.384937
74180.893477
74148.300116
75257.689320
73913.573397
73941.218457
73945.142655
73355.183819
72543.233812
72905.980890
73015.084835
72749.819280
74000.477000
74648.044693
73776.499092
72112.114179
72180.341299
73039.262145
73184.995436
74716.086220
71896.452113
70851.008998
70834.407842
73631.198678
74639.838832
74441.459251
74426.554235
74380.875704
73154.444891
73537.542900
73829.491793
73823.763862
73533.651239
73579.353872
72979.602116
73177.584106
74110.934798
73938.990185
73923.603764
74723.821513
74281.107627
73317.882130
74373.029186
73997.257352
73049.897131
73813.028802
71535.922362
71476.973573
70835.494602
71172.241124
71835.302253
71075.795983
70497.154737
70383.909287
70757.098680
71069.010483
70125.747202
70241.849018
71074.242054
70894.638598
70926.099230
69599.468403
68999.664579
69306.959194
69310.896627
70101.351447
69464.157677
70194.105618
70099.620439
70248.111284
70123.313049
70032.186684
71355.266171
71528.950870
70370.509599
70227.430357
70418.426901
70647.387635
70489.382003
70835.103204
71142.471756
71335.148310
70509.676087
70194.297027
71434.271820
70585.263878
71335.563768
71450.122895
71780.600024
71413.177893
71359.576743
69886.533267
69043.785977
68609.503206
68152.709972
68643.024546
68893.909981
68884.477061
69812.036141
70912.826139
71197.459661
70912.043208
71780.991207
72068.045446
72079.749263
72639.366432
72683.449037
71854.036876
71815.736125
73015.509246
72896.388291
73527.848034
73922.793722
73643.902897
73361.532187
73092.377209
73845.417967
73464.196563
73478.092895
74506.453881
72945.700479
70920.377121
71070.687254
71376.516908
71003.889494
71019.170086
70556.814233
71405.186370
70667.321373
70890.080595
71143.887927
71055.049749
69938.496740
69547.456830
71093.011524
71177.229969
70521.376107
70673.871851
70246.622209
69795.802831
69984.504641
70072.633303
70765.959406
70455.201944
68478.143650
67882.818060
69055.386965
67954.287274
67551.455579
67120.554642
67453.690660
66851.398387
66596.886626
66443.852591
66631.964831
66674.159647
68274.170812
68653.139897
68342.199894
67141.392873
68824.572397
67914.079106
70617.361599
70858.149725
70766.895239
71202.911169
71202.911169
70361.352899
70466.877258
70976.114500
71400.358977
70870.283229
72547.448539
73078.694960
73078.694960
73806.014726
73726.357063
74031.862273
75862.569661
75556.879697
74313.180034
74341.953167
74226.791068
74127.978748
74073.220883
73930.292621
74287.779043
72648.343806
72342.745886
72669.696064
72826.922808
73035.238843
71720.537592
74362.307185
72770.247380
72478.073430
72298.604821
72355.047522
72424.964774
71786.093057
71440.267860
71856.120150
71962.298463
71302.835326
71027.308829
71648.399486
71673.477178
72723.758123
72356.126234
72614.579544
72403.467867
71825.648327
72083.220334
70769.370149
70860.177776
71315.810833
72965.183536
73457.703785
73070.160301
73099.544944
73488.430787
73382.608472
73605.902462
74830.460310
74747.371284
74796.530032
74578.575781
75409.366062
75221.966572
74534.690605
75127.437051
75772.664634
75128.341969
74723.208867
74598.868222
74622.620691
73378.857907
73699.754263
74044.963602
71020.885970
70949.097618
72053.683338
71781.417129
72073.242445
71819.205265
72501.240034
71990.216685
73460.675119
72816.153579
72141.898061
71946.387466
71666.520095
71935.752107
71914.901210
71162.096389
71298.598539
71115.715005
71173.236326
71564.615675
73395.412671
72670.006459
72641.422909
72765.100282
73382.127899
74675.809386
74675.809386
74347.261094
74361.163634
72301.637233
72400.148720
72970.386344
74146.696723
72178.580609
72073.418120
71783.600432
71898.285249
71993.381661
71710.199996
71987.531584
72436.082603
71889.664705
71762.640351
74264.095868
73704.331633
73348.333751
73456.059270
73414.892692
72928.403850
74190.747340
74966.209364
74685.726442
73824.200815
72399.825263
71995.186591
71933.788763
71872.808368
71960.197186
71788.537586
70837.554545
70768.376453
70800.376266
72008.120362
73362.779498
73724.239882
73346.237418
72958.788363
72958.788363
72887.739767
73765.981446
74736.245041
75384.797198
75538.292997
75229.998303
75206.679048
74242.688872
76481.794665
76325.265189
75053.883666
75138.118489
74771.938466
74599.301866
74754.253848
74674.830487
74480.425994
75704.086638
74284.479887
74631.121111
74602.506772
74702.668149
75258.916390
75815.875391
75885.522021
75427.841778
75421.281126
75608.679944
75726.726338
76577.622108
76491.916706
76596.348864
76112.907859
76455.797689
75818.517744
75553.612519
75305.843476
74858.377435
75272.855753
74781.523037
73751.701615
73380.185488
73079.087406
73519.015839
73724.453846
73199.580307
72134.068427
72089.592753
72092.311981
72100.413607
72205.884882
73189.243772
73080.684769
73060.358577
73274.459938
74320.061435
73077.357186
73186.115547
72846.121653
72384.798567
72929.891956
74023.362716
73927.498313
73554.757953
74545.233337
75023.555471
75319.138342
74800.445365
75151.995988
75284.837151
74526.359520
74470.808195
74437.248316
75342.389161
74770.145012
74405.218523
73879.283433
73726.837130
73538.975005
73572.534884
73072.848790
73072.848790
74279.756755
74647.761575
73827.147771
74728.764913
74228.551930
73581.527919
73990.312961
74477.660626
74357.472337
74251.933963
74102.657366
72589.231010
71482.757035
71847.359086
71626.167178
71229.519850
71148.287537
70675.743955
71052.924857
71106.917268
71179.752449
71907.810776
72712.203217
73125.667281
73211.252316
73150.997273
72915.352864
73668.156978
74851.558972
74636.376071
74955.546617
74889.792969
77265.991376
77479.209668
77032.346201
76286.435524
77835.339256
77284.538365
76708.855120
78318.145397
78257.074050
77061.397396
76657.164150
76501.553623
75153.069091
75234.703692
75396.456342
75078.416133
74808.277631
71521.356686
70823.721194
70742.341663
70854.560265
69282.346981
68166.327624
69938.421704
69545.821560
69209.659985
69370.751532
70156.157637
70378.116341
71091.427676
71446.682822
71446.682822
71376.222921
71310.682055
70460.794034
70475.970002
70231.483569
70207.745772
70496.406931
70916.603455
71076.898634
71758.023697
71848.886047
70546.572049
70697.746804
70655.765103
71252.571073
71557.059624
71530.804290
70976.566315
70974.986976
71024.674415
71241.116554
72510.184917
71837.090760
70756.071608
71081.967314
70992.524719
71990.532506
72599.813002
72677.082488
72877.766026
73705.147326
74150.466219
74800.598822
75471.157197
75045.416430
75835.887390
75978.958538
74417.585118
74196.319615
74153.465741
74523.823143
75041.755276
75003.992578
74078.292799
74856.061160
74942.912029
75071.342081
74489.208177
74460.644835
75186.186772
74891.762090
72691.976770
72542.941101
72695.545611
72583.632062
71627.188784
72405.763633
72418.346920
72463.690711
72488.109500
72167.749523
72864.376041
71310.164692
72051.541047
72092.503502
72786.476427
73510.248838
73230.147139
73355.447370
71303.478005
71361.413857
71180.973641
70263.283787
70238.551866
70484.064818
70862.393738
70936.507803
71750.305313
71734.251765
71323.031303
71737.963776
71610.873548
71491.444970
71466.462504
70824.497988
70854.274241
70168.637913
70018.786662
69226.493621
69843.288615
69759.292245
70545.390075
70040.299809
70395.727593
71368.205803
71651.744807
71706.051991
71188.692863
71162.693105
70748.031446
70479.673671
71337.927188
70049.349805
70792.846191
71227.643384
70540.560434
70262.856730
70597.357201
70623.029926
70631.823655
71062.150622
71343.362235
69045.653400
68228.319325
67250.453748
66073.446716
68020.057859
67393.521935
67977.457658
67104.312571
67433.625609
66852.809069
66421.896909
66679.433039
66745.694817
66936.974719
67868.633407
68994.401897
69318.294486
70153.929780
70625.260942
70485.158753
70812.997088
69361.264880
68490.806495
68309.267791
68353.861301
68434.582654
68613.018084
69295.447682
68278.815980
66967.440303
66968.026136
67381.623548
69294.100291
71720.246812
71145.706160
71039.476508
69681.233794
68602.497068
68988.860229
69773.284497
70961.568066
70199.353129
70199.353129
69725.381226
68719.176653
69576.337480
69813.870597
70040.154602
69891.231895
69803.180428
69077.661645
68990.776138
68990.776138
69687.593079
71655.902630
71824.551230
72332.322306
71686.357669
72121.429725
71243.611102
70821.309969
71011.571371
70748.520842
71694.822813
73030.975260
73030.975260
72972.236881
73280.351503
73222.697937
73703.558622
74680.123853
74280.498936
74187.742087
73364.767315
74046.862284
73905.467751
73781.500957
74943.135133
74858.986571
74194.123431
73957.367362
73992.551895
73797.330993
72944.791727
71899.389582
71841.979989
69515.901590
69879.177125
70403.581888
71248.266510
71220.733268
68266.934904
69796.086213
69167.728232
69029.924915
69149.266339
68694.626913
68745.988519
69181.971723
68512.604827
70114.008138
70023.855724
70110.190263
69113.571678
69113.571678
68824.696000
68841.134210
68502.987149
68709.551164
68791.490396
69571.427257
69527.510187
69648.374320
69592.520188
69664.800167
68816.519349
69354.920738
69162.554689
69427.026141
69427.026141
69347.544126
68550.100860
68547.436819
69155.142236
68811.318648
68292.568039
68268.120800
68992.148331
68957.902344
68484.395585
68158.639980
68005.907800
67629.750635
67710.900175
67818.311089
68028.725755
68028.725755
68542.647839
69187.550550
69479.120992
69369.708454
69329.584380
69737.175403
70690.420611
70571.095199
70262.655087
70513.454580
70510.975908
71149.538201
71079.492901
71652.069867
72332.113055
72092.109024
72188.706455
71706.550226
70435.683954
70175.230657
70133.371935
70846.361128
71832.574052
72040.664540
72590.618968
72424.352357
72549.378776
71581.626223
71582.832721
71746.551681
70293.364942
72208.524532
70773.826302
71158.538102
70410.913368
69974.840346
69255.039122
68963.826769
68953.171877
70614.791790
70716.130044
70006.910723
69537.319227
68517.193798
69560.466948
69718.787724
70665.009810
70468.328065
70477.333115
71598.056688
71134.873077
70635.302085
70490.752470
70785.825821
70889.650251
71194.441375
70120.840295
68878.616001
69147.711691
68602.797187
68716.894118
68792.734505
68719.543431
68731.723610
67388.730485
69185.894211
70282.579725
69185.894211
69080.705659
68910.539286
68768.896880
69123.511487
68618.043127
69786.120046
69257.230084
69101.431800
68942.590618
68488.496416
68443.220278
68492.889388
68049.924724
68659.157512
68382.284481
68172.772369
69661.450805
69397.689049
70106.675977
71870.491088
72354.648715
72327.842426
72327.842426
72419.276369
73152.494258
73047.524813
72561.280157
70900.628368
71306.819613
72921.141653
72940.298434
73439.172308
70892.432545
70936.603422
70453.507554
72281.074425
73712.045684
73403.637806
73232.368292
71272.860617
71222.264535
71448.978638
70828.904809
70507.453326
70502.373194
71031.974641
70351.906678
70382.814705
70396.300867
70359.675357
70859.905488
71062.550654
70821.484637
71905.780067
70869.820288
70500.947134
70064.226729
71194.311014
70556.107994
71266.015582
70761.269489
70576.848444
70201.989218
70580.142262
70893.500815
71101.384999
70125.404350
70195.295705
69246.516980
70169.585431
70054.556734
70219.762849
70245.797586
70356.771604
69597.473840
69058.554868
69610.973842
68637.746517
67749.054747
69016.965570
67601.386792
69375.115271
69875.000597
69797.356871
69737.015191
69654.855132
69559.214929
69333.210460
70339.348554
71012.313796
68864.718203
68833.312641
68530.516158
70021.068677
70096.880166
70492.545307
70427.122574
70159.833586
69742.295092
69137.184316
68861.479870
69099.992322
69204.723599
69773.377073
69748.516465
70084.237546
70227.027338
70720.060218
70356.111869
70615.375499
71309.057308
71108.882490
71525.291791
70940.748380
70462.209316
69723.901823
70909.310660
70202.905317
69624.756467
68678.099546
69437.377903
69663.738867
68531.235721
68817.695022
68674.859773
69708.477849
69649.150313
70160.659572
71002.403184
70967.258635
71521.628321
71615.134311
71776.764067
71541.286252
71496.344977
72486.579924
72665.515891
72262.884426
72396.771183
72395.896162
72822.053609
72527.209827
72758.499347
72881.889077
72389.278128
71789.928183
71890.637799
71519.796838
71519.796838
72102.575073
72776.907677
73632.939910
73681.794149
72820.662920
71601.209405
70359.044727
71190.275896
70765.827759
70604.606776
70917.613824
71041.371802
70815.394464
70239.131187
70066.863090
69763.829243
69735.437383
69647.127303
69161.436903
68668.773218
68700.961279
68898.199097
68962.133704
69765.853430
69283.283741
69761.761722
69085.702622
68076.240718
68360.754040
68036.439790
68130.871422
68099.988585
68973.554129
68840.179940
68767.547438
69717.658947
69717.658947
69494.502417
71365.144934
70856.082234
70868.761842
70436.478870
70295.327147
71486.729536
71583.346522
71771.000132
73287.800407
73023.004384
71548.511016
70284.017196
70900.141598
71506.638105
70750.587667
70603.039572
70591.827229
70572.532118
69496.565668
70501.205152
69360.227508
69636.645805
69523.986370
70682.506045
71745.112890
70967.300657
71398.415921
71433.983580
71020.699510
70902.317662
71139.711096
70330.110534
70194.803840
70490.681080
70615.145450
70872.036923
70799.654408
70443.019902
70345.740893
70345.740893
70830.621028
71320.842591
70569.047939
70704.265883
70646.255480
70335.602524
69336.940714
69869.347863
69080.803062
67696.649100
67080.921340
68024.479375
67945.672998
68021.105263
68021.105263
69078.163668
69251.389831
69443.295640
71206.350988
70564.199134
70316.255205
69995.383984
68926.321927
69190.854850
68289.077518
68279.180315
68585.830101
70162.906101
70132.385618
69526.873124
68475.975949
66966.480407
67120.251203
66767.667904
65971.417895
65437.186536
65270.074932
63744.818253
64036.821446
63577.642462
63960.920365
63879.247983
64015.339704
64699.353980
64077.135077
63964.495906
64087.902548
63621.048424
62946.399959
62724.524937
63210.906396
63457.701794
62233.231655
61858.754807
62749.376561
62715.306613
61584.925887
63076.796582
63858.672502
64191.079659
64038.755188
64437.124198
65073.553819
65079.270328
66070.585570
66081.634931
66251.993203
66918.677470
66996.835930
67090.909415
67401.555331
67974.732342
65053.893722
66292.224815
65812.745169
64984.443445
65285.919449
65635.152377
65809.199827
67101.623933
66699.113348
66968.275527
68865.185490
69053.862238
69045.065830
71138.015341
74059.192834
74437.362176
74041.581531
74480.976857
73764.691125
75019.754009
75620.640720
74608.025862
74685.117020
75242.773761
74323.014934
74228.262898
74271.442844
72997.647181
73529.669555
73838.387503
72303.535488
71458.071914
70775.260922
72131.778098
71705.059176
72400.541636
72669.368990
71479.801902
70739.395225
70438.735900
71137.440418
71079.208064
70517.463123
69598.735071
69719.520699
70004.292123
70299.403487
70650.232267
69614.683064
70029.837382
69378.359703
69496.698547
70006.140639
69892.414139
69539.438261
69969.744159
70819.986166
71330.341892
70574.601742
69787.108858
70104.129590
70517.979482
70784.442425
70934.616880
70533.195076
69692.105732
69648.781427
70200.707897
69302.828112
70335.105495
70439.748209
70313.768725
69207.487129
69337.430143
68840.255523
69008.224136
69412.304666
70680.922707
68820.389181
68061.955583
68166.833917
66609.073686
65859.707126
66916.128068
67267.620663
67981.878355
67384.422387
68175.688732
68890.453453
70495.773471
70094.612462
70629.973963
70614.057864
70479.486255
69054.565779
68873.036733
68578.965239
69938.771283
70790.225512
70387.666250
70532.021575
70167.337709
70229.249102
69165.867474
69899.732806
71327.571331
71615.626869
71838.938506
72578.669269
72540.715785
73501.702594
71775.223234
70670.107516
71289.662441
70851.205882
71188.140498
71019.694404
71452.690804
70908.376829
69605.909265
69992.230884
69837.237019
69268.348059
69866.791580
69315.795011
68722.857758
68516.136644
68828.327725
68471.468657
68436.635314
68224.281431
68517.085783
68769.002474
70409.206688
70320.353423
69959.491239
70133.441185
69873.484228
70545.958404
70848.284173
72155.552358
72277.756393
72044.262660
71996.001143
71692.010053
72201.537995
71453.662535
71373.316894
72222.518840
73127.444223
72297.725303
72799.480935
73167.910753
72987.911371
73267.108794
73238.040925
73471.247329
73755.007065
75798.239467
75984.513076
75379.785660
75369.841304
75172.219636
75358.983097
74620.218086
74544.456713
73941.112045
74509.904047
73368.095534
74442.021307
74294.839009
74439.077057
74603.491384
75501.584042
75985.289735
76001.043048
76148.844848
75860.916220
75264.738630
74633.015377
74809.666470
74731.439768
74921.309121
75566.866871
75040.462502
74948.604349
75236.827029
75216.261375
75285.342651
75269.619944
75410.914339
75007.329788
73495.924521
73417.053491
72844.584841
73011.061816
72508.141131
72518.723655
72138.026461
70590.118694
71078.800603
70855.110535
71636.657503
71695.900567
71497.913202
70845.885952
70826.665684
70561.707533
70524.165658
71604.540320
73498.376885
73050.017224
73055.573065
74772.299264
75519.078075
76315.948179
76678.784591
76695.570106
75603.926612
73590.505049
72584.042387
72412.962345
72603.097185
74138.320441
74095.956434
74650.009574
75030.374346
74972.204847
74925.754083
75842.428458
76605.888987
76441.747004
76411.341298
76299.189899
77126.932476
77126.932476
76102.179922
76237.439997
76099.392657
76070.184020
76362.426839
76673.979691
76112.763931
76074.699846
76778.725125
77017.655545
76014.721889
75118.304402
74903.835358
72935.151035
73098.263447
74087.692210
72828.168057
71896.186823
71972.542186
72832.521382
73745.881340
74091.757262
74286.772057
74286.772057
74627.887760
74825.522487
74612.812168
75188.383112
75360.179388
75351.121143
75107.311993
75107.311993
76013.841190
76019.166762
75768.644126
74325.651941
74019.839109
75535.374399
75730.593418
76758.212101
76298.754763
76855.249311
76665.289710
76486.951031
76866.121116
76833.211568
75935.994070
76853.821668
75997.001716
75462.326012
74865.634312
73613.886838
73630.015333
73550.875959
73983.638717
72960.025073
72960.025073
73958.999783
74257.970985
73761.120866
73784.060227
74030.261504
73816.101911
74782.515949
73588.582295
73012.876610
72748.330634
72748.330634
71933.654325
72042.335001
70702.690334
70685.146272
72523.222214
70528.164579
70736.730485
70692.817091
69874.941563
69944.114184
69944.114184
69968.510236
69555.204003
70422.020753
70641.949110
71444.335561
71552.827075
71169.390038
71074.564670
71435.157100
71109.636634
72153.317303
72146.618998
72775.635074
73794.219710
73569.914541
72828.472334
72308.909162
72408.227841
71129.515618
72321.541881
71565.782660
71477.288471
71430.914251
72558.963813
72289.380999
72258.294786
71275.706004
71823.316212
71678.228314
71647.338173
71792.503950
70954.167262
71197.007020
70214.077799
70198.118412
69151.499344
67737.430698
68184.099892
68018.107962
66580.183380
65139.551026
67252.607424
67191.915895
66185.999918
66046.774414
66031.236858
66405.222005
66856.314134
68944.253282
68190.943106
67010.572792
67036.624928
66831.972679
66847.922880
66680.267747
67147.701939
67706.307686
70104.104665
69628.890914
69909.979522
69877.233028
70368.841815
70282.655832
70816.203232
69140.364285
69122.307501
68909.471720
69376.596843
70707.509514
70796.370149
71148.668746
71155.729275
71097.095227
71456.872319
72385.698852
72700.120791
71958.147131
71804.610551
72058.048501
71393.766281
71859.042550
71499.265458
71124.900503
71477.050645
72686.388543
73610.858881
73615.276257
73571.154122
73904.291838
73721.700491
74067.460587
72555.587604
72782.352910
72419.131674
72322.335344
72276.214402
72444.855839
74570.207559
73386.832370
72858.303144
70198.483700
70242.165193
70242.165193
70652.279603
70378.156968
69436.079011
70057.745935
71921.599553
71406.102776
69850.705889
70798.420881
71460.042844
71493.076464
70813.862863
70485.163142
72166.116237
72080.611553
70406.375535
70236.787151
70210.430625
70499.226612
70818.873151
70624.292855
70228.163306
70871.968516
70204.506370
70988.090676
71242.390691
70844.855113
70802.867870
70303.359554
70790.304012
70038.621966
70582.438184
69884.708616
70699.272600
70672.288914
70728.615918
70486.125889
70818.356318
71151.288756
71927.311866
73294.290587
72542.796525
71927.115975
73380.969398
73245.280024
73257.142673
74264.271632
75768.750621
77575.144637
77319.819944
76925.246191
76866.214055
76575.264428
76919.269743
76018.715433
75996.446033
74205.673664
73528.436973
73813.764857
75646.262066
75506.649673
76249.206310
75575.863968
76090.272785
75602.741488
75781.542558
75781.542558
76281.140130
75693.845321
75955.200818
75859.317806
75993.394384
74977.319255
74594.029787
74676.189501
75692.990762
75692.990762
76606.647072
76608.827578
77476.567680
77714.873720
77490.283309
77207.578903
78373.264463
77666.155043
77732.389486
77725.479391
78118.145773
78022.467819
77884.723801
77870.183298
77914.640964
78673.363722
78688.982291
79147.721548
78942.770769
79074.880771
78504.046768
78378.782104
77987.238005
75971.732748
75841.041236
75841.041236
75443.022042
76068.459369
75254.933813
74583.837589
72108.543193
71646.561140
71955.460287
71487.825287
71639.905838
70916.612683
71350.446532
71325.361626
71743.969282
72029.668485
73161.141160
72971.329432
73654.899569
73455.216306
72972.187968
72566.459295
72101.667900
74019.965963
72552.645140
72820.203007
72677.986374
72709.320400
72318.244354
72718.857924
72821.238914
72293.621751
72508.830521
72526.418963
72789.927627
73290.084096
73256.961792
73256.961792
72003.914813
72918.086393
73454.822065
72913.927432
72021.622309
71603.701445
71466.982545
71434.974332
71811.128857
71843.177960
69485.045785
69365.552642
70889.191119
70641.037097
70641.037097
71236.692238
70647.757478
70902.383156
70809.263031
71028.664869
70922.640261
67695.599613
68695.946892
68459.492337
70166.442020
70150.297587
70351.759189
70471.502025
69380.359123
69340.437208
69692.774371
69688.260947
71334.804559
71099.123649
71792.420597
71792.420597
71931.277608
71312.036758
69886.998623
70262.240896
70997.092161
71257.888205
70738.179453
71267.208107
71555.359512
71614.438894
72580.367525
71572.260024
71544.432470
72314.362427
72782.065586
72184.646178
72534.028282
72198.941024
72038.796768
71979.974782
71637.006123
71592.467091
71746.894114
70658.585551
72244.979199
73168.122433
73011.393556
72301.926611
73895.520556
74134.653904
72571.012724
72950.591744
72950.591744
72765.104714
73723.714683
73676.657436
74023.464368
74023.464368
74152.063823
74151.067739
74651.153632
74794.455789
75000.624320
74480.833575
73311.781493
72916.338481
73119.787016
71671.828539
71391.428240
71803.142292
71508.916992
71180.220644
70970.084798
70264.795516
70059.267169
70863.013980
71136.477539
71098.181702
70413.896447
69923.547889
70882.203719
71903.237548
72296.131423
71975.355113
71707.396007
71882.228203
72201.998570
73177.356243
72454.448825
72447.035602
72832.025387
72786.883638
73297.544649
73639.027937
73456.416779
75078.280699
74835.172521
72799.928248
72824.180693
72536.614056
71896.352324
71613.220271
72282.453979
70660.590059
68692.084484
67549.292812
67963.068247
70661.121523
71182.922502
71254.811188
70302.968934
70328.833117
70359.395851
71180.631100
71236.012437
71476.228199
71502.844420
70863.484127
69487.729573
69495.183937
69817.732782
69376.719900
69110.312413
67804.497182
67429.729556
66516.924756
67098.436885
67098.436885
67051.140989
66888.485311
67117.955519
67083.850194
66305.846228
66379.599808
66007.173804
67177.469847
67312.146355
67289.638062
68459.527133
71963.788298
71578.450262
72124.346735
72913.263167
73132.063474
73145.007730
73145.007730
71935.631319
72075.948360
72258.078034
71989.110801
72295.615213
72301.687742
74024.838884
74020.873516
74032.907246
73433.161585
73211.972344
73120.154740
73589.351146
73623.492754
74306.393840
74802.039533
73899.296097
72561.235013
73553.709489
73041.331041
73038.452342
72844.749366
73342.740467
73487.891868
73288.375144
73315.312526
73426.519554
73617.042917
72987.244357
72772.440277
73055.520523
72915.703442
74164.260751
73326.690017
73422.635387
73806.732285
73161.742023
75156.176708
75003.059653
72903.170819
72518.442816
72230.792356
73947.769091
72620.351307
69225.127246
69739.686104
69477.402605
68346.526072
68454.712555
69364.153516
69249.742902
69501.142550
70922.040204
70922.986737
71584.062921
71018.838350
71577.186827
71340.405039
74735.629101
74731.968802
74005.504401
74171.312427
74173.477712
74574.498563
74335.709920
74639.728849
74653.164313
74711.946169
74879.712287
74761.606186
74797.558062
74853.723477
73861.498603
73104.469373
72344.303692
73246.292600
73755.904003
73647.429780
74060.277941
74876.439065
75040.655222
74879.640390
74553.687854
74773.076669
74383.156645
73636.736526
73757.051195
73610.602430
74019.199150
73477.908825
75177.483444
73766.929693
74700.511911
74574.085053
74904.893967
73155.105700
73203.992896
73251.537370
71848.198389
72253.723223
71269.729905
71534.155446
71037.043736
71313.543384
71265.440271
71327.710583
69736.264801
70658.524466
70037.654790
71806.051940
72844.517036
72650.118499
72984.661032
71761.281099
71855.881964
71875.863017
70898.726949
70835.708439
70348.907668
69624.798016
68765.812772
67937.980948
68394.198956
68897.334895
69069.389854
68364.187395
69366.215934
69957.387214
69620.199441
69634.146359
69503.939688
67611.415084
68798.325431
68807.763099
69121.232532
70382.237463
70161.469441
70500.431366
71579.272692
72295.174147
72498.407143
72275.980539
73691.246299
73413.694567
73261.761253
72631.451328
72326.057720
72265.486473
71951.695578
71872.499522
71964.604933
71743.494646
71145.807130
70963.999183
70906.914749
70211.458108
71870.371478
71909.592087
72456.812162
72997.053929
73778.459999
73328.106422
73432.150608
73275.409792
73454.409060
73651.997778
74223.684615
74406.180527
72719.118004
72241.372244
72701.742350
71488.953830
71657.187312
70550.183438
70511.503084
70489.472967
70500.236190
71862.076018
71876.156044
70954.745992
70676.888221
70828.238954
70742.526939
70645.465320
70478.126560
70658.612740
70779.637290
72147.893217
72392.025083
72536.990102
72584.142587
71724.606737
72795.847919
72710.849152
72349.675356
72308.056284
71121.572449
71210.234690
71064.796603
71480.928863
72821.711735
71928.312895
70179.429467
70207.601048
69587.615516
69587.615516
68380.801312
67793.284441
68909.308692
67773.272392
67696.095928
67718.330801
67718.330801
68983.242093
69200.923912
68637.685623
67871.825266
68860.985947
71275.442781
71543.301930
72349.157691
73199.082875
73865.282564
73025.963072
73062.007406
73312.207665
75413.446325
74167.816728
74707.742378
75034.068143
75609.821643
73985.953578
72719.954054
72338.764740
72042.016722
72266.057722
72300.472553
72373.552647
72852.480700
72983.968361
73458.201378
71327.803959
71871.537824
72060.022767
72163.602927
72163.602927
72970.622979
72421.507048
71887.428500
71887.428500
71845.071908
71099.278948
70251.074454
70576.256334
69887.166205
70746.099424
70109.879733
70093.011284
70165.925382
71240.883808
72911.543820
72270.606597
72465.389947
72441.410175
72990.022893
73167.568567
73167.568567
73339.379265
74351.099122
74988.225254
73420.291043
73048.287781
73808.573058
73770.625636
72716.732655
72716.732655
73143.575273
72912.078398
69160.875758
68914.129077
67502.246972
67707.571072
68309.088558
69862.593890
69910.833294
70464.311248
69423.620373
69367.322353
69058.248199
69817.911923
69688.808783
68303.622652
68303.622652
68757.658157
67613.801863
68077.564965
67927.312743
67590.471606
66882.190931
67081.366879
66481.116481
68026.257305
68910.641336
68939.673799
68963.372961
69813.351349
69860.226825
70297.047981
70660.185034
71800.875416
71713.265183
70789.463117
70361.272696
70035.982062
70035.982062
70018.666185
72214.432250
71800.608427
70897.036533
70776.573745
70754.789923
70649.089514
71126.433302
71324.988461
71962.626744
71729.387977
71087.002261
71397.265826
70554.000438
69287.269365
69030.503007
69958.932780
71165.026856
71157.316659
71157.316659
70818.024168
71693.914916
71693.914916
72009.858355
72044.425235
71789.832438
71934.513099
71389.762063
70971.878345
71483.812866
71565.548583
71247.867906
73314.231857
73062.905128
73689.085375
73947.634005
76012.822353
76134.758437
75478.835346
75784.574494
76868.864889
76795.225492
76785.663141
75253.625114
74035.300724
74696.221038
76126.903861
75765.167158
76284.700422
75663.300129
75698.499594
75698.499594
75698.499594
76127.921562
74360.137005
74618.322009
74716.472677
74546.007013
75880.401132
75336.247309
75715.396659
74863.559324
76606.700681
77121.492119
77121.492119
76033.410843
75982.752866
75848.835580
76289.188311
74481.206403
74597.470812
72205.525910
71498.157973
71435.981607
71742.893116
71723.024062
71813.385673
70876.497147
70756.002935
70781.107861
71962.387656
74415.034200
74871.691826
73282.603098
73815.715606
73940.996533
73610.331186
72748.443763
71082.471778
71587.629575
71400.995473
71506.835443
71411.553417
71342.675404
71473.388322
71268.213090
70916.897216
70998.962573
71377.100672
71166.353763
71969.662169
72661.070419
72658.423785
72758.215345
73357.278980
74116.712022
73960.875197
75258.385129
75064.062656
74662.102476
75650.899087
75660.267896
76224.516930
76224.516930
75854.107113
74934.496749
74860.960110
75438.424014
75756.060332
76351.297804
76776.850506
77185.741462
76188.328744
76436.344637
75530.825694
76177.945253
74769.895412
73461.834344
73446.812981
74395.947281
74205.493467
74188.196556
74002.736128
73958.840330
75068.527339
74954.325452
74344.946058
73817.297804
74243.761693
75994.018941
75796.207915
75783.142677
75268.818117
74375.140512
74375.140512
75115.082388
75099.310838
75824.764940
76508.628088
74731.657457
74275.918643
74493.069214
74774.802557
74008.242528
73653.649953
73319.362215
74833.242376
74753.753298
74739.403836
74292.308879
74070.421578
74644.289409
75958.078359
76304.395030
76046.018184
76781.815687
75801.038451
75951.958923
74128.232359
74275.067937
74174.918537
73760.457116
73414.725464
72279.173242
72350.607803
72012.959482
72030.782697
70638.377686
70566.430533
70523.791473
71404.973127
72787.921796
72779.001509
72901.142565
75077.045040
75161.439760
73965.821953
73302.889203
73324.450071
74013.274139
74273.339253
74416.321632
74241.913843
73351.941497
73726.391936
74159.995911
75649.748132
76050.876105
75284.272773
75098.686171
75011.306998
74968.795105
75391.427137
75352.011093
76182.631939
76444.102461
76266.058496
75199.598928
74701.146006
74701.146006
74592.105834
74511.517676
74417.815225
74029.017434
73749.134424
73759.933104
73975.612216
73859.958212
73734.594919
73533.075324
73067.780991
73988.730443
73984.998382
74132.320372
74033.802139
74311.405063
75509.481909
75130.886643
74925.494427
74648.568987
74109.854678
73863.050522
74669.146277
73370.831967
73943.020401
74001.332960
74001.332960
74174.443254
74209.977029
74871.902038
76373.247144
75971.769873
75884.567782
75712.081091
75449.871846
75078.292979
74593.728707
75210.407848
73988.516026
74268.197676
74054.859304
73214.761668
72229.320033
69451.011528
69581.466836
69942.408544
69451.095770
69906.143329
70371.156218
70460.445854
72109.561064
72207.362616
72093.180427
70740.103798
70673.745151
70563.726052
70752.330289
69372.580997
69670.015746
69670.015746
69198.372621
69198.372621
68262.034135
67726.264238
67562.121687
66391.848521
65480.600732
65680.937576
65740.052023
67093.150735
67093.150735
67213.664376
68782.227432
68809.061546
68749.685642
67826.014039
67024.678443
67024.678443
67492.577510
68061.442733
68061.442733
66691.253785
64827.651718
65111.220070
65054.970374
64989.085218
64837.410799
63170.032140
63869.778928
64987.477945
66980.549264
66088.356525
67060.226935
65685.200993
67214.006670
66838.237190
68052.754289
66963.084726
65812.612943
64942.631850
64549.424583
63861.513650
64007.519340
64048.573945
64003.289325
63949.925047
63969.565931
63979.392255
64533.276117
64765.528716
65342.198795
67070.107473
67051.574135
66737.660902
66519.055208
66452.496934
66388.376484
67960.484263
67671.895055
66467.594796
67898.284114
68416.361528
69541.277674
68618.132048
69370.327536
70473.843981
70935.959488
71655.566520
72529.490963
72648.599810
71045.477170
70674.170800
70461.665410
70355.823761
70320.979383
70286.193761
70477.532083
70676.509482
70068.512281
69967.005654
70145.065546
70127.867231
70094.742391
71084.717433
70848.363167
70714.637833
71888.720607
73958.845877
73547.585172
73912.160045
75140.502740
75466.132753
76313.261458
76313.261458
77047.218372
78356.267560
78300.894127
78534.794660
78699.994599
78053.963668
78647.021933
78236.016432
77457.606014
76264.354566
76303.104221
75708.054362
76340.419527
75906.426228
76412.050732
77066.137741
77087.735920
77518.705996
77178.381963
77099.625842
77003.116540
78450.884454
78045.519635
78053.647204
77845.081835
78582.907366
78398.811588
78272.292408
77855.288245
78336.268833
78530.564629
77984.922479
78127.217687
76739.724487
76727.420551
76788.715889
78707.069786
78680.536334
79060.842941
78392.182849
79204.544002
79201.530086
78893.663103
77120.559650
77959.315642
78051.123225
77596.908514
77596.908514
77796.581841
78147.169109
78101.424745
77185.394453
77007.876136
77679.937436
77774.355108
77551.812852
77326.501087
77320.606275
77311.877096
78137.723960
76898.010522
75180.364325
74585.290327
74668.610118
73633.343790
73859.479764
74725.598388
74725.598388
75400.507643
76015.456836
75280.801578
74804.059231
75933.223273
75616.112927
75471.881212
75717.722000
76030.049022
76183.394679
76278.795879
76252.908660
76259.438426
76650.383974
76222.748007
78056.915092
76143.352835
76196.099837
76071.419373
76053.463301
76521.514176
74588.223983
72480.965435
73595.759052
73611.299774
71530.106828
72966.017149
73153.590223
71978.556518
72984.487524
73003.556483
73702.531504
74595.798869
74979.710548
74924.853955
74592.399079
73430.792679
74747.919778
74318.261785
74372.389623
75275.989787
75331.227692
75023.999193
75965.554004
76439.544067
76886.764442
76193.587991
75653.040639
75636.645716
75661.264731
74616.167613
74632.659595
74594.260498
75066.701353
75227.560042
74704.937686
75461.555582
75329.361465
75595.158365
75452.344701
75475.652899
75385.862714
74618.693408
74461.955558
74546.017063
73830.670286
73711.246064
73208.733921
71805.892620
72226.491384
72226.491384
72155.386804
72242.066993
71567.635536
71390.009878
72005.969016
71068.971539
70530.272084
71335.342776
71154.006886
72084.343187
71808.887291
71970.554317
71723.934190
71662.470057
72264.719827
72749.939642
73084.939437
73400.817958
73567.670569
73464.450871
74069.798889
74350.312989
74444.855280
74124.017399
74179.377645
73158.238151
72769.511890
71128.100525
70725.749145
70074.818409
69071.765908
68308.423196
67871.505741
68501.831172
69067.699474
69004.697689
67219.139604
67169.574901
69077.754523
68361.135823
68622.257278
68174.183527
68320.039195
67681.950166
69604.107456
68992.663437
68855.560114
69109.797462
69700.875374
68928.361854
68934.590209
68792.561516
69312.486164
69407.298075
69808.286982
69507.449314
69596.881573
69610.576916
69838.711319
69987.070376
70141.313789
69789.399171
69968.640858
69851.099817
68730.587282
69043.038062
69242.416803
70180.652072
71712.877260
71164.478932
71399.230881
71399.230881
71123.906760
70885.999682
71599.963154
70135.668824
70912.242904
71174.255676
70565.881126
70574.644444
70154.631747
70413.132043
69381.190515
69203.343878
69312.721892
70103.909544
70041.850785
70067.240845
70696.514823
70757.625343
71464.328715
71464.328715
72694.846473
72734.877891
72373.096956
72430.355840
71869.649512
70820.929017
69771.710562
68921.918968
69550.290948
69224.862125
69312.105425
69102.167222
68719.733722
69599.290760
69026.320972
68738.284777
70205.005473
70205.005473
70184.867110
70777.593888
71100.188636
72202.582916
71240.836222
71492.059650
71399.568802
72225.901794
72715.796846
72600.024378
72266.475294
72406.082252
72363.169338
72577.623180
71826.417260
70618.993389
70312.668065
70188.546787
70176.908252
70297.667877
69765.540469
69936.776615
70959.224121
70232.915937
70464.285933
70784.665777
69862.703605
71259.652551
69608.558210
69956.705733
70030.054230
70794.822240
69939.019574
68641.722469
68406.308334
69037.042364
69492.666762
69219.220395
69162.549210
68962.549382
70359.445706
69472.966602
69872.836363
69475.845348
70359.876619
70041.160254
70374.003100
70213.231892
70367.111487
70240.166068
70380.926188
70140.151727
68553.989617
68151.867809
67208.624455
66487.336837
66394.750428
65031.732559
65660.200230
65660.200230
66949.961875
67709.835852
67320.163849
67436.301524
67693.525388
67546.800079
67284.615347
67170.853401
67171.982811
67096.870743
67367.620218
67367.620218
67676.013050
67802.971464
67052.648985
67779.385852
68798.341847
68998.043421
69499.399121
69445.698095
69887.848299
70342.389894
70619.124226
69192.945591
69719.369461
70562.350557
72100.888442
71739.582168
71572.221169
71530.944334
71605.415150
71988.422750
72036.957501
70743.424494
69970.056525
70471.312192
70255.615369
70819.640685
71104.296888
70634.868295
71254.334028
70781.620014
70679.013589
71793.879268
71941.985318
71941.985318
73532.017688
72735.882769
73239.843390
71655.368815
72040.552990
71277.976403
70973.676266
68980.897771
69274.022814
69296.313539
70262.814843
71552.503802
71858.418079
71813.019497
72209.704688
71641.279264
71511.221558
71511.221558
72349.133781
71608.876823
71675.524718
70833.180566
71027.797958
71032.132258
70350.589689
71099.728740
71149.103065
71090.777433
71165.427801
69924.790791
70462.041037
70606.677644
70885.381058
70487.880086
71385.267127
71185.750531
69875.938458
70839.936228
70857.482652
71188.742973
72282.838920
71529.475555
70080.635969
69245.487017
69122.373536
70020.187575
69350.306003
69000.725898
68122.191236
68122.191236
68824.418582
69563.268493
69563.268493
69605.578490
69373.272630
69770.429651
68863.729382
69136.489997
69285.196002
69704.876949
70248.698130
71283.004746
72093.342516
72571.675400
73404.305143
72942.209665
73434.563397
72095.130170
72089.236428
71423.095907
72032.117271
72237.155576
73120.361572
73242.008046
73345.302455
73716.172984
73731.867040
72665.339438
72377.910902
71887.694010
71461.327703
70549.069289
70244.674975
69730.679535
69685.417347
71018.718130
70947.065193
70991.468519
71357.856021
69716.845008
68835.803084
68811.431450
68811.431450
68549.687186
68236.742480
67912.439371
68320.449161
68033.544565
67993.180635
67992.762506
67890.640584
68199.855546
68189.317806
69448.734219
69090.293983
69104.670808
68615.516790
69196.034633
71603.239254
71034.060175
71568.635300
73654.652238
75079.490322
74890.665394
75210.036200
75468.335351
75455.757901
75635.755307
75301.053640
74791.307588
75031.731264
75138.616317
75339.023888
74694.097342
75309.769795
74576.323884
72962.982627
72273.627490
70506.583870
70357.999104
70692.515372
70777.361921
70328.988003
70589.465707
70568.908894
71935.611897
72153.170652
73158.360896
73037.904524
73229.344594
72452.609790
72889.853704
72129.956164
73172.380119
72105.439377
71861.361894
72005.505136
71825.883074
72182.050927
71928.160996
71889.733574
71795.484023
71937.993923
71803.076772
72242.832542
72290.964425
71595.953085
71463.834813
71642.334363
71129.311007
72971.063827
72050.811451
72977.415860
73717.971243
73871.608929
75522.331025
75091.463686
74494.031105
73239.665765
72899.896364
72918.072846
72246.470299
72484.961208
72839.736634
72832.380200
75428.721248
74492.597377
74240.675212
74565.291759
74097.410036
74795.493209
74930.410360
74930.410360
74941.839920
74744.145937
73487.307421
72860.424459
72585.579328
72446.311200
73168.318308
74134.786842
74090.411465
73582.395713
73186.358806
74039.242676
74204.675669
73755.934853
73170.220413
73293.002941
73038.098049
72819.866318
73629.097770
73159.323955
73294.441005
73249.582351
73220.180541
73345.340964
73033.381848
72586.690053
73130.312106
73003.060203
72512.562263
72992.426910
73033.408183
73115.228407
72084.961695
71223.978915
71088.179280
71520.459145
70843.773934
70316.403133
69956.585129
70057.314872
70229.323983
69954.861213
69924.619834
69835.519021
68741.994716
68472.871549
68282.540504
70863.275715
69870.757305
69389.537159
68932.264572
69052.948025
68780.112729
68231.119360
68802.217837
68777.098021
68697.295309
68665.843549
69255.731427
70019.710362
70074.335199
71461.923656
71241.355047
71241.355047
71397.321522
71759.943958
72223.823242
72522.136545
73055.727545
73207.110130
74287.028781
75372.671441
76077.395329
75102.832371
73976.526433
73632.164201
72803.798541
72928.870968
73659.671105
73570.897849
73437.002512
73533.558062
72994.731878
73575.829223
74349.991184
73102.723876
73114.104273
73209.446930
73064.383788
72722.115078
72479.784650
72591.811863
72211.109793
71373.466200
71893.068401
72372.822361
72463.571007
72783.437928
73954.461479
75187.209544
74572.966477
76226.394832
77260.281996
78748.687747
77325.730340
76158.579254
75369.490784
75182.207529
75182.207529
75285.525509
74472.179915
74221.194038
74160.065930
73298.109760
71783.624087
71021.615762
70946.706948
71317.844110
71622.066213
72700.460178
72181.465578
72027.332692
72692.558056
72020.320528
73946.257194
73931.121948
75187.755386
75262.818611
75302.485247
75694.710889
73676.879302
73586.847015
73135.449976
73151.154591
73109.133831
72928.934821
72116.607393
73267.754707
74014.401027
73921.137199
74223.458123
73506.406056
70192.884249
72533.470721
72881.243062
73053.205762
73635.365874
73331.203069
73625.652105
73319.340026
72776.892644
72897.315509
73716.018148
72654.755316
72606.793159
72366.158982
72796.511090
72063.419935
70572.953176
70636.596815
70282.877973
70282.877973
70282.877973
71452.361222
70794.090003
71336.490172
71347.045674
70637.381803
71438.430262
71457.898876
71036.572346
72814.954458
73288.876316
71060.765144
70903.002376
70849.418762
71657.048438
71512.321897
72522.157165
72585.803056
73233.529269
72425.533370
72473.560415
72619.093899
72701.212149
72621.711525
72568.420475
72788.764095
72897.973162
73161.193022
73270.319147
73288.402873
73381.397578
72540.153439
73286.139257
73190.402565
73225.382368
73354.442029
73743.635399
75075.027791
74027.486492
72680.438474
72210.731154
73197.037322
73709.698466
72423.382290
73189.328732
74606.922030
73093.030576
73440.529340
73750.237171
73096.286250
71399.719571
72407.704672
71486.113409
71181.516072
70885.781128
71308.207660
71204.764620
71204.764620
71169.329797
72156.129079
69964.677464
69993.657519
69535.347075
69514.479591
69703.470513
68461.531996
69101.652967
69508.756880
69508.756880
67720.829565
68698.557055
69647.542064
69131.471026
69801.734374
70212.630600
69263.641606
68969.709244
69197.071628
68966.178134
69051.025646
69197.966163
69593.844703
69684.480168
70202.919435
69878.427301
69846.242363
68648.528159
67231.787350
67058.300962
67147.266015
66373.018179
67973.347930
67989.112598
67989.112598
68790.064183
69554.927584
70468.655370
69882.777689
70031.770857
70038.112271
70604.598353
70431.033934
70130.198895
71358.920951
71636.472844
71843.502678
72045.628021
72934.547791
73638.048449
72165.543869
72227.284815
72483.448161
72483.448161
72520.039794
71358.915590
70382.647789
70475.054538
70141.506369
69835.030216
70414.249835
71039.044923
71057.639840
69633.282512
69479.286175
68570.652189
68850.709566
68845.794737
70271.357416
70513.252626
70747.251725
70566.141518
70909.550312
70289.563800
70109.805151
70109.805151
71287.571271
70030.752586
70093.721986
70093.721986
70335.765008
67605.224441
68363.153477
67366.864960
68459.865602
68608.420697
67964.242056
68125.194372
69801.931382
70683.540809
71677.211830
72600.530968
72320.204953
71579.415113
71446.177636
72105.300230
72093.179765
71232.930132
71037.932796
70996.733232
71918.294150
72323.541047
71945.541491
71351.804440
70910.743858
69780.221881
69740.827881
67841.058051
67370.263569
66976.895807
66444.774045
66444.774045
67594.586523
67699.497703
67326.128372
67197.362213
67182.478317
67053.910943
65886.485069
66777.963779
66933.547263
67383.133356
67874.261467
68551.515314
69078.740273
68736.105984
71594.717041
71972.630056
71352.136824
70728.916972
69826.804035
68891.197878
69178.244842
69019.360595
69634.200128
69920.770408
71288.466626
71186.639532
71531.064610
71588.292377
69921.256195
69734.673796
70137.854376
70152.395016
70650.152967
70872.786075
71119.313838
71291.940298
71445.593167
69651.634955
69603.223689
69551.828227
69413.884816
69167.176625
69505.401776
68636.752593
69346.491542
68935.829169
69275.973742
69001.574081
68836.217617
69686.291998
69047.097579
69014.270665
66933.198282
66653.643607
66853.912351
66704.923426
66444.069449
66574.343200
66045.797083
66211.842743
65832.579731
66218.197689
66639.451088
66633.728379
66752.505799
66880.632038
66927.495856
67640.201745
67449.044093
67470.006403
67739.379954
68862.923990
67473.520634
68926.580998
69722.215564
70112.655530
70106.172416
72478.258261
72065.187440
72089.009672
72441.368306
71675.629616
72858.004423
71871.515307
71798.860315
71736.906443
71614.662496
71878.218220
72400.935353
72489.503518
72633.115645
72193.492062
72317.296043
71436.240736
70903.051429
71584.993823
70835.590227
70386.861765
69964.785691
69995.267831
69647.947586
68949.711343
68305.792711
67910.915067
67804.625552
69669.970796
69990.064012
69918.115133
69347.974159
69369.667717
69457.351570
69568.571939
69474.687802
69441.411665
70092.939746
68434.295371
67874.635186
68273.833301
68697.465646
68959.069010
68328.946961
68051.216326
68101.469007
68101.469007
68495.789080
69754.174799
69269.969009
69177.999857
69056.440553
70085.079795
69484.005831
68252.266999
67957.151847
68595.852774
68988.285253
69315.775170
69134.714027
70616.086909
70950.843681
70986.161835
71060.356984
70623.420009
70958.619304
70823.162291
70036.452665
69975.320135
69758.381016
69705.114446
70608.208918
70608.208918
70608.208918
70640.644433
70112.976770
69448.419569
69392.633824
68321.132284
67013.366790
67817.598790
67482.820452
68104.893168
68653.197673
67825.381884
67825.381884
67605.246712
67540.323788
69563.728521
70055.454830
69712.196496
69053.414611
69118.337535
68901.854695
67023.441554
67023.858059
66629.811409
65205.754943
64345.260127
64295.942400
64082.163944
64046.764862
64046.764862
64924.275529
65064.471630
65310.361225
65448.110353
66092.292355
65680.911923
66036.676894
66713.594763
66637.510156
66726.165010
68657.247316
68654.297140
68890.573936
68517.508569
68542.041162
68165.122717
67805.764821
67473.169288
67522.364799
68714.999894
67243.309859
67431.613524
68602.833785
69047.307134
68719.354275
68396.691804
69712.640072
69885.091046
68872.024032
68090.582238
68090.582238
68241.092891
67588.527014
67025.103863
66774.285122
66842.220602
67048.451447
67349.568165
67048.507449
67834.172651
67777.178518
67770.341427
67770.341427
67638.616512
67541.498295
68213.401269
68969.821790
68969.821790
70966.239118
70366.189800
70578.847610
71223.296156
71519.123389
72785.378789
72677.226663
72538.278638
73079.788065
72174.448560
72427.804399
72733.110044
70404.675055
69915.247475
69616.136643
69385.081968
69359.696759
69301.048293
69050.875447
68155.770490
67984.769196
68712.869321
68712.869321
68485.346169
68650.674863
70197.342144
70987.356955
71196.751467
71196.505894
70425.336741
70461.109058
70878.908644
70281.547367
70328.428339
70044.618936
70033.608855
70033.608855
70033.608855
68945.486944
68411.782058
70134.517322
69666.836157
70184.126124
70184.126124
69484.840335
70114.585963
69215.050677
69215.050677
69964.401376
69131.858480
68957.821274
68827.063456
68278.191380
69370.845881
69480.569873
69960.260054
70089.962913
70798.635300
70665.296456
69997.884574
69989.565018
68092.750358
68003.978723
68003.978723
66715.468369
66298.169070
66341.780907
66180.580557
65708.580022
65473.150200
65972.587586
65972.587586
65972.587586
65989.911969
65799.176695
65799.176695
66063.770133
65931.069600
65170.268677
65170.268677
65170.268677
65124.468169
65124.468169
64561.442059
64535.406393
64724.003617
63800.880848
63800.880848
63800.880848
63800.880848
63387.674788
63387.674788
63387.674788
64560.669380
64090.865974
64090.865974
64117.712140
64117.712140
63651.573954
63714.540250
63810.786634
65064.103333
63236.964634
63236.964634
64077.672601
65316.353569
65257.699481
66248.736777
66152.819683
66152.819683
66108.999196
65995.434988
66039.453283
66039.453283
64654.163129
64654.163129
63996.436378
65054.248938
65133.366106
65528.276900
65995.608874
65995.608874
66600.762049
66762.811543
67229.485761
67682.701559
67431.458002
66375.940831
66452.784083
66597.288291
66597.288291
66597.288291
66779.162931
66779.162931
66403.201063
66861.506179
66861.506179
67015.600178
67015.600178
67015.600178
67083.830644
67061.564309
67061.564309
67061.564309
67061.564309
67061.564309
67061.564309
66374.224450
66407.414692
66656.141633
66656.141633
66432.235719
65732.106370
65749.720108
65749.720108
65749.720108
66109.951552
65800.758726
65584.418119
65752.865615
64727.279524
64727.279524
64741.598323
64710.585961
64587.161221
64269.730134
64269.730134
64269.730134
64269.730134
64269.730134
64686.581977
64686.581977
64606.990392
65052.250355
65398.105487
65398.105487
65039.738460
64677.239941
64677.239941
64677.239941
64087.945541
64087.945541
64087.945541
64117.360226
64376.941187
64628.145509
64628.145509
63642.904938
63560.925407
63560.925407
63560.925407
63560.925407
63560.925407
63560.925407
63659.692447
63392.820181
63613.651641
63869.449130
63869.449130
63313.903335
63350.983816
63294.287337
62955.885489
62955.885489
63352.038780
63352.038780
62504.323480
62504.323480
60933.250881
60933.250881
60943.143692
61443.061994
61329.528459
61329.528459
61329.528459
61329.528459
61329.528459
61329.528459
61329.528459
61329.528459
61134.667794
61134.667794
61134.667794
61325.299704
61260.599808
61260.599808
61412.248079
61661.195869
61661.195869
61509.547598
61497.520897
61533.837498
61896.167394
61721.828371
61721.828371
61162.549737
61079.583165
60330.715325
60172.572469
60172.572469
60172.572469
59863.962992
59853.295800
59853.295800
59853.295800
59853.295800
59853.295800
59853.295800
59853.295800
59853.295800
60094.945604
60091.185783
60091.185783
59792.399184
59792.399184
59318.921342
59318.921342
59447.321731
59447.321731
59447.321731
59447.321731
59447.321731
59365.844695
59181.638239
59181.638239
59181.638239
59181.638239
59181.638239
59181.638239
59198.294041
58626.413133
58626.413133
58626.413133
58626.413133
58626.413133
58626.413133
58626.413133
58626.413133
58521.018333
58521.018333
58521.018333
58521.018333
58521.018333
57451.773359
57487.081234
57403.838867
57403.838867
57403.838867
57403.838867
57266.676094
57266.676094
57266.676094
57266.676094
57266.676094
57266.676094
57266.676094
57266.676094
56874.132391
56874.132391
56874.132391
56874.132391
56874.132391
56874.132391
56874.132391
56874.132391
56874.132391
56902.163690
56902.163690
56902.163690
56902.163690
56902.163690
56902.163690
56902.163690
56902.163690
56632.261441
56632.261441
56266.668385
54925.269469
54970.363353
54970.363353
54970.363353
54970.363353
54970.363353
54529.787947
54529.787947
54529.787947
54529.787947
54529.787947
54529.787947
54529.787947
54529.787947
54529.787947
54529.787947
54529.787947
54529.787947
54387.975384
54387.975384
53973.967530
53973.967530
53973.967530
53973.967530
53899.434979
53625.287139
53625.287139
53625.287139
53625.287139
53625.287139
53625.287139
53625.287139
53625.287139
53625.287139
53625.287139
53625.287139
53258.259574
53258.259574
53258.259574
53258.259574
53258.259574
53258.259574
53258.259574
53258.259574
53258.259574
53453.233916
53453.233916
53121.775368
53121.775368
53121.775368
53121.775368
53121.775368
53121.775368
53121.775368
53121.775368
53121.775368
53121.775368
53121.775368
53152.202138
53152.202138
53152.202138
53258.893769
53238.838375
52966.854650
52916.644955
52916.644955
52916.644955
52916.644955
52916.644955
52477.396114
52477.396114
52477.396114
52477.396114
52346.991552
52346.991552
52346.991552
52346.991552
52346.991552
52328.133436
52328.133436
52328.133436
52328.133436
52328.133436
52328.133436
52328.133436
52328.133436
52328.133436
52328.133436
52328.133436
52043.052665
52043.052665
52043.052665
52025.659249
51767.353116
51767.353116
51767.353116
51767.353116
51767.353116
51767.353116
51767.353116
51767.353116
51767.353116
51767.353116
51767.353116
51767.353116
51767.353116
51767.353116
51480.644073
51480.644073
51480.644073
51480.644073
51480.644073
51480.644073
51480.644073
50787.685137
50787.685137
50787.685137
50787.685137
50787.685137
50787.685137
50787.685137
50787.685137
50787.685137
50787.685137
50787.685137
50712.963308
50712.963308
50637.634299
50637.634299
50637.634299
50357.434123
50357.434123
50357.434123
50357.434123
48731.310023
48731.310023
48731.310023
48731.310023
48731.310023
48731.310023
48731.310023
48731.310023
48731.310023
48731.310023
48731.310023
48731.310023
48731.310023
48731.310023
48778.467044
48555.370834
48555.370834
48555.370834
48555.370834
48555.370834
48502.377007
48502.377007
48138.830097
48138.830097
48138.830097
48138.830097
48138.830097
48138.830097
48138.830097
48138.830097
48138.830097
48111.325835
47812.042250
47812.042250
47812.042250
47812.042250
47812.042250
47812.042250
47812.042250
47812.042250
47812.042250
47812.042250
47812.042250
47812.042250
47812.042250
47463.745254
47463.745254
47463.745254
47123.415279
47123.415279
46776.257278
46776.257278
46776.257278
46330.718163
46330.718163
46330.718163
46330.718163
46330.718163
46330.718163
46330.718163
46330.718163
45606.531656
45606.531656
45606.531656
45606.531656
45606.531656
45606.531656
45606.531656
45606.531656
45321.724003
45321.724003
45321.724003
45321.724003
45321.724003
45321.724003
45321.724003
45321.724003
45321.724003
45321.724003
45321.724003
45321.724003
45321.724003
45321.724003
45321.724003
45321.724003
45216.212424
45216.212424
45216.212424
45216.212424
45172.325207
45172.325207
45172.325207
45172.325207
45172.325207
45172.325207
45172.325207
45172.325207
45172.325207
45172.325207
45172.325207
45172.325207
45172.325207
44964.769858
44964.769858
44668.534245
44668.534245
44668.534245
44668.534245
44249.866361
44249.866361
44249.866361
44124.562537
44124.562537
44124.562537
44124.562537
43699.589884
43699.589884
43349.471033
43349.471033
43349.471033
43349.471033
43349.471033
43349.471033
43349.471033
43349.471033
43349.471033
43349.471033
43180.060207
43180.060207
43180.060207
43180.060207
43180.060207
43143.753501
43143.753501
43143.753501
43143.753501
43143.753501
43143.753501
43143.753501
42958.565573
42958.565573
42958.565573
42830.079480
42830.079480
42830.079480
42830.079480
42830.079480
42830.079480
42830.079480
42830.079480
42830.079480
42830.079480
42830.079480
42830.079480
42830.079480
42830.079480
42830.079480
42830.079480
42830.079480
42830.079480
42830.079480
42830.079480
42830.079480
42830.079480
42830.079480
42805.204832
42805.204832
42805.204832
42805.204832
42805.204832
42805.204832
42805.204832
42805.204832
42805.204832
42805.204832
42805.204832
42805.204832
42805.204832
42805.204832
42805.204832
42805.204832
42307.386275
42307.386275
42307.386275
42307.386275
42307.386275
42307.386275
42307.386275
42307.386275
42307.386275
42307.386275
42303.440784
42303.440784
42303.440784
42303.440784
42303.440784
42303.440784
42303.440784
42303.440784
42303.440784
42303.440784
42303.440784
42303.440784
42303.440784
42303.440784
42303.440784
42303.440784
42303.440784
42303.440784
42303.440784
42303.440784
42303.440784
42303.440784
42303.440784
42303.440784
42303.440784
42303.440784
42303.440784
42303.440784
42303.440784
42303.440784
42303.440784
42303.440784
42217.211276
42217.211276
42217.211276
42217.211276
42217.211276
42217.211276
42217.211276
42217.211276
42217.211276
42217.211276
42217.211276
42217.211276
42173.778983
42173.778983
42173.778983
42173.778983
42173.778983
42173.778983
42173.778983
42173.778983
42173.778983
42173.778983
42173.778983
42173.778983
42173.778983
42173.778983
42173.778983
42173.778983
42173.778983
42173.778983
42173.778983
42173.778983
42173.778983
42173.778983
42173.778983
42173.778983
42173.778983
42173.778983
42173.778983
42014.109180
42014.109180
42014.109180
42014.109180
42014.109180
42014.109180
42014.109180
42014.109180
42014.109180
42014.109180
42014.109180
42014.109180
42014.109180
42014.109180
42014.109180
42014.109180
42014.109180
42014.109180
42014.109180
42014.109180
42014.109180
42014.109180
42014.109180
42014.109180
42014.109180
42014.109180
42014.109180
42014.109180
42014.109180
41855.717467
41855.717467
41855.717467
41855.717467
41855.717467
41855.717467
41246.228809
41246.228809
41246.228809
41246.228809
41246.228809
41246.228809
41246.228809
41246.228809
41042.484892
41042.484892
41042.484892
41042.484892
41042.484892
41042.484892
41042.484892
41042.484892
41042.484892
41042.484892
41042.484892
41042.484892
41042.484892
41042.484892
41042.484892
40742.256667
40742.256667
40742.256667
40742.256667
40742.256667
40742.256667
40742.256667
40742.256667
40742.256667
40742.256667
40678.235637
40678.235637
40678.235637
40678.235637
40678.235637
40474.011640
40474.011640
40474.011640
40474.011640
40474.011640
40474.011640
40474.011640
40474.011640
40474.011640
40474.011640
40474.011640
40474.011640
40474.011640
40474.011640
40474.011640
40474.011640
40474.011640
40474.011640
40474.011640
40474.011640
40474.011640
40474.011640
40474.011640
40474.011640
40474.011640
40474.011640
40474.011640
40474.011640
40474.011640
40474.011640
40474.011640
40474.011640
40474.011640
40474.011640
40474.011640
40474.011640
40474.011640
40474.011640
40204.093199
40204.093199
40204.093199
40204.093199
40204.093199
40204.093199
40204.093199
40204.093199
39987.603312
39943.650807
39943.650807
39943.650807
39943.650807
39943.650807
39943.650807
39943.650807
39943.650807
39941.992223
39941.992223
39941.992223
39941.992223
39941.992223
39941.992223
39941.992223
39941.992223
39941.992223
39941.992223
39941.992223
39941.992223
39941.992223
39941.992223
39878.088647
39878.088647
39878.088647
39379.818925
39379.818925
39379.818925
39379.818925
39379.818925
39379.818925
39379.818925
39379.818925
39379.818925
39379.818925
39379.818925
39379.818925
39379.818925
39379.818925
39379.818925
39379.818925
39379.818925
39379.818925
39379.818925
39379.818925
39251.352038
39251.352038
39251.352038
39251.352038
39251.352038
39251.352038
39092.154130
39092.154130
39092.154130
39092.154130
39092.154130
39092.154130
39092.154130
39092.154130
39092.154130
39092.154130
39092.154130
39092.154130
39092.154130
39092.154130
39092.154130
39092.154130
39092.154130
39092.154130
39092.154130
39092.154130
39092.154130
39092.154130
39092.154130
39092.154130
39092.154130
39092.154130
39092.154130
39092.154130
39092.154130
39092.154130
39092.154130
39092.154130
39092.154130
39092.154130
39092.154130
39092.154130
39092.154130
39092.154130
39092.154130
38970.656150
38970.656150
38970.656150
38970.656150
38970.656150
38970.656150
38970.656150
38970.656150
38970.656150
38970.656150
38970.656150
38970.656150
38970.656150
38970.656150
38970.656150
38970.656150
38970.656150
38970.656150
38970.656150
38970.656150
38970.656150
38933.197279
38933.197279
38933.197279
38860.689297
38860.689297
38860.689297
38860.689297
38860.689297
38860.689297
38860.689297
38860.689297
38860.689297
38860.689297
38860.689297
38860.689297
38860.689297
38860.689297
38860.689297
38599.234588
38599.234588
38599.234588
38599.234588
38221.073039
38221.073039
38221.073039
38221.073039
38221.073039
38221.073039
38221.073039
38221.073039
38221.073039
38221.073039
38221.073039
38153.048549
38153.048549
38153.048549
38153.048549
38153.048549
38153.048549
38153.048549
38153.048549
38153.048549
38153.048549
38153.048549
38153.048549
38153.048549
38153.048549
38153.048549
38153.048549
38153.048549
38153.048549
38153.048549
38153.048549
38153.048549
38153.048549
38153.048549
38153.048549
38153.048549
38153.048549
38153.048549
38153.048549
38153.048549
38153.048549
38153.048549
38153.048549
38153.048549
38153.048549
38153.048549
38153.048549
38153.048549
38153.048549
38153.048549
38153.048549
38153.048549
38153.048549
38153.048549
38153.048549
38153.048549
38153.048549
38153.048549
38153.048549
38153.048549
38153.048549
38153.048549
38153.048549
38153.048549
38153.048549
38153.048549
38153.048549
38153.048549
38153.048549
38153.048549
38124.147202
38124.147202
38124.147202
38124.147202
38124.147202
38124.147202
38124.147202
38124.147202
38124.147202
38124.147202
38124.147202
38124.147202
38124.147202
38124.147202
38124.147202
38124.147202
38124.147202
38124.147202
38124.147202
38124.147202
38124.147202
38124.147202
38124.147202
38124.147202
38124.147202
38124.147202
38124.147202
38124.147202
38124.147202
38124.147202
38124.147202
38124.147202
38083.645020
38083.645020
38083.645020
38083.645020
38083.645020
38083.645020
38083.645020
38083.645020
38083.645020
38083.645020
38083.645020
38083.645020
38083.645020
38083.645020
38083.645020
38083.645020
38083.645020
38083.645020
38083.645020
38083.645020
38083.645020
38083.645020
38083.645020
38083.645020
38083.645020
38083.645020
38083.645020
38083.645020
38083.645020
37707.739888
37707.739888
37707.739888
37680.735375
37670.523882
37670.523882
37670.523882
37670.523882
37670.523882
37670.523882
37670.523882
37670.523882
37670.523882
37670.523882
37670.523882
37670.523882
37670.523882
37670.523882
37670.523882
37670.523882
37670.523882
37670.523882
37670.523882
37670.523882
37670.523882
37670.523882
37670.523882
37670.523882
37670.523882
37670.523882
37670.523882
37669.218033
37669.218033
37669.218033
37669.218033
37669.218033
37669.218033
37669.218033
37669.218033
37669.218033
37669.218033
37669.218033
37669.218033
37669.218033
37669.218033
37669.218033
37669.218033
37624.159658
37624.159658
37624.159658
37624.159658
37624.159658
37624.159658
37624.159658
37624.159658
37624.159658
37624.159658
37624.159658
37624.159658
37624.159658
37624.159658
37624.159658
37624.159658
37624.159658
37624.159658
37624.159658
37624.159658
37624.159658
37624.159658
37624.159658
37624.159658
37624.159658
37624.159658
37624.159658
37624.159658
37624.159658
37624.159658
37624.159658
37624.159658
37384.407241
37384.407241
37384.407241
37384.407241
37373.739821
37373.739821
37373.739821
37373.739821
37373.739821
37373.739821
37373.739821
37373.739821
37373.739821
37373.739821
37265.397310
37265.397310
37265.397310
37265.397310
37265.397310
37265.397310
37265.397310
37265.397310
37265.397310
37265.397310
37265.397310
37265.397310
37265.397310
37265.397310
37265.397310
37265.397310
37265.397310
37265.397310
37257.326027
37257.326027
37257.326027
37257.326027
37257.326027
37257.326027
37257.326027
37257.326027
37257.326027
37257.326027
37247.194698
37247.194698
37247.194698
37247.194698
37247.194698
37247.194698
37247.194698
37247.194698
37247.194698
37247.194698
37247.194698
37247.194698
37247.194698
37247.194698
37247.194698
37247.194698
37247.194698
37247.194698
37247.194698
37247.194698
37247.194698
37247.194698
37247.194698
37247.194698
37247.194698
37247.194698
37247.194698
37165.930133
37165.930133
37165.930133
37165.930133
37014.740252
37014.740252
37014.740252
37014.074725
37014.074725
37014.074725
37014.074725
37014.074725
37014.074725
37014.074725
37014.074725
37014.074725
37014.074725
37014.074725
37014.074725
37014.074725
37014.074725
37014.074725
37014.074725
37014.074725
37014.074725
37014.074725
37014.074725
37014.074725
37014.074725
37014.074725
37014.074725
36844.414098
36844.414098
36844.414098
36844.414098
36844.414098
36844.414098
36844.414098
36844.414098
36844.414098
36844.414098
36844.414098
36844.414098
36844.414098
36844.414098
36844.414098
36844.414098
36844.414098
36844.414098
36844.414098
36844.414098
36844.414098
36736.824784
36736.824784
36736.824784
36736.824784
36736.824784
36736.824784
36736.824784
36736.824784
36736.824784
36736.824784
36736.824784
36736.824784
36736.824784
36736.824784
36736.824784
36736.824784
36736.824784
36736.824784
36736.824784
36736.824784
36736.824784
36274.175518
36274.175518
36274.175518
36193.234298
36163.440009
36163.440009
36163.440009
36163.440009
36163.440009
36163.440009
36163.440009
36163.440009
36163.440009
36163.440009
36163.440009
36163.440009
36163.440009
36163.440009
35947.336536
35947.336536
35947.336536
35947.336536
35947.336536
35947.336536
35947.336536
35947.336536
35947.336536
35947.336536
35947.336536
35947.336536
35947.336536
35947.336536
35947.336536
35947.336536
35947.336536
35926.368836
35926.368836
35926.368836
35926.368836
35926.368836
35926.368836
35926.368836
35926.368836
35887.541524
35887.541524
35887.541524
35887.541524
35887.541524
35678.099745
35678.099745
35678.099745
35678.099745
35678.099745
35678.099745
35678.099745
35678.099745
35678.099745
35678.099745
35678.099745
35678.099745
35678.099745
35678.099745
35678.099745
35678.099745
35678.099745
35678.099745
35678.099745
35618.529046
35618.529046
35618.529046
35618.529046
35618.529046
35618.529046
35618.529046
35618.529046
35618.529046
35618.529046
35618.529046
35618.529046
35618.529046
35618.529046
35618.529046
35618.529046
35618.529046
35618.529046
35618.529046
35618.529046
35618.529046
35618.529046
35618.529046
35618.529046
35618.529046
35618.529046
35618.529046
35618.529046
35618.529046
35618.529046
35618.529046
35618.529046
35618.529046
35618.529046
35618.529046
35618.529046
35618.529046
35618.529046
35618.529046
35618.529046
35618.529046
35618.529046
35618.529046
35618.529046
35618.529046
35618.529046
35618.529046
35618.529046
35618.529046
35618.529046
35618.529046
35618.529046
35618.529046
35618.529046
35618.529046
35618.529046
35618.529046
35618.529046
35618.529046
35618.529046
35618.529046
35618.529046
35618.529046
35618.529046
35618.529046
35618.529046
35618.529046
35618.529046
35618.529046
35618.529046
35618.529046
35618.529046
35618.529046
35590.819487
35590.819487
35590.819487
35590.819487
35590.819487
35590.819487
35590.819487
35590.819487
35590.819487
35590.819487
35590.819487
35590.819487
35590.819487
35590.819487
35590.819487
35590.819487
35590.819487
35590.819487
35590.819487
35590.819487
35590.819487
35590.819487
35590.819487
35590.819487
35590.819487
35445.211714
35445.211714
35445.211714
35445.211714
35445.211714
35445.211714
35445.211714
35445.211714
35445.211714
35445.211714
35445.211714
35445.211714
35445.211714
35445.211714
35445.211714
35445.211714
35445.211714
35445.211714
35445.211714
35445.211714
35445.211714
35445.211714
35235.614384
35235.614384
35235.614384
35235.614384
35235.614384
35235.614384
35235.614384
35235.614384
35235.614384
35235.614384
35235.614384
35235.614384
35235.614384
35235.614384
35235.614384
35235.614384
35235.614384
35235.614384
35235.614384
35117.204875
35117.204875
35117.204875
35117.204875
35117.204875
35117.204875
35117.204875
35117.204875
35117.204875
35117.204875
35117.204875
35117.204875
35117.204875
35117.204875
35117.204875
35117.204875
35117.204875
35117.204875
35117.204875
35117.204875
35117.204875
35117.204875
35117.204875
35117.204875
35117.204875
35117.204875
35117.204875
35019.651140
35019.651140
35019.651140
35019.651140
35019.651140
35019.651140
35019.651140
35019.651140
35019.651140
35019.651140
35019.651140
35019.651140
34934.265276
34934.265276
34934.265276
34934.265276
34934.265276
34934.265276
34934.265276
34934.265276
34934.265276
34934.265276
34934.265276
34934.265276
34790.184116
34787.292528
34787.292528
34787.292528
34787.292528
34787.292528
34787.292528
34787.292528
34787.292528
34787.292528
34787.292528
34787.292528
34787.292528
34787.292528
34787.292528
34787.292528
34787.292528
34787.292528
34787.292528
34787.292528
34787.292528
34787.292528
34787.292528
34787.292528
34787.292528
34787.292528
34787.292528
34787.292528
34787.292528
34787.292528
34787.292528
34787.292528
34787.292528
34787.292528
34787.292528
34787.292528
34787.292528
34787.292528
34787.292528
34787.292528
34787.292528
34787.292528
34787.292528
34787.292528
34787.292528
34787.292528
34787.292528
34787.292528
34787.292528
34706.029728
34706.029728
34660.931913
34660.931913
34660.931913
34660.931913
34660.931913
34660.931913
34660.931913
34660.931913
34660.931913
34660.931913
34660.931913
34660.931913
34660.931913
34660.931913
34660.931913
34517.333810
34517.333810
34517.333810
34517.333810
34517.333810
34517.333810
34517.333810
34517.333810
34517.333810
34517.333810
34517.333810
34517.333810
34517.333810
34475.649109
34475.649109
34475.649109
34475.649109
34475.649109
34475.649109
34475.649109
34475.649109
34475.649109
34475.649109
34475.649109
34475.649109
34475.649109
34475.649109
34475.649109
34475.649109
34288.722148
34288.722148
34288.722148
34288.722148
34288.722148
34288.722148
34288.722148
34288.722148
34288.722148
34288.722148
34288.722148
34288.722148
34189.033516
34189.033516
34189.033516
34189.033516
34189.033516
34189.033516
34189.033516
34189.033516
34189.033516
34189.033516
34189.033516
34189.033516
34189.033516
34189.033516
34189.033516
34189.033516
34189.033516
34189.033516
34189.033516
34189.033516
34189.033516
34189.033516
34189.033516
34189.033516
34189.033516
34189.033516
34189.033516
34189.033516
34189.033516
34189.033516
34189.033516
34189.033516
34189.033516
34189.033516
34189.033516
34189.033516
34189.033516
34189.033516
34189.033516
34189.033516
34189.033516
34189.033516
34189.033516
34189.033516
34189.033516
34189.033516
34189.033516
34189.033516
34189.033516
34189.033516
34189.033516
34189.033516
34189.033516
34189.033516
34189.033516
34189.033516
34189.033516
34189.033516
34189.033516
34189.033516
34185.286598
34185.286598
34185.286598
34185.286598
34185.286598
34185.286598
34185.286598
34185.286598
34185.286598
34185.286598
34185.286598
34185.286598
34185.286598
34185.286598
34185.286598
34185.286598
34185.286598
34185.286598
34185.286598
34185.286598
34185.286598
34185.286598
34185.286598
34185.286598
34003.745339
34003.745339
33955.781666
33955.781666
33955.781666
33955.781666
33955.781666
33955.781666
33955.781666
33955.781666
33955.781666
33955.781666
33955.781666
33955.781666
33955.781666
33795.170122
33795.170122
33795.170122
33795.170122
33795.170122
33795.170122
33795.170122
33795.170122
33795.170122
33795.170122
33795.170122
33795.170122
33795.170122
33795.170122
33795.170122
33795.170122
33795.170122
33795.170122
33795.170122
33795.170122
33795.170122
33795.170122
33795.170122
33795.170122
33795.170122
33795.170122
33795.170122
33795.170122
33795.170122
33795.170122
33795.170122
33795.170122
33795.170122
33795.170122
33795.170122
33795.170122
33795.170122
33795.170122
33795.170122
33795.170122
33795.170122
33795.170122
33795.170122
33795.170122
33795.170122
33795.170122
33795.170122
33795.170122
33795.170122
33795.170122
33795.170122
33795.170122
33795.170122
33795.170122
33795.170122
33795.170122
33795.170122
33795.170122
33795.170122
33795.170122
33795.170122
33795.170122
33795.170122
33795.170122
33795.170122
33795.170122
33575.258391
33575.258391
33575.258391
33575.258391
33575.258391
33575.258391
33575.258391
33575.258391
33575.258391
33575.258391
33575.258391
33575.258391
33575.258391
33575.258391
33575.258391
33575.258391
33575.258391
33575.258391
33575.258391
33575.258391
33575.258391
33575.258391
33575.258391
33575.258391
33575.258391
33575.258391
33575.258391
33575.258391
33575.258391
33575.258391
33575.258391
33575.258391
33575.258391
33575.258391
33575.258391
33575.258391
33575.258391
33575.258391
33575.258391
33575.258391
33575.258391
33575.258391
33575.258391
33575.258391
33575.258391
33575.258391
33575.258391
33575.258391
33575.258391
33575.258391
33575.258391
33575.258391
33575.258391
33575.258391
33575.258391
33575.258391
33575.258391
33575.258391
33575.258391
33575.258391
33575.258391
33575.258391
33575.258391
33575.258391
33575.258391
33547.278555
33547.278555
33547.278555
33547.278555
33547.278555
33547.278555
33547.278555
33547.278555
33547.278555
33547.278555
33547.278555
33547.278555
33547.278555
33547.278555
33547.278555
33419.527066
33419.527066
33419.527066
33419.527066
33419.527066
33419.527066
33419.527066
33419.527066
33419.527066
33419.527066
33419.527066
33419.527066
33419.527066
33419.527066
33419.527066
33419.527066
33419.527066
33419.527066
33419.527066
33419.527066
33419.527066
33419.527066
33419.527066
33419.527066
33419.527066
33419.527066
33419.527066
33419.527066
33419.527066
33419.527066
33419.527066
33419.527066
33419.527066
33419.527066
33419.527066
33419.527066
33419.527066
33419.527066
33419.527066
33419.527066
33419.527066
33419.527066
33419.527066
33419.527066
33419.527066
33419.527066
33419.527066
33419.527066
33419.527066
33419.527066
33419.527066
33419.527066
33419.527066
33419.527066
33419.527066
33419.527066
33419.527066
33419.527066
33419.527066
33419.527066
33419.527066
33419.527066
33419.527066
33419.527066
33419.527066
33419.527066
33419.527066
33419.527066
33419.527066
33419.527066
33419.527066
33419.527066
33419.527066
33419.527066
33419.527066
33419.527066
33419.527066
33419.527066
33419.527066
33419.527066
33419.527066
33419.527066
33419.527066
33419.527066
33419.527066
33419.527066
33419.527066
33419.527066
33419.527066
33419.527066
33419.527066
33419.527066
33419.527066
33419.527066
33419.527066
33419.527066
33419.527066
33419.527066
33419.527066
33419.527066
33419.527066
33419.527066
33233.459270
33233.459270
33233.459270
33233.459270
33233.459270
33233.459270
33233.459270
33233.459270
33233.459270
33233.459270
33233.459270
33233.459270
33233.459270
33233.459270
33233.459270
33233.459270
33233.459270
33233.459270
33233.459270
33233.459270
33233.459270
33233.459270
33233.459270
33233.459270
33233.459270
33212.675447
33212.675447
33212.675447
33212.675447
33212.675447
33212.675447
33212.675447
33212.675447
33212.675447
33212.675447
33212.675447
33212.675447
33212.675447
33212.675447
33212.675447
33212.675447
33212.675447
33212.675447
33212.675447
33212.675447
33212.675447
33212.675447
33212.675447
33212.675447
33212.675447
33212.675447
33212.675447
33212.675447
33212.675447
33212.675447
33212.675447
33212.675447
33212.675447
33212.675447
33212.675447
33212.675447
33212.675447
33212.675447
33212.675447
33212.675447
33212.675447
33212.675447
33212.675447
33212.675447
33212.675447
33212.675447
33212.675447
33212.675447
33212.675447
33212.675447
33212.675447
33212.675447
33212.675447
33212.675447
33212.675447
33212.675447
33212.675447
33212.675447
33212.675447
33212.675447
33212.675447
33212.675447
33212.675447
33212.675447
33212.675447
33212.675447
33212.675447
33212.675447
33212.675447
33212.675447
33212.675447
33212.675447
33212.675447
33212.675447
33212.675447
33212.675447
33212.675447
33212.675447
33212.675447
33212.675447
33212.675447
33212.675447
33212.675447
33212.675447
33212.675447
33212.675447
33212.675447
33212.675447
33212.675447
33212.675447
33212.675447
33212.675447
33212.675447
33212.675447
33212.675447
33212.675447
33212.675447
33212.675447
33212.675447
33212.675447
33212.675447
33212.675447
33212.675447
33212.675447
33212.675447
33212.675447
33212.675447
33212.675447
33212.675447
33212.675447
33212.675447
33212.675447
33212.675447
33212.675447
33212.675447
33212.675447
33212.675447
33212.675447
33212.675447
33212.675447
33212.675447
33212.675447
33212.675447
33212.675447
33212.675447
33212.675447
33212.675447
33212.675447
33212.675447
33212.675447
33212.675447
33212.675447
33212.675447
33212.675447
33180.598280
33180.598280
33180.598280
33180.598280
33180.598280
33180.598280
33180.598280
33180.598280
33180.598280
33180.598280
33180.598280
33180.598280
33180.598280
33180.598280
33180.598280
33180.598280
33180.598280
33180.598280
33180.598280
33180.598280
33180.598280
33180.598280
33180.598280
33180.598280
33180.598280
33180.598280
33180.598280
33180.598280
33180.598280
33180.598280
33180.598280
33180.598280
33180.598280
33180.598280
33180.598280
33180.598280
33180.598280
33180.598280
33180.598280
33180.598280
33180.598280
33180.598280
33180.598280
33180.598280
33180.598280
33180.598280
33180.598280
33180.598280
33180.598280
33180.598280
33180.598280
33180.598280
33180.598280
33180.598280
33180.598280
33180.598280
33180.598280
33180.598280
33180.598280
33180.598280
33150.884767
33150.884767
33150.884767
33150.884767
33150.884767
33150.884767
33150.884767
33150.884767
33150.884767
33150.884767
33150.884767
33150.884767
33150.884767
33150.884767
33150.884767
33150.884767
33150.884767
33150.884767
33150.884767
33150.884767
33150.884767
33150.884767
33150.884767
33150.884767
33150.884767
33150.884767
33150.884767
33150.884767
33150.884767
33150.884767
33150.884767
33150.884767
33150.884767
33150.884767
33150.884767
33150.884767
33150.884767
33150.884767
33150.884767
33150.884767
32850.515637
32850.515637
32850.515637
32850.515637
32850.515637
32850.515637
32850.515637
32850.515637
32850.515637
32850.515637
32850.515637
32850.515637
32850.515637
32850.515637
32850.515637
32850.515637
32850.515637
32850.515637
32850.515637
32850.515637
32850.515637
32850.515637
32850.515637
32850.515637
32850.515637
32850.515637
32850.515637
32850.515637
32850.515637
32850.515637
32850.515637
32850.515637
32850.515637
32448.617256
32448.617256
32448.617256
32448.617256
32448.617256
32448.617256
32448.617256
32448.617256
32448.617256
32448.617256
32448.617256
32448.617256
32448.617256
32448.617256
32448.617256
32448.617256
32448.617256
32448.617256
32448.617256
32448.617256
32448.617256
32448.617256
32448.617256
32448.617256
32448.617256
32448.617256
32448.617256
32448.617256
32448.617256
32448.617256
32448.617256
32448.617256
32448.617256
32448.617256
32448.617256
32448.617256
32448.617256
32448.617256
32448.617256
32448.617256
32448.617256
32448.617256
32448.617256
32448.617256
32448.617256
32448.617256
32448.617256
32448.617256
32448.617256
32448.617256
32448.617256
32448.617256
32448.617256
32448.617256
32448.617256
32448.617256
32448.617256
32448.617256
32448.617256
32448.617256
32448.617256
32448.617256
32448.617256
32448.617256
32448.617256
32448.617256
32448.617256
32448.617256
32448.617256
32448.617256
32448.617256
32448.617256
32448.617256
32448.617256
32448.617256
32448.617256
32448.617256
32448.617256
32448.617256
32448.617256
32448.617256
32448.617256
32448.617256
32448.617256
32448.617256
32448.617256
32448.617256
32448.617256
32448.617256
32448.617256
32448.617256
32448.617256
32448.617256
32448.617256
32448.617256
32448.617256
32448.617256
32448.617256
32448.617256
32448.617256
32448.617256
32448.617256
32448.617256
32448.617256
32448.617256
32448.617256
32448.617256
32448.617256
32448.617256
32384.742567
32384.742567
32384.742567
32384.742567
32384.742567
32384.742567
32384.742567
32384.742567
32294.111928
32294.111928
32294.111928
32294.111928
32294.111928
32294.111928
32294.111928
32294.111928
32294.111928
32294.111928
32294.111928
32294.111928
32294.111928
32294.111928
32294.111928
32294.111928
32294.111928
32294.111928
32239.846522
32239.846522
32239.846522
32239.846522
32239.846522
32239.846522
32239.846522
32239.846522
32239.846522
32239.846522
32239.846522
32239.846522
32239.846522
32239.846522
32239.846522
32239.846522
32239.846522
32239.846522
32239.846522
32239.846522
32239.846522
32239.846522
32239.846522
32239.846522
32239.846522
32239.846522
32239.846522
32239.846522
32239.846522
32239.846522
32239.846522
32239.846522
32239.846522
32239.846522
32239.846522
31947.484760
31947.484760
31947.484760
31947.484760
31947.484760
31947.484760
31947.484760
31947.484760
31947.484760
31947.484760
31947.484760
31947.484760
31947.484760
31947.484760
31947.484760
31947.484760
31947.484760
31947.484760
31947.484760
31947.484760
31947.484760
31947.484760
31947.484760
31889.142310
31889.142310
31889.142310
31889.142310
31889.142310
31889.142310
31889.142310
31886.785177
31886.785177
31886.785177
31886.785177
31886.785177
31886.785177
31886.785177
31886.785177
31886.785177
31886.785177
31886.785177
31886.785177
31886.785177
31886.785177
31886.785177
31886.785177
31886.785177
31886.785177
31886.785177
31886.785177
31832.266256
31832.266256
31832.266256
31832.266256
31832.266256
31760.613128
31760.613128
31760.613128
31760.613128
31760.613128
31760.613128
31760.613128
31747.529848
31747.529848
31747.529848
31747.529848
31747.529848
31653.874276
31653.874276
31653.874276
31653.874276
31653.874276
31653.874276
31653.874276
31653.874276
31653.874276
31653.874276
31653.874276
31653.874276
31653.874276
31653.874276
31653.874276
31653.874276
31653.874276
31653.874276
31482.423484
31482.423484
31482.423484
31482.423484
31482.423484
31482.423484
31482.423484
31482.423484
31482.423484
31482.423484
31482.423484
31482.423484
31482.423484
31482.423484
31482.423484
31482.423484
31482.423484
31482.423484
31482.423484
31482.423484
31482.423484
31482.423484
31482.423484
31482.423484
31482.423484
31482.423484
31482.423484
31482.423484
31482.423484
31482.423484
31482.423484
31482.423484
31482.423484
31482.423484
31482.423484
31482.423484
31482.423484
31482.423484
31482.423484
31482.423484
31482.423484
31482.423484
31482.423484
31482.423484
31382.902493
31382.902493
31382.902493
31382.902493
31382.902493
31382.902493
31382.902493
31382.902493
31382.902493
31382.902493
31382.902493
31382.902493
31382.902493
31382.902493
31382.902493
31382.902493
31382.902493
31382.902493
31382.902493
31382.902493
31382.902493
31382.902493
31382.902493
31382.902493
31382.902493
31382.902493
31382.902493
31382.902493
31382.902493
31382.902493
31382.902493
31382.902493
31382.902493
31382.902493
31382.902493
31382.902493
31382.902493
31382.902493
31382.902493
31382.902493
31382.902493
31382.902493
31382.902493
31382.902493
31382.902493
31382.902493
31382.902493
31382.902493
31382.902493
31382.902493
31382.902493
31382.902493
31382.902493
31382.902493
31131.496851
31131.496851
31131.496851
31131.496851
31131.496851
31131.496851
31131.496851
31131.496851
31131.496851
31131.496851
31131.496851
31131.496851
31131.496851
31131.496851
31131.496851
31131.496851
31131.496851
31131.496851
31131.496851
31131.496851
31131.496851
31131.496851
31131.496851
31131.496851
31131.496851
31131.496851
31131.496851
31131.496851
31131.496851
31131.496851
31131.496851
31131.496851
31131.496851
31131.496851
31131.496851
31131.496851
31131.496851
31131.496851
31131.496851
31131.496851
31131.496851
31131.496851
31131.496851
31131.496851
31131.496851
31131.496851
31131.496851
31131.496851
31131.496851
31131.496851
31131.496851
31131.496851
31131.496851
31131.496851
31131.496851
31131.496851
31131.496851
31131.496851
31131.496851
31131.496851
31131.496851
31131.496851
31131.496851
31131.496851
31131.496851
31131.496851
31131.496851
31131.496851
31131.496851
31131.496851
31131.496851
31131.496851
31131.496851
31131.496851
31131.496851
31131.496851
31118.058326
31118.058326
31118.058326
31118.058326
31118.058326
31118.058326
31118.058326
31118.058326
31072.723440
31072.723440
31072.723440
31072.723440
31072.723440
31072.723440
31072.723440
31072.723440
31072.723440
31072.723440
31072.723440
31072.723440
31072.723440
31072.723440
31072.723440
31072.723440
31072.723440
31072.723440
31072.723440
31071.206936
31071.206936
31071.206936
31071.206936
31071.206936
31071.206936
31071.206936
31071.206936
31071.206936
31071.206936
31071.206936
31071.206936
31071.206936
31071.206936
31071.206936
31071.206936
31071.206936
31071.206936
31071.206936
31071.206936
31071.206936
31071.206936
31071.206936
31071.206936
31071.206936
31071.206936
31071.206936
31071.206936
31071.206936
31071.206936
31071.206936
31071.206936
31071.206936
31071.206936
31071.206936
31071.206936
31071.206936
31071.206936
31071.206936
31071.206936
31071.206936
31071.206936
31071.206936
31071.206936
31071.206936
31071.206936
31071.206936
31071.206936
31071.206936
31071.206936
31071.206936
31071.206936
31071.206936
31071.206936
31071.206936
31071.206936
31071.206936
31071.206936
31071.206936
31071.206936
31071.206936
31071.206936
31071.206936
31071.206936
31071.206936
31071.206936
31071.206936
31071.206936
31071.206936
31071.206936
31071.206936
31071.206936
31071.206936
31071.206936
31071.206936
31071.206936
31071.206936
31071.206936
31071.206936
31071.206936
31071.206936
31071.206936
31071.206936
31071.206936
31071.206936
31071.206936
31071.206936
31071.206936
31071.206936
31071.206936
31071.206936
31071.206936
31071.206936
31071.206936
31071.206936
31071.206936
31071.206936
31071.206936
31071.206936
31071.206936
31071.206936
31071.206936
31071.206936
31071.206936
31071.206936
31071.206936
31071.206936
31071.206936
31071.206936
31071.206936
31071.206936
31071.206936
31071.206936
31071.206936
31071.206936
31071.206936
31071.206936
31071.206936
31071.206936
30995.594062
30995.594062
30995.594062
30995.594062
30995.594062
30995.594062
30995.594062
30995.594062
30995.594062
30995.594062
30995.594062
30995.594062
30995.594062
30995.594062
30995.594062
30995.594062
30995.594062
30995.594062
30995.594062
30995.594062
30995.594062
30995.594062
30995.594062
30995.594062
30995.594062
30995.594062
30995.594062
30995.594062
30995.594062
30995.594062
30995.594062
30995.594062
30995.594062
30995.594062
30995.594062
30995.594062
30995.594062
30995.594062
30995.594062
30995.594062
30995.594062
30995.594062
30995.594062
30995.594062
30995.594062
30995.594062
30995.594062
30995.594062
30995.594062
30995.594062
30995.594062
30995.594062
30995.594062
30995.594062
30995.594062
30995.594062
30995.594062
30995.594062
30995.594062
30995.594062
30814.564759
30814.564759
30814.564759
30814.564759
30814.564759
30814.564759
30814.564759
30814.564759
30814.564759
30814.564759
30814.564759
30814.564759
30814.564759
30814.564759
30814.564759
30814.564759
30814.564759
30814.564759
30814.564759
30814.564759
30814.564759
30814.564759
30814.564759
30814.564759
30814.564759
30814.564759
30814.564759
30814.564759
30814.564759
30814.564759
30814.564759
30814.564759
30814.564759
30814.564759
30814.564759
30741.852304
30741.852304
30741.852304
30737.750339
30737.750339
30737.750339
30737.750339
30737.750339
30737.750339
30737.750339
30737.750339
30737.750339
30737.750339
30737.750339
30737.750339
30737.750339
30737.750339
30737.750339
30737.750339
30737.750339
30737.750339
30737.750339
30737.750339
30737.750339
30737.750339
30737.750339
30737.750339
30737.750339
30737.750339
30737.750339
30737.750339
30737.750339
30737.750339
30737.750339
30737.750339
30737.750339
30737.750339
30737.750339
30737.750339
30737.750339
30737.750339
30737.750339
30737.750339
30737.750339
30737.750339
30737.750339
30737.750339
30737.750339
30737.750339
30737.750339
30737.750339
30737.750339
30737.750339
30737.750339
30737.750339
30737.750339
30737.750339
30729.594671
30729.594671
30729.594671
30729.594671
30729.594671
30729.594671
30729.594671
30729.594671
30696.287732
30696.287732
30696.287732
30696.287732
30696.287732
30696.287732
30696.287732
30696.287732
30696.287732
30696.287732
30696.287732
30696.287732
30696.287732
30696.287732
30696.287732
30696.287732
30696.287732
30696.287732
30696.287732
30696.287732
30696.287732
30696.287732
30696.287732
30696.287732
30696.287732
30696.287732
30696.287732
30696.287732
30696.287732
30696.287732
30696.287732
30696.287732
30696.287732
30696.287732
30696.287732
30696.287732
30696.287732
30696.287732
30696.287732
30696.287732
30696.287732
30696.287732
30696.287732
30696.287732
30696.287732
30696.287732
30696.287732
30696.287732
30696.287732
30696.287732
30696.287732
30696.287732
30696.287732
30659.563550
30659.563550
30659.563550
30659.563550
30659.563550
30659.563550
30659.563550
30659.563550
30659.563550
30659.563550
30659.563550
30659.563550
30659.563550
30659.563550
30659.563550
30659.563550
30659.563550
30659.563550
30659.563550
30659.563550
30659.563550
30659.563550
30659.563550
30659.563550
30659.563550
30659.563550
30659.563550
30659.563550
30659.563550
30659.563550
30659.563550
30659.563550
30659.563550
30659.563550
30659.563550
30659.563550
30659.563550
30659.563550
30659.563550
30659.563550
30659.563550
30659.563550
30659.563550
30659.563550
30659.563550
30659.563550
30659.563550
30659.563550
30659.563550
30659.563550
30659.563550
30659.563550
30659.563550
30659.563550
30659.563550
30659.563550
30659.563550
30659.563550
30659.563550
30659.563550
30659.563550
30659.563550
30659.563550
30659.563550
30659.563550
30659.563550
30659.563550
30659.563550
30659.563550
30659.563550
30659.563550
30659.563550
30659.563550
30659.563550
30659.563550
30659.563550
30659.563550
30659.563550
30659.563550
30659.563550
30659.563550
30659.563550
30659.563550
30659.563550
30659.563550
30659.563550
30659.563550
30659.563550
30659.563550
30659.563550
30659.563550
30659.563550
30659.563550
30659.563550
30659.563550
30659.563550
30659.563550
30659.563550
30659.563550
30659.563550
30659.563550
30659.563550
30659.563550
30659.563550
30659.563550
30659.563550
30659.563550
30659.563550
30659.563550
30659.563550
30659.563550
30659.563550
30617.575392
30617.575392
30617.575392
30617.575392
30617.575392
30617.575392
30617.575392
30617.575392
30617.575392
30617.575392
30617.575392
30617.575392
30617.575392
30617.575392
30617.575392
30617.575392
30617.575392
30617.575392
30617.575392
30617.575392
30617.575392
30617.575392
30617.575392
30617.575392
30617.575392
30617.575392
30617.575392
30617.575392
30617.575392
30617.575392
30617.575392
30617.575392
30617.575392
30617.575392
30617.575392
30617.575392
30617.575392
30617.575392
30617.575392
30617.575392
30617.575392
30617.575392
30617.575392
30617.575392
30617.575392
30617.575392
30617.575392
30617.575392
30617.575392
30617.575392
30617.575392
30491.306041
30491.306041
30491.306041
30491.306041
30491.306041
30491.306041
30491.306041
30491.306041
30491.306041
30491.306041
30491.306041
30491.306041
30491.306041
30491.306041
30491.306041
30491.306041
30469.840381
30469.840381
30469.840381
30469.840381
30469.840381
30469.840381
30469.840381
30469.840381
30469.840381
30469.840381
30469.840381
30469.840381
30469.840381
30469.840381
30469.840381
30469.840381
30469.840381
30469.840381
30469.840381
30469.840381
30469.840381
30469.840381
30469.840381
30469.840381
30469.840381
30469.840381
30469.840381
30469.840381
30469.840381
30469.840381
30469.840381
30469.840381
30469.840381
30469.840381
30469.840381
30469.840381
30469.840381
30469.840381
30469.840381
30469.840381
30469.840381
30469.840381
30469.840381
30469.840381
30469.840381
30469.840381
30469.840381
30469.840381
30469.840381
30469.840381
30469.840381
30469.840381
30469.840381
30469.840381
30469.840381
30469.840381
30469.840381
30469.840381
30469.840381
30469.840381
30469.840381
30469.840381
30469.840381
30469.840381
30469.840381
30469.840381
30469.840381
30469.840381
30469.840381
30469.840381
30469.840381
30469.840381
30469.840381
30469.840381
30469.840381
30469.840381
30469.840381
30469.840381
30469.840381
30469.840381
30469.840381
30469.840381
30469.840381
30414.796804
30414.796804
30414.796804
30414.796804
30414.796804
30414.796804
30414.796804
30414.796804
30414.796804
30414.796804
30414.796804
30414.796804
30414.796804
30414.796804
30414.796804
30414.796804
30414.796804
30414.796804
30414.796804
30414.796804
30414.796804
30414.796804
30414.796804
30414.796804
30414.796804
30414.796804
30414.796804
30414.796804
30414.796804
30414.796804
30414.796804
30414.796804
30414.796804
30414.796804
30414.796804
30414.796804
30414.796804
30414.796804
30414.796804
30414.796804
30414.796804
30414.796804
30414.796804
30414.796804
30414.796804
30414.796804
30414.796804
30414.796804
30414.796804
30414.796804
30414.796804
30414.796804
30414.796804
30414.796804
30414.796804
30414.796804
30414.796804
30414.796804
30414.796804
30414.796804
30414.796804
30414.796804
30414.796804
30414.796804
30414.796804
30414.796804
30414.796804
30414.796804
30414.796804
30414.796804
30414.796804
30414.796804
30414.796804
30414.796804
30414.796804
30414.796804
30414.796804
30414.796804
30414.796804
30414.796804
30414.796804
30414.796804
30414.796804
30414.796804
30414.796804
30414.796804
30414.796804
30414.796804
30414.796804
30414.796804
30414.796804
30414.796804
30414.796804
30414.796804
30414.796804
30414.796804
30414.796804
30414.796804
30414.796804
30414.796804
30414.796804
30414.796804
30414.796804
30414.796804
30414.796804
30414.796804
30414.796804
30414.796804
30414.796804
30414.796804
30414.796804
30414.796804
30414.796804
30414.796804
30414.796804
30414.796804
30414.796804
30414.796804
30390.216875
30390.216875
30390.216875
30390.216875
30390.216875
30390.216875
30390.216875
30390.216875
30390.216875
30390.216875
30390.216875
30390.216875
30390.216875
30390.216875
30390.216875
30390.216875
30390.216875
30287.918142
30287.918142
30287.918142
30287.918142
30287.918142
30287.918142
30287.918142
30287.918142
30287.918142
30265.192443
30265.192443
30265.192443
30265.192443
30265.192443
30265.192443
30265.192443
30265.192443
30265.192443
30265.192443
30265.192443
30265.192443
30265.192443
30265.192443
30265.192443
30265.192443
30265.192443
30265.192443
30265.192443
30265.192443
30265.192443
30265.192443
30265.192443
30265.192443
30265.192443
30263.369644
30263.369644
30263.369644
30263.369644
30263.369644
30263.369644
30263.369644
30263.369644
30263.369644
30263.369644
30263.369644
30263.369644
30263.369644
30263.369644
30263.369644
30263.369644
30263.369644
30263.369644
30263.369644
30263.369644
30222.904058
30222.904058
30222.904058
30222.904058
30222.904058
30222.904058
30222.904058
30222.904058
30222.904058
30222.904058
30222.904058
30222.904058
30222.904058
30222.904058
30222.904058
30222.904058
30222.904058
30222.904058
30222.904058
30222.904058
30222.904058
30222.904058
30222.904058
30222.904058
30222.904058
30222.904058
30222.904058
30222.904058
30222.904058
30222.904058
30222.904058
30222.904058
30222.904058
30222.904058
30222.904058
30222.904058
30222.904058
30222.904058
30222.904058
30222.904058
30222.904058
30222.904058
30222.904058
30222.904058
30222.904058
30222.904058
30222.904058
30222.904058
30222.904058
30222.904058
30222.904058
30222.904058
30222.904058
30222.904058
30222.904058
30222.904058
30222.904058
30222.904058
30222.904058
30222.904058
30222.904058
30222.904058
30222.904058
30194.934711
30194.934711
30194.934711
30194.934711
30194.934711
30194.934711
30194.934711
30194.934711
30194.934711
30194.934711
30194.934711
30194.934711
30194.934711
30194.934711
30194.934711
30194.934711
30194.934711
30194.934711
30194.934711
30194.934711
30194.934711
30194.934711
30194.934711
30194.934711
30194.934711
30194.934711
30194.934711
30194.934711
30194.934711
30194.934711
30194.934711
30194.934711
30194.934711
30194.934711
30194.934711
30194.934711
30194.934711
30194.934711
30194.934711
30194.934711
30194.934711
30194.934711
30194.934711
30194.934711
30194.934711
30194.934711
30194.934711
30194.934711
30194.934711
30194.934711
30194.934711
30194.934711
30194.934711
30194.934711
30194.934711
30194.934711
30194.934711
30194.934711
30194.934711
30194.934711
30194.934711
30194.934711
30194.934711
30194.934711
30194.934711
30194.934711
30194.934711
30194.934711
30194.934711
30194.934711
30194.934711
30194.934711
30194.934711
30194.934711
30194.934711
30194.934711
30194.934711
30194.934711
30194.934711
30194.934711
30194.934711
30194.934711
30194.934711
30194.934711
30194.934711
30194.934711
30194.934711
30194.934711
30194.934711
30194.934711
30194.934711
30194.934711
30194.934711
30194.934711
30194.934711
30194.934711
30194.934711
30194.934711
30194.934711
30194.934711
30194.934711
30194.934711
30194.934711
30194.934711
30194.934711
30194.934711
30194.934711
30194.934711
30194.934711
30194.934711
30194.934711
30194.934711
30194.934711
30194.934711
30194.934711
30194.934711
30194.934711
30194.934711
30194.934711
30194.934711
30194.934711
30194.934711
30194.934711
30194.934711
30194.934711
30194.934711
30194.934711
30194.934711
30194.934711
30194.934711
30194.934711
30194.934711
30194.934711
30194.934711
30194.934711
30194.934711
30194.934711
30194.934711
30194.934711
30194.934711
30194.934711
30194.934711
30194.934711
30194.934711
30194.934711
30194.934711
30161.104246
30161.104246
30161.104246
30161.104246
30161.104246
30161.104246
30161.104246
30161.104246
30161.104246
30161.104246
30161.104246
30161.104246
30161.104246
30161.104246
30161.104246
30161.104246
30161.104246
30161.104246
30161.104246
30161.104246
30161.104246
30161.104246
30161.104246
30161.104246
30161.104246
30161.104246
30161.104246
30161.104246
30161.104246
30161.104246
30161.104246
30161.104246
30161.104246
30161.104246
30161.104246
30161.104246
30161.104246
30161.104246
30161.104246
30161.104246
30161.104246
30161.104246
30161.104246
30161.104246
30161.104246
30161.104246
30161.104246
30161.104246
30161.104246
30161.104246
30161.104246
30161.104246
30161.104246
30161.104246
30161.104246
30161.104246
30161.104246
30161.104246
30161.104246
30161.104246
30161.104246
30161.104246
30161.104246
30161.104246
30161.104246
30161.104246
30161.104246
30161.104246
30161.104246
30161.104246
30161.104246
30161.104246
30161.104246
30161.104246
30161.104246
30161.104246
30161.104246
30161.104246
30161.104246
30161.104246
30161.104246
30161.104246
30161.104246
30161.104246
30161.104246
30161.104246
30161.104246
30161.104246
30161.104246
30161.104246
30161.104246
30161.104246
30161.104246
30161.104246
30161.104246
30161.104246
30161.104246
30161.104246
30161.104246
30161.104246
30161.104246
30161.104246
30161.104246
30161.104246
30161.104246
30161.104246
30161.104246
30161.104246
30161.104246
30161.104246
30161.104246
30161.104246
30161.104246
30161.104246
30161.104246
30161.104246
30161.104246
30161.104246
30161.104246
30161.104246
30161.104246
30161.104246
30161.104246
29904.853732
29904.853732
29904.853732
29904.853732
29904.853732
29904.853732
29904.853732
29904.853732
29904.853732
29904.853732
29810.574967
29810.574967
29810.574967
29810.574967
29810.574967
29810.574967
29810.574967
29810.574967
29810.574967
29810.574967
29810.574967
29810.574967
29810.574967
29810.574967
29810.574967
29810.574967
29810.574967
29810.574967
29810.574967
29810.574967
29810.574967
29810.574967
29810.574967
29810.574967
29810.574967
29810.574967
29810.574967
29688.160359
29688.160359
29688.160359
29656.013267
29656.013267
29656.013267
29656.013267
29656.013267
29656.013267
29656.013267
29656.013267
29656.013267
29656.013267
29656.013267
29656.013267
29656.013267
29656.013267
29656.013267
29656.013267
29656.013267
29656.013267
29656.013267
29656.013267
29656.013267
29656.013267
29656.013267
29656.013267
29656.013267
29656.013267
29656.013267
29656.013267
29656.013267
29656.013267
29656.013267
29656.013267
29656.013267
29656.013267
29656.013267
29656.013267
29656.013267
29656.013267
29656.013267
29656.013267
29656.013267
29656.013267
29656.013267
29656.013267
29656.013267
29656.013267
29656.013267
29656.013267
29656.013267
29656.013267
29656.013267
29656.013267
29656.013267
29656.013267
29656.013267
29656.013267
29656.013267
29656.013267
29656.013267
29656.013267
29656.013267
29656.013267
29656.013267
29656.013267
29656.013267
29656.013267
29656.013267
29656.013267
29656.013267
29656.013267
29656.013267
29656.013267
29656.013267
29656.013267
29656.013267
29656.013267
29656.013267
29656.013267
29656.013267
29656.013267
29656.013267
29656.013267
29656.013267
29656.013267
29656.013267
29656.013267
29656.013267
29656.013267
29656.013267
29656.013267
29656.013267
29656.013267
29656.013267
29656.013267
29656.013267
29656.013267
29656.013267
29656.013267
29656.013267
29656.013267
29656.013267
29656.013267
29656.013267
29656.013267
29656.013267
29656.013267
29656.013267
29656.013267
29656.013267
29656.013267
29656.013267
29656.013267
29656.013267
29656.013267
29656.013267
29656.013267
29656.013267
29656.013267
29656.013267
29656.013267
29656.013267
29656.013267
29656.013267
29441.904798
29441.904798
29441.904798
29441.904798
29441.904798
29441.904798
29441.904798
29441.904798
29441.904798
29441.904798
29441.904798
29441.904798
29441.904798
29441.904798
29441.904798
29441.904798
29441.904798
29441.904798
29441.904798
29441.904798
29441.904798
29441.904798
29441.904798
29441.904798
29441.904798
29441.904798
29441.904798
29441.904798
29441.904798
29441.904798
29441.904798
29441.904798
29441.904798
29441.904798
29441.904798
29441.904798
29441.904798
29441.904798
29441.904798
29441.904798
29441.904798
29441.904798
29441.904798
29441.904798
29441.904798
29441.904798
29441.904798
29441.904798
29441.904798
29441.904798
29441.904798
29441.904798
29441.904798
29441.904798
29441.904798
29441.904798
29441.904798
29441.904798
29441.904798
29441.904798
29441.904798
29441.904798
29441.904798
29441.904798
29441.904798
29441.904798
29441.904798
29441.904798
29441.904798
29441.904798
29441.904798
29441.904798
29441.904798
29441.904798
29441.904798
29441.904798
29441.904798
29441.904798
29441.904798
29441.904798
29441.904798
29441.904798
29441.904798
29441.904798
29441.904798
29441.904798
29441.904798
29441.904798
29441.904798
29441.904798
29441.904798
29441.904798
29441.904798
29441.904798
29441.904798
29441.904798
29441.904798
29441.904798
29441.904798
29441.904798
29441.904798
29441.904798
29441.904798
29441.904798
29441.904798
29441.904798
29441.904798
29441.904798
29441.904798
29441.904798
29441.904798
29441.904798
29441.904798
29441.904798
29441.904798
28569.254824
28569.254824
28569.254824
28569.254824
28569.254824
28569.254824
28569.254824
28569.254824
28569.254824
28569.254824
28569.254824
28569.254824
28569.254824
28569.254824
28569.254824
28569.254824
28569.254824
28569.254824
28569.254824
28569.254824
28569.254824
28569.254824
28569.254824
28569.254824
28569.254824
28569.254824
28569.254824
28569.254824
28569.254824
28569.254824
28569.254824
28569.254824
28569.254824
28569.254824
28569.254824
28569.254824
28569.254824
28569.254824
28569.254824
28569.254824
28569.254824
28569.254824
28569.254824
28569.254824
28569.254824
28569.254824
28569.254824
28569.254824
28569.254824
28569.254824
28569.254824
28569.254824
28569.254824
28569.254824
28569.254824
28569.254824
28569.254824
28569.254824
28569.254824
28569.254824
28569.254824
28569.254824
28569.254824
28569.254824
28569.254824
28569.254824
28569.254824
28569.254824
28569.254824
28569.254824
28569.254824
28569.254824
28569.254824
28569.254824
28569.254824
28569.254824
28569.254824
28569.254824
28569.254824
28569.254824
28569.254824
28569.254824
28569.254824
28569.254824
28569.254824
28569.254824
28569.254824
28569.254824
28569.254824
28569.254824
28569.254824
28569.254824
28569.254824
28569.254824
28569.254824
28569.254824
28569.254824
28569.254824
28569.254824
28569.254824
28569.254824
28569.254824
28569.254824
28569.254824
28569.254824
28569.254824
28569.254824
28569.254824
28569.254824
28569.254824
28569.254824
28569.254824
28569.254824
28569.254824
28569.254824
28569.254824
28569.254824
28569.254824
28569.254824
28569.254824
28569.254824
28569.254824
28569.254824
28569.254824
28569.254824
28569.254824
28569.254824
28569.254824
28569.254824
28569.254824
28569.254824
28569.254824
28569.254824
28569.254824
28569.254824
28569.254824
28569.254824
28569.254824
28569.254824
28569.254824
28569.254824
28569.254824
28569.254824
28569.254824
28569.254824
28569.254824
28569.254824
28569.254824
28569.254824
28569.254824
28569.254824
28569.254824
28569.254824
28569.254824
28569.254824
28569.254824
28569.254824
28569.254824
28569.254824
28569.254824
28569.254824
28569.254824
28569.254824
28569.254824
28569.254824
28569.254824
28569.254824
28569.254824
28569.254824
28378.604089
28378.604089
28378.604089
28378.604089
28378.604089
28378.604089
28378.604089
28378.604089
28378.604089
28378.604089
28378.604089
28351.336768
28351.336768
28351.336768
28351.336768
28351.336768
28351.336768
28351.336768
28351.336768
28351.336768
28351.336768
28351.336768
28351.336768
28351.336768
28351.336768
28351.336768
28351.336768
28351.336768
28351.336768
28351.336768
28351.336768
28351.336768
28351.336768
28351.336768
28351.336768
28351.336768
28351.336768
28351.336768
28351.336768
28351.336768
28351.336768
28351.336768
28351.336768
28351.336768
28351.336768
28351.336768
28211.173276
28211.173276
28211.173276
28211.173276
28211.173276
28211.173276
28211.173276
28211.173276
28211.173276
28211.173276
28211.173276
28211.173276
28211.173276
28211.173276
28211.173276
28211.173276
28211.173276
28211.173276
28211.173276
28211.173276
28211.173276
28211.173276
28211.173276
28211.173276
28211.173276
28211.173276
28211.173276
28211.173276
28211.173276
28211.173276
28211.173276
28211.173276
28211.173276
28211.173276
28211.173276
28211.173276
28211.173276
28211.173276
28211.173276
28211.173276
28211.173276
28149.888820
28149.888820
28149.888820
28149.888820
28149.888820
28149.888820
28149.888820
28149.888820
28149.888820
28149.888820
28149.888820
28149.888820
28149.888820
28149.888820
28149.888820
28149.888820
28149.888820
28149.888820
28149.888820
28149.888820
28149.888820
28149.888820
28149.888820
28149.888820
28149.888820
28149.888820
27942.258132
27942.258132
27942.258132
27942.258132
27942.258132
27942.258132
27942.258132
27942.258132
27942.258132
27942.258132
27942.258132
27942.258132
27942.258132
27942.258132
27942.258132
27942.258132
27942.258132
27942.258132
27942.258132
27942.258132
27942.258132
27942.258132
27919.875024
27919.875024
27919.875024
27919.875024
27919.875024
27919.875024
27908.811516
27908.811516
27908.811516
27908.811516
27908.811516
27908.811516
27908.811516
27908.811516
27908.811516
27908.811516
27908.811516
27908.811516
27908.811516
27908.811516
27908.811516
27908.811516
27908.811516
27908.811516
27908.811516
27908.811516
27908.811516
27908.811516
27861.589979
27861.589979
27861.589979
27861.589979
27861.589979
27861.589979
27861.589979
27861.589979
27861.589979
27861.589979
27861.589979
27861.589979
27861.589979
27861.589979
27861.589979
27861.589979
27861.589979
27861.589979
27861.589979
27861.589979
27861.589979
27861.589979
27861.589979
27861.589979
27861.589979
27856.866320
27856.866320
27856.866320
27856.866320
27825.821432
27825.821432
27825.821432
27825.821432
27825.821432
27825.821432
27825.821432
27825.821432
27825.821432
27825.821432
27825.821432
27825.821432
27825.821432
27825.821432
27825.821432
27825.821432
27825.821432
27825.821432
27825.821432
27825.821432
27825.821432
27825.821432
27825.821432
27825.821432
27825.821432
27825.821432
27825.821432
27825.821432
27825.821432
27825.821432
27825.821432
27825.821432
27825.821432
27825.821432
27825.821432
27825.821432
27825.821432
27825.821432
27825.821432
27825.821432
27825.821432
27825.821432
27825.821432
27825.821432
27825.821432
27825.821432
27825.821432
27825.821432
27825.821432
27825.821432
27825.821432
27825.821432
27825.821432
27825.821432
27825.821432
27825.821432
27825.821432
27825.821432
27825.821432
27825.821432
27825.821432
27825.821432
27651.948958
27651.948958
27651.948958
27651.948958
27651.948958
27651.948958
27651.948958
27651.948958
27651.948958
27651.948958
27651.948958
27651.948958
27651.948958
27651.948958
27651.948958
27651.948958
27651.948958
27651.948958
27651.948958
27651.948958
27651.948958
27651.948958
27651.948958
27651.948958
27651.948958
27651.948958
27651.948958
27651.948958
27651.948958
27651.948958
27651.948958
27651.948958
27651.948958
27651.948958
27651.948958
27651.948958
27651.948958
27651.948958
27651.948958
27651.948958
27651.948958
27651.948958
27651.948958
27651.948958
27651.948958
27651.948958
27651.948958
27651.948958
27651.948958
27651.948958
27651.948958
27651.948958
27651.948958
27651.948958
27651.948958
27651.948958
27651.948958
27651.948958
27651.948958
27651.948958
27651.948958
27651.948958
27651.948958
27651.948958
27651.948958
27651.948958
27651.948958
27651.948958
27651.948958
27651.948958
27651.948958
27651.948958
27651.948958
27651.948958
27651.948958
27651.948958
27651.948958
27651.948958
27651.948958
27651.948958
27651.948958
27651.948958
27651.948958
27651.948958
27651.948958
27651.948958
27651.948958
27651.948958
27651.948958
27651.948958
27651.948958
27651.948958
27651.948958
27651.948958
27651.948958
27651.948958
27651.948958
27651.948958
27334.023657
27334.023657
27334.023657
27334.023657
27334.023657
27334.023657
27334.023657
27334.023657
27334.023657
27334.023657
27334.023657
27334.023657
27334.023657
27334.023657
27334.023657
27334.023657
27334.023657
27334.023657
27334.023657
27334.023657
27334.023657
27334.023657
27334.023657
27334.023657
27334.023657
27334.023657
27334.023657
27334.023657
27334.023657
27334.023657
27334.023657
27334.023657
27334.023657
27334.023657
27334.023657
27334.023657
27334.023657
27334.023657
27334.023657
27334.023657
27334.023657
27334.023657
27334.023657
27334.023657
27334.023657
27334.023657
27334.023657
27334.023657
27334.023657
27334.023657
27334.023657
27334.023657
27334.023657
27334.023657
27316.328295
27316.328295
27316.328295
27316.328295
27316.328295
27316.328295
27316.328295
27316.328295
27316.328295
27316.328295
27316.328295
27316.328295
27316.328295
27316.328295
27316.328295
27316.328295
27316.328295
27316.328295
27316.328295
27316.328295
27316.328295
27316.328295
27316.328295
27316.328295
27316.328295
27316.328295
27316.328295
27316.328295
27316.328295
27246.836171
27246.836171
27246.836171
27246.836171
27246.836171
27246.836171
27246.836171
27139.915100
27139.915100
27139.915100
27139.915100
27139.915100
27139.915100
27139.915100
27139.915100
27139.915100
27139.915100
27139.915100
27139.915100
27139.915100
27139.915100
27139.915100
27139.915100
27139.915100
27139.915100
27139.915100
27139.915100
27139.915100
27139.915100
27139.915100
27139.915100
27139.915100
27139.915100
27139.915100
27139.915100
27139.915100
27139.915100
27139.915100
27139.915100
27139.915100
27139.915100
27139.915100
27139.915100
27139.915100
27139.915100
27139.915100
27034.143262
27034.143262
27034.143262
27034.143262
27034.143262
27034.143262
27034.143262
27034.143262
27034.143262
27034.143262
26974.812777
26974.812777
26974.812777
26974.812777
26974.812777
26974.812777
26974.812777
26974.812777
26974.812777
26974.812777
26974.812777
