1.010000
1.020100
1.030301
1.040604
1.051010
1.061520
1.072135
1.082857
1.093685
1.104622
1.115668
1.126825
1.138093
1.149474
1.160969
1.172579
1.184304
1.196147
1.208109
1.220190
1.232392
1.244716
1.257163
1.269735
1.282432
1.295256
1.308209
1.321291
1.334504
1.347849
1.361327
1.374941
1.388690
1.402577
1.416603
1.430769
1.445076
1.459527
1.474123
1.488864
1.503752
1.518790
1.533978
1.549318
1.564811
1.580459
1.596263
1.612226
1.628348
1.644632
1.661078
1.677689
1.694466
1.711410
1.728525
1.745810
1.763268
1.780901
1.798710
1.816697
1.834864
1.853212
1.871744
1.890462
1.909366
1.928460
1.947745
1.967222
1.986894
2.006763
2.026831
2.047099
2.067570
2.088246
2.109128
2.130220
2.151522
2.173037
2.194768
2.216715
2.238882
2.261271
2.283884
2.306723
2.329790
2.353088
2.376619
2.400385
2.424389
2.448633
2.473119
2.497850
2.522829
2.548057
2.573538
2.599273
2.625266
2.651518
2.678033
2.704814
2.731862
2.759181
2.786772
2.814640
2.842787
2.871214
2.899927
2.928926
2.958215
2.987797
3.017675
3.047852
3.078330
3.109114
3.140205
3.171607
3.203323
3.235356
3.267710
3.300387
3.333391
3.366725
3.400392
3.434396
3.468740
3.503427
3.538461
3.573846
3.609585
3.645680
3.682137
3.718959
3.756148
3.793710
3.831647
3.869963
3.908663
3.947749
3.987227
4.027099
4.067370
4.108044
4.149124
4.190616
4.232522
4.274847
4.317595
4.360771
4.404379
4.448423
4.492907
4.537836
4.583215
4.629047
4.675337
4.722091
4.769311
4.817005
4.865175
4.913826
4.962965
5.012594
5.062720
5.113347
5.164481
5.216126
5.268287
5.320970
5.374180
5.427921
5.482201
5.537023
5.592393
5.648317
5.704800
5.761848
5.819466
5.877661
5.936438
5.995802
6.055760
6.116318
6.177481
6.239256
6.301648
6.364665
6.428311
6.492594
6.557520
6.623096
6.689326
6.756220
6.823782
6.892020
6.960940
7.030549
7.100855
7.171863
7.243582
7.316018
7.389178
7.463070
7.537701
7.613078
7.689208
7.766100
7.843761
7.922199
8.001421
8.081435
8.162250
8.243872
8.326311
8.409574
8.493670
8.578606
8.664392
8.751036
8.838547
8.926932
9.016201
9.106363
9.197427
9.289401
9.382295
9.476118
9.570880
9.666588
9.763254
9.860887
9.959496
10.059091
10.159681
10.261278
10.363891
10.467530
10.572205
10.677927
10.784707
10.892554
11.001479
11.111494
11.222609
11.334835
11.448183
11.562665
11.678292
11.795075
11.913026
12.032156
12.152477
12.274002
12.396742
12.520710
12.645917
12.772376
12.900100
13.029101
13.159392
13.290985
13.423895
13.558134
13.693716
13.830653
13.968959
14.108649
14.249735
14.392233
14.536155
14.681517
14.828332
14.976615
15.126381
15.277645
15.430422
15.584726
15.740573
15.897979
16.056959
16.217528
16.379703
16.543500
16.708935
16.876025
17.044785
17.215233
17.387385
17.561259
17.736872
17.914240
18.093383
18.274317
18.457060
18.641630
18.828047
19.016327
19.206490
19.398555
19.592541
19.788466
19.986351
20.186214
20.388077
20.591957
20.797877
21.005856
21.215914
21.428073
21.642354
21.858778
22.077365
22.298139
22.521120
22.746332
22.973795
23.203533
23.435568
23.669924
23.906623
24.145689
24.387146
24.631018
24.877328
25.126101
25.377362
25.631136
25.887447
26.146322
26.407785
26.671863
26.938581
27.207967
27.480047
27.754847
28.032396
28.312720
28.595847
28.881805
29.170624
29.462330
29.756953
30.054523
30.355068
30.658618
30.965205
31.274857
31.587605
31.903481
32.222516
32.544741
32.870189
33.198891
33.530880
33.866188
34.204850
34.546899
34.892368
35.241291
35.593704
35.949641
36.309138
36.672229
37.038951
37.409341
37.783434
38.161269
38.542881
38.928310
39.317593
39.710769
40.107877
40.508956
40.914045
41.323186
41.736418
42.153782
42.575320
43.001073
43.431083
43.865394
44.304048
44.747089
45.194560
45.646505
46.102970
46.564000
47.029640
47.499936
47.974936
48.454685
48.939232
49.428624
49.922910
50.422140
50.926361
51.435625
51.949981
52.469481
52.994175
53.524117
54.059358
54.599952
55.145951
55.697411
56.254385
56.816929
57.385098
57.958949
58.538539
59.123924
59.715163
60.312315
60.915438
61.524593
62.139838
62.761237
63.388849
64.022738
64.662965
65.309595
65.962691
66.622318
67.288541
67.961426
68.641040
69.327451
70.020725
70.720933
71.428142
72.142423
72.863848
73.592486
74.328411
75.071695
75.822412
76.580636
77.346442
78.119907
78.901106
79.690117
80.487018
81.291888
82.104807
82.925855
83.755114
84.592665
85.438592
86.292978
87.155907
88.027466
88.907741
89.796818
90.694787
91.601735
92.517752
93.442929
94.377359
95.321132
96.274344
97.237087
98.209458
99.191552
100.183468
101.185303
102.197156
103.219127
104.251319
105.293832
106.346770
107.410238
108.484340
109.569184
110.664875
111.771524
112.889239
114.018132
115.158313
116.309896
117.472995
118.647725
119.834202
121.032544
122.242870
123.465299
124.699952
125.946951
127.206421
128.478485
129.763270
131.060902
132.371511
133.695226
135.032179
136.382500
137.746325
139.123789
140.515027
141.920177
143.339379
144.772772
146.220500
147.682705
149.159532
150.651128
152.157639
153.679215
155.216007
156.768167
158.335849
159.919208
161.518400
163.133584
164.764919
166.412569
168.076694
169.757461
171.455036
173.169586
174.901282
176.650295
178.416798
180.200966
182.002976
183.823005
185.661235
187.517848
189.393026
191.286956
193.199826
195.131824
197.083143
199.053974
201.044514
203.054959
205.085508
207.136364
209.207727
211.299804
213.412802
215.546930
217.702400
219.879424
222.078218
224.299000
226.541990
228.807410
231.095484
233.406439
235.740503
238.097908
240.478888
242.883676
245.312513
247.765638
250.243295
252.745728
255.273185
257.825917
260.404176
263.008218
265.638300
268.294683
270.977630
273.687406
276.424280
279.188523
281.980408
284.800212
287.648214
290.524696
293.429943
296.364243
299.327885
302.321164
305.344376
308.397820
311.481798
314.596616
317.742582
320.920008
324.129208
327.370500
330.644205
333.950647
337.290153
340.663055
344.069685
347.510382
350.985486
354.495341
358.040294
361.620697
365.236904
368.889273
372.578166
376.303948
380.066987
383.867657
387.706334
391.583397
395.499231
399.454223
403.448766
407.483253
411.558086
415.673667
419.830403
424.028707
428.268994
432.551684
436.877201
441.245973
445.658433
450.115017
454.616167
459.162329
463.753952
468.391492
473.075407
477.806161
482.584222
487.410065
492.284165
497.207007
502.179077
507.200868
512.272876
517.395605
522.569561
527.795257
533.073209
538.403942
543.787981
549.225861
554.718119
560.265301
565.867954
571.526633
577.241899
583.014318
588.844462
594.732906
600.680235
606.687038
612.753908
618.881447
625.070262
631.320964
637.634174
644.010516
650.450621
656.955127
663.524678
670.159925
676.861524
683.630140
690.466441
697.371105
704.344816
711.388265
718.502147
725.687169
732.944040
740.273481
747.676216
755.152978
762.704507
770.331553
778.034868
785.815217
793.673369
801.610103
809.626204
817.722466
825.899690
834.158687
842.500274
850.925277
859.434530
868.028875
876.709164
885.476255
894.331018
903.274328
912.307071
921.430142
930.644443
939.950888
949.350397
958.843901
968.432340
978.116663
987.897830
997.776808
1007.754576
1017.832122
1028.010443
1038.290548
1048.673453
1059.160188
1069.751789
1080.449307
1091.253800
1102.166338
1113.188002
1124.319882
1135.563081
1146.918711
1158.387899
1169.971778
1181.671495
1193.488210
1205.423092
1217.477323
1229.652097
1241.948618
1254.368104
1266.911785
1279.580903
1292.376712
1305.300479
1318.353483
1331.537018
1344.852389
1358.300912
1371.883922
1385.602761
1399.458788
1413.453376
1427.587910
1441.863789
1456.282427
1470.845251
1485.553704
1500.409241
1515.413333
1530.567467
1545.873141
1561.331873
1576.945191
1592.714643
1608.641790
1624.728208
1640.975490
1657.385245
1673.959097
1690.698688
1707.605675
1724.681732
1741.928549
1759.347834
1776.941313
1794.710726
1812.657833
1830.784411
1849.092256
1867.583178
1886.259010
1905.121600
1924.172816
1943.414544
1962.848690
1982.477177
2002.301948
2022.324968
2042.548217
2062.973700
2083.603437
2104.439471
2125.483866
2146.738704
2168.206091
2189.888152
2211.787034
2233.904904
2256.243953
2278.806393
2301.594457
2324.610401
2347.856505
2371.335070
2395.048421
2418.998905
2443.188894
2467.620783
2492.296991
2517.219961
2542.392161
2567.816082
2593.494243
2619.429185
2645.623477
2672.079712
2698.800509
2725.788514
2753.046399
2780.576863
2808.382632
2836.466458
2864.831123
2893.479434
2922.414228
2951.638371
2981.154754
3010.966302
3041.075965
3071.486725
3102.201592
3133.223608
3164.555844
3196.201402
3228.163416
3260.445051
3293.049501
3325.979996
3359.239796
3392.832194
3426.760516
3461.028121
3495.638402
3530.594786
3565.900734
3601.559742
3637.575339
3673.951092
3710.690603
3747.797509
3785.275484
3823.128239
3861.359522
3899.973117
3938.972848
3978.362577
4018.146202
4058.327664
4098.910941
4139.900050
4181.299051
4223.112041
4265.343162
4307.996593
4351.076559
4394.587325
4438.533198
4482.918530
4527.747715
4573.025193
4618.755445
4664.942999
4711.592429
4758.708353
4806.295437
4854.358391
4902.901975
4951.930995
5001.450305
5051.464808
5101.979456
5152.999250
5204.529243
5256.574535
5309.140281
5362.231684
5415.854000
5470.012540
5524.712666
5579.959792
5635.759390
5692.116984
5749.038154
5806.528536
5864.593821
5923.239759
5982.472157
6042.296878
6102.719847
6163.747046
6225.384516
6287.638361
6350.514745
6414.019892
6478.160091
6542.941692
6608.371109
6674.454820
6741.199368
6808.611362
6876.697476
6945.464450
7014.919095
7085.068286
7155.918969
7227.478158
7299.752940
7372.750469
7446.477974
7520.942754
7596.152181
7672.113703
7748.834840
7826.323189
7904.586421
7983.632285
8063.468608
8144.103294
8225.544327
8307.799770
8390.877768
8474.786545
8559.534411
8645.129755
8731.581052
8818.896863
8907.085832
8996.156690
9086.118257
9176.979439
9268.749234
9361.436726
9455.051093
9549.601604
9645.097620
9741.548596
9838.964082
9937.353723
10036.727260
10137.094533
10238.465478
10340.850133
10444.258635
10548.701221
10654.188233
10760.730115
10868.337417
10977.020791
11086.790999
11197.658909
11309.635498
11422.731853
11536.959171
11652.328763
11768.852051
11886.540571
12005.405977
12125.460037
12246.714637
12369.181783
12492.873601
12617.802337
12743.980360
12871.420164
13000.134366
13130.135709
13261.437066
13394.051437
13527.991952
13663.271871
13799.904590
13937.903636
14077.282672
14218.055499
14360.236054
14503.838414
14648.876798
14795.365566
14943.319222
15092.752414
15243.679938
15396.116738
15550.077905
15705.578684
15862.634471
16021.260816
16181.473424
16343.288158
16506.721040
16671.788250
16838.506133
17006.891194
17176.960106
17348.729707
17522.217004
17697.439174
17874.413566
18053.157701
18233.689278
18416.026171
18600.186433
18786.188297
18974.050180
19163.790682
19355.428589
19548.982875
19744.472704
19941.917431
20141.336605
20342.749971
20546.177471
20751.639245
20959.155638
21168.747194
21380.434666
21594.239013
21810.181403
22028.283217
22248.566049
22471.051710
22695.762227
22922.719849
23151.947047
23383.466518
23617.301183
23853.474195
24092.008937
24332.929026
24576.258317
24822.020900
25070.241109
25320.943520
25574.152955
25829.894485
26088.193429
26349.075364
26612.566117
26878.691778
27147.478696
27418.953483
27693.143018
27970.074448
28249.775193
28532.272945
28817.595674
29105.771631
29396.829347
29690.797641
29987.705617
30287.582673
30590.458500
30896.363085
31205.326716
31517.379983
31832.553783
32150.879321
32472.388114
32797.111995
33125.083115
33456.333946
33790.897285
34128.806258
34470.094321
34814.795264
35162.943217
35514.572649
35869.718375
36228.415559
36590.699715
36956.606712
37326.172779
37699.434507
38076.428852
38457.193140
38841.765072
39230.182723
39622.484550
40018.709395
40418.896489
40823.085454
41231.316309
41643.629472
42060.065766
42480.666424
42905.473088
43334.527819
43767.873097
44205.551828
44647.607347
45094.083420
45545.024254
46000.474497
46460.479242
46925.084034
47394.334875
47868.278223
48346.961006
48830.430616
49318.734922
49811.922271
50310.041494
50813.141909
51321.273328
51834.486061
52352.830922
52876.359231
53405.122823
53939.174051
54478.565792
55023.351450
55573.584964
56129.320814
56690.614022
57257.520162
57830.095364
58408.396318
58992.480281
59582.405084
60178.229134
60780.011426
61387.811540
62001.689655
62621.706552
63247.923618
63880.402854
64519.206882
65164.398951
65816.042941
66474.203370
67138.945404
67810.334858
68488.438206
69173.322588
69865.055814
70563.706372
71269.343436
71982.036870
72701.857239
73428.875812
74163.164570
74904.796215
75653.844178
76410.382619
77174.486446
77946.231310
78725.693623
79512.950559
80308.080065
81111.160866
81922.272474
82741.495199
83568.910151
84404.599252
85248.645245
86101.131697
86962.143014
87831.764445
88710.082089
89597.182910
90493.154739
91398.086286
92312.067149
93235.187821
94167.539699
95109.215096
96060.307247
97020.910319
97991.119423
98971.030617
99960.740923
100960.348332
101969.951815
102989.651334
104019.547847
105059.743325
106110.340759
107171.444166
108243.158608
109325.590194
110418.846096
111523.034557
112638.264902
113764.647552
114902.294027
116051.316967
117211.830137
118383.948438
119567.787923
120763.465802
121971.100460
123190.811465
124422.719579
125666.946775
126923.616243
128192.852405
129474.780929
130769.528739
132077.224026
133397.996266
134731.976229
136079.295991
137440.088951
138814.489841
140202.634739
141604.661086
143020.707697
144450.914774
145895.423922
147354.378161
148827.921943
150316.201162
151819.363174
153337.556806
154870.932374
156419.641697
157983.838114
157193.918924
156411.898925
155637.699126
154871.241326
154112.448103
153361.242813
152617.549575
151881.293270
151152.399528
150430.794723
149716.405966
149009.161097
148308.988677
147615.817981
146929.578991
146250.202392
145577.619559
144911.762554
144252.564119
143599.957668
142953.877282
142314.257700
141681.034313
141054.143161
140433.520920
139819.104901
139210.833043
138608.643903
138012.476654
137422.271078
136837.967558
136259.507073
135686.831193
135119.882072
134558.602441
134002.935608
133452.825442
132908.216378
132369.053405
131835.282062
131306.848432
130783.699138
130265.781337
129753.042714
129245.431478
128742.896353
128245.386580
127752.851905
127265.242577
126782.509342
126304.603439
125831.476595
125363.081020
124899.369400
124440.294896
123985.811138
123535.872217
123090.432686
122649.447549
122212.872264
121780.662732
121352.775296
120929.166733
120509.794256
120094.615504
119683.588540
119276.671845
118873.824317
118475.005265
118080.174403
117689.291849
117302.318121
116919.214131
116539.941180
116164.460959
115792.735540
115424.727375
115060.399292
114699.714489
114342.636535
113989.129360
113639.157257
113292.684875
112949.677217
112610.099635
112273.917830
111941.097842
111611.606054
111285.409184
110962.474283
110642.768731
110326.260234
110012.916822
109702.706844
109395.598967
109091.562167
108790.565736
108492.579270
108197.572667
107905.516131
107616.380161
107330.135550
107046.753385
106766.205041
106488.462181
106213.496750
105941.280973
105671.787354
105404.988671
105140.857975
104879.368586
104620.494091
104364.208340
104110.485447
103859.299784
103610.625976
103364.438907
103120.713709
102879.425762
102640.550695
102404.064379
102169.942925
101938.162687
101708.700250
101481.532438
101256.636305
101033.989132
100813.568431
100595.351938
100379.317609
100165.443623
99953.708378
99744.090485
99536.568770
99331.122273
99127.730241
98926.372129
98727.027598
98529.676513
98334.298938
98140.875140
97949.385579
97759.810914
97572.131995
97386.329866
97202.385758
97020.281091
96839.997470
96661.516686
96484.820710
96309.891693
96136.711967
95965.264038
95795.530588
95627.494473
95461.138719
95296.446522
95133.401247
94971.986425
94812.185752
94653.983085
94497.362444
94342.308011
94188.804121
94036.835270
93886.386108
93737.441438
93589.986214
93444.005542
93299.484678
93156.409021
93014.764122
92874.535671
92735.709505
92598.271600
92462.208075
92327.505185
92194.149324
92062.127021
91931.424941
91802.029882
91673.928774
91547.108677
91421.556781
91297.260404
91174.206990
91052.384111
90931.779460
90812.380856
90694.176238
90577.153666
90461.301320
90346.607498
90233.060613
90120.649198
90009.361896
89899.187468
89790.114784
89682.132827
89575.230689
89469.397573
89364.622787
89260.895750
89158.205983
89056.543114
88955.896873
88856.257095
88757.613715
88659.956768
88563.276391
88467.562818
88372.806380
88278.997507
88186.126722
88094.184646
88003.161990
87913.049561
87823.838256
87735.519064
87648.083063
87561.521423
87475.825400
87390.986336
87306.995664
87223.844897
87141.525639
87060.029573
86979.348468
86899.474174
86820.398623
86742.113827
86664.611879
86587.884951
86511.925292
86436.725230
86362.277168
86288.573587
86215.607042
86143.370162
86071.855651
86001.056285
85930.964913
85861.574454
85792.877900
85724.868312
85657.538819
85590.882622
85524.892986
85459.563247
85394.886805
85330.857127
85267.467747
85204.712260
85142.584328
85081.077675
85020.186089
84959.903418
84900.223575
84841.140530
84782.648315
84724.741022
84667.412803
84610.657865
84554.470477
84498.844963
84443.775704
84389.257137
84335.283757
84281.850110
84228.950799
84176.580482
84124.733867
84073.405719
84022.590853
83972.284135
83922.480484
83873.174870
83824.362312
83776.037879
83728.196691
83680.833914
83633.944766
83587.524509
83541.568454
83496.071960
83451.030431
83406.439318
83362.294115
83318.590364
83275.323651
83232.489605
83190.083900
83148.102251
83106.540420
83065.394206
83024.659454
82984.332050
82944.407920
82904.883032
82865.753392
82827.015049
82788.664089
82750.696639
82713.108863
82675.896965
82639.057186
82602.585804
82566.479137
82530.733536
82495.345391
82460.311128
82425.627207
82391.290126
82357.296415
82323.642641
82290.325406
82257.341342
82224.687119
82192.359439
82160.355035
82128.670675
82097.303159
82066.249318
82035.506015
82005.070146
81974.938635
81945.108439
81915.576545
81886.339970
81857.395761
81828.740994
81800.372775
81772.288238
81744.484546
81716.958891
81689.708493
81662.730598
81636.022483
81609.581449
81583.404825
81557.489967
81531.834258
81506.435106
81481.289945
81456.396236
81431.751465
81407.353141
81383.198800
81359.286002
81335.612333
81312.175400
81288.972837
81266.002299
81243.261466
81220.748042
81198.459753
81176.394346
81154.549593
81132.923287
81111.513245
81090.317303
81069.333321
81048.559178
81027.992777
81007.632040
80987.474910
80967.519351
80947.763348
80928.204905
80908.842047
80889.672817
80870.695279
80851.907517
80833.307633
80814.893747
80796.664000
80778.616551
80760.749576
80743.061270
80725.549848
80708.213540
80691.050596
80674.059280
80657.237878
80640.584690
80624.098033
80607.776244
80591.617672
80575.620686
80559.783669
80544.105023
80528.583164
80513.216523
80498.003548
80482.942703
80468.032467
80453.271332
80438.657810
80424.190422
80409.867708
80395.688222
80381.650530
80367.753216
80353.994874
80340.374116
80326.889565
80313.539860
80300.323652
80287.239606
80274.286401
80261.462727
80248.767291
80236.198808
80223.756011
80211.437641
80199.242455
80187.169221
80175.216720
80163.383743
80151.669096
80140.071596
80128.590070
80117.223360
80105.970317
80094.829805
80083.800697
80072.881881
80062.072253
80051.370721
80040.776204
80030.287633
80019.903947
80009.624098
79999.447047
79989.371768
79979.397240
79969.522459
79959.746425
79950.068151
79940.486660
79931.000984
79921.610165
79912.313254
79903.109312
79893.997409
79884.976626
79876.046050
79867.204780
79858.451923
79849.786594
79841.207919
79832.715030
79824.307070
79815.983190
79807.742549
79799.584314
79791.507661
79783.511775
79775.595848
79767.759080
79760.000680
79752.319864
79744.715856
79737.187888
79729.735199
79722.357038
79715.052658
79707.821322
79700.662300
79693.574867
79686.558309
79679.611917
79672.734988
79665.926829
79659.186751
79652.514074
79645.908124
79639.368233
79632.893741
79626.483995
79620.138345
79613.856152
79607.636781
79601.479604
79595.383999
79589.349349
79583.375046
79577.460486
79571.605072
79565.808212
79560.069320
79554.387818
79548.763130
79543.194689
79537.681933
79532.224304
79526.821252
79521.472230
79516.176698
79510.934122
79505.743971
79500.605722
79495.518855
79490.482857
79485.497219
79480.561438
79475.675014
79470.837454
79466.048270
79461.306978
79456.613099
79451.966159
79447.365688
79442.811221
79438.302300
79433.838467
79429.419273
79425.044271
79420.713019
79416.425079
79412.180019
79407.977409
79403.816826
79399.697848
79395.620060
79391.583050
79387.586410
79383.629737
79379.712630
79375.834694
79371.995538
79368.194773
79364.432016
79360.706886
79357.019008
79353.368009
79349.753519
79346.175174
79342.632613
79339.125478
79335.653413
79332.216070
79328.813100
79325.444159
79322.108908
79318.807010
79315.538130
79312.301940
79309.098111
79305.926320
79302.786248
79299.677576
79296.599990
79293.553181
79290.536840
79287.550662
79284.594346
79281.667593
79278.770108
79275.901597
79273.061772
79270.250345
79267.467032
79264.711552
79261.983627
79259.282981
79256.609342
79253.962439
79251.342006
79248.747776
79246.179489
79243.636885
79241.119706
79238.627700
79236.160613
79233.718198
79231.300206
79228.906395
79226.536522
79224.190347
79221.867634
79219.568148
79217.291657
79215.037931
79212.806743
79210.597866
79208.411078
79206.246157
79204.102886
79201.981048
79199.880428
79197.800814
79195.741997
79193.703768
79191.685920
79189.688252
79187.710560
79185.752645
79183.814309
79181.895356
79179.995593
79178.114828
79176.252870
79174.409532
79172.584627
79170.777972
79168.989383
79167.218679
79165.465683
79163.730217
79162.012105
79160.311175
79158.627254
79156.960172
79155.309761
79153.675853
79152.058286
79150.456893
79148.871515
79147.301990
79145.748161
79144.209870
79142.686962
79141.179283
79139.686680
79138.209004
79136.746105
79135.297834
79133.864047
79132.444597
79131.039341
79129.648138
79128.270848
79126.907330
79125.557447
79124.221063
79122.898043
79121.588253
79120.291561
79119.007836
79117.736948
79116.478769
79115.233172
79114.000031
79112.779221
79111.570620
79110.374104
79109.189554
79108.016849
79106.855871
79105.706503
79104.568628
79103.442133
79102.326902
79101.222823
79100.129786
79099.047678
79097.976392
79096.915819
79095.865851
79094.826383
79093.797310
79092.778527
79091.769933
79090.771424
79089.782900
79088.804262
79087.835410
79086.876246
79085.926674
79084.986598
79084.055923
79083.134554
79082.222399
79081.319366
79080.425363
79079.540300
79078.664087
79077.796637
79076.937861
79076.087673
79075.245987
79074.412718
79073.587781
79072.771094
79071.962573
79071.162138
79070.369707
79069.585201
79068.808540
79068.039645
79067.278439
79066.524845
79065.778787
79065.040190
79064.308978
79063.585079
79062.868419
79062.158925
79061.456527
79060.761152
79060.072731
79059.391194
79058.716473
79058.048499
79057.387204
79056.732523
79056.084388
79055.442735
79054.807498
79054.178614
79053.556018
79052.939649
79052.329443
79051.725339
79051.127276
79050.535194
79049.949032
79049.368733
79048.794236
79048.225484
79047.662420
79047.104986
79046.553127
79046.006786
79045.465909
79044.930440
79044.400327
79043.875514
79043.355949
79042.841580
79042.332355
79041.828222
79041.329131
79040.835030
79040.345870
79039.861602
79039.382177
79038.907545
79038.437660
79037.972474
79037.511940
79037.056011
79036.604642
79036.157786
79035.715399
79035.277435
79034.843852
79034.414604
79033.989648
79033.568942
79033.152443
79032.740110
79032.331899
79031.927771
79031.527683
79031.131597
79030.739472
79030.351268
79029.966946
79029.586467
79029.209793
79028.836885
79028.467707
79028.102220
79027.740389
79027.382175
79027.027544
79026.676459
79026.328885
79025.984787
79025.644130
79025.306879
79024.973001
79024.642461
79024.315227
79023.991266
79023.670544
79023.353029
79023.038689
79022.727493
79022.419408
79022.114405
79021.812451
79021.513517
79021.217573
79020.924588
79020.634532
79020.347378
79020.063094
79019.781654
79019.503028
79019.227188
79018.954107
79018.683757
79018.416110
79018.151139
79017.888818
79017.629121
79017.372020
79017.117490
79016.865506
79016.616042
79016.369072
79016.124572
79015.882516
79015.642882
79015.405644
79015.170778
79014.938260
79014.708068
79014.480178
79014.254567
79014.031212
79013.810090
79013.591180
79013.374459
79013.159905
79012.947496
79012.737212
79012.529030
79012.322931
79012.118892
79011.916894
79011.716915
79011.518937
79011.322938
79011.128899
79010.936801
79010.746623
79010.558348
79010.371955
79010.187426
79010.004742
79009.823885
79009.644837
79009.467579
79009.292094
79009.118363
79008.946370
79008.776097
79008.607527
79008.440642
79008.275426
79008.111863
79007.949935
79007.789626
79007.630920
79007.473802
79007.318254
79007.164262
79007.011810
79006.860883
79006.711464
79006.563540
79006.417095
79006.272115
79006.128584
79005.986489
79005.845815
79005.706547
79005.568672
79005.432176
79005.297045
79005.163265
79005.030823
79004.899705
79004.769899
79004.641390
79004.514167
79004.388216
79004.263524
79004.140080
79004.017870
79003.896881
79003.777103
79003.658523
79003.541128
79003.424907
79003.309849
79003.195941
79003.083172
79002.971531
79002.861006
79002.751587
79002.643261
79002.536019
79002.429850
79002.324742
79002.220685
79002.117669
79002.015683
79001.914716
79001.814760
79001.715803
79001.617835
79001.520847
79001.424830
79001.329772
79001.235665
79001.142499
79001.050264
79000.958952
79000.868553
79000.779058
79000.690458
79000.602744
79000.515907
79000.429939
79000.344830
79000.260572
79000.177157
79000.094576
79000.012821
78999.931883
78999.851755
78999.772428
78999.693894
78999.616146
78999.539175
78999.462974
78999.387535
78999.312850
78999.238912
78999.165714
78999.093247
78999.021505
78998.950481
78998.880166
78998.810555
78998.741640
78998.673414
78998.605871
78998.539003
78998.472803
78998.407266
78998.342384
78998.278150
78998.214560
78998.151604
78998.089279
78998.027577
78997.966492
78997.906017
78997.846148
78997.786877
78997.728199
78997.670107
78997.612597
78997.555661
78997.499295
78997.443493
78997.388248
78997.333557
78997.279412
78997.225808
78997.172741
78997.120204
78997.068192
78997.016701
78996.965724
78996.915258
78996.865296
78996.815833
78996.766866
78996.718388
78996.670394
78996.622881
78996.575843
78996.529275
78996.483173
78996.437531
78996.392347
78996.347614
78996.303328
78996.259486
78996.216081
78996.173111
78996.130570
78996.088455
78996.046761
78996.005484
78995.964620
78995.924164
78995.884113
78995.844463
78995.805209
78995.766347
78995.727874
78995.689786
78995.652079
78995.614749
78995.577792
78995.541204
78995.504983
78995.469124
78995.433623
78995.398477
78995.363683
78995.329237
78995.295135
78995.261374
78995.227951
78995.194862
78995.162104
78995.129674
78995.097567
78995.065782
78995.034315
78995.003163
78994.972321
78994.941789
78994.911562
78994.881636
78994.852011
78994.822681
78994.793645
78994.764899
78994.736441
78994.708267
78994.680375
78994.652761
78994.625424
78994.598361
78994.571568
78994.545043
78994.518783
78994.492786
78994.467048
78994.441568
78994.416343
78994.391370
78994.366647
78994.342171
78994.317940
78994.293951
78994.270202
78994.246691
78994.223415
78994.200371
78994.177558
78994.154973
78994.132614
78994.110478
78994.088564
78994.066869
78994.045391
78994.024127
78994.003077
78993.982237
78993.961605
78993.941179
78993.920958
78993.900939
78993.881120
78993.861500
78993.842075
78993.822845
78993.803807
78993.784960
78993.766301
78993.747828
78993.729540
78993.711436
78993.693512
78993.675767
78993.658200
78993.640809
78993.623591
78993.606546
78993.589671
78993.572965
78993.556426
78993.540052
78993.523842
78993.507794
78993.491907
78993.476178
78993.460607
78993.445192
78993.429930
78993.414822
78993.399864
78993.385056
78993.370396
78993.355883
78993.341514
78993.327290
78993.313207
78993.299266
78993.285464
78993.271800
78993.258272
78993.244880
78993.231622
78993.218496
78993.205502
78993.192637
78993.179902
78993.167293
78993.154811
78993.142453
78993.130219
78993.118108
78993.106117
78993.094247
78993.082495
78993.070860
78993.059342
78993.047939
78993.036651
78993.025475
78993.014411
78993.003457
78992.992613
78992.981877
78992.971249
78992.960727
78992.950311
78992.939998
78992.929789
78992.919681
78992.909675
78992.899769
78992.889962
78992.880253
78992.870641
78992.861125
78992.851704
78992.842378
78992.833145
78992.824004
78992.814954
78992.805995
78992.797126
78992.788345
78992.779652
78992.771046
78992.762527
78992.754092
78992.745741
78992.737475
78992.729290
78992.721188
78992.713167
78992.705226
78992.697364
78992.689581
78992.681876
78992.674248
78992.666696
78992.659219
78992.651818
78992.644490
78992.637236
78992.630054
78992.622944
78992.615905
78992.608937
78992.602038
78992.595208
78992.588446
78992.581753
78992.575126
78992.568565
78992.562070
78992.555640
78992.549274
78992.542972
78992.536733
78992.530556
78992.524441
78992.518387
78992.512394
78992.506460
78992.500586
78992.494771
78992.489014
78992.483314
78992.477672
78992.472086
78992.466555
78992.461080
78992.455660
78992.450294
78992.444982
78992.439722
78992.434516
78992.429361
78992.424258
78992.419206
78992.414205
78992.409253
78992.404351
78992.399498
78992.394694
78992.389938
78992.385229
78992.380567
78992.375952
78992.371383
78992.366860
78992.362382
78992.357948
78992.353560
78992.349214
78992.344913
78992.340654
78992.336438
78992.332265
78992.328133
78992.324042
78992.319992
78992.315983
78992.312013
78992.308084
78992.304193
78992.300342
78992.296529
78992.292755
78992.289018
78992.285318
78992.281655
78992.278029
78992.274440
78992.270886
78992.267368
78992.263884
78992.260436
78992.257022
78992.253643
78992.250297
78992.246984
78992.243705
78992.240459
78992.237245
78992.234063
78992.230913
78992.227794
78992.224707
78992.221650
78992.218624
78992.215629
78992.212663
78992.209727
78992.206820
78992.203943
78992.201094
78992.198273
78992.195481
78992.192717
78992.189980
78992.187271
78992.184589
78992.181934
78992.179305
78992.176702
78992.174126
78992.171575
78992.169050
78992.166550
78992.164075
78992.161625
78992.159199
78992.156798
78992.154421
78992.152067
78992.149737
78992.147430
78992.145146
78992.142885
78992.140647
78992.138431
78992.136238
78992.134066
78992.131916
78992.129787
78992.127680
78992.125594
78992.123528
78992.121483
78992.119459
78992.117455
78992.115471
78992.113507
78992.111563
78992.109637
78992.107732
78992.105845
78992.103977
78992.102128
78992.100297
78992.098485
78992.096690
78992.094914
78992.093156
78992.091415
78992.089691
78992.087985
78992.086295
78992.084623
78992.082967
78992.081328
78992.079706
78992.078099
78992.076509
78992.074934
78992.073375
78992.071832
78992.070304
78992.068792
78992.067295
78992.065812
78992.064345
78992.062892
78992.061453
78992.060029
78992.058620
78992.057224
78992.055842
78992.054475
78992.053120
78992.051780
78992.050453
78992.049139
78992.047838
78992.046550
78992.045275
78992.044013
78992.042763
78992.041526
78992.040302
78992.039089
78992.037889
78992.036701
78992.035524
78992.034359
78992.033206
78992.032065
78992.030935
78992.029816
78992.028708
78992.027612
78992.026526
78992.025452
78992.024388
78992.023334
78992.022292
78992.021259
78992.020237
78992.019226
78992.018224
78992.017232
78992.016250
78992.015278
78992.014316
78992.013364
78992.012421
78992.011487
78992.010563
78992.009648
78992.008742
78992.007845
78992.006957
78992.006078
78992.005208
78992.004346
78992.003493
78992.002649
78992.001813
78992.000986
78992.000166
78991.999355
78991.998552
78991.997757
78991.996970
78991.996191
78991.995420
78991.994656
78991.993900
78991.993152
78991.992411
78991.991677
78991.990951
78991.990232
78991.989520
78991.988816
78991.988118
78991.987428
78991.986744
78991.986067
78991.985397
78991.984733
78991.984077
78991.983426
78991.982783
78991.982146
78991.981515
78991.980890
78991.980272
78991.979660
78991.979054
78991.978454
78991.977860
78991.977272
78991.976689
78991.976113
78991.975543
78991.974978
78991.974419
78991.973865
78991.973317
78991.972774
78991.972237
78991.971705
78991.971179
78991.970658
78991.970142
78991.969631
78991.969125
78991.968624
78991.968129
78991.967638
78991.967152
78991.966671
78991.966195
78991.965724
78991.965257
78991.964795
78991.964338
78991.963885
78991.963437
78991.962993
78991.962553
78991.962118
78991.961688
78991.961262
78991.960839
78991.960422
78991.960008
78991.959598
78991.959193
78991.958792
78991.958394
78991.958001
78991.957612
78991.957226
78991.956844
78991.956466
78991.956092
78991.955722
78991.955355
78991.954992
78991.954633
78991.954277
78991.953925
78991.953576
78991.953231
78991.952889
78991.952551
78991.952216
78991.951885
78991.951556
78991.951231
78991.950910
78991.950591
78991.950276
78991.949964
78991.949654
78991.949349
78991.949046
78991.948746
78991.948449
78991.948155
78991.947864
78991.947576
78991.947291
78991.947008
78991.946729
78991.946452
78991.946178
78991.945907
78991.945638
78991.945373
78991.945109
78991.944849
78991.944591
78991.944336
78991.944083
78991.943833
78991.943585
78991.943340
78991.943097
78991.942856
78991.942618
78991.942383
78991.942150
78991.941919
78991.941690
78991.941464
78991.941240
78991.941018
78991.940798
78991.940581
78991.940366
78991.940152
78991.939941
78991.939733
78991.939526
78991.939321
78991.939119
78991.938918
78991.938719
78991.938523
78991.938328
78991.938135
78991.937945
78991.937756
78991.937569
78991.937384
78991.937200
78991.937019
78991.936839
78991.936661
78991.936485
78991.936311
78991.936139
78991.935968
78991.935799
78991.935631
78991.935466
78991.935301
78991.935139
78991.934978
78991.934819
78991.934661
78991.934505
78991.934351
78991.934198
78991.934046
78991.933897
78991.933748
78991.933601
78991.933456
78991.933312
78991.933169
78991.933028
78991.932888
78991.932750
78991.932613
78991.932478
78991.932343
78991.932211
78991.932079
78991.931949
78991.931820
78991.931692
78991.931566
78991.931441
78991.931317
78991.931194
78991.931073
78991.930953
78991.930834
78991.930716
78991.930600
78991.930484
78991.930370
78991.930257
78991.930145
78991.930034
78991.929924
78991.929815
78991.929708
78991.929601
78991.929496
78991.929392
78991.929288
78991.929186
78991.929085
78991.928984
78991.928885
78991.928787
78991.928689
78991.928593
78991.928498
78991.928403
78991.928310
78991.928217
78991.928126
78991.928035
78991.927945
78991.927856
78991.927768
78991.927681
78991.927595
78991.927510
78991.927425
78991.927342
78991.927259
78991.927177
78991.927095
78991.927015
78991.926935
78991.926857
78991.926779
78991.926701
78991.926625
78991.926549
78991.926474
78991.926400
78991.926327
78991.926254
78991.926182
78991.926111
78991.926040
78991.925971
78991.925901
78991.925833
78991.925765
78991.925698
78991.925632
78991.925566
78991.925501
78991.925436
78991.925373
78991.925310
78991.925247
78991.925185
78991.925124
78991.925063
78991.925003
78991.924944
78991.924885
78991.924826
78991.924769
78991.924712
78991.924655
78991.924599
78991.924544
78991.924489
78991.924435
78991.924381
78991.924328
78991.924275
78991.924223
78991.924171
78991.924120
78991.924069
78991.924019
78991.923969
78991.923920
78991.923872
78991.923824
78991.923776
78991.923729
78991.923682
78991.923636
78991.923590
78991.923545
78991.923500
78991.923455
78991.923411
78991.923368
78991.923325
78991.923282
78991.923240
78991.923198
78991.923157
78991.923116
78991.923075
78991.923035
78991.922995
78991.922956
78991.922917
78991.922878
78991.922840
78991.922802
78991.922765
78991.922728
78991.922691
78991.922654
78991.922619
78991.922583
78991.922548
78991.922513
78991.922478
78991.922444
78991.922410
78991.922377
78991.922343
78991.922311
78991.922278
78991.922246
78991.922214
78991.922182
78991.922151
78991.922120
78991.922089
78991.922059
78991.922029
78991.921999
78991.921970
78991.921941
78991.921912
78991.921883
78991.921855
78991.921827
78991.921800
78991.921772
78991.921745
78991.921718
78991.921691
78991.921665
78991.921639
78991.921613
78991.921588
78991.921562
78991.921537
78991.921513
78991.921488
78991.921464
78991.921440
78991.921416
78991.921392
78991.921369
78991.921346
78991.921323
78991.921300
78991.921278
78991.921256
78991.921234
78991.921212
78991.921190
78991.921169
78991.921148
78991.921127
78991.921106
78991.921086
78991.921065
78991.921045
78991.921025
78991.921006
78991.920986
78991.920967
78991.920948
78991.920929
78991.920910
78991.920892
78991.920873
78991.920855
78991.920837
78991.920819
78991.920802
78991.920784
78991.920767
78991.920750
78991.920733
78991.920716
78991.920700
78991.920683
78991.920667
78991.920651
78991.920635
78991.920619
78991.920604
78991.920588
78991.920573
78991.920558
78991.920543
78991.920528
78991.920513
78991.920499
78991.920484
78991.920470
78991.920456
78991.920442
78991.920428
78991.920414
78991.920401
78991.920387
78991.920374
78991.920361
78991.920348
78991.920335
78991.920322
78991.920309
78991.920297
78991.920284
78991.920272
78991.920260
78991.920248
78991.920236
78991.920224
78991.920213
78991.920201
78991.920190
78991.920178
78991.920167
78991.920156
78991.920145
78991.920134
78991.920123
78991.920113
78991.920102
78991.920092
78991.920081
78991.920071
78991.920061
78991.920051
78991.920041
78991.920031
78991.920021
78991.920012
78991.920002
78991.919993
78991.919983
78991.919974
78991.919965
78991.919956
78991.919947
78991.919938
78991.919929
78991.919920
78991.919912
78991.919903
78991.919895
78991.919886
78991.919878
78991.919870
78991.919862
78991.919854
78991.919846
78991.919838
78991.919830
78991.919822
78991.919815
78991.919807
78991.919800
78991.919792
78991.919785
78991.919778
78991.919770
78991.919763
78991.919756
78991.919749
78991.919742
78991.919735
78991.919729
78991.919722
78991.919715
78991.919709
78991.919702
78991.919696
78991.919689
78991.919683
78991.919677
78991.919671
78991.919664
78991.919658
78991.919652
78991.919646
78991.919641
78991.919635
78991.919629
78991.919623
78991.919618
78991.919612
78991.919606
78991.919601
78991.919595
78991.919590
78991.919585
78991.919579
78991.919574
78991.919569
78991.919564
78991.919559
78991.919554
78991.919549
78991.919544
78991.919539
78991.919534
78991.919530
78991.919525
78991.919520
78991.919515
78991.919511
78991.919506
78991.919502
78991.919497
78991.919493
78991.919489
78991.919484
78991.919480
78991.919476
78991.919472
78991.919468
78991.919463
78991.919459
78991.919455
78991.919451
78991.919447
78991.919444
78991.919440
78991.919436
78991.919432
78991.919428
78991.919425
78991.919421
78991.919417
78991.919414
78991.919410
78991.919407
78991.919403
78991.919400
78991.919396
78991.919393
78991.919389
78991.919386
78991.919383
78991.919380
78991.919376
78991.919373
78991.919370
78991.919367
78991.919364
78991.919361
78991.919358
78991.919355
78991.919352
78991.919349
78991.919346
78991.919343
78991.919340
78991.919337
78991.919334
78991.919332
78991.919329
78991.919326
78991.919324
78991.919321
78991.919318
78991.919316
78991.919313
78991.919310
78991.919308
78991.919305
78991.919303
78991.919300
78991.919298
78991.919296
78991.919293
78991.919291
78991.919289
78991.919286
78991.919284
78991.919282
78991.919279
78991.919277
78991.919275
78991.919273
78991.919271
78991.919269
78991.919266
78991.919264
78991.919262
78991.919260
78991.919258
78991.919256
78991.919254
78991.919252
78991.919250
78991.919248
78991.919246
78991.919245
78991.919243
78991.919241
78991.919239
78991.919237
78991.919235
78991.919234
78991.919232
78991.919230
78991.919228
78991.919227
78991.919225
78991.919223
78991.919222
78991.919220
78991.919218
78991.919217
78991.919215
78991.919214
78991.919212
78991.919210
78991.919209
78991.919207
78991.919206
78991.919204
78991.919203
78991.919201
78991.919200
78991.919199
78991.919197
78991.919196
78991.919194
78991.919193
78991.919192
78991.919190
78991.919189
78991.919188
78991.919186
78991.919185
78991.919184
78991.919182
78991.919181
78991.919180
78991.919179
78991.919178
78991.919176
78991.919175
78991.919174
78991.919173
78991.919172
78991.919171
78991.919169
78991.919168
78991.919167
78991.919166
78991.919165
78991.919164
78991.919163
78991.919162
78991.919161
78991.919160
78991.919159
78991.919158
78991.919157
78991.919156
78991.919155
78991.919154
78991.919153
78991.919152
78991.919151
78991.919150
78991.919149
78991.919148
78991.919147
78991.919146
78991.919145
78991.919144
78991.919144
78991.919143
78991.919142
78991.919141
78991.919140
78991.919139
78991.919139
78991.919138
78991.919137
78991.919136
78991.919135
78991.919135
78991.919134
78991.919133
78991.919132
78991.919131
78991.919131
78991.919130
78991.919129
78991.919129
78991.919128
78991.919127
78991.919126
78991.919126
78991.919125
78991.919124
78991.919124
78991.919123
78991.919122
78991.919122
78991.919121
78991.919120
78991.919120
78991.919119
78991.919119
78991.919118
78991.919117
78991.919117
78991.919116
78991.919116
78991.919115
78991.919114
78991.919114
78991.919113
78991.919113
78991.919112
78991.919112
78991.919111
78991.919110
78991.919110
78991.919109
78991.919109
78991.919108
78991.919108
78991.919107
78991.919107
78991.919106
78991.919106
78991.919105
78991.919105
78991.919104
78991.919104
78991.919103
78991.919103
78991.919103
78991.919102
78991.919102
78991.919101
78991.919101
78991.919100
78991.919100
78991.919099
78991.919099
78991.919099
78991.919098
78991.919098
78991.919097
78991.919097
78991.919097
78991.919096
78991.919096
78991.919095
78991.919095
78991.919095
78991.919094
78991.919094
78991.919094
78991.919093
78991.919093
78991.919092
78991.919092
78991.919092
78991.919091
78991.919091
78991.919091
78991.919090
78991.919090
78991.919090
78991.919089
78991.919089
78991.919089
78991.919088
78991.919088
78991.919088
78991.919088
78991.919087
78991.919087
78991.919087
78991.919086
78991.919086
78991.919086
78991.919085
78991.919085
78991.919085
78991.919085
78991.919084
78991.919084
78991.919084
78991.919084
78991.919083
78991.919083
78991.919083
78991.919083
78991.919082
78991.919082
78991.919082
78991.919082
78991.919081
78991.919081
78991.919081
78991.919081
78991.919080
78991.919080
78991.919080
78991.919080
78991.919079
78991.919079
78991.919079
78991.919079
78991.919079
78991.919078
78991.919078
78991.919078
78991.919078
78991.919077
78991.919077
78991.919077
78991.919077
78991.919077
78991.919076
78991.919076
78991.919076
78991.919076
78991.919076
78991.919076
78991.919075
78991.919075
78991.919075
78991.919075
78991.919075
78991.919074
78991.919074
78991.919074
78991.919074
78991.919074
78991.919074
78991.919073
78991.919073
78991.919073
78991.919073
78991.919073
78991.919073
78991.919072
78991.919072
78991.919072
78991.919072
78991.919072
78991.919072
78991.919072
78991.919071
78991.919071
78991.919071
78991.919071
78991.919071
78991.919071
78991.919071
78991.919070
78991.919070
78991.919070
78991.919070
78991.919070
78991.919070
78991.919070
78991.919070
78991.919069
78991.919069
78991.919069
78991.919069
78991.919069
78991.919069
78991.919069
78991.919069
78991.919068
78991.919068
78991.919068
78991.919068
78991.919068
78991.919068
78991.919068
78991.919068
78991.919068
78991.919068
78991.919067
78991.919067
78991.919067
78991.919067
78991.919067
78991.919067
78991.919067
78991.919067
78991.919067
78991.919067
78991.919066
78991.919066
78991.919066
78991.919066
78991.919066
78991.919066
78991.919066
78991.919066
78991.919066
78991.919066
78991.919066
78991.919065
78991.919065
78991.919065
78991.919065
78991.919065
78991.919065
78991.919065
78991.919065
78991.919065
78991.919065
78991.919065
78991.919065
78991.919065
78991.919064
78991.919064
78991.919064
78991.919064
78991.919064
78991.919064
78991.919064
78991.919064
78991.919064
78991.919064
78991.919064
78991.919064
78991.919064
78991.919064
78991.919063
78991.919063
78991.919063
78991.919063
78991.919063
78991.919063
78991.919063
78991.919063
78991.919063
78991.919063
78991.919063
78991.919063
78991.919063
78991.919063
78991.919063
78991.919063
78991.919063
78991.919062
78991.919062
78991.919062
78991.919062
78991.919062
78991.919062
78991.919062
78991.919062
78991.919062
78991.919062
78991.919062
78991.919062
78991.919062
78991.919062
78991.919062
78991.919062
78991.919062
78991.919062
78991.919062
78991.919062
78991.919062
78991.919061
78991.919061
78991.919061
78991.919061
78991.919061
78991.919061
78991.919061
78991.919061
78991.919061
78991.919061
78991.919061
78991.919061
78991.919061
78991.919061
78991.919061
78991.919061
78991.919061
78991.919061
78991.919061
78991.919061
78991.919061
78991.919061
78991.919061
78991.919061
78991.919061
78991.919061
78991.919060
78991.919060
78991.919060
78991.919060
78991.919060
78991.919060
78991.919060
78991.919060
78991.919060
78991.919060
78991.919060
78991.919060
78991.919060
78991.919060
78991.919060
78991.919060
78991.919060
78991.919060
78991.919060
78991.919060
78991.919060
78991.919060
78991.919060
78991.919060
78991.919060
78991.919060
78991.919060
78991.919060
78991.919060
78991.919060
78991.919060
78991.919060
78991.919060
78991.919060
78991.919060
78991.919059
78991.919059
78991.919059
78991.919059
78991.919059
78991.919059
78991.919059
78991.919059
78991.919059
78991.919059
78991.919059
78991.919059
78991.919059
78991.919059
78991.919059
78991.919059
78991.919059
78991.919059
78991.919059
78991.919059
78991.919059
78991.919059
78991.919059
78991.919059
78991.919059
78991.919059
78991.919059
78991.919059
78991.919059
78991.919059
78991.919059
78991.919059
78991.919059
78991.919059
78991.919059
78991.919059
78991.919059
78991.919059
78991.919059
78991.919059
78991.919059
78991.919059
78991.919059
78991.919059
78991.919059
78991.919059
78991.919059
78991.919059
78991.919059
78991.919059
78991.919059
78991.919059
78991.919059
78991.919059
78991.919059
78991.919058
78991.919058
78991.919058
78991.919058
78991.919058
78991.919058
78991.919058
78991.919058
78991.919058
78991.919058
78991.919058
78991.919058
78991.919058
78991.919058
78991.919058
78991.919058
78991.919058
78991.919058
78991.919058
78991.919058
78991.919058
78991.919058
78991.919058
78991.919058
78991.919058
78991.919058
78991.919058
78991.919058
78991.919058
78991.919058
78991.919058
78991.919058
78991.919058
78991.919058
78991.919058
78359.983706
77734.367707
77115.007868
76501.841627
75894.807049
75293.842817
74698.888227
74109.883182
73526.768189
72949.484345
72377.973340
71812.177444
71252.039508
70697.502951
70148.511760
69605.010480
69066.944213
68534.258609
68006.899861
67484.814701
66967.950392
66456.254726
65949.676017
65448.163095
64951.665302
64460.132487
63973.515001
63491.763689
63014.829890
62542.665429
62075.222613
61612.454225
61154.313521
60700.754224
60251.730520
59807.197052
59367.108920
58931.421669
58500.091290
58073.074216
57650.327312
57231.807877
56817.473636
56407.282738
56001.193748
55599.165649
55201.157831
54807.130090
54417.042628
54030.856040
53648.531317
53270.029842
52895.313382
52524.344086
52157.084483
51793.497477
51433.546340
51077.194715
50724.406606
50375.146378
50029.378752
49687.068803
49348.181953
49012.683971
48680.540970
48351.719398
48026.186042
47703.908020
47384.852778
47068.988088
46756.282046
46446.703063
46140.219871
45836.801510
45536.417333
45239.036998
44944.630466
44653.167999
44364.620158
44078.957794
43796.152054
43516.174372
43238.996466
42964.590340
42692.928274
42423.982830
42157.726840
41894.133409
41633.175913
41374.827992
41119.063551
40865.856753
40615.182024
40367.014042
40121.327739
39878.098300
39637.301155
39398.911982
39162.906700
38929.261471
38697.952695
38468.957006
38242.251274
38017.812599
37795.618311
37575.645966
37357.873345
37142.278449
36928.839503
36717.534946
36508.343435
36301.243838
36096.215238
35893.236924
35692.288393
35493.349347
35296.399692
35101.419533
34908.389176
34717.289122
34528.100069
34340.802906
34155.378715
33971.808766
33790.074517
33610.157610
33432.039872
33255.703311
33081.130116
32908.302653
32737.203465
32567.815268
32400.120954
32234.103582
32069.746384
31907.032759
31745.946269
31586.470645
31428.589776
31272.287717
31117.548678
30964.357029
30812.697297
30662.554162
30513.912458
30366.757172
30221.073438
30076.846542
29934.061915
29792.705134
29652.761921
29514.218139
29377.059796
29241.273036
29106.844144
28973.759541
28842.005783
28711.569564
28582.437706
28454.597167
28328.035034
28202.738521
28078.694974
27955.891863
27834.316782
27713.957453
27594.801716
27476.837537
27360.053000
27244.436308
27129.975783
27016.659863
26904.477103
26793.416170
26683.465846
26574.615026
26466.852714
26360.168025
26254.550183
26149.988519
26046.472472
25943.991585
25842.535507
25742.093990
25642.656889
25544.214158
25446.755854
25350.272134
25254.753251
25160.189556
25066.571499
24973.889622
24882.134564
24791.297056
24701.367924
24612.338083
24524.198540
24436.940393
24350.554827
24265.033117
24180.366624
24096.546796
24013.565166
23931.413352
23850.083057
23769.566064
23689.854242
23610.939538
23532.813980
23455.469679
23378.898820
23303.093670
23228.046571
23153.749944
23080.196282
23007.378158
22935.288214
22863.919170
22793.263817
22723.315017
22654.065705
22585.508886
22517.637635
22450.445097
22383.924484
22318.069077
22252.872224
22188.327340
22124.427905
22061.167464
21998.539628
21936.538069
21875.156527
21814.388800
21754.228750
21694.670300
21635.707435
21577.334199
21519.544695
21462.333087
21405.693594
21349.620496
21294.108129
21239.150886
21184.743215
21130.879621
21077.554663
21024.762955
20972.499163
20920.758010
20869.534268
20818.822763
20768.618374
20718.916028
20669.710706
20620.997437
20572.771301
20525.027426
20477.760989
20430.967218
20384.641384
20338.778808
20293.374858
20248.424947
20203.924536
20159.869129
20116.254276
20073.075571
20030.328653
19988.009205
19946.112951
19904.635660
19863.573141
19822.921248
19782.675874
19742.832953
19703.388462
19664.338415
19625.678869
19587.405918
19549.515697
19512.004378
19474.868173
19438.103329
19401.706134
19365.672911
19330.000020
19294.683858
19259.720857
19225.107487
19190.840250
19156.915686
19123.330367
19090.080901
19057.163930
19024.576129
18992.314206
18960.374902
18928.754991
18897.451279
18866.460605
18835.779837
18805.405877
18775.335656
18745.566137
18716.094314
18686.917209
18658.031875
18629.435395
18601.124879
18573.097468
18545.350332
18517.880666
18490.685698
18463.762679
18437.108890
18410.721639
18384.598261
18358.736117
18333.132594
18307.785106
18282.691093
18257.848020
18233.253378
18208.904682
18184.799474
18160.935317
18137.309802
18113.920542
18090.765175
18067.841361
18045.146786
18022.679156
18000.436202
17978.415678
17956.615360
17935.033044
17913.666552
17892.513725
17871.572425
17850.840539
17830.315972
17809.996650
17789.880522
17769.965555
17750.249737
17730.731078
17711.407606
17692.277368
17673.338432
17654.588886
17636.026835
17617.650405
17599.457739
17581.447000
17563.616368
17545.964042
17528.488240
17511.187196
17494.059162
17477.102408
17460.315222
17443.695908
17427.242787
17410.954197
17394.828494
17378.864047
17363.059244
17347.412490
17331.922203
17316.586819
17301.404789
17286.374580
17271.494672
17256.763563
17242.179766
17227.741806
17213.448226
17199.297582
17185.288444
17171.419398
17157.689042
17144.095990
17130.638868
17117.316318
17104.126992
17091.069561
17078.142703
17065.345114
17052.675501
17040.132584
17027.715097
17015.421784
17003.251404
16991.202728
16979.274539
16967.465632
16955.774813
16944.200903
16932.742733
16921.399143
16910.168990
16899.051138
16888.044465
16877.147858
16866.360218
16855.680454
16845.107487
16834.640251
16824.277686
16814.018748
16803.862398
16793.807612
16783.853374
16773.998679
16764.242530
16754.583943
16745.021941
16735.555560
16726.183843
16716.905842
16707.720622
16698.627254
16689.624820
16680.712409
16671.889123
16663.154070
16654.506368
16645.945142
16637.469529
16629.078672
16620.771723
16612.547844
16604.406204
16596.345980
16588.366358
16580.466533
16572.645705
16564.903086
16557.237894
16549.649353
16542.136697
16534.699169
16527.336015
16520.046493
16512.829866
16505.685406
16498.612390
16491.610104
16484.677841
16477.814901
16471.020590
16464.294222
16457.635118
16451.042605
16444.516017
16438.054695
16431.657986
16425.325244
16419.055830
16412.849110
16406.704457
16400.621250
16394.598876
16388.636725
16382.734196
16376.890692
16371.105624
16365.378405
16359.708459
16354.095213
16348.538099
16343.036556
16337.590029
16332.197966
16326.859825
16321.575065
16316.343152
16311.163559
16306.035761
16300.959242
16295.933488
16290.957991
16286.032249
16281.155765
16276.328045
16271.548603
16266.816955
16262.132623
16257.495135
16252.904022
16248.358820
16243.859070
16239.404317
16234.994112
16230.628009
16226.305567
16222.026350
16217.789924
16213.595863
16209.443743
16205.333143
16201.263650
16197.234852
16193.246341
16189.297716
16185.388577
16181.518529
16177.687182
16173.894148
16170.139045
16166.421493
16162.741116
16159.097543
16155.490405
16151.919340
16148.383984
16144.883983
16141.418981
16137.988629
16134.592581
16131.230493
16127.902026
16124.606844
16121.344614
16118.115006
16114.917694
16111.752355
16108.618670
16105.516321
16102.444996
16099.404384
16096.394178
16093.414075
16090.463772
16087.542973
16084.651381
16081.788705
16078.954656
16076.148948
16073.371296
16070.621422
16067.899046
16065.203893
16062.535692
16059.894174
16057.279070
16054.690117
16052.127054
16049.589622
16047.077564
16044.590626
16042.128558
16039.691111
16037.278038
16034.889095
16032.524043
16030.182640
16027.864652
16025.569844
16023.297983
16021.048841
16018.822191
16016.617807
16014.435467
16012.274951
16010.136039
16008.018517
16005.922170
16003.846787
16001.792157
15999.758073
15997.744331
15995.750726
15993.777056
15991.823124
15989.888731
15987.973682
15986.077783
15984.200843
15982.342673
15980.503084
15978.681892
15976.878911
15975.093960
15973.326858
15971.577428
15969.845492
15968.130875
15966.433404
15964.752908
15963.089217
15961.442163
15959.811580
15958.197302
15956.599167
15955.017014
15953.450682
15951.900013
15950.364851
15948.845040
15947.340428
15945.850862
15944.376191
15942.916268
15941.470943
15940.040072
15938.623509
15937.221112
15935.832739
15934.458250
15933.097506
15931.750369
15930.416703
15929.096374
15927.789249
15926.495194
15925.214080
15923.945778
15922.690158
15921.447094
15920.216462
15918.998135
15917.791992
15916.597910
15915.415769
15914.245450
15913.086833
15911.939803
15910.804243
15909.680039
15908.567076
15907.465244
15906.374429
15905.294523
15904.225416
15903.167000
15902.119168
15901.081815
15900.054835
15899.038124
15898.031581
15897.035104
15896.048591
15895.071943
15894.105062
15893.147849
15892.200209
15891.262045
15890.333262
15889.413768
15888.503468
15887.602272
15886.710087
15885.826824
15884.952394
15884.086708
15883.229679
15882.381221
15881.541247
15880.709672
15879.886414
15879.071388
15878.264512
15877.465705
15876.674886
15875.891975
15875.116894
15874.349563
15873.589905
15872.837844
15872.093304
15871.356209
15870.626485
15869.904058
15869.188856
15868.480805
15867.779836
15867.085875
15866.398855
15865.718704
15865.045355
15864.378740
15863.718791
15863.065441
15862.418624
15861.778276
15861.144332
15860.516726
15859.895397
15859.280281
15858.671317
15858.068442
15857.471595
15856.880718
15856.295749
15855.716629
15855.143301
15854.575706
15854.013787
15853.457487
15852.906751
15852.361521
15851.821744
15851.287365
15850.758329
15850.234584
15849.716076
15849.202754
15848.694564
15848.191457
15847.693380
15847.200285
15846.712120
15846.228837
15845.750387
15845.276721
15844.807792
15844.343552
15843.883954
15843.428953
15842.978502
15842.532555
15842.091067
15841.653995
15841.221293
15840.792918
15840.368827
15839.948977
15839.533325
15839.121830
15838.714450
15838.311144
15837.911870
15837.516590
15837.125262
15836.737847
15836.354307
15835.974602
15835.598694
15835.226545
15834.858118
15834.493375
15834.132279
15833.774795
15833.420885
15833.070514
15832.723647
15832.380249
15832.040284
15831.703720
15831.370520
15831.040653
15830.714085
15830.390782
15830.070712
15829.753843
15829.440143
15829.129580
15828.822122
15828.517739
15828.216400
15827.918074
15827.622731
15827.330342
15827.040877
15826.754306
15826.470601
15826.189733
15825.911674
15825.636395
15825.363870
15825.094069
15824.826966
15824.562535
15824.300748
15824.041578
15823.785001
15823.530989
15823.279517
15823.030560
15822.784092
15822.540090
15822.298527
15822.059380
15821.822624
15821.588236
15821.356192
15821.126468
15820.899041
15820.673889
15820.450988
15820.230316
15820.011851
15819.795571
15819.581453
15819.369477
15819.159620
15818.951862
15818.746182
15818.542558
15818.340971
15818.141399
15817.943823
15817.748223
15817.554579
15817.362871
15817.173081
15816.985188
15816.799174
15816.615020
15816.432708
15816.252219
15816.073535
15815.896638
15815.721510
15815.548133
15815.376490
15815.206563
15815.038335
15814.871790
15814.706910
15814.543679
15814.382081
15814.222098
15814.063715
15813.906916
15813.751685
15813.598006
15813.445864
15813.295244
15813.146129
15812.998506
15812.852359
15812.707674
15812.564435
15812.422629
15812.282241
15812.143257
15812.005662
15811.869444
15811.734587
15811.601079
15811.468907
15811.338056
15811.208513
15811.080266
15810.953302
15810.827607
15810.703169
15810.579975
15810.458014
15810.337272
15810.217737
15810.099398
15809.982242
15809.866258
15809.751433
15809.637757
15809.525218
15809.413804
15809.303504
15809.194307
15809.086202
15808.979178
15808.873224
15808.768330
15808.664485
15808.561678
15808.459899
15808.359139
15808.259385
15808.160630
15808.062861
15807.966071
15807.870248
15807.775384
15807.681468
15807.588492
15807.496445
15807.405318
15807.315103
15807.225790
15807.137371
15807.049835
15806.963175
15806.877381
15806.792446
15806.708359
15806.625114
15806.542701
15806.461112
15806.380339
15806.300374
15806.221208
15806.142834
15806.065244
15805.988429
15805.912383
15805.837097
15805.762565
15805.688777
15805.615727
15805.543408
15805.471812
15805.400932
15805.330761
15805.261292
15805.192517
15805.124430
15805.057024
15804.990291
15804.924227
15804.858822
15804.794072
15804.729970
15804.666508
15804.603681
15804.541483
15804.479906
15804.418945
15804.358594
15804.298846
15804.239695
15804.181137
15804.123163
15804.065770
15804.008950
15803.952699
15803.897010
15803.841878
15803.787297
15803.733262
15803.679768
15803.626808
15803.574378
15803.522473
15803.471086
15803.420213
15803.369849
15803.319989
15803.270627
15803.221759
15803.173380
15803.125484
15803.078067
15803.031125
15802.984651
15802.938643
15802.893095
15802.848002
15802.803360
15802.759164
15802.715411
15802.672095
15802.629212
15802.586758
15802.544729
15802.503119
15802.461926
15802.421145
15802.380772
15802.340802
15802.301232
15802.262058
15802.223276
15802.184881
15802.146870
15802.109240
15802.071986
15802.035104
15801.998591
15801.962443
15801.926657
15801.891228
15801.856154
15801.821431
15801.787054
15801.753022
15801.719330
15801.685975
15801.652953
15801.620262
15801.587897
15801.555856
15801.524136
15801.492733
15801.461643
15801.430865
15801.400395
15801.370229
15801.340365
15801.310799
15801.281529
15801.252552
15801.223865
15801.195464
15801.167348
15801.139512
15801.111955
15801.084674
15801.057665
15801.030927
15801.004455
15800.978249
15800.952305
15800.926620
15800.901192
15800.876018
15800.851096
15800.826423
15800.801997
15800.777815
15800.753875
15800.730174
15800.706711
15800.683482
15800.660485
15800.637718
15800.615179
15800.592865
15800.570775
15800.548905
15800.527254
15800.505820
15800.484600
15800.463592
15800.442794
15800.422204
15800.401820
15800.381640
15800.361662
15800.341883
15800.322303
15800.302918
15800.283727
15800.264728
15800.245918
15800.227297
15800.208863
15800.190612
15800.172544
15800.154657
15800.136948
15800.119417
15800.102061
15800.084878
15800.067868
15800.051027
15800.034355
15800.017850
15800.001509
15799.985332
15799.969317
15799.953462
15799.937765
15799.922226
15799.906842
15799.891611
15799.876533
15799.861606
15799.846828
15799.832198
15799.817714
15799.803375
15799.789180
15799.775126
15799.761213
15799.747439
15799.733802
15799.720303
15799.706938
15799.693706
15799.680607
15799.667639
15799.654801
15799.642091
15799.629508
15799.617051
15799.604719
15799.592510
15799.580423
15799.568457
15799.556610
15799.544882
15799.533272
15799.521777
15799.510397
15799.499132
15799.487978
15799.476937
15799.466006
15799.455184
15799.444470
15799.433863
15799.423363
15799.412967
15799.402676
15799.392487
15799.382400
15799.372414
15799.362528
15799.352741
15799.343052
15799.333459
15799.323963
15799.314561
15799.305254
15799.296040
15799.286917
15799.277886
15799.268945
15799.260094
15799.251331
15799.242656
15799.234068
15799.225565
15799.217148
15799.208814
15799.200564
15799.192397
15799.184311
15799.176306
15799.168381
15799.160535
15799.152768
15799.145078
15799.137466
15799.129929
15799.122468
15799.115081
15799.107769
15799.100529
15799.093362
15799.086266
15799.079242
15799.072288
15799.065403
15799.058587
15799.051839
15799.045159
15799.038545
15799.031998
15799.025516
15799.019099
15799.012746
15799.006457
15799.000230
15798.994066
15798.987964
15798.981922
15798.975941
15798.970020
15798.964158
15798.958354
15798.952609
15798.946921
15798.941290
15798.935715
15798.930196
15798.924732
15798.919323
15798.913968
15798.908666
15798.903418
15798.898222
15798.893078
15798.887985
15798.882943
15798.877952
15798.873010
15798.868118
15798.863275
15798.858481
15798.853734
15798.849035
15798.844383
15798.839777
15798.835217
15798.830703
15798.826234
15798.821810
15798.817430
15798.813094
15798.808801
15798.804551
15798.800344
15798.796178
15798.792055
15798.787972
15798.783931
15798.779929
15798.775968
15798.772047
15798.768164
15798.764321
15798.760516
15798.756749
15798.753019
15798.749327
15798.745672
15798.742053
15798.738471
15798.734924
15798.731413
15798.727937
15798.724496
15798.721089
15798.717716
15798.714377
15798.711072
15798.707799
15798.704559
15798.701352
15798.698176
15798.695033
15798.691920
15798.688839
15798.685789
15798.682769
15798.679780
15798.676820
15798.673890
15798.670989
15798.668117
15798.665274
15798.662460
15798.659673
15798.656915
15798.654184
15798.651480
15798.648803
15798.646153
15798.643530
15798.640933
15798.638361
15798.635816
15798.633296
15798.630801
15798.628331
15798.625886
15798.623465
15798.621069
15798.618696
15798.616347
15798.614022
15798.611720
15798.609441
15798.607184
15798.604951
15798.602739
15798.600550
15798.598383
15798.596237
15798.594113
15798.592010
15798.589928
15798.587867
15798.585826
15798.583806
15798.581806
15798.579826
15798.577866
15798.575925
15798.574004
15798.572102
15798.570219
15798.568355
15798.566510
15798.564683
15798.562874
15798.561083
15798.559311
15798.557556
15798.555818
15798.554098
15798.552395
15798.550710
15798.549041
15798.547388
15798.545752
15798.544133
15798.542530
15798.540943
15798.539371
15798.537816
15798.536276
15798.534751
15798.533242
15798.531747
15798.530268
15798.528803
15798.527354
15798.525918
15798.524497
15798.523090
15798.521697
15798.520319
15798.518953
15798.517602
15798.516264
15798.514940
15798.513628
15798.512330
15798.511045
15798.509773
15798.508513
15798.507266
15798.506031
15798.504809
15798.503599
15798.502401
15798.501216
15798.500041
15798.498879
15798.497728
15798.496589
15798.495462
15798.494345
15798.493240
15798.492145
15798.491062
15798.489990
15798.488928
15798.487877
15798.486836
15798.485806
15798.484786
15798.483776
15798.482776
15798.481787
15798.480807
15798.479837
15798.478877
15798.477926
15798.476985
15798.476053
15798.475131
15798.474218
15798.473314
15798.472419
15798.471532
15798.470655
15798.469787
15798.468927
15798.468076
15798.467233
15798.466399
15798.465573
15798.464756
15798.463946
15798.463145
15798.462351
15798.461566
15798.460788
15798.460019
15798.459257
15798.458502
15798.457755
15798.457016
15798.456284
15798.455559
15798.454842
15798.454131
15798.453428
15798.452732
15798.452043
15798.451360
15798.450685
15798.450016
15798.449354
15798.448699
15798.448050
15798.447407
15798.446772
15798.446142
15798.445519
15798.444902
15798.444291
15798.443686
15798.443087
15798.442494
15798.441908
15798.441327
15798.440751
15798.440182
15798.439618
15798.439060
15798.438508
15798.437961
15798.437419
15798.436883
15798.436352
15798.435827
15798.435307
15798.434792
15798.434282
15798.433777
15798.433278
15798.432783
15798.432293
15798.431809
15798.431329
15798.430853
15798.430383
15798.429917
15798.429456
15798.429000
15798.428548
15798.428101
15798.427658
15798.427219
15798.426785
15798.426355
15798.425930
15798.425509
15798.425092
15798.424679
15798.424270
15798.423866
15798.423465
15798.423069
15798.422676
15798.422287
15798.421903
15798.421522
15798.421145
15798.420771
15798.420402
15798.420036
15798.419674
15798.419315
15798.418960
15798.418608
15798.418260
15798.417916
15798.417575
15798.417237
15798.416903
15798.416572
15798.416244
15798.415920
15798.415599
15798.415281
15798.414967
15798.414655
15798.414347
15798.414041
15798.413739
15798.413440
15798.413143
15798.412850
15798.412560
15798.412272
15798.411988
15798.411706
15798.411427
15798.411151
15798.410877
15798.410607
15798.410339
15798.410073
15798.409811
15798.409551
15798.409293
15798.409039
15798.408786
15798.408537
15798.408289
15798.408045
15798.407802
15798.407562
15798.407325
15798.407090
15798.406857
15798.406626
15798.406398
15798.406172
15798.405949
15798.405727
15798.405508
15798.405291
15798.405076
15798.404864
15798.404653
15798.404445
15798.404239
15798.404034
15798.403832
15798.403632
15798.403434
15798.403237
15798.403043
15798.402851
15798.402660
15798.402472
15798.402285
15798.402101
15798.401918
15798.401737
15798.401557
15798.401380
15798.401204
15798.401030
15798.400858
15798.400688
15798.400519
15798.400352
15798.400186
15798.400023
15798.399861
15798.399700
15798.399541
15798.399384
15798.399228
15798.399074
15798.398921
15798.398770
15798.398621
15798.398473
15798.398326
15798.398181
15798.398037
15798.397895
15798.397754
15798.397615
15798.397477
15798.397340
15798.397205
15798.397071
15798.396938
15798.396807
15798.396677
15798.396548
15798.396421
15798.396295
15798.396170
15798.396046
15798.395924
15798.395803
15798.395683
15798.395564
15798.395447
15798.395330
15798.395215
15798.395101
15798.394988
15798.394876
15798.394766
15798.394656
15798.394548
15798.394440
15798.394334
15798.394229
15798.394125
15798.394022
15798.393920
15798.393818
15798.393718
15798.393619
15798.393521
15798.393424
15798.393328
15798.393233
15798.393139
15798.393045
15798.392953
15798.392862
15798.392771
15798.392682
15798.392593
15798.392505
15798.392418
15798.392332
15798.392247
15798.392162
15798.392079
15798.391996
15798.391914
15798.391833
15798.391753
15798.391674
15798.391595
15798.391517
15798.391440
15798.391364
15798.391288
15798.391214
15798.391140
15798.391066
15798.390994
15798.390922
15798.390851
15798.390780
15798.390711
15798.390642
15798.390573
15798.390506
15798.390439
15798.390373
15798.390307
15798.390242
15798.390178
15798.390114
15798.390051
15798.389989
15798.389927
15798.389866
15798.389805
15798.389745
15798.389686
15798.389627
15798.389569
15798.389511
15798.389454
15798.389398
15798.389342
15798.389287
15798.389232
15798.389178
15798.389124
15798.389071
15798.389019
15798.388966
15798.388915
15798.388864
15798.388813
15798.388763
15798.388714
15798.388665
15798.388616
15798.388568
15798.388521
15798.388474
15798.388427
15798.388381
15798.388335
15798.388290
15798.388245
15798.388201
15798.388157
15798.388113
15798.388070
15798.388028
15798.387986
15798.387944
15798.387903
15798.387862
15798.387821
15798.387781
15798.387741
15798.387702
15798.387663
15798.387625
15798.387586
15798.387549
15798.387511
15798.387474
15798.387438
15798.387401
15798.387366
15798.387330
15798.387295
15798.387260
15798.387225
15798.387191
15798.387158
15798.387124
15798.387091
15798.387058
15798.387026
15798.386994
15798.386962
15798.386930
15798.386899
15798.386868
15798.386838
15798.386807
15798.386777
15798.386748
15798.386718
15798.386689
15798.386661
15798.386632
15798.386604
15798.386576
15798.386548
15798.386521
15798.386494
15798.386467
15798.386440
15798.386414
15798.386388
15798.386362
15798.386337
15798.386312
15798.386287
15798.386262
15798.386237
15798.386213
15798.386189
15798.386165
15798.386142
15798.386118
15798.386095
15798.386073
15798.386050
15798.386028
15798.386005
15798.385983
15798.385962
15798.385940
15798.385919
15798.385898
15798.385877
15798.385856
15798.385836
15798.385816
15798.385796
15798.385776
15798.385756
15798.385737
15798.385717
15798.385698
15798.385679
15798.385661
15798.385642
15798.385624
15798.385606
15798.385588
15798.385570
15798.385553
15798.385535
15798.385518
15798.385501
15798.385484
15798.385467
15798.385451
15798.385434
15798.385418
15798.385402
15798.385386
15798.385370
15798.385355
15798.385339
15798.385324
15798.385309
15798.385294
15798.385279
15798.385264
15798.385250
15798.385236
15798.385221
15798.385207
15798.385193
15798.385179
15798.385166
15798.385152
15798.385139
15798.385125
15798.385112
15798.385099
15798.385086
15798.385074
15798.385061
15798.385049
15798.385036
15798.385024
15798.385012
15798.385000
15798.384988
15798.384976
15798.384965
15798.384953
15798.384942
15798.384930
15798.384919
15798.384908
15798.384897
15798.384886
15798.384875
15798.384865
15798.384854
15798.384844
15798.384834
15798.384823
15798.384813
15798.384803
15798.384793
15798.384783
15798.384774
15798.384764
15798.384755
15798.384745
15798.384736
15798.384727
15798.384717
15798.384708
15798.384699
15798.384690
15798.384682
15798.384673
15798.384664
15798.384656
15798.384647
15798.384639
15798.384631
15798.384623
15798.384614
15798.384606
15798.384598
15798.384591
15798.384583
15798.384575
15798.384567
15798.384560
15798.384552
15798.384545
15798.384538
15798.384530
15798.384523
15798.384516
15798.384509
15798.384502
15798.384495
15798.384488
15798.384482
15798.384475
15798.384468
15798.384462
15798.384455
15798.384449
15798.384442
15798.384436
15798.384430
15798.384424
15798.384418
15798.384411
15798.384405
15798.384400
15798.384394
15798.384388
15798.384382
15798.384376
15798.384371
15798.384365
15798.384360
15798.384354
15798.384349
15798.384343
15798.384338
15798.384333
15798.384327
15798.384322
15798.384317
15798.384312
15798.384307
15798.384302
15798.384297
15798.384292
15798.384288
15798.384283
15798.384278
15798.384273
15798.384269
15798.384264
15798.384260
15798.384255
15798.384251
15798.384246
15798.384242
15798.384238
15798.384234
15798.384229
15798.384225
15798.384221
15798.384217
15798.384213
15798.384209
15798.384205
15798.384201
15798.384197
15798.384193
15798.384189
15798.384186
15798.384182
15798.384178
15798.384174
15798.384171
15798.384167
15798.384164
15798.384160
15798.384157
15798.384153
15798.384150
15798.384146
15798.384143
15798.384140
15798.384136
15798.384133
15798.384130
15798.384127
15798.384124
15798.384121
15798.384117
15798.384114
15798.384111
15798.384108
15798.384105
15798.384102
15798.384100
15798.384097
15798.384094
15798.384091
15798.384088
15798.384085
15798.384083
15798.384080
15798.384077
15798.384075
15798.384072
15798.384069
15798.384067
15798.384064
15798.384062
15798.384059
15798.384057
15798.384054
15798.384052
15798.384049
15798.384047
15798.384045
15798.384042
15798.384040
15798.384038
15798.384036
15798.384033
15798.384031
15798.384029
15798.384027
15798.384025
15798.384022
15798.384020
15798.384018
15798.384016
15798.384014
15798.384012
15798.384010
15798.384008
15798.384006
15798.384004
15798.384002
15798.384000
15798.383998
15798.383997
15798.383995
15798.383993
15798.383991
15798.383989
15798.383987
15798.383986
15798.383984
15798.383982
15798.383981
15798.383979
15798.383977
15798.383976
15798.383974
15798.383972
15798.383971
15798.383969
15798.383967
15798.383966
15798.383964
15798.383963
15798.383961
15798.383960
15798.383958
15798.383957
15798.383955
15798.383954
15798.383953
15798.383951
15798.383950
15798.383948
15798.383947
15798.383946
15798.383944
15798.383943
15798.383942
15798.383940
15798.383939
15798.383938
15798.383937
15798.383935
15798.383934
15798.383933
15798.383932
15798.383930
15798.383929
15798.383928
15798.383927
15798.383926
15798.383925
15798.383923
15798.383922
15798.383921
15798.383920
15798.383919
15798.383918
15798.383917
15798.383916
15798.383915
15798.383914
15798.383913
15798.383912
15798.383911
15798.383910
15798.383909
15798.383908
15798.383907
15798.383906
15798.383905
15798.383904
15798.383903
15798.383902
15798.383901
15798.383900
15798.383899
15798.383899
15798.383898
15798.383897
15798.383896
15798.383895
15798.383894
15798.383893
15798.383893
15798.383892
15798.383891
15798.383890
15798.383889
15798.383889
15798.383888
15798.383887
15798.383886
15798.383886
15798.383885
15798.383884
15798.383883
15798.383883
15798.383882
15798.383881
15798.383881
15798.383880
15798.383879
15798.383879
15798.383878
15798.383877
15798.383877
15798.383876
15798.383875
15798.383875
15798.383874
15798.383873
15798.383873
15798.383872
15798.383871
15798.383871
15798.383870
15798.383870
15798.383869
15798.383869
15798.383868
15798.383867
15798.383867
15798.383866
15798.383866
15798.383865
15798.383865
15798.383864
15798.383864
15798.383863
15798.383863
15798.383862
15798.383862
15798.383861
15798.383861
15798.383860
15798.383860
15798.383859
15798.383859
15798.383858
15798.383858
15798.383857
15798.383857
15798.383856
15798.383856
15798.383855
15798.383855
15798.383855
15798.383854
15798.383854
15798.383853
15798.383853
15798.383852
15798.383852
15798.383852
15798.383851
15798.383851
15798.383850
15798.383850
15798.383850
15798.383849
15798.383849
15798.383849
15798.383848
15798.383848
15798.383847
15798.383847
15798.383847
15798.383846
15798.383846
15798.383846
15798.383845
15798.383845
15798.383845
15798.383844
15798.383844
15798.383844
15798.383843
15798.383843
15798.383843
15798.383842
15798.383842
15798.383842
15798.383841
15798.383841
15798.383841
15798.383841
15798.383840
15798.383840
15798.383840
15798.383839
15798.383839
15798.383839
15798.383839
15798.383838
15798.383838
15798.383838
15798.383838
15798.383837
15798.383837
15798.383837
15798.383836
15798.383836
15798.383836
15798.383836
15798.383835
15798.383835
15798.383835
15798.383835
15798.383835
15798.383834
15798.383834
15798.383834
15798.383834
15798.383833
15798.383833
15798.383833
15798.383833
15798.383833
15798.383832
15798.383832
15798.383832
15798.383832
15798.383832
15798.383831
15798.383831
15798.383831
15798.383831
15798.383831
15798.383830
15798.383830
15798.383830
15798.383830
15798.383830
15798.383829
15798.383829
15798.383829
15798.383829
15798.383829
15798.383829
15798.383828
15798.383828
15798.383828
15798.383828
15798.383828
15798.383828
15798.383827
15798.383827
15798.383827
15798.383827
15798.383827
15798.383827
15798.383826
15798.383826
15798.383826
15798.383826
15798.383826
15798.383826
15798.383826
15798.383825
15798.383825
15798.383825
15798.383825
15798.383825
15798.383825
15798.383825
15798.383824
15798.383824
15798.383824
15798.383824
15798.383824
15798.383824
15798.383824
15798.383824
15798.383823
15798.383823
15798.383823
15798.383823
15798.383823
15798.383823
15798.383823
15798.383823
15798.383823
15798.383822
15798.383822
15798.383822
15798.383822
15798.383822
15798.383822
15798.383822
15798.383822
15798.383822
15798.383821
15798.383821
15798.383821
15798.383821
15798.383821
15798.383821
15798.383821
15798.383821
15798.383821
15798.383821
15798.383821
15798.383820
15798.383820
15798.383820
15798.383820
15798.383820
15798.383820
15798.383820
15798.383820
15798.383820
15798.383820
15798.383820
15798.383819
15798.383819
15798.383819
15798.383819
15798.383819
15798.383819
15798.383819
15798.383819
15798.383819
15798.383819
15798.383819
15798.383819
15798.383819
15798.383818
15798.383818
15798.383818
15798.383818
15798.383818
15798.383818
15798.383818
15798.383818
15798.383818
15798.383818
15798.383818
15798.383818
15798.383818
15798.383818
15798.383818
15798.383818
15798.383817
15798.383817
15798.383817
15798.383817
15798.383817
15798.383817
15798.383817
15798.383817
15798.383817
15798.383817
15798.383817
15798.383817
15798.383817
15798.383817
15798.383817
15798.383817
15798.383817
15798.383816
15798.383816
15798.383816
15798.383816
15798.383816
15798.383816
15798.383816
15798.383816
15798.383816
15798.383816
15798.383816
15798.383816
15798.383816
15798.383816
15798.383816
15798.383816
15798.383816
15798.383816
15798.383816
15798.383816
15798.383816
15798.383816
15798.383815
15798.383815
15798.383815
15798.383815
15798.383815
15798.383815
15798.383815
15798.383815
15798.383815
15798.383815
15798.383815
15798.383815
15798.383815
15798.383815
15798.383815
15798.383815
15798.383815
15798.383815
15798.383815
15798.383815
15798.383815
15798.383815
15798.383815
15798.383815
15798.383815
15798.383815
15798.383815
15798.383815
15798.383814
15798.383814
15798.383814
15798.383814
15798.383814
15798.383814
15798.383814
15798.383814
15798.383814
15798.383814
15798.383814
15798.383814
15798.383814
15798.383814
15798.383814
15798.383814
15798.383814
15798.383814
15798.383814
15798.383814
15798.383814
15798.383814
15798.383814
15798.383814
15798.383814
15798.383814
15798.383814
15798.383814
15798.383814
15798.383814
15798.383814
15798.383814
15798.383814
15798.383814
15798.383814
15798.383814
15798.383814
15798.383814
15798.383814
15798.383814
15798.383813
15798.383813
15798.383813
15798.383813
15798.383813
15798.383813
15798.383813
15798.383813
15798.383813
15798.383813
15798.383813
15798.383813
15798.383813
15798.383813
15798.383813
15798.383813
15798.383813
15798.383813
15798.383813
15798.383813
15798.383813
15798.383813
15798.383813
15798.383813
15798.383813
15798.383813
15798.383813
15798.383813
15798.383813
15798.383813
15798.383813
15798.383813
15798.383813
15798.383813
15798.383813
15798.383813
15798.383813
15798.383813
15798.383813
15798.383813
15798.383813
15798.383813
15798.383813
15798.383813
15798.383813
15798.383813
15798.383813
15798.383813
15798.383813
15798.383813
15798.383813
15798.383813
15798.383813
15798.383813
15798.383813
15798.383813
15798.383813
15798.383813
15798.383813
15798.383813
15798.383813
15798.383813
15798.383813
15798.383813
15798.383813
15798.383812
15798.383812
15798.383812
15798.383812
15798.383812
15798.383812
15798.383812
15798.383812
15798.383812
15798.383812
15798.383812
15798.383812
15798.383812
15798.383812
15798.383812
15798.383812
15798.383812
15798.383812
15798.383812
15798.383812
15798.383812
15798.383812
15798.383812
15798.383812
15798.383812
15798.383812
15798.383812
15798.383812
15798.383812
15798.383812
15798.383812
15798.383812
15798.383812
15798.383812
15640.399974
15483.995974
15329.156015
15175.864454
15024.105810
14873.864752
14725.126104
14577.874843
14432.096095
14287.775134
14144.897383
14003.448409
13863.413925
13724.779785
13587.531988
13451.656668
13317.140101
13183.968700
13052.129013
12921.607723
12792.391646
12664.467729
12537.823052
12412.444821
12288.320373
12165.437169
12043.782798
11923.344970
11804.111520
11686.070405
11569.209701
11453.517604
11338.982428
11225.592603
11113.336677
11002.203311
10892.181278
10783.259465
10675.426870
10568.672601
10462.985875
10358.356017
10254.772456
10152.224732
10050.702485
9950.195460
9850.693505
9752.186570
9654.664704
9558.118057
9462.536877
9367.911508
9274.232393
9181.490069
9089.675168
8998.778417
8908.790632
8819.702726
8731.505699
8644.190642
8557.748735
8472.171248
8387.449536
8303.575040
8220.539290
8138.333897
8056.950558
7976.381052
7896.617242
7817.651069
7739.474559
7662.079813
7585.459015
7509.604425
7434.508381
7360.163297
7286.561664
7213.696047
7141.559087
7070.143496
6999.442061
6929.447640
6860.153164
6791.551632
6723.636116
6656.399755
6589.835757
6523.937400
6458.698026
6394.111045
6330.169935
6266.868236
6204.199553
6142.157558
6080.735982
6019.928622
5959.729336
5900.132043
5841.130722
5782.719415
5724.892221
5667.643299
5610.966866
5554.857197
5499.308625
5444.315539
5389.872383
5335.973660
5282.613923
5229.787784
5177.489906
5125.715007
5074.457857
5023.713278
4973.476146
4923.741384
4874.503970
4825.758931
4777.501341
4729.726328
4682.429065
4635.604774
4589.248726
4543.356239
4497.922676
4452.943450
4408.414015
4364.329875
4320.686576
4277.479711
4234.704913
4192.357864
4150.434286
4108.929943
4067.840643
4027.162237
3986.890615
3947.021708
3907.551491
3868.475976
3829.791217
3791.493305
3753.578371
3716.042588
3678.882162
3642.093340
3605.672407
3569.615683
3533.919526
3498.580331
3463.594527
3428.958582
3394.668996
3360.722306
3327.115083
3293.843932
3260.905493
3228.296438
3196.013474
3164.053339
3132.412806
3101.088678
3070.077791
3039.377013
3008.983243
2978.893410
2949.104476
2919.613432
2890.417297
2861.513124
2832.897993
2804.569013
2776.523323
2748.758090
2721.270509
2694.057804
2667.117226
2640.446053
2614.041593
2587.901177
2562.022165
2536.401944
2511.037924
2485.927545
2461.068269
2436.457587
2412.093011
2387.972081
2364.092360
2340.451436
2317.046922
2293.876453
2270.937688
2248.228311
2225.746028
2203.488568
2181.453682
2159.639145
2138.042754
2116.662326
2095.495703
2074.540746
2053.795339
2033.257385
2012.924811
1992.795563
1972.867608
1953.138932
1933.607542
1914.271467
1895.128752
1876.177465
1857.415690
1838.841533
1820.453118
1802.248587
1784.226101
1766.383840
1748.720001
1731.232801
1713.920473
1696.781269
1679.813456
1663.015321
1646.385168
1629.921316
1613.622103
1597.485882
1581.511023
1565.695913
1550.038954
1534.538565
1519.193179
1504.001247
1488.961235
1474.071622
1459.330906
1444.737597
1430.290221
1415.987319
1401.827446
1387.809171
1373.931079
1360.191769
1346.589851
1333.123952
1319.792713
1306.594786
1293.528838
1280.593550
1267.787614
1255.109738
1242.558641
1230.133054
1217.831724
1205.653406
1193.596872
1181.660904
1169.844295
1158.145852
1146.564393
1135.098749
1123.747762
1112.510284
1101.385181
1090.371329
1079.467616
1068.672940
1057.986211
1047.406348
1036.932285
1026.562962
1016.297332
1006.134359
996.073016
986.112285
976.251163
966.488651
956.823764
947.255527
937.782972
928.405142
919.121090
909.929879
900.830581
891.822275
882.904052
874.075012
865.334261
856.680919
848.114110
839.632969
831.236639
822.924273
814.695030
806.548079
798.482599
790.497773
782.592795
774.766867
767.019198
759.349006
751.755516
744.237961
736.795582
729.427626
722.133349
714.912016
707.762896
700.685267
693.678414
686.741630
679.874214
673.075472
666.344717
659.681270
653.084457
646.553612
640.088076
633.687196
627.350324
621.076820
614.866052
608.717392
602.630218
596.603916
590.637876
584.731498
578.884183
573.095341
567.364387
561.690744
556.073836
550.513098
545.007967
539.557887
534.162308
528.820685
523.532478
518.297154
513.114182
507.983040
502.903210
497.874178
492.895436
487.966482
483.086817
478.255949
473.473389
468.738655
464.051269
459.410756
454.816648
450.268482
445.765797
441.308139
436.895058
432.526107
428.200846
423.918838
419.679649
415.482853
411.328024
407.214744
403.142597
399.111171
395.120059
391.168858
387.257170
383.384598
379.550752
375.755244
371.997692
368.277715
364.594938
360.948989
357.339499
353.766104
350.228443
346.726158
343.258897
339.826308
336.428045
333.063764
329.733127
326.435795
323.171437
319.939723
316.740326
313.572922
310.437193
307.332821
304.259493
301.216898
298.204729
295.222682
292.270455
289.347751
286.454273
283.589730
280.753833
277.946295
275.166832
272.415163
269.691012
266.994102
264.324161
261.680919
259.064110
256.473469
253.908734
251.369647
248.855950
246.367391
243.903717
241.464680
239.050033
236.659533
234.292937
231.950008
229.630508
227.334203
225.060861
222.810252
220.582150
218.376328
216.192565
214.030639
211.890333
209.771429
207.673715
205.596978
203.541008
201.505598
199.490542
197.495637
195.520680
193.565474
191.629819
189.713521
187.816385
185.938222
184.078839
182.238051
180.415670
178.611514
176.825399
175.057145
173.306573
171.573507
169.857772
168.159195
166.477603
164.812827
163.164698
161.533051
159.917721
158.318544
156.735358
155.168005
153.616325
152.080161
150.559360
149.053766
147.563228
146.087596
144.626720
143.180453
141.748648
140.331162
138.927850
137.538572
136.163186
134.801554
133.453539
132.119003
130.797813
129.489835
128.194937
126.912987
125.643858
124.387419
123.143545
121.912109
120.692988
119.486058
118.291198
117.108286
115.937203
114.777831
113.630053
112.493752
111.368815
110.255126
109.152575
108.061049
106.980439
105.910635
104.851528
103.803013
102.764983
101.737333
100.719960
99.712760
98.715632
97.728476
96.751191
95.783679
94.825843
93.877584
92.938808
92.009420
91.089326
90.178433
89.276649
88.383882
87.500043
86.625043
85.758792
84.901204
84.052192
83.211670
82.379554
81.555758
80.740201
79.932799
79.133471
78.342136
77.558715
76.783127
76.015296
75.255143
74.502592
73.757566
73.019990
72.289790
71.566892
70.851223
70.142711
69.441284
68.746871
68.059403
67.378809
66.705020
66.037970
65.377591
64.723815
64.076576
63.435811
62.801453
62.173438
61.551704
60.936187
60.326825
59.723557
59.126321
58.535058
57.949707
57.370210
56.796508
56.228543
55.666258
55.109595
54.558499
54.012914
53.472785
52.938057
52.408676
51.884590
51.365744
50.852086
50.343565
49.840130
49.341729
48.848311
48.359828
47.876230
47.397468
46.923493
46.454258
45.989715
45.529818
45.074520
44.623775
44.177537
43.735762
43.298404
42.865420
42.436766
42.012398
41.592274
41.176351
40.764588
40.356942
39.953373
39.553839
39.158301
38.766718
38.379050
37.995260
37.615307
37.239154
36.866763
36.498095
36.133114
35.771783
35.414065
35.059924
34.709325
34.362232
34.018610
33.678424
33.341639
33.008223
32.678141
32.351359
32.027846
31.707567
31.390492
31.076587
30.765821
30.458163
30.153581
29.852045
29.553525
29.257989
28.965410
28.675755
28.388998
28.105108
27.824057
27.545816
27.270358
26.997655
26.727678
26.460401
26.195797
25.933839
25.674501
25.417756
25.163578
24.911942
24.662823
24.416195
24.172033
23.930313
23.691009
23.454099
23.219558
22.987363
22.757489
22.529914
22.304615
22.081569
21.860753
21.642146
21.425724
21.211467
20.999352
20.789359
20.581465
20.375651
20.171894
19.970175
19.770473
19.572769
19.377041
19.183271
18.991438
18.801523
18.613508
18.427373
18.243099
18.060668
17.880062
17.701261
17.524249
17.349006
17.175516
17.003761
16.833723
16.665386
16.498732
16.333745
16.170407
16.008703
15.848616
15.690130
15.533229
15.377896
15.224118
15.071876
14.921158
14.771946
14.624227
14.477984
14.333204
14.189872
14.047974
13.907494
13.768419
13.630735
13.494427
13.359483
13.225888
13.093629
12.962693
12.833066
12.704736
12.577688
12.451911
12.327392
12.204118
12.082077
11.961256
11.841644
11.723227
11.605995
11.489935
11.375036
11.261285
11.148673
11.037186
10.926814
10.817546
10.709370
10.602277
10.496254
10.391291
10.287378
10.184505
10.082660
9.981833
9.882015
9.783195
9.685363
9.588509
9.492624
9.397698
9.303721
9.210683
9.118577
9.027391
8.937117
8.847746
8.759268
8.671676
8.584959
8.499109
8.414118
8.329977
8.246677
8.164210
8.082568
8.001743
7.921725
7.842508
7.764083
7.686442
7.609578
7.533482
7.458147
7.383566
7.309730
7.236633
7.164266
7.092624
7.021697
6.951480
6.881966
6.813146
6.745015
6.677564
6.610789
6.544681
6.479234
6.414442
6.350297
6.286794
6.223926
6.161687
6.100070
6.039070
5.978679
5.918892
5.859703
5.801106
5.743095
5.685664
5.628807
5.572519
5.516794
5.461626
5.407010
5.352940
5.299410
5.246416
5.193952
5.142013
5.090593
5.039687
4.989290
4.939397
4.890003
4.841103
4.792692
4.744765
4.697317
4.650344
4.603841
4.557802
4.512224
4.467102
4.422431
4.378207
4.334425
4.291080
4.248170
4.205688
4.163631
4.121995
4.080775
4.039967
3.999567
3.959572
3.919976
3.880776
3.841968
3.803549
3.765513
3.727858
3.690580
3.653674
3.617137
3.580966
3.545156
3.509704
3.474607
3.439861
3.405463
3.371408
3.337694
3.304317
3.271274
3.238561
3.206175
3.174114
3.142373
3.110949
3.079839
3.049041
3.018551
2.988365
2.958481
2.928897
2.899608
2.870612
2.841905
2.813486
2.785352
2.757498
2.729923
2.702624
2.675598
2.648842
2.622353
2.596130
2.570168
2.544467
2.519022
2.493832
2.468893
2.444205
2.419762
2.395565
2.371609
2.347893
2.324414
2.301170
2.278158
2.255377
2.232823
2.210495
2.188390
2.166506
2.144841
2.123392
2.102159
2.081137
2.060326
2.039722
2.019325
1.999132
1.979141
1.959349
1.939756
1.920358
1.901154
1.882143
1.863322
1.844688
1.826241
1.807979
1.789899
1.772000
1.754280
1.736737
1.719370
1.702176
1.685155
1.668303
1.651620
1.635104
1.618753
1.602565
1.586540
1.570674
1.554967
1.539418
1.524024
1.508783
1.493696
1.478759
1.463971
1.449331
1.434838
1.420490
1.406285
1.392222
1.378300
1.364517
1.350871
1.337363
1.323989
1.310749
1.297642
1.284665
1.271819
1.259100
1.246509
1.234044
1.221704
1.209487
1.197392
1.185418
1.173564
1.161828
1.150210
1.138708
1.127321
1.116048
1.104887
1.093838
1.082900
1.072071
1.061350
1.050737
1.040229
1.029827
1.019529
1.009333
0.999240
0.989248
0.979355
0.969562
0.959866
0.950267
0.940765
0.931357
0.922044
0.912823
0.903695
0.894658
0.885711
0.876854
0.868086
0.859405
0.850811
0.842303
0.833880
0.825541
0.817285
0.809113
0.801021
0.793011
0.785081
0.777230
0.769458
0.761763
0.754146
0.746604
0.739138
0.731747
0.724429
0.717185
0.710013
0.702913
0.695884
0.688925
0.682036
0.675216
0.668463
0.661779
0.655161
0.648609
0.642123
0.635702
0.629345
0.623052
0.616821
0.610653
0.604546
0.598501
0.592516
0.586591
0.580725
0.574918
0.569168
0.563477
0.557842
0.552264
0.546741
0.541273
0.535861
0.530502
0.525197
0.519945
0.514746
0.509598
0.504502
0.499457
0.494463
0.489518
0.484623
0.479777
0.474979
0.470229
0.465527
0.460871
0.456263
0.451700
0.447183
0.442711
0.438284
0.433901
0.429562
0.425267
0.421014
0.416804
0.412636
0.408510
0.404424
0.400380
0.396376
0.392413
0.388488
0.384604
0.380758
0.376950
0.373180
0.369449
0.365754
0.362097
0.358476
0.354891
0.351342
0.347829
0.344350
0.340907
0.337498
0.334123
0.330782
0.327474
0.324199
0.320957
0.317747
0.314570
0.311424
0.308310
0.305227
0.302175
0.299153
0.296161
0.293200
0.290268
0.287365
0.284491
0.281647
0.278830
0.276042
0.273281
0.270549
0.267843
0.265165
0.262513
0.259888
0.257289
0.254716
0.252169
0.249647
0.247151
0.244679
0.242232
0.239810
0.237412
0.235038
0.232688
0.230361
0.228057
0.225776
0.223519
0.221284
0.219071
0.216880
0.214711
0.212564
0.210438
0.208334
0.206251
0.204188
0.202146
0.200125
0.198124
0.196142
0.194181
0.192239
0.190317
0.188414
0.186529
0.184664
0.182817
0.180989
0.179179
0.177388
0.175614
0.173858
0.172119
0.170398
0.168694
0.167007
0.165337
0.163683
0.162047
0.160426
0.158822
0.157234
0.155661
0.154105
0.152564
0.151038
0.149528
0.148032
0.146552
0.145087
0.143636
0.142199
0.140777
0.139370
0.137976
0.136596
0.135230
0.133878
0.132539
0.131214
0.129902
0.128603
0.127317
0.126043
0.124783
0.123535
0.122300
0.121077
0.119866
0.118667
0.117481
0.116306
0.115143
0.113991
0.112851
0.111723
0.110606
0.109500
0.108405
0.107321
0.106247
0.105185
0.104133
0.103092
0.102061
0.101040
0.100030
0.099030
0.098039
0.097059
0.096088
0.095127
0.094176
0.093234
0.092302
0.091379
0.090465
0.089561
0.088665
0.087778
0.086900
0.086031
0.085171
0.084319
0.083476
0.082641
0.081815
0.080997
0.080187
0.079385
0.078591
0.077805
0.077027
0.076257
0.075494
0.074739
0.073992
0.073252
0.072520
0.071794
0.071077
0.070366
0.069662
0.068965
0.068276
0.067593
0.066917
0.066248
0.065585
0.064930
0.064280
0.063638
0.063001
0.062371
0.061747
0.061130
0.060519
0.059913
0.059314
0.058721
0.058134
0.057553
0.056977
0.056407
0.055843
0.055285
0.054732
0.054185
0.053643
0.053106
0.052575
0.052050
0.051529
0.051014
0.050504
0.049999
0.049499
0.049004
0.048514
0.048028
0.047548
0.047073
0.046602
0.046136
0.045675
0.045218
0.044766
0.044318
0.043875
0.043436
0.043002
0.042572
0.042146
0.041725
0.041307
0.040894
0.040485
0.040080
0.039680
0.039283
0.038890
0.038501
0.038116
0.037735
0.037358
0.036984
0.036614
0.036248
0.035886
0.035527
0.035171
0.034820
0.034471
0.034127
0.033786
0.033448
0.033113
0.032782
0.032454
0.032130
0.031808
0.031490
0.031175
0.030864
0.030555
0.030249
0.029947
0.029647
0.029351
0.029058
0.028767
0.028479
0.028194
0.027913
0.027633
0.027357
0.027083
0.026813
0.026545
0.026279
0.026016
0.025756
0.025499
0.025244
0.024991
0.024741
0.024494
0.024249
0.024006
0.023766
0.023529
0.023293
0.023060
0.022830
0.022602
0.022376
0.022152
0.021930
0.021711
0.021494
0.021279
0.021066
0.020855
0.020647
0.020440
0.020236
0.020034
0.019833
0.019635
0.019439
0.019244
0.019052
0.018861
0.018673
0.018486
0.018301
0.018118
0.017937
0.017758
0.017580
0.017404
0.017230
0.017058
0.016887
0.016718
0.016551
0.016386
0.016222
0.016060
0.015899
0.015740
0.015583
0.015427
0.015273
0.015120
0.014969
0.014819
0.014671
0.014524
0.014379
0.014235
0.014093
0.013952
0.013812
0.013674
0.013537
0.013402
0.013268
0.013135
0.013004
0.012874
0.012745
0.012618
0.012492
0.012367
0.012243
0.012120
0.011999
0.011879
0.011761
0.011643
0.011526
0.011411
0.011297
0.011184
0.011072
0.010962
0.010852
0.010743
0.010636
0.010530
0.010424
0.010320
0.010217
0.010115
0.010014
0.009913
0.009814
0.009716
0.009619
0.009523
0.009428
0.009333
0.009240
0.009148
0.009056
0.008966
0.008876
0.008787
0.008699
0.008612
0.008526
0.008441
0.008356
0.008273
0.008190
0.008108
0.008027
0.007947
0.007867
0.007789
0.007711
0.007634
0.007557
0.007482
0.007407
0.007333
0.007260
0.007187
0.007115
0.007044
0.006974
0.006904
0.006835
0.006766
0.006699
0.006632
0.006565
0.006500
0.006435
0.006370
0.006307
0.006244
0.006181
0.006119
0.006058
0.005998
0.005938
0.005878
0.005820
0.005761
0.005704
0.005647
0.005590
0.005534
0.005479
0.005424
0.005370
0.005316
0.005263
0.005210
0.005158
0.005107
0.005056
0.005005
0.004955
0.004906
0.004856
0.004808
0.004760
0.004712
0.004665
0.004618
0.004572
0.004527
0.004481
0.004436
0.004392
0.004348
0.004305
0.004262
0.004219
0.004177
0.004135
0.004094
0.004053
0.004012
0.003972
0.003932
0.003893
0.003854
0.003816
0.003777
0.003740
0.003702
0.003665
0.003629
0.003592
0.003556
0.003521
0.003486
0.003451
0.003416
0.003382
0.003348
0.003315
0.003282
0.003249
0.003216
0.003184
0.003152
0.003121
0.003090
0.003059
0.003028
0.002998
0.002968
0.002938
0.002909
0.002880
0.002851
0.002822
0.002794
0.002766
0.002739
0.002711
0.002684
0.002657
0.002631
0.002604
0.002578
0.002553
0.002527
0.002502
0.002477
0.002452
0.002427
0.002403
0.002379
0.002355
0.002332
0.002308
0.002285
0.002263
0.002240
0.002218
0.002195
0.002173
0.002152
0.002130
0.002109
0.002088
0.002067
0.002046
0.002026
0.002005
0.001985
0.001966
0.001946
0.001926
0.001907
0.001888
0.001869
0.001851
0.001832
0.001814
0.001796
0.001778
0.001760
0.001742
0.001725
0.001708
0.001691
0.001674
0.001657
0.001640
0.001624
0.001608
0.001592
0.001576
0.001560
0.001544
0.001529
0.001514
0.001498
0.001483
0.001469
0.001454
0.001439
0.001425
0.001411
0.001397
0.001383
0.001369
0.001355
0.001342
0.001328
0.001315
0.001302
0.001289
0.001276
0.001263
0.001250
0.001238
0.001226
0.001213
0.001201
0.001189
0.001177
0.001166
0.001154
0.001142
0.001131
0.001120
0.001108
0.001097
0.001086
0.001075
0.001065
0.001054
0.001044
0.001033
0.001023
0.001013
0.001002
0.000992
0.000982
0.000973
0.000963
0.000953
0.000944
0.000934
0.000925
0.000916
0.000907
0.000898
0.000889
0.000880
0.000871
0.000862
0.000854
0.000845
0.000837
0.000828
0.000820
0.000812
0.000804
0.000796
0.000788
0.000780
0.000772
0.000764
0.000757
0.000749
0.000741
0.000734
0.000727
0.000719
0.000712
0.000705
0.000698
0.000691
0.000684
0.000677
0.000671
0.000664
0.000657
0.000651
0.000644
0.000638
0.000631
0.000625
0.000619
0.000613
0.000606
0.000600
0.000594
0.000588
0.000583
0.000577
0.000571
0.000565
0.000560
0.000554
0.000548
0.000543
0.000538
0.000532
0.000527
0.000522
0.000516
0.000511
0.000506
0.000501
0.000496
0.000491
0.000486
0.000481
0.000476
0.000472
0.000467
0.000462
0.000458
0.000453
0.000449
0.000444
0.000440
0.000435
0.000431
0.000427
0.000422
0.000418
0.000414
0.000410
0.000406
0.000402
0.000398
0.000394
0.000390
0.000386
0.000382
0.000378
0.000374
0.000371
0.000367
0.000363
0.000360
0.000356
0.000352
0.000349
0.000345
0.000342
0.000339
0.000335
0.000332
0.000329
0.000325
0.000322
0.000319
0.000316
0.000312
0.000309
0.000306
0.000303
0.000300
0.000297
0.000294
0.000291
0.000288
0.000285
0.000283
0.000280
0.000277
0.000274
0.000271
0.000269
0.000266
0.000263
0.000261
0.000258
0.000256
0.000253
0.000250
0.000248
0.000245
0.000243
0.000241
0.000238
0.000236
0.000233
0.000231
0.000229
0.000226
0.000224
0.000222
0.000220
0.000218
0.000215
0.000213
0.000211
0.000209
0.000207
0.000205
0.000203
0.000201
0.000199
0.000197
0.000195
0.000193
0.000191
0.000189
0.000187
0.000185
0.000183
0.000182
0.000180
0.000178
0.000176
0.000174
0.000173
0.000171
0.000169
0.000168
0.000166
0.000164
0.000163
0.000161
0.000159
0.000158
0.000156
0.000155
0.000153
0.000152
0.000150
0.000149
0.000147
0.000146
0.000144
0.000143
0.000141
0.000140
0.000138
0.000137
0.000136
0.000134
0.000133
0.000132
0.000130
0.000129
0.000128
0.000126
0.000125
0.000124
0.000123
0.000121
0.000120
0.000119
0.000118
0.000117
0.000116
0.000114
0.000113
0.000112
0.000111
0.000110
0.000109
0.000108
0.000107
0.000106
0.000104
0.000103
0.000102
0.000101
0.000100
0.000099
0.000098
0.000097
0.000096
0.000095
0.000094
0.000094
0.000093
0.000092
0.000091
0.000090
0.000089
0.000088
0.000087
0.000086
0.000085
0.000085
0.000084
0.000083
0.000082
0.000081
0.000080
0.000080
0.000079
0.000078
0.000077
0.000076
0.000076
0.000075
0.000074
0.000073
0.000073
0.000072
0.000071
0.000071
0.000070
0.000069
0.000068
0.000068
0.000067
0.000066
0.000066
0.000065
0.000064
0.000064
0.000063
0.000063
0.000062
0.000061
0.000061
0.000060
0.000060
0.000059
0.000058
0.000058
0.000057
0.000057
0.000056
0.000055
0.000055
0.000054
0.000054
0.000053
0.000053
0.000052
0.000052
0.000051
0.000051
0.000050
0.000050
0.000049
0.000049
0.000048
0.000048
0.000047
0.000047
0.000046
0.000046
0.000045
0.000045
0.000044
0.000044
0.000044
0.000043
0.000043
0.000042
0.000042
0.000041
0.000041
0.000041
0.000040
0.000040
0.000039
0.000039
0.000039
0.000038
0.000038
0.000037
0.000037
0.000037
0.000036
0.000036
0.000036
0.000035
0.000035
0.000035
0.000034
0.000034
0.000034
0.000033
0.000033
0.000033
0.000032
0.000032
0.000032
0.000031
0.000031
0.000031
0.000030
0.000030
0.000030
0.000029
0.000029
0.000029
0.000029
0.000028
0.000028
0.000028
0.000027
0.000027
0.000027
0.000027
0.000026
0.000026
0.000026
0.000026
0.000025
0.000025
0.000025
0.000025
0.000024
0.000024
0.000024
0.000024
0.000023
0.000023
0.000023
0.000023
0.000022
0.000022
0.000022
0.000022
0.000022
0.000021
0.000021
0.000021
0.000021
0.000021
0.000020
0.000020
0.000020
0.000020
0.000020
0.000019
0.000019
0.000019
0.000019
0.000019
0.000018
0.000018
0.000018
0.000018
0.000018
0.000017
0.000017
0.000017
0.000017
0.000017
0.000017
0.000016
0.000016
0.000016
0.000016
0.000016
0.000016
0.000015
0.000015
0.000015
0.000015
0.000015
0.000015
0.000015
0.000014
0.000014
0.000014
0.000014
0.000014
0.000014
0.000014
0.000013
0.000013
0.000013
0.000013
0.000013
0.000013
0.000013
0.000013
0.000012
0.000012
0.000012
0.000012
0.000012
0.000012
0.000012
0.000012
0.000011
0.000011
0.000011
0.000011
0.000011
0.000011
0.000011
0.000011
0.000011
0.000010
0.000010
0.000010
0.000010
0.000010
0.000010
0.000010
0.000010
0.000010
0.000010
0.000009
0.000009
0.000009
0.000009
0.000009
0.000009
0.000009
0.000009
0.000009
0.000009
0.000009
0.000008
0.000008
0.000008
0.000008
0.000008
0.000008
0.000008
0.000008
0.000008
0.000008
0.000008
0.000008
0.000008
0.000007
0.000007
0.000007
0.000007
0.000007
0.000007
0.000007
0.000007
0.000007
0.000007
0.000007
0.000007
0.000007
0.000007
0.000006
0.000006
0.000006
0.000006
0.000006
0.000006
0.000006
0.000006
0.000006
0.000006
0.000006
0.000006
0.000006
0.000006
0.000006
0.000006
0.000005
0.000005
0.000005
0.000005
0.000005
0.000005
0.000005
0.000005
0.000005
0.000005
0.000005
0.000005
0.000005
0.000005
0.000005
0.000005
0.000005
0.000005
0.000005
0.000005
0.000004
0.000004
0.000004
0.000004
0.000004
0.000004
0.000004
0.000004
0.000004
0.000004
0.000004
0.000004
0.000004
0.000004
0.000004
0.000004
0.000004
0.000004
0.000004
0.000004
0.000004
0.000004
0.000004
0.000004
0.000004
0.000003
0.000003
0.000003
0.000003
0.000003
0.000003
0.000003
0.000003
0.000003
0.000003
0.000003
0.000003
0.000003
0.000003
0.000003
0.000003
0.000003
0.000003
0.000003
0.000003
0.000003
0.000003
0.000003
0.000003
0.000003
0.000003
0.000003
0.000003
0.000003
0.000003
0.000003
0.000003
0.000003
0.000003
0.000002
0.000002
0.000002
0.000002
0.000002
0.000002
0.000002
0.000002
0.000002
0.000002
0.000002
0.000002
0.000002
0.000002
0.000002
0.000002
0.000002
0.000002
0.000002
0.000002
0.000002
0.000002
0.000002
0.000002
0.000002
0.000002
0.000002
0.000002
0.000002
0.000002
0.000002
0.000002
0.000002
0.000002
0.000002
0.000002
0.000002
0.000002
0.000002
0.000002
0.000002
0.000002
0.000002
0.000002
0.000002
0.000002
0.000002
0.000002
0.000002
0.000002
0.000002
0.000001
0.000001
0.000001
0.000001
0.000001
0.000001
0.000001
0.000001
0.000001
0.000001
0.000001
0.000001
0.000001
0.000001
0.000001
0.000001
0.000001
0.000001
0.000001
0.000001
0.000001
0.000001
0.000001
0.000001
0.000001
0.000001
0.000001
0.000001
0.000001
0.000001
0.000001
0.000001
0.000001
0.000001
0.000001
0.000001
0.000001
0.000001
0.000001
0.000001
0.000001
0.000001
0.000001
0.000001
0.000001
0.000001
0.000001
0.000001
0.000001
0.000001
0.000001
0.000001
0.000001
0.000001
0.000001
0.000001
0.000001
0.000001
0.000001
0.000001
0.000001
0.000001
0.000001
0.000001
0.000001
0.000001
0.000001
0.000001
0.000001
0.000001
0.000001
0.000001
0.000001
0.000001
0.000001
0.000001
0.000001
0.000001
0.000001
0.000001
0.000001
0.000001
0.000001
0.000001
0.000001
0.000001
0.000001
0.000001
0.000001
0.000001
0.000001
0.000001
0.000001
0.000001
0.000001
0.000001
0.000001
0.000001
0.000001
0.000001
0.000001
0.000001
0.000001
0.000001
0.000001
0.000001
0.000001
0.000001
0.000001
0.000000
0.000000
0.000000
0.000000
0.000000
0.000000
0.000000
0.000000
0.000000
0.000000
0.000000
0.000000
0.000000
0.000000
0.000000
0.000000
0.000000
0.000000
0.000000
0.000000
0.000000
0.000000
0.000000
0.000000
0.000000
0.000000
0.000000
0.000000
0.000000
0.000000
0.000000
0.000000
0.000000
0.000000
0.000000
0.000000
0.000000
0.000000
0.000000
0.000000
0.000000
0.000000
0.000000
0.000000
0.000000
0.000000
0.000000
0.000000
0.000000
0.000000
0.000000
0.000000
0.000000
0.000000
0.000000
0.000000
0.000000
0.000000
0.000000
0.000000
0.000000
0.000000
0.000000
0.000000
0.000000
0.000000
0.000000
0.000000
0.000000
0.000000
0.000000
0.000000
0.000000
0.000000
0.000000
0.000000
0.000000
0.000000
0.000000
0.000000
0.000000
0.000000
0.000000
0.000000
0.000000
0.000000
0.000000
0.000000
0.000000
0.000000
0.000000
0.000000
0.000000
0.000000
0.000000
0.000000
0.000000
0.000000
0.000000
0.000000
0.000000
0.000000
0.000000
0.000000
0.000000
0.000000
0.000000
0.000000
0.000000
0.000000
0.000000
0.000000
0.000000
0.000000
0.000000
0.000000
0.000000
0.000000
0.000000
0.000000
0.000000
0.000000
0.000000
0.000000
0.000000
0.000000
0.000000
0.000000
0.000000
0.000000
0.000000
0.000000
0.000000
0.000000
0.000000
0.000000
0.000000
0.000000
0.000000
0.000000
0.000000
0.000000
0.000000
0.000000
0.000000
0.000000
0.000000
0.000000
0.000000
0.000000
0.000000
0.000000
0.000000
0.000000
0.000000
0.000000
0.000000
0.000000
0.000000
0.000000
0.000000
0.000000
0.000000
0.000000
0.000000
0.000000
0.000000
0.000000
0.000000
0.000000
0.000000
0.000000
0.000000
0.000000
0.000000
0.000000
0.000000
0.000000
0.000000
0.000000
0.000000
0.000000
0.000000
0.000000
0.000000
0.000000
0.000000
0.000000
0.000000
0.000000
0.000000
0.000000
0.000000
0.000000
0.000000
0.000000
0.000000
0.000000
0.000000
0.000000
0.000000
0.000000
0.000000
0.000000
0.000000
0.000000
0.000000
0.000000
0.000000
0.000000
0.000000
0.000000
0.000000
0.000000
0.000000
0.000000
0.000000
0.000000
0.000000
0.000000
0.000000
0.000000
0.000000
0.000000
0.000000
0.000000
0.000000
0.000000
0.000000
0.000000
0.000000
0.000000
0.000000
0.000000
0.000000
0.000000
0.000000
0.000000
0.000000
0.000000
0.000000
0.000000
0.000000
0.000000
0.000000
0.000000
0.000000
0.000000
0.000000
0.000000
0.000000
0.000000
0.000000
0.000000
0.000000
0.000000
0.000000
0.000000
0.000000
0.000000
0.000000
0.000000
0.000000
0.000000
0.000000
0.000000
0.000000
0.000000
0.000000
0.000000
0.000000
0.000000
0.000000
0.000000
0.000000
0.000000
0.000000
0.000000
0.000000
0.000000
0.000000
0.000000
0.000000
0.000000
0.000000
0.000000
0.000000
0.000000
0.000000
0.000000
0.000000
0.000000
0.000000
0.000000
0.000000
0.000000
0.000000
0.000000
0.000000
0.000000
0.000000
0.000000
0.000000
0.000000
0.000000
0.000000
0.000000
0.000000
0.000000
0.000000
0.000000
0.000000
0.000000
0.000000
0.000000
0.000000
0.000000
0.000000
0.000000
0.000000
0.000000
0.000000
0.000000
0.000000
0.000000
0.000000
0.000000
0.000000
0.000000
0.000000
0.000000
0.000000
0.000000
0.000000
0.000000
0.000000
0.000000
0.000000
0.000000
0.000000
0.000000
0.000000
0.000000
0.000000
0.000000
0.000000
0.000000
0.000000
0.000000
0.000000
0.000000
0.000000
0.000000
0.000000
0.000000
0.000000
0.000000
0.000000
0.000000
0.000000
0.000000
0.000000
0.000000
0.000000
0.000000
0.000000
0.000000
0.000000
0.000000
0.000000
0.000000
0.000000
0.000000
0.000000
0.000000
0.000000
0.000000
0.000000
0.000000
0.000000
0.000000
0.000000
0.000000
0.000000
0.000000
0.000000
0.000000
0.000000
0.000000
0.000000
0.000000
0.000000
0.000000
0.000000
0.000000
0.000000
0.000000
0.000000
0.000000
0.000000
0.000000
0.000000
0.000000
0.000000
0.000000
0.000000
0.000000
0.000000
0.000000
0.000000
0.000000
0.000000
0.000000
0.000000
0.000000
0.000000
0.000000
0.000000
0.000000
0.000000
0.000000
0.000000
0.000000
0.000000
0.000000
0.000000
0.000000
0.000000
0.000000
0.000000
0.000000
0.000000
0.000000
0.000000
0.000000
0.000000
0.000000
0.000000
0.000000
0.000000
0.000000
0.000000
0.000000
0.000000
0.000000
0.000000
0.000000
0.000000
0.000000
0.000000
0.000000
0.000000
0.000000
0.000000
0.000000
0.000000
0.000000
0.000000
0.000000
0.000000
0.000000
0.000000
0.000000
0.000000
0.000000
0.000000
0.000000
0.000000
0.000000
0.000000
0.000000
0.000000
0.000000
0.000000
0.000000
0.000000
0.000000
0.000000
0.000000
0.000000
0.000000
0.000000
0.000000
0.000000
0.000000
0.000000
0.000000
0.000000
0.000000
0.000000
0.000000
0.000000
0.000000
0.000000
0.000000
0.000000
0.000000
0.000000
0.000000
0.000000
0.000000
0.000000
0.000000
0.000000
0.000000
0.000000
0.000000
0.000000
0.000000
0.000000
0.000000
0.000000
0.000000
0.000000
0.000000
0.000000
0.000000
0.000000
0.000000
0.000000
0.000000
0.000000
0.000000
0.000000
0.000000
0.000000
0.000000
0.000000
0.000000
0.000000
0.000000
0.000000
0.000000
0.000000
0.000000
0.000000
0.000000
0.000000
0.000000
0.000000
0.000000
0.000000
0.000000
0.000000
0.000000
0.000000
0.000000
0.000000
0.000000
0.000000
0.000000
0.000000
0.000000
0.000000
0.000000
0.000000
0.000000
0.000000
0.000000
0.000000
0.000000
0.000000
0.000000
0.000000
0.000000
0.000000
0.000000
0.000000
0.000000
0.000000
0.000000
0.000000
0.000000
0.000000
0.000000
0.000000
0.000000
0.000000
0.000000
0.000000
0.000000
0.000000
0.000000
0.000000
0.000000
0.000000
0.000000
0.000000
0.000000
0.000000
0.000000
0.000000
0.000000
0.000000
0.000000
0.000000
0.000000
0.000000
0.000000
0.000000
0.000000
0.000000
0.000000
0.000000
0.000000
0.000000
0.000000
0.000000
0.000000
0.000000
0.000000
0.000000
0.000000
0.000000
0.000000
0.000000
0.000000
0.000000
0.000000
0.000000
0.000000
0.000000
0.000000
0.000000
0.000000
0.000000
0.000000
0.000000
0.000000
0.000000
0.000000
0.000000
0.000000
0.000000
0.000000
0.000000
0.000000
0.000000
0.000000
0.000000
0.000000
0.000000
0.000000
0.000000
0.000000
0.000000
0.000000
0.000000
0.000000
0.000000
0.000000
0.000000
0.000000
0.000000
0.000000
0.000000
0.000000
0.000000
0.000000
0.000000
0.000000
0.000000
0.000000
0.000000
0.000000
0.000000
0.000000
0.000000
0.000000
0.000000
0.000000
0.000000
0.000000
0.000000
0.000000
0.000000
0.000000
0.000000
0.000000
0.000000
0.000000
0.000000
0.000000
0.000000
0.000000
0.000000
0.000000
0.000000
0.000000
0.000000
0.000000
0.000000
0.000000
0.000000
0.000000
0.000000
0.000000
0.000000
0.000000
0.000000
0.000000
0.000000
0.000000
0.000000
0.000000
0.000000
0.000000
0.000000
0.000000
0.000000
0.000000
0.000000
0.000000
0.000000
0.000000
0.000000
0.000000
0.000000
0.000000
0.000000
0.000000
0.000000
0.000000
0.000000
0.000000
0.000000
0.000000
0.000000
0.000000
0.000000
0.000000
0.000000
0.000000
0.000000
0.000000
0.000000
0.000000
0.000000
0.000000
0.000000
0.000000
0.000000
0.000000
0.000000
0.000000
0.000000
0.000000
0.000000
0.000000
0.000000
0.000000
0.000000
0.000000
0.000000
0.000000
0.000000
0.000000
0.000000
0.000000
0.000000
0.000000
0.000000
0.000000
0.000000
0.000000
0.000000
0.000000
0.000000
0.000000
0.000000
0.000000
0.000000
0.000000
0.000000
0.000000
0.000000
0.000000
0.000000
0.000000
0.000000
0.000000
0.000000
0.000000
0.000000
0.000000
0.000000
0.000000
0.000000
0.000000
0.000000
0.000000
0.000000
0.000000
0.000000
0.000000
0.000000
0.000000
0.000000
0.000000
0.000000
0.000000
0.000000
0.000000
0.000000
0.000000
0.000000
0.000000
0.000000
0.000000
0.000000
0.000000
0.000000
0.000000
0.000000
0.000000
0.000000
0.000000
0.000000
0.000000
0.000000
0.000000
0.000000
0.000000
0.000000
0.000000
0.000000
0.000000
0.000000
0.000000
0.000000
0.000000
0.000000
0.000000
0.000000
0.000000
0.000000
0.000000
0.000000
0.000000
0.000000
0.000000
0.000000
0.000000
0.000000
0.000000
0.000000
0.000000
0.000000
0.000000
0.000000
0.000000
0.000000
0.000000
0.000000
0.000000
0.000000
0.000000
0.000000
0.000000
0.000000
0.000000
0.000000
0.000000
0.000000
0.000000
0.000000
0.000000
0.000000
0.000000
0.000000
0.000000
0.000000
0.000000
0.000000
0.000000
0.000000
0.000000
0.000000
0.000000
0.000000
0.000000
0.000000
0.000000
0.000000
0.000000
0.000000
0.000000
0.000000
0.000000
0.000000
0.000000
0.000000
0.000000
0.000000
0.000000
0.000000
0.000000
0.000000
0.000000
0.000000
0.000000
0.000000
0.000000
0.000000
0.000000
0.000000
0.000000
0.000000
0.000000
0.000000
0.000000
0.000000
0.000000
0.000000
0.000000
0.000000
0.000000
0.000000
0.000000
0.000000
0.000000
0.000000
0.000000
0.000000
0.000000
0.000000
0.000000
0.000000
0.000000
0.000000
0.000000
0.000000
0.000000
0.000000
0.000000
0.000000
0.000000
0.000000
0.000000
0.000000
0.000000
0.000000
0.000000
0.000000
0.000000
0.000000
0.000000
0.000000
0.000000
0.000000
0.000000
0.000000
0.000000
0.000000
0.000000
0.000000
0.000000
0.000000
0.000000
0.000000
0.000000
0.000000
0.000000
0.000000
0.000000
0.000000
0.000000
0.000000
0.000000
0.000000
0.000000
0.000000
0.000000
0.000000
0.000000
0.000000
0.000000
0.000000
0.000000
0.000000
0.000000
0.000000
0.000000
0.000000
0.000000
0.000000
0.000000
0.000000
0.000000
0.000000
0.000000
0.000000
0.000000
0.000000
0.000000
0.000000
0.000000
0.000000
0.000000
0.000000
0.000000
0.000000
0.000000
0.000000
0.000000
0.000000
0.000000
0.000000
0.000000
0.000000
0.000000
0.000000
0.000000
0.000000
0.000000
0.000000
0.000000
0.000000
0.000000
0.000000
0.000000
0.000000
0.000000
0.000000
0.000000
0.000000
0.000000
0.000000
0.000000
0.000000
0.000000
0.000000
0.000000
0.000000
0.000000
0.000000
0.000000
0.000000
0.000000
0.000000
0.000000
0.000000
0.000000
0.000000
0.000000
0.000000
0.000000
0.000000
0.000000
0.000000
0.000000
0.000000
0.000000
0.000000
0.000000
0.000000
0.000000
0.000000
0.000000
0.000000
0.000000
0.000000
0.000000
0.000000
0.000000
0.000000
0.000000
0.000000
0.000000
0.000000
0.000000
0.000000
0.000000
0.000000
0.000000
0.000000
0.000000
0.000000
0.000000
0.000000
0.000000
0.000000
0.000000
0.000000
0.000000
0.000000
0.000000
0.000000
0.000000
0.000000
0.000000
0.000000
0.000000
0.000000
0.000000
0.000000
0.000000
0.000000
0.000000
0.000000
0.000000
0.000000
0.000000
0.000000
0.000000
0.000000
0.000000
0.000000
0.000000
0.000000
0.000000
0.000000
0.000000
0.000000
0.000000
0.000000
0.000000
0.000000
0.000000
0.000000
0.000000
0.000000
0.000000
0.000000
0.000000
0.000000
0.000000
0.000000
0.000000
0.000000
0.000000
0.000000
0.000000
0.000000
0.000000
0.000000
0.000000
0.000000
0.000000
0.000000
0.000000
0.000000
0.000000
0.000000
0.000000
0.000000
0.000000
0.000000
0.000000
0.000000
0.000000
0.000000
0.000000
0.000000
0.000000
0.000000
0.000000
0.000000
0.000000
0.000000
0.000000
0.000000
0.000000
0.000000
0.000000
0.000000
0.000000
0.000000
0.000000
0.000000
0.000000
0.000000
0.000000
0.000000
0.000000
0.000000
0.000000
0.000000
0.000000
0.000000
0.000000
0.000000
0.000000
0.000000
0.000000
0.000000
0.000000
0.000000
0.000000
0.000000
0.000000
0.000000
0.000000
0.000000
0.000000
0.000000
0.000000
0.000000
0.000000
0.000000
0.000000
0.000000
0.000000
0.000000
0.000000
0.000000
0.000000
0.000000
0.000000
0.000000
0.000000
0.000000
0.000000
0.000000
0.000000
0.000000
0.000000
0.000000
0.000000
0.000000
0.000000
0.000000
0.000000
0.000000
0.000000
0.000000
0.000000
0.000000
0.000000
0.000000
0.000000
0.000000
0.000000
0.000000
0.000000
0.000000
0.000000
0.000000
0.000000
0.000000
0.000000
0.000000
0.000000
0.000000
0.000000
0.000000
0.000000
0.000000
0.000000
0.000000
0.000000
0.000000
0.000000
0.000000
0.000000
0.000000
0.000000
0.000000
0.000000
0.000000
0.000000
0.000000
0.000000
0.000000
0.000000
0.000000
0.000000
0.000000
0.000000
0.000000
0.000000
0.000000
0.000000
0.000000
0.000000
0.000000
0.000000
0.000000
0.000000
0.000000
0.000000
0.000000
0.000000
0.000000
0.000000
0.000000
0.000000
0.000000
0.000000
0.000000
0.000000
0.000000
0.000000
0.000000
0.000000
0.000000
0.000000
0.000000
0.000000
0.000000
0.000000
0.000000
0.000000
0.000000
0.000000
0.000000
0.000000
0.000000
0.000000
0.000000
0.000000
0.000000
0.000000
0.000000
0.000000
0.000000
0.000000
0.000000
0.000000
0.000000
0.000000
0.000000
0.000000
0.000000
0.000000
0.000000
0.000000
0.000000
0.000000
0.000000
0.000000
0.000000
0.000000
0.000000
0.000000
0.000000
0.000000
0.000000
0.000000
0.000000
0.000000
0.000000
0.000000
0.000000
0.000000
0.000000
0.000000
0.000000
0.000000
0.000000
0.000000
0.000000
0.000000
0.000000
0.000000
0.000000
0.000000
0.000000
0.000000
0.000000
0.000000
0.000000
0.000000
0.000000
0.000000
0.000000
0.000000
0.000000
0.000000
0.000000
0.000000
0.000000
0.000000
0.000000
0.000000
0.000000
0.000000
0.000000
0.000000
0.000000
0.000000
0.000000
0.000000
0.000000
0.000000
0.000000
0.000000
0.000000
0.000000
0.000000
0.000000
0.000000
0.000000
0.000000
0.000000
0.000000
0.000000
0.000000
0.000000
0.000000
0.000000
0.000000
0.000000
0.000000
0.000000
0.000000
0.000000
0.000000
0.000000
0.000000
0.000000
0.000000
0.000000
0.000000
0.000000
0.000000
0.000000
0.000000
0.000000
0.000000
0.000000
0.000000
0.000000
0.000000
0.000000
0.000000
0.000000
0.000000
0.000000
0.000000
0.000000
0.000000
0.000000
0.000000
0.000000
0.000000
0.000000
0.000000
0.000000
0.000000
0.000000
0.000000
0.000000
0.000000
0.000000
0.000000
0.000000
0.000000
0.000000
0.000000
0.000000
0.000000
0.000000
0.000000
0.000000
0.000000
0.000000
0.000000
0.000000
0.000000
0.000000
0.000000
0.000000
0.000000
0.000000
0.000000
0.000000
0.000000
0.000000
0.000000
0.000000
0.000000
0.000000
0.000000
0.000000
0.000000
0.000000
0.000000
0.000000
0.000000
0.000000
0.000000
0.000000
0.000000
0.000000
0.000000
0.000000
0.000000
0.000000
0.000000
0.000000
0.000000
0.000000
0.000000
0.000000
0.000000
0.000000
0.000000
0.000000
0.000000
0.000000
0.000000
0.000000
0.000000
0.000000
0.000000
0.000000
0.000000
0.000000
0.000000
0.000000
0.000000
0.000000
0.000000
0.000000
0.000000
0.000000
0.000000
0.000000
0.000000
0.000000
0.000000
0.000000
0.000000
0.000000
0.000000
0.000000
0.000000
0.000000
0.000000
0.000000
0.000000
0.000000
0.000000
0.000000
0.000000
0.000000
0.000000
0.000000
0.000000
0.000000
0.000000
0.000000
0.000000
0.000000
0.000000
0.000000
0.000000
0.000000
0.000000
0.000000
0.000000
0.000000
0.000000
0.000000
0.000000
0.000000
0.000000
0.000000
0.000000
0.000000
0.000000
0.000000
0.000000
0.000000
0.000000
0.000000
0.000000
0.000000
0.000000
0.000000
0.000000
0.000000
0.000000
0.000000
0.000000
0.000000
0.000000
0.000000
0.000000
0.000000
0.000000
0.000000
0.000000
0.000000
0.000000
0.000000
0.000000
0.000000
0.000000
0.000000
0.000000
0.000000
0.000000
0.000000
0.000000
0.000000
0.000000
0.000000
0.000000
0.000000
0.000000
0.000000
0.000000
0.000000
0.000000
0.000000
0.000000
0.000000
0.000000
0.000000
0.000000
0.000000
0.000000
0.000000
0.000000
0.000000
0.000000
0.000000
0.000000
0.000000
0.000000
0.000000
0.000000
0.000000
0.000000
0.000000
0.000000
0.000000
0.000000
0.000000
0.000000
0.000000
0.000000
0.000000
0.000000
0.000000
0.000000
0.000000
0.000000
0.000000
0.000000
0.000000
0.000000
0.000000
0.000000
0.000000
0.000000
0.000000
0.000000
0.000000
0.000000
0.000000
0.000000
0.000000
0.000000
0.000000
0.000000
0.000000
0.000000
0.000000
0.000000
0.000000
0.000000
0.000000
0.000000
0.000000
0.000000
0.000000
0.000000
0.000000
0.000000
0.000000
0.000000
0.000000
0.000000
0.000000
0.000000
0.000000
0.000000
0.000000
0.000000
0.000000
0.000000
0.000000
0.000000
0.000000
0.000000
0.000000
0.000000
0.000000
0.000000
0.000000
0.000000
0.000000
0.000000
0.000000
0.000000
0.000000
0.000000
0.000000
0.000000
0.000000
0.000000
0.000000
0.000000
0.000000
0.000000
0.000000
0.000000
0.000000
0.000000
0.000000
0.000000
0.000000
0.000000
0.000000
0.000000
0.000000
0.000000
0.000000
0.000000
0.000000
0.000000
0.000000
0.000000
0.000000
0.000000
0.000000
0.000000
0.000000
0.000000
0.000000
0.000000
0.000000
0.000000
0.000000
0.000000
0.000000
0.000000
0.000000
0.000000
0.000000
0.000000
0.000000
0.000000
0.000000
0.000000
0.000000
0.000000
0.000000
0.000000
0.000000
0.000000
0.000000
0.000000
0.000000
0.000000
0.000000
0.000000
0.000000
0.000000
0.000000
0.000000
0.000000
0.000000
0.000000
0.000000
0.000000
0.000000
0.000000
0.000000
0.000000
0.000000
0.000000
0.000000
0.000000
0.000000
0.000000
0.000000
0.000000
0.000000
0.000000
0.000000
0.000000
0.000000
0.000000
0.000000
0.000000
0.000000
0.000000
0.000000
0.000000
0.000000
0.000000
0.000000
0.000000
0.000000
0.000000
0.000000
0.000000
0.000000
0.000000
0.000000
0.000000
0.000000
0.000000
0.000000
0.000000
0.000000
0.000000
0.000000
0.000000
0.000000
0.000000
0.000000
0.000000
0.000000
0.000000
0.000000
0.000000
0.000000
0.000000
0.000000
0.000000
0.000000
0.000000
0.000000
0.000000
0.000000
0.000000
0.000000
0.000000
0.000000
0.000000
0.000000
0.000000
0.000000
0.000000
0.000000
0.000000
0.000000
0.000000
0.000000
0.000000
0.000000
0.000000
0.000000
0.000000
0.000000
0.000000
0.000000
0.000000
0.000000
0.000000
0.000000
0.000000
0.000000
0.000000
0.000000
0.000000
0.000000
0.000000
0.000000
0.000000
0.000000
0.000000
0.000000
0.000000
0.000000
0.000000
0.000000
0.000000
0.000000
0.000000
0.000000
0.000000
0.000000
0.000000
0.000000
0.000000
0.000000
0.000000
0.000000
0.000000
0.000000
0.000000
0.000000
0.000000
0.000000
0.000000
0.000000
0.000000
0.000000
0.000000
0.000000
0.000000
0.000000
0.000000
0.000000
0.000000
0.000000
0.000000
0.000000
0.000000
0.000000
0.000000
0.000000
0.000000
0.000000
0.000000
0.000000
0.000000
0.000000
0.000000
0.000000
0.000000
0.000000
0.000000
0.000000
0.000000
0.000000
0.000000
0.000000
0.000000
0.000000
0.000000
0.000000
0.000000
0.000000
0.000000
0.000000
0.000000
0.000000
0.000000
0.000000
0.000000
0.000000
0.000000
0.000000
0.000000
0.000000
0.000000
0.000000
0.000000
0.000000
0.000000
0.000000
0.000000
0.000000
0.000000
0.000000
0.000000
0.000000
0.000000
0.000000
0.000000
0.000000
0.000000
0.000000
0.000000
0.000000
0.000000
0.000000
0.000000
0.000000
0.000000
0.000000
0.000000
0.000000
0.000000
0.000000
0.000000
0.000000
0.000000
0.000000
0.000000
0.000000
0.000000
0.000000
0.000000
0.000000
0.000000
0.000000
0.000000
0.000000
0.000000
0.000000
0.000000
0.000000
0.000000
0.000000
0.000000
0.000000
0.000000
0.000000
0.000000
0.000000
0.000000
0.000000
0.000000
0.000000
0.000000
0.000000
0.000000
0.000000
0.000000
0.000000
0.000000
0.000000
0.000000
0.000000
0.000000
0.000000
0.000000
0.000000
0.000000
0.000000
0.000000
0.000000
0.000000
0.000000
0.000000
0.000000
0.000000
0.000000
0.000000
0.000000
0.000000
0.000000
0.000000
0.000000
0.000000
0.000000
0.000000
0.000000
0.000000
0.000000
0.000000
0.000000
0.000000
0.000000
0.000000
0.000000
0.000000
0.000000
0.000000
0.000000
0.000000
0.000000
0.000000
0.000000
0.000000
0.000000
0.000000
0.000000
0.000000
0.000000
0.000000
0.000000
0.000000
0.000000
0.000000
0.000000
0.000000
0.000000
0.000000
0.000000
0.000000
0.000000
0.000000
0.000000
0.000000
0.000000
0.000000
0.000000
0.000000
0.000000
0.000000
0.000000
0.000000
0.000000
0.000000
0.000000
0.000000
0.000000
0.000000
0.000000
0.000000
0.000000
0.000000
0.000000
0.000000
0.000000
0.000000
0.000000
0.000000
0.000000
0.000000
0.000000
0.000000
0.000000
0.000000
0.000000
0.000000
0.000000
0.000000
0.000000
0.000000
0.000000
0.000000
0.000000
0.000000
0.000000
0.000000
0.000000
0.000000
0.000000
0.000000
0.000000
0.000000
0.000000
0.000000
0.000000
0.000000
0.000000
0.000000
0.000000
0.000000
0.000000
0.000000
0.000000
0.000000
0.000000
0.000000
0.000000
0.000000
0.000000
0.000000
0.000000
0.000000
0.000000
0.000000
0.000000
0.000000
0.000000
0.000000
0.000000
0.000000
0.000000
0.000000
0.000000
0.000000
0.000000
0.000000
0.000000
0.000000
0.000000
0.000000
0.000000
0.000000
0.000000
0.000000
0.000000
0.000000
0.000000
0.000000
0.000000
0.000000
0.000000
0.000000
0.000000
0.000000
0.000000
0.000000
0.000000
0.000000
0.000000
0.000000
0.000000
0.000000
0.000000
0.000000
0.000000
0.000000
0.000000
0.000000
0.000000
0.000000
0.000000
0.000000
0.000000
0.000000
0.000000
0.000000
0.000000
0.000000
0.000000
0.000000
0.000000
0.000000
0.000000
0.000000
0.000000
0.000000
0.000000
0.000000
0.000000
0.000000
0.000000
0.000000
0.000000
0.000000
0.000000
0.000000
0.000000
0.000000
0.000000
0.000000
0.000000
0.000000
0.000000
0.000000
0.000000
0.000000
0.000000
0.000000
0.000000
0.000000
0.000000
0.000000
0.000000
0.000000
0.000000
0.000000
0.000000
0.000000
0.000000
0.000000
0.000000
0.000000
0.000000
0.000000
0.000000
0.000000
0.000000
0.000000
0.000000
0.000000
0.000000
0.000000
0.000000
0.000000
0.000000
0.000000
0.000000
0.000000
0.000000
0.000000
0.000000
0.000000
0.000000
0.000000
0.000000
0.000000
0.000000
0.000000
0.000000
0.000000
0.000000
0.000000
0.000000
0.000000
0.000000
0.000000
0.000000
0.000000
0.000000
0.000000
0.000000
0.000000
0.000000
0.000000
0.000000
0.000000
0.000000
0.000000
0.000000
0.000000
0.000000
0.000000
0.000000
0.000000
0.000000
0.000000
0.000000
0.000000
0.000000
0.000000
0.000000
0.000000
0.000000
0.000000
0.000000
0.000000
0.000000
0.000000
0.000000
0.000000
0.000000
0.000000
0.000000
0.000000
0.000000
0.000000
0.000000
0.000000
0.000000
0.000000
0.000000
0.000000
0.000000
0.000000
0.000000
0.000000
0.000000
0.000000
0.000000
0.000000
0.000000
0.000000
0.000000
0.000000
0.000000
0.000000
0.000000
0.000000
0.000000
0.000000
0.000000
0.000000
0.000000
0.000000
0.000000
0.000000
0.000000
0.000000
0.000000
0.000000
0.000000
0.000000
0.000000
0.000000
0.000000
0.000000
0.000000
0.000000
0.000000
0.000000
0.000000
0.000000
0.000000
0.000000
0.000000
0.000000
0.000000
0.000000
0.000000
0.000000
0.000000
0.000000
0.000000
0.000000
0.000000
0.000000
0.000000
0.000000
0.000000
0.000000
0.000000
0.000000
0.000000
0.000000
0.000000
0.000000
0.000000
0.000000
0.000000
0.000000
0.000000
0.000000
0.000000
0.000000
0.000000
0.000000
0.000000
0.000000
0.000000
0.000000
0.000000
0.000000
0.000000
0.000000
0.000000
0.000000
0.000000
0.000000
0.000000
0.000000
0.000000
0.000000
0.000000
0.000000
0.000000
0.000000
0.000000
0.000000
0.000000
0.000000
0.000000
0.000000
0.000000
0.000000
0.000000
0.000000
0.000000
0.000000
0.000000
0.000000
0.000000
0.000000
0.000000
0.000000
0.000000
0.000000
0.000000
0.000000
0.000000
0.000000
0.000000
0.000000
0.000000
0.000000
0.000000
0.000000
0.000000
0.000000
0.000000
0.000000
0.000000
0.000000
0.000000
0.000000
0.000000
0.000000
0.000000
0.000000
0.000000
0.000000
0.000000
0.000000
0.000000
0.000000
0.000000
0.000000
0.000000
0.000000
0.000000
0.000000
0.000000
0.000000
0.000000
0.000000
0.000000
0.000000
0.000000
0.000000
0.000000
0.000000
0.000000
0.000000
0.000000
0.000000
0.000000
0.000000
0.000000
0.000000
0.000000
0.000000
0.000000
0.000000
0.000000
0.000000
0.000000
0.000000
0.000000
0.000000
0.000000
0.000000
0.000000
0.000000
0.000000
0.000000
0.000000
0.000000
0.000000
0.000000
0.000000
0.000000
0.000000
0.000000
0.000000
0.000000
0.000000
0.000000
0.000000
0.000000
0.000000
0.000000
0.000000
0.000000
0.000000
0.000000
0.000000
0.000000
0.000000
0.000000
0.000000
0.000000
0.000000
0.000000
0.000000
0.000000
0.000000
0.000000
0.000000
0.000000
0.000000
0.000000
0.000000
0.000000
0.000000
0.000000
0.000000
0.000000
0.000000
0.000000
0.000000
0.000000
0.000000
0.000000
0.000000
0.000000
0.000000
0.000000
0.000000
0.000000
0.000000
0.000000
0.000000
0.000000
0.000000
0.000000
0.000000
0.000000
0.000000
0.000000
0.000000
0.000000
0.000000
0.000000
0.000000
0.000000
0.000000
0.000000
0.000000
0.000000
0.000000
0.000000
0.000000
0.000000
0.000000
0.000000
0.000000
0.000000
0.000000
0.000000
0.000000
0.000000
0.000000
0.000000
0.000000
0.000000
0.000000
0.000000
