632.394328
632.394328
632.394328
622.184994
594.927862
594.927862
594.927862
594.927862
594.927862
594.927862
594.927862
591.031271
591.031271
591.031271
591.031271
552.975943
552.975943
552.975943
552.975943
552.975943
552.975943
552.975943
552.975943
552.975943
552.975943
552.975943
552.975943
552.975943
552.975943
552.975943
552.975943
525.084627
509.323450
509.323450
508.722046
508.722046
508.722046
508.722046
508.722046
508.722046
509.323450
509.323450
509.323450
509.323450
509.323450
509.323450
509.323450
509.323450
509.323450
509.323450
483.428667
483.428667
483.428667
473.384469
473.384469
473.384469
473.384469
460.575143
460.575143
460.575143
460.575143
460.575143
460.575143
460.575143
460.575143
460.575143
460.575143
460.575143
460.575143
460.575143
460.575143
460.575143
460.575143
460.575143
460.575143
460.575143
460.575143
460.575143
460.575143
460.575143
460.575143
460.575143
460.575143
460.575143
460.575143
460.575143
460.575143
460.575143
460.575143
460.575143
460.575143
460.575143
460.575143
460.575143
460.575143
460.575143
460.575143
460.575143
460.575143
460.575143
460.575143
460.575143
460.575143
460.575143
460.575143
460.575143
460.575143
460.575143
460.575143
460.575143
460.575143
460.575143
460.575143
460.575143
460.575143
460.575143
460.575143
460.575143
460.575143
460.575143
460.575143
460.575143
460.575143
460.575143
460.575143
460.575143
460.575143
460.575143
460.575143
460.575143
460.575143
460.575143
460.575143
460.575143
460.575143
460.575143
460.575143
460.575143
460.575143
460.575143
460.575143
460.575143
460.575143
460.575143
460.575143
460.575143
460.575143
460.575143
460.575143
460.575143
460.575143
460.575143
460.575143
460.575143
460.575143
460.575143
460.575143
460.575143
460.575143
460.575143
460.575143
460.575143
460.575143
460.575143
460.575143
459.131060
459.131060
459.131060
459.131060
459.131060
459.131060
459.131060
459.131060
459.131060
459.131060
459.131060
459.131060
459.131060
459.131060
462.842809
462.842809
462.842809
462.842809
462.842809
462.842809
462.842809
462.842809
462.842809
460.607923
460.607923
460.607923
460.607923
460.607923
460.607923
460.607923
460.607923
460.607923
460.607923
460.607923
460.607923
460.607923
460.607923
460.607923
460.607923
460.607923
460.607923
460.607923
460.607923
460.607923
460.607923
460.607923
460.607923
460.607923
460.607923
460.607923
460.607923
456.896174
456.896174
456.896174
456.896174
456.896174
456.896174
456.896174
456.896174
456.896174
456.896174
456.896174
456.896174
456.896174
456.896174
456.896174
456.896174
456.896174
456.896174
490.378549
490.378549
490.378549
490.378549
490.378549
490.378549
490.378549
490.378549
490.378549
456.896174
456.896174
456.896174
456.896174
456.896174
459.131060
459.131060
459.131060
459.131060
459.131060
462.842809
462.842809
462.842809
462.842809
470.280206
470.280206
470.280206
470.280206
470.280206
470.280206
470.280206
470.280206
470.280206
470.280206
470.280206
462.842809
462.842809
462.842809
462.842809
462.842809
462.842809
470.280206
470.280206
470.280206
470.280206
470.280206
470.280206
470.280206
470.280206
470.280206
470.280206
470.280206
470.280206
484.794145
484.794145
484.794145
540.370396
540.370396
540.370396
540.370396
540.370396
484.794145
484.794145
484.794145
484.794145
484.794145
484.794145
484.794145
484.794145
484.794145
484.794145
479.401853
484.794145
481.082396
481.082396
481.082396
481.082396
486.973094
478.761672
478.761672
478.761672
486.973094
503.111048
503.111048
503.111048
485.636616
485.636616
485.636616
510.783185
510.783185
514.494933
514.494933
466.734132
466.734132
466.734132
466.734132
466.734132
477.966998
477.966998
477.966998
477.966998
474.255250
463.968492
474.255250
474.255250
474.255250
474.255250
474.255250
474.255250
474.255250
474.255250
463.022383
463.022383
463.022383
463.022383
463.022383
531.476540
531.476540
541.465551
541.465551
540.409531
540.409531
540.409531
526.062328
569.810657
569.810657
557.612750
557.612750
557.612750
569.529267
536.310683
536.310683
536.310683
529.855154
529.059962
529.059962
527.744682
527.744682
527.744682
527.744682
527.744682
527.744682
497.048557
497.048557
508.536838
537.659234
565.837398
561.142669
567.145012
567.145012
567.145012
567.145012
567.145012
578.167640
567.145012
567.145012
571.839742
571.839742
553.775874
497.518169
497.518169
497.518169
497.518169
497.518169
497.518169
497.518169
497.518169
497.518169
497.518169
506.700137
506.700137
506.700137
506.700137
506.700137
506.700137
517.931309
520.428912
667.008563
664.289395
664.289395
658.332620
658.332620
658.332620
574.648264
574.648264
574.648264
574.648264
643.549447
643.549447
643.549447
729.088881
729.088881
716.970023
716.970023
716.970023
659.946212
695.118124
695.118124
668.914670
668.914670
668.914670
629.430200
629.430200
570.686991
570.686991
596.176014
654.919223
696.672540
696.672540
681.668401
762.710495
741.720121
726.123170
631.001222
668.514588
663.396749
667.753509
693.130665
693.130665
691.542326
712.183861
746.339348
717.201578
690.534225
716.341026
716.341026
719.092847
620.996668
620.996668
627.453075
696.003387
707.482341
636.031153
595.351811
595.351811
595.351811
595.351811
509.323450
509.323450
509.323450
509.323450
603.383673
669.415617
669.415617
639.115666
565.558108
565.558108
670.307589
611.460673
692.430637
629.804864
579.121285
542.059752
542.059752
564.802152
564.802152
567.787792
567.787792
590.009284
637.868548
631.412140
637.868548
637.868548
637.868548
612.606429
654.359745
654.359745
654.359745
758.945718
758.945718
758.945718
758.945718
758.064573
643.289082
643.289082
674.190630
674.190630
674.190630
698.969548
728.781759
770.001670
756.098519
719.036986
719.036986
688.331814
664.126743
507.791232
555.905356
632.590356
554.281150
554.281150
544.043163
544.043163
544.043163
544.043163
583.654079
594.934149
668.833829
710.190557
578.965183
654.483159
676.779245
659.830020
686.371295
753.051101
753.051101
753.051101
753.473250
802.036049
809.815204
677.345087
662.353305
630.789122
675.725489
675.725489
613.892932
613.892932
574.141277
621.301404
621.301404
692.905381
695.891021
613.433218
613.433218
637.753946
637.753946
637.753946
637.753946
593.022383
637.753946
536.492350
567.545421
584.036618
629.073287
604.301312
670.087229
617.800426
617.800426
617.800426
518.820719
515.369797
590.772117
540.425397
560.276146
539.635998
577.468235
577.468235
460.575143
460.575143
522.910139
561.885452
641.069644
719.559981
569.798690
633.530182
633.530182
633.530182
626.415522
627.210714
673.619241
702.666814
717.906268
694.933281
537.186755
537.981948
558.715841
600.362896
600.362896
647.523023
647.523023
570.373809
570.373809
571.486044
571.486044
571.486044
571.486044
571.486044
503.372961
503.372961
476.087255
476.087255
486.893430
486.893430
526.200536
593.752076
561.561963
486.893430
486.893430
561.934277
557.640407
600.822711
600.822711
551.128103
619.241186
658.121540
621.307993
621.307993
613.382232
653.068334
714.591009
608.660100
597.940806
597.940806
556.586871
722.917472
708.083866
708.083866
745.739783
677.077355
739.412350
781.397368
677.984435
678.711706
671.390785
745.868757
667.623328
674.796925
667.623328
726.326013
631.486326
541.729180
741.233605
604.045074
598.095439
683.067781
724.424510
706.709959
532.444635
532.629479
609.446718
612.945396
544.080713
595.740266
628.390676
619.327378
587.841648
596.904946
575.626695
595.227983
595.227983
595.227983
721.398983
733.908359
691.657143
675.585984
757.563094
750.044766
752.980884
764.693778
701.207975
711.364600
735.662207
722.339335
740.008137
736.121738
761.403464
760.651864
691.208272
701.314587
701.736736
724.124887
643.154923
646.629903
624.887928
643.484038
737.470220
712.757473
712.757473
682.689607
580.609079
696.514620
696.007637
661.812126
521.742601
575.178598
601.577638
719.835384
780.813479
778.338824
769.801422
565.521738
769.801422
703.150087
713.947818
692.864405
634.813916
634.813916
643.960396
609.263889
633.253880
633.253880
633.253880
648.087201
652.351342
626.607857
625.135278
668.398813
849.147309
669.999119
652.464153
677.243071
677.243071
669.718526
684.232464
688.726814
661.943919
731.233727
787.516539
787.516539
675.338425
584.634380
648.664541
748.508115
744.625552
644.781978
648.664541
648.664541
514.431131
486.027578
486.027578
484.224756
484.224756
611.567956
594.093524
602.002488
728.297436
658.658804
605.767892
605.767892
567.439756
488.014120
529.884224
551.749721
576.528639
656.993953
677.676380
625.249104
625.249104
625.249104
700.651423
715.893978
689.546990
560.681891
557.395810
716.583920
710.634285
738.520464
739.567852
661.710285
702.497446
746.186648
746.186648
727.115151
664.770713
668.667304
668.667304
664.699846
664.699846
538.565388
595.231451
538.565388
527.184022
678.042991
656.773947
619.712414
619.712414
656.773947
649.260253
716.512664
706.909054
706.909054
707.632490
704.314303
641.998409
649.279700
639.235502
639.235502
727.957290
580.211911
739.400020
692.527795
703.509073
677.266523
701.820978
701.820978
601.448223
702.327960
639.263548
605.659272
661.916976
641.663156
669.513321
726.828674
722.216477
623.024211
603.173462
603.173462
686.933030
718.799064
689.353830
758.005919
689.353830
533.018320
529.372734
551.244254
722.567180
706.764680
656.184974
656.184974
634.487359
709.889678
654.477641
654.477641
645.844070
662.892714
667.323671
753.755575
759.790367
695.269225
649.366175
620.672199
641.808410
822.556906
764.537132
764.537132
765.544761
765.544761
823.280342
809.765788
809.765788
816.453195
820.349787
720.178663
720.178663
720.229702
720.178663
582.990132
582.990132
599.789995
610.720872
693.468986
623.149597
655.337469
663.548891
663.548891
674.694938
678.900059
667.754012
634.977114
634.977114
706.162478
788.546436
706.953683
695.200807
693.782943
693.782943
612.996998
612.996998
676.728489
714.300952
690.431734
704.256248
697.010734
717.704793
688.259559
749.295854
727.805097
689.454998
754.366696
690.880893
625.969195
636.241477
636.241477
663.396436
663.396436
711.508270
622.326883
610.259069
688.227286
774.267766
739.323804
774.267766
774.267766
799.398042
657.945524
674.510230
681.308483
619.079496
667.425397
612.013360
636.227085
640.734025
713.620124
758.722598
696.880459
744.134839
772.264508
772.264508
692.502034
710.306012
692.502034
639.557892
562.035898
625.834711
625.834711
730.121348
747.169992
756.252479
737.656369
737.656369
673.161845
674.274080
777.370799
659.578042
667.651808
685.126240
685.126240
693.152685
686.086548
786.459303
793.786266
801.615797
801.615797
723.964020
668.188843
653.601085
707.396679
684.214232
639.219449
586.107016
644.908976
667.217965
635.583241
679.812513
679.812513
738.839943
587.430424
625.440516
631.896923
683.226845
683.226845
725.019513
725.019513
694.479813
689.982348
693.211668
693.211668
734.098098
699.892349
740.679509
740.679509
717.636231
719.936345
670.652927
722.196674
569.193684
627.244173
647.365327
691.353104
697.449796
693.227429
778.284453
739.291650
753.308424
767.896182
699.101921
638.279846
631.823439
741.990340
755.893491
726.696554
757.594738
792.753052
816.339653
816.325625
708.606652
758.000819
779.125974
801.854449
773.724781
773.724781
773.724781
808.858962
660.875615
709.101464
729.190287
662.655523
657.272324
661.566194
615.207382
703.451475
630.280748
603.265346
620.214571
646.910503
589.467063
651.309202
589.467063
692.879996
694.493871
619.091552
622.296728
622.296728
598.672533
532.886616
532.886616
504.995300
469.584341
491.449838
571.790906
688.294489
672.410515
672.410515
542.547490
542.547490
598.738536
757.926646
598.738536
598.738536
605.015798
663.819305
668.756834
668.756834
668.756834
743.589871
784.691135
743.589871
763.971105
743.589871
677.586704
598.890045
598.890045
571.588662
661.535044
660.811608
681.755677
726.120412
681.755677
650.974416
752.584527
676.544094
658.734272
729.053661
730.233867
581.534062
581.534062
624.401627
581.534062
538.351758
649.522243
614.585592
754.357517
724.220662
688.483033
684.361740
685.369370
771.505196
770.497567
684.361740
667.936452
705.563937
544.891038
544.891038
708.069458
647.935737
647.935737
601.216794
601.216794
539.994034
594.128701
552.101311
703.628368
703.628368
677.899799
686.991874
750.172259
737.013488
719.391854
723.007641
656.191203
656.191203
612.193684
636.379906
670.109233
571.824939
656.161392
656.161392
656.161392
665.137810
586.634157
716.497183
625.013362
641.762186
683.789577
747.011803
721.283234
605.932019
605.932019
798.210125
678.763080
613.522402
692.717470
694.520291
708.157327
652.571524
680.731730
756.530086
681.489239
614.475856
642.793869
650.995935
565.963084
556.464552
475.871136
475.871136
475.871136
694.403781
640.172918
649.217415
595.261144
665.722914
662.091336
580.168096
732.368746
606.403999
573.328010
650.387110
681.092281
603.389848
641.617149
681.856183
736.586066
643.479449
614.700399
717.796026
717.796026
663.663010
524.556001
595.998017
549.628378
595.998017
619.718418
698.027624
612.032716
691.001581
728.574044
667.191491
667.191491
748.967985
733.892940
733.892940
654.924074
680.369017
688.148171
688.148171
699.511468
670.732418
699.511468
699.511468
700.177652
667.454028
698.235290
705.623635
607.339341
583.684730
572.663892
559.290088
547.223932
715.484730
737.050650
768.102201
788.836094
784.508914
788.405506
784.508914
719.341450
582.152918
582.152918
660.047464
589.103259
628.638643
645.587868
695.982941
707.389815
657.698391
729.698889
670.671458
630.432425
600.285944
523.600944
592.509220
592.509220
503.612395
649.841590
682.699720
731.217286
779.213599
677.603487
677.603487
701.808559
677.603487
647.935737
665.999605
645.663182
694.180747
588.454774
588.454774
588.454774
628.382516
622.380172
610.717484
651.540200
757.266173
789.476421
789.476421
743.117609
529.794832
584.084821
515.776296
566.356002
630.697083
699.005609
739.797951
712.700009
712.700009
594.107587
594.107587
676.564159
727.655427
788.572558
811.570837
794.988748
702.819919
710.136090
708.388655
677.539389
642.950727
689.065915
736.864406
715.804379
800.536969
797.331793
768.487234
724.453226
689.294913
614.816941
663.163720
663.163720
663.163720
662.597233
682.198521
633.978235
605.459542
605.459542
720.380330
720.380330
686.353905
677.800385
670.783451
591.403673
743.592141
694.908449
571.373175
639.760242
639.760242
658.700640
617.877924
653.852346
648.996038
643.386960
719.427393
704.336793
657.906137
653.699147
728.381247
645.633133
599.529930
666.327734
666.327734
618.643051
705.595860
611.834012
538.444293
538.444293
538.444293
538.357413
740.609950
796.783151
785.070617
785.070617
778.495254
778.495254
710.992222
655.675815
744.779273
786.613821
795.595202
803.597497
651.505356
653.267033
653.267033
632.130823
633.559810
613.339292
658.033552
717.060982
728.032953
728.032953
725.061607
728.032953
736.106718
725.134748
725.134748
711.046202
613.700231
700.766447
654.393211
599.283374
588.741713
584.477572
595.071175
717.165559
717.165559
649.947652
649.947652
711.789791
732.673471
688.406148
712.726876
684.032901
687.334302
720.057925
687.334302
669.859870
685.344454
630.260692
631.011539
715.214069
698.671814
765.418703
737.240538
734.011218
693.983249
689.501806
693.983249
693.983249
667.971416
626.101312
683.380882
603.618408
661.259625
673.597532
629.368261
629.368261
629.368261
652.366539
629.368261
662.850635
673.852915
609.228206
608.365976
620.703882
620.703882
620.703882
538.927388
646.715716
618.824400
664.147742
664.263398
695.275375
723.428519
700.231932
700.663574
653.875546
624.254732
606.014110
532.005964
629.709116
677.705429
632.990468
574.171139
574.171139
574.171139
608.867646
583.946767
646.281762
648.059912
593.021944
631.805549
631.805549
632.813178
721.994565
721.994565
721.994565
700.606721
700.606721
759.408681
706.578466
652.645291
614.833992
614.833992
589.703716
610.642975
672.485114
688.917956
688.917956
644.322870
553.841102
689.716435
728.732981
728.732981
545.932757
587.686074
689.296186
680.618857
698.333409
698.333409
676.614085
658.899534
584.069603
680.452499
699.145039
678.008829
507.587792
546.644337
558.264170
591.041069
639.037381
591.041069
563.643809
630.723716
632.152703
713.557260
724.999990
712.757728
631.787763
631.787763
550.011269
536.307264
642.474609
558.701789
615.725600
558.701789
678.853655
578.502908
560.582573
749.826518
749.826518
743.370111
672.184746
652.500413
634.835797
782.819145
807.633618
698.973592
736.260965
736.260965
752.889359
712.726876
688.406148
688.406148
674.499575
688.406148
692.632807
630.577741
611.617301
573.961384
508.059811
734.122437
670.092277
730.776963
809.097852
806.717619
741.380771
764.465573
793.976592
793.976592
783.884300
773.983632
731.398237
693.850780
693.850780
685.962893
685.962893
685.962893
621.634993
572.744265
675.935721
674.958899
564.219003
686.313387
742.913341
681.935246
681.935246
668.580225
679.272779
684.358814
702.056295
638.250315
759.409811
791.620060
658.778938
657.292330
716.857322
716.857322
780.158353
797.632785
760.334858
777.390488
695.246599
695.246599
668.347124
689.337499
698.185933
765.142914
707.884337
706.379459
705.199252
791.239733
735.691990
784.957869
706.067086
595.327189
596.383209
748.299710
670.521752
643.264620
684.621815
735.949502
722.463725
733.288248
719.213861
717.290621
665.256227
696.371481
727.269665
782.971062
780.130490
706.256588
664.503271
705.353935
608.514947
636.631901
606.568580
610.384105
672.699999
636.485666
598.672533
572.777750
589.826394
602.335770
729.121938
766.933237
773.937750
683.991367
787.959610
683.991367
680.094776
700.828669
681.326449
685.800890
685.800890
603.895074
603.895074
603.895074
636.069983
670.932604
733.466267
753.067555
676.801046
655.522795
655.522795
658.818936
616.376926
630.132873
616.376926
662.503083
663.413932
609.183069
727.168480
609.183069
581.826903
592.072567
620.036474
741.034407
606.040395
671.275629
667.068638
636.195009
669.506510
706.727982
711.740426
706.727982
711.740426
725.643577
677.958895
625.952045
673.268312
702.390708
702.390708
710.777483
709.492455
664.605827
664.605827
654.732444
744.161314
758.574981
758.574981
746.658465
746.646283
746.646283
746.942967
693.135930
689.829924
686.222431
541.381524
598.707821
587.542888
630.806424
654.992646
737.740759
771.470086
803.106488
771.470086
771.470086
768.327646
788.581465
733.559577
710.104701
710.104701
714.241732
689.291329
632.372838
631.492186
565.324250
561.668438
551.459104
581.666519
585.873510
585.873510
616.654771
655.790187
644.858241
581.126750
581.126750
586.691370
613.192391
630.615298
563.904374
598.493037
654.268213
686.991837
666.835429
652.677463
747.800431
727.991795
727.991795
736.566142
668.036595
663.353443
698.802166
698.802166
698.802166
653.750142
641.461196
646.659552
744.122574
778.328323
772.291808
782.791946
721.664752
561.544222
626.455919
636.631901
673.980070
642.928519
655.822235
642.928519
520.834135
509.470838
518.652806
622.041067
622.041067
708.081547
622.041067
619.740953
599.100806
661.416699
705.684022
661.416699
588.488102
588.488102
474.624734
626.034253
658.757877
577.208206
651.519704
626.562097
789.299402
692.916506
681.986571
634.225769
633.474169
694.866609
661.095891
666.727280
692.453251
843.433158
759.480880
777.401214
679.082355
680.138374
688.253627
681.495768
674.652858
697.461851
730.107848
742.396794
758.016450
629.561259
700.446384
646.313369
571.348612
725.204675
704.950856
650.507945
638.320839
633.823373
633.823373
628.094238
619.999892
619.339659
620.332898
638.069376
620.332898
621.253647
678.175009
679.652371
679.652371
669.980465
685.074612
701.656701
631.027296
631.027296
611.581730
689.476275
529.064203
529.064203
555.760135
729.044871
729.044871
812.973191
812.973191
782.405241
708.899866
707.138188
704.734019
796.719847
766.097835
766.097835
766.097835
763.384164
687.206814
613.817095
712.101388
761.565123
747.809177
734.343119
777.934398
716.888235
777.934398
710.716491
686.395763
686.395763
697.925373
753.700550
753.404235
641.993043
634.926907
643.803245
604.936072
604.936072
642.252956
642.252956
704.797795
693.651748
693.651748
670.202171
635.996422
629.994078
540.928348
660.883536
643.261902
652.959933
646.834464
652.959933
712.196612
524.163943
528.060535
589.962872
670.543291
663.024963
693.806225
768.678862
716.820462
661.226778
766.294580
785.895868
691.892380
664.120805
677.272590
609.416890
705.591350
739.745768
706.661745
618.294842
755.483373
750.788643
755.483373
750.788643
744.867786
655.215482
675.289143
729.859674
707.732349
797.678731
738.935522
738.935522
738.935522
758.368760
765.211669
765.211669
765.211669
765.211669
778.967616
771.995175
771.995175
705.963231
701.204409
705.963231
674.951254
651.458286
661.564601
661.564601
656.807999
713.463828
725.389318
789.696757
727.352319
711.755369
690.764994
698.014775
648.315722
640.260053
647.433649
612.566889
635.475741
668.395955
668.395955
669.162370
660.032585
545.232206
735.685328
756.177155
759.332019
766.398155
772.952394
695.687523
621.716534
695.687523
692.813529
652.231838
683.243816
666.294591
691.424866
695.237663
785.905658
771.727266
815.768805
732.651198
815.768805
737.353398
737.353398
747.346675
624.542162
555.633886
555.633886
577.499384
588.862681
577.499384
658.309245
621.929810
665.193345
665.193345
651.397476
719.316761
692.632936
551.444700
574.669037
695.123380
723.636137
731.432349
755.893491
755.893491
729.187519
728.760766
791.982992
693.581002
744.201802
744.201802
662.457090
642.663325
642.663325
673.512590
706.442403
706.442403
547.758332
572.149183
603.202254
683.543322
679.575864
712.226274
704.277215
683.543322
683.543322
695.609478
716.837118
698.177283
726.068599
708.004731
726.068599
756.136465
726.068599
635.400605
696.222680
708.569785
725.369648
710.301548
677.784494
660.435948
691.241602
659.966048
762.584545
747.291272
787.219013
612.306566
621.517214
639.581082
639.581082
696.700773
720.569991
720.569991
741.188228
743.535476
755.798076
713.837122
705.795240
703.021705
769.860261
666.490491
774.278819
759.949592
678.173097
678.173097
787.063895
786.153046
785.837194
785.837194
711.359222
703.499675
713.148731
654.346771
654.050087
658.741871
650.045441
610.117699
699.299086
681.220492
699.299086
682.337963
611.264149
588.875997
643.795617
666.338502
762.102833
569.832104
627.566593
572.544704
525.868743
690.380443
647.065658
711.977356
707.683485
750.435395
756.896939
693.411137
589.442894
589.442894
537.810034
593.286898
625.499745
628.658872
633.755209
598.344250
707.253367
598.344250
579.383810
728.083616
735.038442
745.844616
705.057456
678.126838
752.811887
724.658743
724.658743
669.010055
786.920345
786.920345
793.522511
702.863948
689.058008
678.996831
653.507809
525.188748
524.393556
488.014120
488.014120
524.393556
559.551870
561.749221
616.502646
616.502646
582.410468
585.571865
637.248938
600.362496
617.110799
703.151279
682.770045
656.288696
682.770045
694.998879
580.078092
584.829103
584.829103
622.105251
634.021768
587.302824
587.302824
665.623714
533.690418
533.690418
533.690418
524.172025
617.144842
680.367068
664.203593
707.855534
769.078295
733.714083
789.602114
724.625799
717.915886
656.122647
712.828159
688.882006
684.559359
632.272557
790.906479
779.891963
724.479926
724.479926
744.519835
747.827400
663.299397
561.142669
610.837276
621.095313
629.137196
632.122836
724.108664
724.108664
692.575802
634.166566
602.401875
588.577148
646.843671
599.082869
680.743391
599.082869
691.251698
671.031180
626.328854
601.037886
678.225422
516.674101
642.188838
632.746043
604.424138
767.620129
591.953269
696.274124
696.274124
710.030071
724.789008
759.295949
658.017235
701.980597
715.332588
679.996403
700.087020
694.335705
723.020426
706.529229
704.358946
684.791218
684.791218
678.900520
679.956539
663.559591
663.559591
666.877779
660.119551
612.672291
714.760289
714.760289
722.709348
625.573677
590.922926
620.361976
786.944498
786.944498
667.043375
630.977324
609.419977
609.419977
589.038742
576.726189
585.482783
618.133193
614.827187
628.431413
590.693136
598.895069
593.004371
625.654781
689.471840
689.471840
746.390331
787.118808
707.415017
704.671522
704.671522
664.414124
664.414124
589.732023
616.994443
616.994443
651.284661
682.501670
682.501670
682.501670
685.972437
629.441460
614.437437
616.256265
687.283427
674.970874
585.868548
580.948727
724.434609
712.991879
606.594610
584.729113
632.489914
584.729113
583.731384
583.731384
583.731384
575.657618
561.994207
566.669235
571.150678
649.654330
699.353384
651.357071
651.357071
642.480733
727.756436
630.177442
745.202214
765.427870
770.296655
743.595880
755.512396
757.738822
733.810208
724.367414
713.825753
691.798655
819.856889
824.331329
605.482276
604.866844
663.668805
662.797629
662.797629
678.972974
644.767225
644.767225
651.033112
718.950534
756.226682
756.226682
678.574906
719.362066
720.791053
691.034288
699.862881
607.811461
757.281416
753.568504
738.161457
707.346854
707.346854
723.689946
778.260478
667.432242
603.700751
583.060604
646.728712
750.141645
718.779562
755.282693
718.221160
718.221160
773.304921
753.051101
724.729197
669.645435
673.527999
813.299924
819.256699
836.056562
793.074268
793.074268
640.071278
761.374309
720.587149
637.230544
558.579383
523.642732
682.830842
658.517284
650.433419
609.033049
762.889112
762.889112
827.026335
673.170272
791.470012
764.702395
764.702395
727.129932
727.129932
608.665504
608.665504
700.651332
690.441998
681.624634
626.831024
689.649554
765.093579
753.650849
797.399178
795.140809
784.237408
773.256130
738.894320
738.894320
738.894320
756.624519
804.146259
732.960895
579.104832
679.465994
655.145265
776.143199
727.625633
727.625633
806.265359
777.770089
727.656868
729.467376
644.434525
643.711089
680.763668
680.763668
680.763668
701.754042
747.351716
747.351716
735.799075
624.628590
638.975793
673.247916
607.389894
635.089852
671.622857
630.285164
708.103253
805.856268
822.656131
805.856268
805.856268
777.426387
821.455258
821.455258
793.593640
721.837339
693.684195
640.601689
712.418051
690.927294
690.927294
665.804979
698.322034
716.461259
716.461259
704.661845
666.500032
697.827862
697.104426
541.171520
644.140316
644.140316
569.483198
593.165238
593.165238
587.012495
672.261060
672.261060
675.287844
669.161635
674.050265
697.048544
682.939761
684.034270
708.813188
645.590962
718.913411
720.026546
772.313348
772.313348
734.289357
677.869690
681.248432
721.786729
721.786729
681.248432
681.248432
678.947367
678.947367
687.030331
698.393628
586.716160
625.772705
603.720749
721.706161
706.631115
721.706161
722.793382
701.524338
669.314090
700.950492
693.704977
676.649347
676.649347
676.649347
671.103143
676.649347
664.849933
697.708063
710.211936
735.656879
693.822330
683.024600
657.793338
727.165807
740.550578
720.296758
720.296758
719.416106
664.845575
633.209173
802.553885
777.781910
777.781910
768.594694
750.965218
756.197663
652.229420
597.207531
609.711564
611.026843
700.208230
677.000934
710.617696
662.503572
672.879305
671.414310
652.552312
609.370009
597.988643
597.988643
597.988643
597.988643
597.988643
666.101726
666.101726
667.574306
667.574306
704.972429
737.830559
601.955226
631.400460
539.620230
677.320428
539.620230
675.495564
699.681786
647.182893
646.572544
646.572544
646.572544
646.572544
627.612104
581.242466
559.376968
672.645117
677.513902
652.593023
585.195338
636.807044
692.637513
661.739329
657.373534
655.073420
654.392111
679.349719
757.013677
764.901564
764.901564
755.369343
758.485374
686.913676
687.961064
736.075188
744.158152
737.696607
744.158152
727.358289
790.335318
760.890084
736.931749
634.848713
577.837084
715.784242
684.251381
684.251381
684.251381
678.475512
649.879505
612.438402
612.438402
607.956959
607.956959
607.956959
740.214451
654.938749
587.435717
645.486206
734.589664
734.589664
734.589664
645.486206
680.644520
669.585992
735.454089
711.393440
788.714628
788.284040
739.653049
769.197452
739.653049
788.284040
811.282318
823.304858
827.568999
827.568999
668.643535
765.989505
794.869812
800.904604
777.860971
695.404399
695.404399
699.011892
718.579621
761.525593
821.837505
795.825672
684.934054
642.993526
718.536599
718.536599
706.189494
771.485498
771.485498
788.706540
685.515084
674.636910
732.080350
711.826530
711.826530
745.292122
675.932575
744.291314
736.266414
738.498005
702.813980
670.090356
758.718523
724.262091
690.023153
691.016393
595.640890
666.130166
762.642024
703.144384
709.696289
730.779701
709.696289
709.696289
620.620043
623.024211
557.032914
693.486651
728.947426
607.760751
735.116132
794.440504
800.418915
723.154045
759.292259
728.480682
666.638543
615.366474
666.638543
681.735232
698.484056
695.323821
695.323821
630.463163
695.323821
675.993029
695.323821
598.566611
652.795796
636.973316
671.480257
634.777983
557.960744
557.960744
639.702680
665.734728
670.209169
649.145164
731.311807
774.903086
798.627673
685.009453
685.009453
685.009453
711.689769
690.301925
707.073783
707.073783
724.171912
692.074722
739.234848
666.749258
621.512392
680.740140
680.740140
704.371689
693.684844
769.736314
785.355971
622.177550
608.473545
635.169478
725.807276
653.846544
618.915251
576.385483
576.385483
582.603054
668.643535
680.713803
677.078038
750.681043
754.862652
732.641160
705.636087
664.890070
702.102320
646.327143
646.327143
689.509447
688.714255
650.901122
677.228808
612.368149
612.368149
507.996321
555.992634
632.033067
689.244769
650.707052
627.898058
730.742856
730.742856
652.581755
573.446481
542.331227
542.331227
698.115868
825.814021
825.814021
704.538042
689.244769
665.434678
595.994324
671.548365
712.589241
699.344168
589.260460
561.100254
561.100254
589.840416
741.141951
741.141951
642.365510
636.996339
628.362768
717.833620
714.526055
669.705867
659.716857
732.309745
715.678133
741.926618
741.926618
788.714646
777.472541
673.504299
669.191147
733.105481
735.776176
723.128205
824.406919
783.050191
780.818599
822.491180
821.026186
754.994242
693.737026
693.737026
735.582747
710.803829
689.503449
652.462409
602.046897
602.046897
592.188407
642.583479
599.831570
583.148785
705.377797
761.265828
714.546885
695.721566
670.949591
716.545205
629.033861
629.033861
716.545205
761.100831
785.421559
714.474921
714.474921
714.474921
713.366945
713.366945
696.875748
673.721834
694.213661
688.692633
716.079158
770.213826
762.304862
595.668114
594.320285
570.022678
567.787792
546.378401
623.195640
623.195640
642.768151
638.952626
638.952626
632.496218
550.719724
563.352613
526.973177
623.076312
618.278107
571.853175
707.360484
765.228547
767.031369
725.270330
510.131602
683.416338
683.416338
683.416338
732.277284
675.861964
719.634765
785.666708
762.757856
750.157464
705.862705
738.188611
731.566339
734.606517
755.561063
674.357312
737.421725
702.911826
702.911826
687.530652
784.629660
752.993257
755.397426
675.971790
670.450762
660.856156
633.499990
650.870713
716.170232
651.862793
648.387813
717.182074
778.286242
656.768735
673.517560
689.988977
690.899826
669.409069
669.409069
668.498220
670.589276
670.589276
689.675864
674.399632
643.182623
711.541361
711.541361
563.252384
591.405528
579.489011
549.549169
593.578039
593.147451
593.147451
583.396814
624.824788
600.761556
543.737745
703.858275
715.221141
655.181824
643.634244
689.734835
632.711024
552.948551
574.062448
577.164864
587.706525
564.591008
679.511795
552.302062
542.056398
592.700426
659.918333
665.493217
712.170270
586.280477
559.125518
559.125518
582.752693
622.913090
719.004469
679.754114
651.862798
631.222651
631.222651
631.222651
770.446176
783.094147
639.988058
544.713808
544.713808
567.660136
567.660136
567.660136
703.214506
703.645095
720.355508
653.495886
673.097174
580.815224
688.402072
630.351582
630.351582
642.064116
731.353626
691.397340
716.169315
743.772897
650.666280
637.650062
623.870995
623.870995
628.884918
596.367863
596.367863
595.274537
592.288897
657.200594
629.522207
629.522207
630.569595
630.569595
679.523423
675.891845
652.668304
813.236501
820.486282
813.236501
826.751055
834.000836
830.980503
713.187746
653.843210
550.454949
619.363225
627.660108
559.547024
710.956543
763.473933
754.381858
791.443391
739.584990
683.990166
723.694829
753.994779
640.726631
671.361442
668.321263
668.321263
670.296662
732.641100
655.751960
689.678638
637.529370
540.690382
540.690382
628.305686
713.338537
718.108164
713.349342
719.109100
719.109100
751.526417
760.726319
709.049246
586.848009
585.985779
572.769183
583.488477
626.240386
672.323904
673.783335
673.783335
602.332147
648.761624
665.252822
613.124681
708.407174
613.124681
715.010072
715.010072
686.165513
709.975603
699.820765
699.820765
699.820765
616.052283
784.130046
708.331689
689.235392
708.331689
737.469459
668.096708
665.303098
666.483305
666.483305
666.483305
691.871105
707.055416
718.971932
718.971932
741.970211
753.499821
667.956736
616.904582
693.793722
628.413230
554.405084
557.610260
661.071520
661.762935
661.762935
661.762935
573.398912
545.804279
550.011269
575.754754
679.216014
736.588987
707.770392
746.905808
767.751162
767.751162
764.224571
757.768164
808.188683
808.188683
761.409678
805.438549
761.409678
640.281451
720.622518
682.971352
682.971352
682.971352
572.634061
476.943250
598.540272
742.826567
775.295981
744.446715
677.228808
680.762575
626.627907
503.398383
503.398383
558.926392
503.398383
469.126259
469.126259
515.534786
556.357502
691.924306
702.030621
702.030621
702.030621
691.924306
653.606618
623.346241
701.591670
804.783126
832.961291
850.582925
813.284997
803.752777
803.752777
797.096679
797.096679
800.082319
628.154895
544.637736
549.144677
662.897095
662.145495
593.237219
593.237219
683.152732
683.583321
639.554450
731.371578
653.050689
584.142413
663.731718
797.304856
834.877319
834.877319
698.997940
726.255071
647.731001
678.359445
678.359445
659.699609
757.703224
658.524140
596.320157
598.551748
748.965091
663.686484
640.059309
580.019991
607.911307
561.303400
533.947235
554.545172
590.559477
802.826235
799.351255
587.084497
594.365788
629.839954
625.853470
681.632412
721.346842
721.346842
721.346842
614.344829
614.344829
692.534707
664.931125
759.792618
661.390628
669.043003
565.074761
565.074761
731.450682
755.105294
613.095421
678.622196
709.713932
678.856901
713.933101
678.856901
662.146488
698.003639
626.552451
589.296395
515.906676
518.206790
532.569079
530.475821
552.341318
591.221672
552.341318
587.678896
600.830681
698.340320
671.839299
731.183835
719.654225
718.729983
600.937226
591.697827
591.697827
604.121585
715.013203
763.127326
758.945718
758.945718
826.965504
799.568245
730.033771
730.033771
635.750623
573.957384
600.586183
675.416113
673.827775
642.978509
647.867140
699.602304
692.186579
632.147262
632.147262
746.190618
653.383006
659.304813
659.304813
591.907128
591.907128
591.907128
744.003754
773.630981
622.146522
704.052338
776.975585
721.627274
720.016082
713.554537
630.806424
775.915776
755.826954
761.125501
716.524159
685.307150
685.307150
651.686698
704.356932
711.807112
706.721077
711.412861
715.492492
715.492492
643.544038
667.060481
646.490758
629.016326
629.016326
666.829459
666.829459
666.829459
664.597867
724.968978
565.780868
565.780868
664.065161
689.296424
549.727608
625.594235
607.791427
567.367814
723.703325
686.947845
686.947845
629.172435
718.353821
559.152396
592.287903
539.860627
526.191174
588.105842
562.094008
713.791821
716.535317
705.993656
710.685440
674.671135
669.301964
666.558469
609.243116
641.453365
641.453365
687.688125
706.135665
709.278106
791.527024
712.101388
710.037345
710.037345
714.721847
714.721847
714.721847
723.813922
620.845126
613.817095
648.347157
648.347157
618.046453
658.220257
736.175757
692.602211
692.602211
614.646711
619.601714
708.993191
708.993191
677.609705
637.581736
759.099243
837.514650
734.206752
537.908679
650.797179
630.157032
604.145198
715.055289
579.138131
615.517567
620.909859
615.517567
707.228368
711.420204
711.420204
655.645027
652.531363
791.638373
746.277234
679.597428
655.276700
623.743838
623.743838
748.816469
719.126570
725.017267
630.578032
729.131743
596.661626
558.343938
599.166654
587.785288
588.919219
632.357373
584.596572
619.103513
658.614662
658.614662
702.362991
712.482434
712.482434
702.968211
704.577188
718.080385
707.150450
665.517542
647.453673
630.405297
630.405297
646.207797
703.881489
545.697167
624.807863
714.000082
754.822798
754.822798
758.705361
717.882645
717.911422
710.577937
666.088505
656.996430
697.958900
751.511630
715.390042
705.971988
734.320759
642.177765
642.177765
734.320759
625.349620
603.222295
654.998491
652.856524
612.110508
630.054317
597.896742
597.896742
687.653887
728.382364
728.382364
728.382364
651.335624
506.494717
506.494717
482.173989
575.280606
639.012097
675.249342
670.105913
670.105913
668.352750
724.175374
662.571372
638.642758
643.060777
641.926847
641.926847
666.400135
591.512080
606.941450
620.604861
616.949049
587.509999
611.137174
636.524973
620.846857
731.738475
722.565454
642.802980
638.111197
638.111197
638.111197
612.308337
652.336306
612.308337
619.001033
643.298640
619.001033
626.653408
736.242320
689.833793
709.417215
602.422188
602.422188
618.100305
643.443505
682.427844
655.165425
689.371174
681.541643
724.443384
785.355971
809.302124
765.529323
792.225256
759.807939
681.162083
681.162083
683.396969
677.487869
737.382173
692.679386
647.593022
576.141834
647.593022
710.573609
704.513628
704.513628
744.232925
707.494888
736.465642
636.353684
601.631118
656.392210
709.476146
708.107344
650.331624
548.424119
552.631109
630.876539
630.876539
634.668581
669.391147
673.277546
681.911739
680.108918
681.911739
673.277546
533.505622
558.463229
558.463229
558.463229
615.848873
634.935461
634.935461
579.913572
746.624087
761.808399
743.463322
712.565138
668.415591
668.415591
600.248448
663.734251
663.734251
731.901394
663.734251
642.165436
663.734251
663.734251
683.335538
793.412058
740.345870
746.295505
741.045697
668.858163
668.858163
649.067424
736.449497
649.067424
752.480358
649.288901
649.288901
649.288901
649.288901
550.886912
550.886912
550.886912
568.472411
631.652796
649.716664
586.536279
592.571072
586.536279
660.041655
608.231443
701.401955
696.493075
696.493075
557.386065
638.195927
571.123432
631.746931
640.751867
615.364067
636.279624
590.477441
583.348186
583.348186
509.571126
511.975295
629.768052
526.671332
607.481194
698.161370
677.144675
632.614989
638.046720
651.802667
703.218191
703.218191
544.131515
598.702047
699.335628
572.715488
572.715488
699.471195
690.594857
699.471195
754.883232
756.801710
739.327278
756.343595
640.366788
729.559007
713.969793
715.398781
703.868969
715.398781
684.326737
684.326737
673.664217
616.956259
641.069644
660.502882
720.337782
684.521674
684.521674
690.412371
700.660821
635.364817
596.308272
595.581000
628.672917
651.803120
623.673452
628.154895
628.154895
628.154895
668.547074
753.397010
703.761415
641.216576
641.216576
607.045234
751.817699
751.817699
685.878124
733.559971
733.559971
761.312474
616.471568
596.677802
593.032216
633.711558
636.209161
702.212328
696.691300
593.003439
727.970569
768.649910
708.337999
708.337999
573.370869
573.370869
630.339409
611.966485
522.495633
651.652273
660.285844
627.120213
609.199879
609.199879
686.349093
609.199879
713.785852
620.813035
595.682759
628.199814
626.898049
681.357947
724.109856
731.224516
729.913674
706.915396
699.499671
706.915396
731.187121
733.379388
711.598106
706.915396
714.175872
731.224516
731.224516
719.927620
748.080763
676.324462
675.601026
646.159723
646.159723
667.460104
708.422573
708.422573
657.708295
603.901259
660.457527
697.093925
696.416538
681.665701
681.665701
720.946432
717.786198
688.670919
672.245631
615.825965
677.018768
786.136111
684.954636
684.954636
673.972860
675.734538
717.761928
654.963956
669.311159
681.333699
615.732065
657.602169
725.934005
686.388640
685.341252
610.081462
597.591834
597.591834
597.591834
597.591834
629.601906
656.859037
614.827759
656.859037
713.278703
713.278703
737.339353
693.808233
716.957755
721.649539
731.695670
731.695670
749.616004
749.616004
823.624150
823.624150
765.194531
705.849996
698.676399
704.678742
601.470489
601.470489
729.890653
698.676399
698.676399
683.585799
683.585799
600.837685
591.394890
556.122719
728.052219
641.170946
627.939642
626.136821
660.643762
722.437001
680.683684
662.368116
661.690729
800.797739
844.061274
761.894631
644.101874
583.184742
583.184742
583.184742
641.030657
637.555677
645.629443
645.629443
673.552095
665.375905
665.375905
587.056668
597.960069
597.960069
587.695076
605.275913
605.275913
656.184933
633.638698
673.877119
673.877119
659.230877
659.230877
669.950171
652.224525
660.435948
638.308623
692.443290
701.390932
705.704084
671.197143
686.804522
739.916806
740.345576
740.345576
740.345576
789.611455
784.916725
769.012386
609.106434
548.639974
617.352664
548.639974
521.283808
521.283808
650.940643
650.940643
552.348712
552.233055
552.233055
552.233055
552.233055
675.145715
619.497026
627.570792
627.570792
683.219480
625.833837
657.366698
612.371916
559.854526
559.854526
559.854526
573.679041
573.679041
617.320072
708.248353
707.120202
630.188617
630.188617
648.533694
648.533694
631.517377
631.517377
608.697860
614.090152
613.081431
605.733918
618.081023
605.076987
605.076987
568.484248
541.097723
607.499909
656.130899
620.793322
714.605526
690.400038
693.426822
760.644728
773.723288
564.429680
555.247712
699.245316
682.820027
788.596171
700.456368
662.472229
662.066497
670.192446
682.108962
682.108962
716.759713
746.967128
776.104249
634.123245
634.123245
752.952319
709.076477
583.064620
583.064620
664.488491
571.175801
580.357769
642.774055
644.675453
707.220292
697.006947
697.006947
689.177417
689.177417
729.964577
504.152172
504.152172
509.071993
512.483791
588.170333
588.170333
512.483791
512.483791
551.459104
753.507197
712.828159
718.883944
647.034726
640.117801
640.117801
614.685040
614.685040
576.871908
575.961059
531.997697
610.158798
671.224944
679.367649
671.224944
640.212967
590.947088
615.798225
615.798225
610.862371
581.940805
585.570761
585.570761
595.780095
619.985166
682.771645
716.895389
594.801005
625.389541
672.639831
672.639831
672.639831
740.142863
692.982736
754.406883
755.134155
755.134155
643.963670
709.345930
624.050302
624.050302
709.345930
702.723658
706.135456
694.587876
683.606598
587.662164
572.368891
572.368891
544.294960
572.368891
604.885946
654.462708
597.251006
573.623831
561.195106
779.360618
803.751468
762.394740
768.315598
697.824454
677.730038
683.592832
783.965587
763.584353
767.171187
734.313057
672.470918
704.767790
624.287474
578.343936
578.343936
578.343936
601.743676
578.343936
578.343936
585.298749
600.546277
560.307243
560.307243
640.787558
644.989810
588.356554
686.758544
686.758544
749.938929
686.758544
680.808909
720.086031
780.872151
780.872151
703.410355
674.234925
703.924824
689.541596
678.569625
678.569625
720.404173
581.212481
565.237682
565.237682
629.660777
613.959834
613.959834
605.904165
670.060614
640.234176
696.307037
696.858362
699.970760
699.970760
691.525422
664.263003
626.027655
626.027655
638.407271
626.027655
619.144930
626.027655
626.027655
733.213059
603.857016
628.064090
603.857016
625.395864
625.395864
625.395864
603.007712
636.222495
636.222495
688.649770
664.444699
664.444699
688.649770
636.222495
636.222495
630.493359
634.698480
634.698480
640.325114
605.818173
605.818173
669.205421
703.315262
703.315262
759.915216
689.425939
645.462578
645.462578
645.462578
652.708093
706.418529
728.199891
728.199891
683.919229
683.919229
683.919229
698.700566
698.700566
717.535711
669.676448
659.775779
659.775779
646.697220
649.839660
649.839660
731.616155
785.750822
630.095352
573.564375
605.734132
621.027405
689.386144
654.924650
654.924650
601.472469
646.086930
703.110741
703.110741
726.083728
726.083728
646.510787
613.993732
646.510787
607.494241
607.494241
607.494241
606.998178
606.998178
602.129393
463.022383
527.159606
543.134406
543.134406
657.189158
657.189158
737.453020
696.351756
674.055670
658.148304
765.143330
805.535509
698.540483
698.540483
698.540483
667.728906
667.728906
654.262356
663.370404
702.073705
708.535250
710.473502
752.343606
738.884266
686.043137
733.929026
680.376296
699.645860
699.645860
705.671679
704.760830
704.760830
640.327336
651.062950
676.697279
729.174023
742.734319
673.293965
665.220199
665.220199
596.568111
648.995386
492.463762
531.480308
498.396285
531.480308
625.595647
664.570960
657.243996
657.537207
624.804126
624.804126
666.160854
588.496896
554.095561
636.262204
659.889379
599.135219
596.835105
605.122564
605.122564
598.074234
630.851132
655.973448
701.142908
685.157014
698.308799
698.308799
698.308799
695.831684
714.587173
714.587173
717.742036
629.602233
610.942398
624.158994
624.158994
624.158994
624.158994
624.158994
689.394227
689.394227
672.961386
591.300864
591.300864
630.812013
619.011153
748.315169
829.975691
690.868682
805.929888
662.367029
710.159482
724.118694
741.980403
772.829669
756.925329
747.500715
747.500715
759.418706
833.908169
762.456981
823.369568
733.367757
762.146807
774.435753
728.558574
705.595860
729.916588
769.565417
685.967750
654.434889
654.434889
725.462051
725.462051
729.684418
701.074804
628.188705
628.188705
628.188705
620.550762
635.525862
637.012469
665.791520
665.791520
665.791520
627.564219
627.564219
540.899094
540.899094
540.899094
603.234089
603.234089
540.899094
550.341888
623.847264
623.847264
565.045303
623.847264
626.859785
641.373724
705.172536
705.172536
726.722181
730.577718
753.964476
808.099144
813.184424
809.647555
732.498341
726.548707
784.754353
726.548707
582.880190
609.669869
686.907074
716.649714
680.697031
680.697031
635.697595
572.029486
689.915021
689.915021
689.915021
690.923742
690.923742
669.142380
669.142380
722.322868
722.322868
721.142662
558.454014
558.454014
518.230459
556.043592
556.043592
594.923945
594.923945
594.923945
612.458912
612.458912
578.438006
578.438006
578.438006
578.438006
618.465975
596.600478
596.600478
596.600478
619.824019
622.408209
622.408209
625.859130
621.441112
712.597587
707.728771
707.728771
707.728771
679.216014
664.483318
706.236635
688.590983
688.590983
662.696200
662.696200
729.336999
729.336999
745.223570
764.786754
727.214291
687.437172
698.932552
698.932552
761.276990
736.886139
725.505552
678.168193
656.758801
803.648868
784.989032
797.164289
792.851137
770.658982
769.651352
769.651352
734.680771
745.038210
773.360115
813.965244
813.287857
702.174751
697.852104
669.530199
713.351677
756.533981
804.215828
780.010756
735.433780
566.491673
525.207150
531.592976
607.932588
604.050025
532.446048
524.234625
529.004053
529.004053
529.004053
540.385419
583.567723
583.567723
583.567723
682.495579
673.619241
682.495579
677.126408
592.627609
672.390083
648.069354
601.699716
585.724916
643.246467
696.719336
745.571328
743.407333
732.688039
744.976985
744.976985
744.976985
746.808583
681.947925
668.433371
666.622863
646.369043
646.369043
646.369043
604.534495
727.339007
731.652159
653.949726
649.144931
602.736404
658.019119
680.611888
735.264478
735.264478
747.383337
597.913382
715.115467
693.846423
693.846423
690.434625
750.358041
704.165290
704.165290
632.781060
767.024067
631.106909
659.944134
659.944134
670.663428
743.032134
726.844854
654.193700
575.650707
615.678676
614.754435
677.934819
677.934819
677.934819
677.934819
699.203864
658.965442
688.410676
708.505092
681.053173
612.523626
605.716644
605.716644
598.007418
525.869428
525.869428
525.869428
525.869428
525.869428
521.575558
521.575558
589.688641
643.823309
589.688641
604.239780
579.848929
579.848929
546.928716
546.928716
559.438092
559.438092
546.928716
546.928716
561.983372
561.983372
561.983372
556.872364
556.872364
550.963264
550.168072
552.365423
552.365423
703.345330
702.469071
645.938094
626.365583
645.938094
661.535044
661.535044
661.650701
661.650701
663.768302
653.661987
709.492455
710.777483
629.035547
629.035547
625.893107
625.893107
625.893107
611.359942
703.458929
761.683214
779.486687
761.683214
736.306058
624.628590
628.951237
730.561348
689.276826
639.582218
639.582218
624.238733
532.872889
628.817322
628.817322
628.817322
646.875628
712.661545
727.249303
727.249303
645.472809
727.249303
742.359695
685.759741
690.451525
621.543249
621.543249
610.512131
639.392438
639.392438
616.334351
544.256832
526.671332
525.242345
525.242345
628.339065
706.331678
753.491805
746.566701
744.589285
769.546893
736.422283
609.788962
617.662252
599.942652
613.039677
554.534210
552.819943
584.157590
588.470742
593.240170
651.983379
651.983379
626.088597
647.329048
647.329048
647.329048
744.675019
713.825753
713.825753
686.425277
629.401466
649.640406
686.227707
636.938353
638.700031
638.700031
649.681309
657.892731
657.892731
650.004845
586.519042
584.617644
671.705230
678.312339
760.770143
740.281701
755.901358
708.074152
714.400916
777.116160
715.213823
614.669145
569.937582
569.937582
607.748881
538.925604
682.613144
682.613144
647.275567
647.275567
654.483476
654.483476
647.275567
699.181648
702.647651
702.647651
645.533050
608.492011
608.492011
683.325047
725.189675
725.189675
725.189675
699.463703
763.131812
715.447129
719.343721
512.399401
483.261631
518.486134
518.486134
518.486134
626.072982
797.631101
690.044253
693.351818
632.965919
632.965919
632.965919
706.288368
706.288368
706.288368
571.347203
571.347203
659.417613
632.186150
651.304457
783.561949
718.394485
718.394485
696.903728
685.922450
626.171611
652.066394
655.478192
664.371278
641.746591
679.331411
679.331411
638.585394
638.585394
597.247700
597.247700
600.775155
704.188088
682.800244
638.802725
636.059230
640.234688
598.653843
598.653843
603.608846
655.474717
620.138532
623.033556
700.697514
617.340909
612.859466
612.859466
612.859466
612.859466
660.247865
660.247865
689.618262
682.552125
628.337730
687.565478
652.571524
678.297496
682.674349
682.674349
683.425948
762.394814
763.086229
652.194611
742.140994
668.537989
614.342495
660.341918
674.120986
802.364434
802.364434
738.565621
738.565621
738.565621
744.316936
750.403669
666.040791
655.059513
661.176962
661.176962
673.605687
673.203081
673.203081
647.370126
580.152220
628.266343
579.635353
618.610666
618.610666
618.610666
622.423463
645.756379
622.423463
692.463492
610.006920
675.407967
762.104845
640.010461
615.712854
615.712854
669.455695
669.455695
638.390295
596.994559
596.994559
615.712854
613.823153
638.120760
597.881726
597.881726
590.947524
648.262877
693.314900
693.314900
676.083375
693.314900
693.314900
791.716890
774.485365
771.844194
802.051610
799.307151
799.307151
799.307151
759.480820
704.910289
712.798176
763.422237
618.581330
557.758379
557.758379
557.758379
633.798813
633.798813
681.591265
719.519835
710.077040
732.805515
813.775479
813.775479
799.187721
733.586087
593.814162
612.913158
621.240042
680.921415
677.450648
664.544662
664.544662
631.686532
617.736796
599.303017
654.715054
710.229267
704.318836
705.747823
652.663887
707.153366
658.506147
658.506147
658.506147
590.328573
738.311920
737.255901
714.643363
714.643363
712.675648
588.092986
601.756397
601.756397
537.957584
504.472254
504.472254
504.472254
683.520676
688.702276
650.736017
612.032716
642.813977
642.813977
642.813977
681.517279
706.331752
749.055866
727.919656
691.106109
592.248177
592.248177
592.248177
612.674859
612.674859
656.638220
673.220309
694.174855
733.267208
689.303846
686.059983
637.428993
636.751605
616.324924
682.328091
682.328091
683.134214
629.365181
570.422080
598.551748
598.551748
699.966259
667.440159
667.440159
667.440159
667.440159
647.481168
647.481168
718.508330
738.762150
785.170677
772.964938
759.850843
678.880878
678.880878
678.880878
674.189094
704.256960
639.763528
760.761462
749.226159
749.226159
749.903546
703.495020
715.832926
726.905268
636.958886
664.099119
781.891876
812.223573
706.008611
739.672820
716.449280
720.713421
683.672381
687.936522
689.855000
652.200544
568.008323
630.366924
721.534080
721.534080
644.124039
618.395470
597.126426
577.553915
577.553915
577.553915
668.742912
624.714042
668.742912
663.102682
654.126264
628.714944
631.920120
593.761904
681.832314
680.921465
704.797795
642.252956
553.187226
548.318441
544.791850
559.885997
559.885997
594.822648
632.150092
659.129800
705.335375
739.507106
716.508828
740.806435
727.481077
727.481077
731.950243
720.927616
724.132792
728.586367
763.787106
763.787106
728.586367
724.703804
743.241016
743.241016
705.217024
693.912311
749.425003
742.968596
742.968596
755.751244
704.507692
704.507692
689.413545
591.129251
649.233549
600.886770
661.198682
661.490224
656.404189
672.378988
737.239647
711.611841
771.390331
764.140550
757.863288
726.811738
704.784640
644.471393
704.784640
715.756611
642.251235
642.251235
738.313701
738.313701
736.827094
665.375905
648.581302
656.233677
639.808389
639.808389
644.315330
736.285532
695.557055
639.726587
694.748476
619.488686
619.488686
619.488686
619.488686
635.831779
635.831779
692.362756
544.379408
560.961497
578.676048
578.676048
546.465800
568.004647
568.004647
555.495272
555.495272
677.589656
785.202224
671.175569
645.855843
564.657259
645.855843
564.657259
572.090473
797.310526
572.090473
572.090473
513.637378
528.731526
528.731526
701.560141
686.465994
686.465994
686.465994
653.545780
629.517709
590.915513
590.915513
609.327911
678.931393
678.179793
767.361180
787.930903
538.796411
538.680754
605.478558
628.287552
628.287552
628.287552
617.870875
592.493719
558.910698
550.699275
581.752347
550.201345
616.896565
616.896565
660.160100
629.102484
629.102484
768.605738
751.805875
740.616630
596.929090
623.625023
629.837371
674.975633
647.355686
643.643938
630.385984
614.841773
634.343993
634.343993
622.796413
622.796413
688.037091
668.469362
649.040544
676.297675
616.102930
668.530206
649.027986
714.554761
714.554761
700.950536
731.526765
740.508146
664.252075
660.801154
742.543089
742.543089
742.543089
742.543089
753.906386
753.906386
729.127468
696.910641
679.539918
636.034083
603.383673
630.523907
634.159671
634.159671
634.159671
602.706286
634.159671
634.159671
634.159671
634.159671
634.159671
575.227031
559.465854
559.465854
559.465854
559.465854
613.272890
548.036289
567.122877
567.122877
567.439285
593.576919
591.175819
591.175819
591.175819
572.089231
675.280687
632.157134
635.458535
694.401637
726.845347
644.678705
644.678705
612.234994
564.309105
559.223070
641.679642
583.226548
583.226548
583.226548
656.112647
573.656075
561.730585
644.112298
644.112298
623.858478
623.858478
627.674003
731.642246
689.777619
545.007957
545.007957
534.466296
532.231411
532.231411
621.297141
688.369636
702.194151
673.349591
688.443739
719.438688
746.490106
721.638968
720.350153
764.579424
746.876510
700.900204
718.603118
772.737785
772.737785
731.381056
707.852436
690.149522
690.149522
674.830113
694.263351
694.263351
620.966179
639.562289
643.354331
629.750106
545.821785
550.115656
582.766066
610.705218
659.186812
683.577663
683.577663
717.198115
717.198115
717.889530
717.889530
697.044176
700.070960
672.179644
606.883640
775.144438
769.344678
773.657830
773.657830
739.251116
704.050378
778.058525
681.219537
650.002528
645.528087
652.429916
643.855569
615.321184
533.337507
628.331761
742.084179
621.086246
621.086246
610.741495
715.809298
748.866197
711.293734
754.476038
694.552622
706.865175
691.532430
685.334015
640.732673
686.847861
697.819831
695.106161
675.163904
675.163904
675.163904
585.735034
620.601795
630.475178
566.676365
566.676365
476.038567
624.633973
672.394774
599.005055
599.005055
587.598181
709.509650
688.827224
673.938545
534.369729
669.349040
627.623030
627.623030
627.623030
627.623030
683.695892
683.695892
627.295702
697.925106
697.925106
697.925106
648.663565
623.381839
623.381839
623.381839
612.361001
612.361001
617.262059
572.210036
572.210036
537.038672
702.539166
756.346202
762.372021
787.502297
806.098406
806.098406
685.967750
722.522700
685.568731
636.937741
636.937741
636.937741
697.966875
739.782574
617.871105
662.923129
699.598334
684.032901
639.146273
639.146273
720.188367
720.188367
759.244912
788.382033
731.851056
647.276883
647.276883
646.229495
671.080632
671.080632
671.080632
671.080632
669.142380
669.142380
730.901449
612.110508
601.901174
590.396723
591.191915
591.191915
532.782912
532.782912
532.782912
532.782912
532.782912
541.929392
541.047320
541.047320
541.047320
541.047320
621.852763
621.852763
627.849383
627.849383
627.849383
672.078654
607.338825
607.338825
621.852763
541.047320
532.660545
532.660545
576.689415
576.689415
576.689415
576.689415
683.176786
635.180473
628.594573
626.294459
674.345548
674.345548
679.201855
724.797469
719.941161
715.249378
694.955645
731.935322
752.189142
678.977110
645.607910
706.039219
698.173557
681.776609
711.556981
806.602274
762.307963
763.736950
770.435141
720.736088
688.219033
734.560602
694.136990
717.504481
635.360592
659.565664
738.733692
612.759709
634.459108
634.459108
634.459108
523.567490
533.870315
628.309550
628.309550
628.309550
625.001985
597.847026
597.847026
597.847026
644.788110
646.996166
727.806027
688.148428
688.148428
688.148428
655.631373
645.752597
636.570629
634.546809
648.325877
648.325877
683.930625
666.200426
625.454409
601.175525
601.175525
601.175525
591.917573
591.917573
673.840812
674.575212
676.938423
706.920192
740.004215
740.004215
770.785476
548.057511
533.983124
530.327312
530.327312
692.408226
692.408226
700.410521
683.919323
667.337235
708.276229
651.737983
681.164717
688.514148
623.218144
623.218144
609.752086
635.974040
635.974040
635.974040
609.752086
609.752086
688.915630
582.448070
600.833949
600.833949
716.048286
726.347366
737.642256
725.304349
725.304349
707.158832
608.605121
715.705061
676.824707
677.255296
677.255296
588.627128
588.627128
588.627128
588.627128
588.627128
588.627128
588.627128
582.566542
582.566542
602.787060
602.787060
587.025883
587.025883
577.928305
577.928305
577.928305
727.722161
741.003939
741.003939
741.003939
693.566673
693.566673
676.359806
624.880518
636.347986
636.347986
639.228979
682.278044
747.872734
669.627305
667.623328
694.452511
624.659042
649.950010
689.461045
792.557764
695.211793
775.947842
685.279847
744.023057
696.190914
655.401212
558.482873
558.482873
558.482873
540.419005
539.667405
556.616630
556.616630
556.616630
556.616630
556.616630
582.511412
575.535968
575.535968
579.667759
579.667759
609.402328
570.553420
570.553420
706.470578
763.104844
715.944717
660.860956
597.129465
659.238556
740.500062
740.500062
756.675407
740.500062
684.242357
655.271603
635.585098
667.070828
655.358294
607.682810
642.449741
642.449741
610.808992
674.294795
644.354953
644.354953
611.891870
609.953618
692.481712
694.901733
694.901733
697.946342
641.531022
627.179366
647.819514
647.819514
647.819514
652.300957
586.841418
611.688842
622.719959
622.719959
650.611276
573.444960
536.689481
514.072384
514.072384
514.072384
514.072384
514.072384
596.600478
596.600478
596.600478
780.667162
713.566948
724.253794
713.566948
713.566948
712.839676
708.632686
616.770234
616.770234
642.560167
652.258197
613.377843
578.205930
629.114950
652.273331
607.731089
620.159814
620.159814
619.166574
617.942612
668.191052
668.191052
670.422644
670.422644
683.519669
713.620679
713.620679
597.794908
597.794908
680.482251
677.672308
658.099797
581.806036
708.019172
704.992388
710.423341
632.652865
632.652865
632.652865
644.016162
701.039973
772.476486
823.513250
840.292090
754.160918
706.989607
706.989607
706.989607
764.956143
732.355127
732.355127
704.928538
704.928538
690.340779
690.340779
690.340779
550.568854
578.698523
578.271770
589.202647
589.202647
589.202647
589.202647
589.202647
694.003991
694.681378
638.150401
634.656922
634.656922
619.562775
683.472455
645.245154
735.913149
723.324905
723.324905
695.474741
715.728561
765.020601
715.728561
725.937894
696.800124
696.800124
725.295394
712.368538
667.791562
676.875900
610.196094
610.196094
609.935267
609.935267
720.826885
718.964334
660.719820
600.253359
611.718165
575.015891
719.856797
716.218181
651.306484
651.306484
662.773951
651.306484
737.630575
719.900376
719.900376
733.682841
697.177654
599.785704
599.785704
599.785704
602.928144
591.449191
647.391043
651.102949
689.104384
633.661982
621.591714
621.591714
621.591714
647.486497
556.848699
556.848699
589.768912
610.832917
606.076315
592.285812
583.156027
541.212103
624.708137
701.973008
681.752489
701.973008
701.973008
685.925490
685.202054
690.006850
690.006850
690.006850
717.750170
717.750170
770.177445
570.933848
614.116151
614.116151
547.318347
541.949176
579.297345
506.411247
506.411247
584.656676
523.160071
523.160071
524.411714
524.411714
524.411714
524.411714
524.411714
566.807025
532.770751
532.770751
531.908520
641.411573
691.898086
701.259551
638.037325
609.704326
608.783577
608.783577
548.744259
548.744259
588.982680
630.339409
588.982680
630.852784
609.583740
609.583740
600.437260
600.437260
600.437260
600.437260
599.555188
554.503165
481.336524
481.336524
589.124852
625.099274
663.812163
658.923532
551.762901
551.762901
594.945205
594.945205
634.602804
625.726466
603.821542
631.644033
706.473963
650.643495
650.643495
706.473963
706.473963
650.643495
650.643495
693.979028
693.979028
737.668231
715.280079
715.280079
655.935543
645.779504
642.304525
656.950767
734.360808
734.360808
758.085395
720.168643
665.146754
573.957757
651.367797
732.177659
670.384420
605.240137
597.708441
635.732432
698.912817
692.956042
733.684519
733.442879
655.027472
578.987039
637.643692
637.643692
671.226713
697.466907
607.709761
612.003632
596.325515
533.239460
533.239460
560.595625
591.376887
616.519337
597.923228
645.607910
652.069455
689.130988
636.720491
636.720491
636.720491
691.339075
658.323479
646.406962
646.406962
667.047110
697.381700
697.381700
657.080412
663.106230
650.212357
572.578446
572.578446
572.578446
602.504001
594.448332
594.448332
498.503899
609.191409
498.503899
498.503899
498.503899
561.064443
561.064443
495.920161
462.713493
609.185281
538.514019
586.198701
732.695441
729.161674
637.191471
645.728873
639.611424
692.555566
769.487150
706.861378
697.328052
589.539724
589.539724
599.073050
670.100212
599.073050
676.737008
676.737008
676.737008
781.538352
781.538352
781.538352
655.573605
753.083244
636.579661
720.704897
684.199709
608.059268
614.061611
643.751510
643.751510
600.003182
607.345871
651.094200
651.094200
620.196016
581.968715
581.707888
623.945736
623.945736
656.865949
596.079829
568.682570
634.597878
572.204761
575.916666
571.342687
622.424279
622.424279
715.085897
715.085897
688.402072
630.351582
630.351582
554.553226
613.159632
636.383173
561.846482
600.265181
589.953494
570.159728
570.159728
558.680775
558.680775
662.785123
677.840916
677.840916
607.741816
607.741816
571.362380
633.872631
633.872631
610.062541
672.291527
672.291527
667.680209
668.446625
666.798947
666.798947
666.798947
636.591532
630.535747
683.614395
683.614395
683.614395
704.752989
651.674341
660.590105
660.590105
701.475466
673.968484
688.556243
688.556243
647.876901
688.556243
681.295155
677.294787
773.677683
625.179754
610.832551
635.130158
610.351240
498.274795
498.274795
616.067552
616.067552
633.028675
633.028675
792.216785
625.103664
688.835155
669.568131
670.624150
606.892659
540.076221
501.375360
501.375360
501.375360
549.915933
660.082833
747.860033
657.222235
592.361576
592.361576
523.754493
523.754493
578.373077
578.373077
560.657783
601.695425
585.788058
577.879095
585.403640
541.630839
521.061116
610.126846
610.126846
588.857802
589.768651
589.768651
541.589047
600.816796
639.873341
659.954441
634.228469
614.147369
602.556662
602.556662
602.556662
602.556662
642.404487
694.533536
656.948716
632.743644
632.743644
639.468459
624.476677
614.978145
614.978145
614.978145
636.247189
636.247189
635.336341
699.524602
686.372817
686.372817
630.724129
654.784778
639.195565
742.292284
739.817629
689.153023
689.153023
606.150991
556.527707
531.919336
530.863317
675.704224
675.704224
530.863317
530.863317
530.863317
622.761292
627.453075
627.453075
564.738964
564.738964
550.789228
609.513266
695.626310
573.534467
573.534467
536.472934
517.039697
536.472934
537.788214
537.788214
524.916224
524.916224
534.062704
534.062704
597.067928
597.067928
597.067928
621.273000
573.158876
573.158876
676.620136
654.080897
567.587086
567.587086
567.587086
562.194794
709.911365
709.911365
666.547343
655.620467
653.475755
645.587868
655.030663
733.145383
595.445185
601.500970
656.799779
654.910078
654.910078
580.901931
609.383054
609.383054
527.334964
527.334964
603.708393
603.708393
603.708393
686.395736
665.126692
633.102948
671.420636
671.420636
700.558406
689.807534
689.807534
722.413110
651.227745
571.931686
663.043048
663.043048
663.043048
663.043048
596.363242
594.934254
609.485393
627.405728
630.817526
630.817526
645.590962
650.960133
650.960133
650.960133
675.811271
629.402744
629.402744
719.159889
726.572359
720.446151
720.446151
696.273527
656.418376
656.418376
679.641916
676.656276
676.656276
692.999369
627.703365
619.372532
616.571982
617.482831
617.482831
617.482831
617.482831
617.482831
617.482831
605.729955
605.729955
580.915481
565.731170
565.731170
593.087335
593.087335
595.284687
593.087335
606.843281
606.843281
614.885164
574.062448
574.062448
574.062448
574.062448
574.062448
574.062448
574.062448
554.415804
555.844791
534.708581
622.276692
603.558397
628.019538
628.019538
628.019538
603.558397
681.877634
673.005180
673.005180
645.182690
637.348860
637.348860
586.365437
584.016599
584.016599
586.364558
581.883115
581.883115
581.883115
581.883115
581.883115
581.883115
581.883115
581.883115
581.883115
582.152918
582.152918
582.152918
607.530074
607.530074
527.189007
527.189007
527.189007
527.189007
518.091429
496.552582
496.552582
496.552582
496.552582
496.552582
496.552582
512.527381
512.527381
528.434748
528.434748
528.434748
528.434748
528.434748
528.434748
528.434748
528.434748
512.527381
507.158210
507.158210
498.211442
498.211442
498.211442
498.211442
503.765456
503.765456
503.765456
503.765456
503.765456
538.166791
538.166791
538.166791
534.035000
488.655344
488.655344
488.655344
488.655344
488.655344
488.655344
488.655344
488.655344
488.655344
488.655344
488.655344
488.655344
488.655344
488.655344
488.655344
488.655344
488.655344
488.655344
488.655344
488.655344
488.655344
488.655344
488.655344
488.655344
488.655344
488.655344
488.655344
488.655344
488.655344
488.655344
488.655344
488.655344
488.655344
488.655344
488.655344
488.655344
488.655344
488.655344
488.655344
488.655344
488.655344
488.655344
488.655344
488.655344
488.655344
488.655344
488.655344
472.680545
472.680545
461.961250
461.961250
461.961250
461.961250
461.961250
461.961250
461.961250
461.961250
472.680545
472.680545
472.680545
472.680545
472.680545
472.680545
472.680545
472.680545
472.680545
472.680545
472.680545
472.680545
472.680545
472.680545
461.961250
461.961250
461.961250
461.961250
461.961250
461.961250
461.961250
461.961250
461.961250
461.961250
461.961250
461.961250
461.961250
461.961250
461.961250
461.961250
461.961250
461.961250
461.961250
461.961250
461.961250
461.961250
461.961250
461.961250
461.961250
461.961250
461.961250
461.961250
461.961250
461.961250
461.961250
461.961250
461.961250
461.961250
461.961250
461.961250
461.961250
461.961250
461.961250
461.961250
461.961250
461.961250
461.961250
461.961250
461.961250
461.961250
461.961250
461.961250
461.961250
461.961250
461.961250
461.961250
461.961250
461.961250
461.961250
461.961250
461.961250
461.961250
461.961250
461.961250
461.961250
461.961250
461.961250
461.961250
461.961250
461.961250
461.961250
461.961250
461.961250
461.961250
461.961250
461.961250
461.961250
461.961250
461.961250
466.168241
466.168241
466.168241
466.168241
466.168241
466.168241
466.168241
466.168241
466.168241
466.168241
466.168241
466.168241
466.168241
466.168241
466.168241
466.168241
466.168241
466.168241
466.168241
466.168241
466.168241
466.168241
466.168241
466.168241
466.168241
466.168241
466.168241
466.168241
466.168241
466.168241
466.168241
466.168241
466.168241
466.168241
466.168241
466.168241
466.168241
466.168241
466.168241
466.168241
466.168241
466.168241
466.168241
466.168241
466.168241
466.168241
466.168241
466.168241
466.168241
466.168241
466.168241
466.168241
466.168241
466.168241
466.168241
466.168241
466.168241
466.168241
461.961250
461.961250
461.961250
461.961250
461.961250
461.961250
461.961250
461.961250
461.961250
461.961250
461.961250
461.961250
461.961250
461.961250
461.961250
461.961250
461.961250
461.961250
461.961250
461.961250
461.961250
461.961250
461.961250
461.961250
461.961250
461.961250
461.961250
461.961250
461.961250
461.961250
461.961250
461.961250
461.961250
461.961250
461.961250
461.961250
461.961250
461.961250
461.961250
461.961250
461.961250
461.961250
461.961250
461.961250
461.961250
461.961250
461.961250
461.961250
461.961250
461.961250
461.961250
461.961250
461.961250
461.961250
461.961250
461.961250
461.961250
461.961250
461.961250
461.961250
461.961250
461.961250
461.961250
461.961250
461.961250
461.961250
461.961250
461.961250
461.961250
461.961250
461.961250
461.961250
461.961250
461.961250
461.961250
461.961250
461.961250
461.961250
461.961250
461.961250
461.961250
461.961250
461.961250
461.961250
461.961250
461.961250
461.961250
461.961250
461.961250
461.961250
461.961250
461.961250
461.961250
461.961250
461.961250
461.961250
461.961250
461.961250
461.961250
461.961250
461.961250
461.961250
461.961250
461.961250
461.961250
461.961250
461.961250
461.961250
461.961250
461.961250
461.961250
461.961250
461.961250
461.961250
461.961250
461.961250
461.961250
461.961250
461.961250
461.961250
461.961250
461.961250
461.961250
461.961250
461.961250
461.961250
461.961250
461.961250
461.961250
461.961250
461.961250
461.961250
461.961250
461.961250
461.961250
461.961250
461.961250
461.961250
461.961250
461.961250
461.961250
461.961250
461.961250
461.961250
461.961250
461.961250
461.961250
461.961250
461.961250
461.961250
461.961250
461.961250
461.961250
461.961250
461.961250
461.961250
461.961250
461.961250
461.961250
461.961250
461.961250
461.961250
461.961250
461.961250
461.961250
461.961250
461.961250
461.961250
461.961250
461.961250
461.961250
461.961250
461.961250
461.961250
461.961250
461.961250
461.961250
461.961250
461.961250
461.961250
461.961250
461.961250
461.961250
461.961250
461.961250
461.961250
461.961250
461.961250
461.961250
461.961250
461.961250
461.961250
461.961250
461.961250
461.961250
461.961250
461.961250
461.961250
461.961250
461.961250
461.961250
461.961250
461.961250
461.961250
461.961250
461.961250
461.961250
461.961250
461.961250
461.961250
461.961250
461.961250
461.961250
461.961250
461.961250
461.961250
461.961250
461.961250
461.961250
461.961250
461.961250
461.961250
461.961250
461.961250
461.961250
461.961250
461.961250
461.961250
461.961250
461.961250
461.961250
461.961250
461.961250
461.961250
461.961250
461.961250
461.961250
461.961250
461.961250
461.961250
461.961250
461.961250
461.961250
461.961250
461.961250
461.961250
461.961250
461.961250
461.961250
461.961250
461.961250
461.961250
461.961250
461.961250
461.961250
461.961250
461.961250
461.961250
461.961250
461.961250
461.961250
461.961250
461.961250
461.961250
461.961250
461.961250
461.961250
461.961250
461.961250
461.961250
461.961250
461.961250
461.961250
461.961250
461.961250
461.961250
461.961250
461.961250
461.961250
461.961250
461.961250
461.961250
461.961250
461.961250
461.961250
461.961250
461.961250
461.961250
461.961250
461.961250
461.961250
461.961250
461.961250
461.961250
461.961250
461.961250
461.961250
461.961250
461.961250
461.961250
461.961250
461.961250
461.961250
461.961250
461.961250
461.961250
461.961250
461.961250
461.961250
461.961250
461.961250
461.961250
461.961250
461.961250
461.961250
461.961250
461.961250
461.961250
461.961250
461.961250
461.961250
461.961250
461.961250
461.961250
461.961250
461.961250
461.961250
461.961250
461.961250
461.961250
461.961250
461.961250
461.961250
461.961250
461.961250
461.961250
461.961250
461.961250
461.961250
461.961250
461.961250
461.961250
461.961250
461.961250
461.961250
461.961250
461.961250
461.961250
461.961250
461.961250
461.961250
461.961250
461.961250
461.961250
461.961250
461.961250
461.961250
461.961250
461.961250
461.961250
461.961250
461.961250
461.961250
461.961250
461.961250
461.961250
461.961250
461.961250
461.961250
461.961250
461.961250
461.961250
461.961250
461.961250
461.961250
461.961250
461.961250
461.961250
461.961250
461.961250
461.961250
461.961250
461.961250
461.961250
461.961250
461.961250
461.961250
461.961250
461.961250
461.961250
461.961250
461.961250
461.961250
461.961250
461.961250
461.961250
461.961250
461.961250
461.961250
461.961250
461.961250
461.961250
461.961250
461.961250
461.961250
461.961250
461.961250
461.961250
461.961250
461.961250
461.961250
461.961250
461.961250
461.961250
461.961250
461.961250
461.961250
461.961250
461.961250
461.961250
461.961250
461.961250
461.961250
461.961250
461.961250
461.961250
461.961250
461.961250
461.961250
461.961250
461.961250
461.961250
461.961250
461.961250
461.961250
461.961250
461.961250
461.961250
461.961250
461.961250
461.961250
461.961250
461.961250
461.961250
461.961250
461.961250
461.961250
461.961250
461.961250
461.961250
461.961250
461.961250
461.961250
461.961250
461.961250
461.961250
461.961250
461.961250
461.961250
461.961250
461.961250
461.961250
461.961250
461.961250
461.961250
461.961250
461.961250
461.961250
461.961250
461.961250
461.961250
461.961250
461.961250
461.961250
461.961250
461.961250
461.961250
461.961250
461.961250
461.961250
461.961250
461.961250
461.961250
461.961250
461.961250
461.961250
461.961250
461.961250
461.961250
461.961250
461.961250
461.961250
461.961250
461.961250
461.961250
461.961250
461.961250
461.961250
461.961250
461.961250
461.961250
461.961250
461.961250
461.961250
461.961250
461.961250
461.961250
461.961250
461.961250
461.961250
461.961250
461.961250
461.961250
461.961250
461.961250
461.961250
461.961250
461.961250
461.961250
461.961250
461.961250
461.961250
461.961250
461.961250
461.961250
461.961250
461.961250
461.961250
461.961250
461.961250
461.961250
461.961250
461.961250
461.961250
461.961250
461.961250
461.961250
461.961250
461.961250
461.961250
461.961250
461.961250
461.961250
461.961250
461.961250
461.961250
461.961250
461.961250
461.961250
461.961250
461.961250
461.961250
461.961250
461.961250
461.961250
461.961250
461.961250
461.961250
461.961250
461.961250
461.961250
461.961250
461.961250
461.961250
461.961250
461.961250
461.961250
461.961250
461.961250
461.961250
461.961250
461.961250
461.961250
461.961250
461.961250
461.961250
461.961250
461.961250
461.961250
461.961250
461.961250
461.961250
461.961250
461.961250
461.961250
461.961250
461.961250
461.961250
461.961250
461.961250
461.961250
461.961250
461.961250
461.961250
461.961250
461.961250
461.961250
461.961250
461.961250
461.961250
461.961250
461.961250
461.961250
461.961250
461.961250
461.961250
461.961250
461.961250
461.961250
461.961250
461.961250
461.961250
461.961250
461.961250
461.961250
461.961250
461.961250
461.961250
461.961250
461.961250
461.961250
461.961250
461.961250
461.961250
461.961250
461.961250
461.961250
461.961250
461.961250
461.961250
461.961250
461.961250
461.961250
461.961250
461.961250
461.961250
461.961250
461.961250
461.961250
461.961250
461.961250
461.961250
461.961250
461.961250
461.961250
461.961250
461.961250
461.961250
461.961250
461.961250
461.961250
461.961250
461.961250
461.961250
461.961250
461.961250
461.961250
461.961250
461.961250
461.961250
461.961250
461.961250
461.961250
461.961250
461.961250
461.961250
461.961250
461.961250
461.961250
461.961250
461.961250
461.961250
461.961250
461.961250
461.961250
461.961250
461.961250
461.961250
461.961250
461.961250
461.961250
461.961250
461.961250
461.961250
461.961250
461.961250
461.961250
461.961250
461.961250
461.961250
461.961250
461.961250
461.961250
461.961250
461.961250
461.961250
461.961250
461.961250
461.961250
461.961250
461.961250
461.961250
461.961250
461.961250
461.961250
461.961250
461.961250
461.961250
461.961250
461.961250
461.961250
461.961250
461.961250
461.961250
461.961250
461.961250
461.961250
461.961250
461.961250
461.961250
461.961250
461.961250
461.961250
461.961250
461.961250
461.961250
461.961250
461.961250
461.961250
461.961250
461.961250
461.961250
461.961250
461.961250
461.961250
461.961250
461.961250
461.961250
461.961250
461.961250
461.961250
461.961250
461.961250
461.961250
461.961250
461.961250
461.961250
461.961250
461.961250
461.961250
461.961250
461.961250
461.961250
461.961250
461.961250
461.961250
461.961250
461.961250
461.961250
461.961250
461.961250
461.961250
461.961250
461.961250
461.961250
461.961250
461.961250
461.961250
461.961250
461.961250
461.961250
461.961250
461.961250
461.961250
461.961250
461.961250
461.961250
461.961250
461.961250
461.961250
461.961250
461.961250
461.961250
461.961250
461.961250
461.961250
461.961250
461.961250
461.961250
461.961250
461.961250
461.961250
461.961250
461.961250
461.961250
461.961250
461.961250
461.961250
461.961250
461.961250
461.961250
461.961250
461.961250
461.961250
461.961250
461.961250
461.961250
461.961250
461.961250
461.961250
461.961250
461.961250
461.961250
461.961250
461.961250
461.961250
461.961250
461.961250
461.961250
461.961250
461.961250
461.961250
461.961250
461.961250
461.961250
461.961250
461.961250
461.961250
461.961250
461.961250
461.961250
461.961250
461.961250
461.961250
461.961250
461.961250
461.961250
461.961250
461.961250
461.961250
461.961250
461.961250
461.961250
461.961250
461.961250
461.961250
461.961250
461.961250
461.961250
461.961250
461.961250
461.961250
461.961250
461.961250
461.961250
461.961250
461.961250
461.961250
461.961250
461.961250
461.961250
461.961250
461.961250
461.961250
461.961250
461.961250
461.961250
461.961250
461.961250
461.961250
461.961250
461.961250
461.961250
461.961250
461.961250
461.961250
461.961250
461.961250
461.961250
461.961250
461.961250
461.961250
461.961250
461.961250
461.961250
461.961250
461.961250
461.961250
461.961250
461.961250
461.961250
461.961250
461.961250
461.961250
461.961250
461.961250
461.961250
461.961250
461.961250
461.961250
461.961250
461.961250
461.961250
461.961250
461.961250
461.961250
461.961250
461.961250
461.961250
461.961250
461.961250
461.961250
461.961250
461.961250
461.961250
461.961250
461.961250
461.961250
461.961250
461.961250
461.961250
461.961250
461.961250
461.961250
461.961250
461.961250
461.961250
461.961250
461.961250
461.961250
461.961250
461.961250
461.961250
461.961250
461.961250
461.961250
461.961250
461.961250
461.961250
461.961250
461.961250
461.961250
461.961250
461.961250
461.961250
461.961250
461.961250
461.961250
461.961250
461.961250
461.961250
461.961250
461.961250
461.961250
461.961250
461.961250
461.961250
461.961250
461.961250
461.961250
461.961250
461.961250
461.961250
461.961250
461.961250
461.961250
461.961250
461.961250
461.961250
461.961250
461.961250
461.961250
461.961250
461.961250
461.961250
461.961250
461.961250
461.961250
461.961250
461.961250
461.961250
461.961250
461.961250
461.961250
461.961250
461.961250
461.961250
461.961250
461.961250
461.961250
461.961250
461.961250
461.961250
461.961250
461.961250
461.961250
461.961250
461.961250
461.961250
461.961250
461.961250
461.961250
461.961250
461.961250
461.961250
461.961250
461.961250
461.961250
461.961250
461.961250
461.961250
461.961250
461.961250
461.961250
461.961250
461.961250
461.961250
461.961250
461.961250
461.961250
461.961250
461.961250
461.961250
461.961250
461.961250
461.961250
461.961250
461.961250
461.961250
461.961250
461.961250
461.961250
461.961250
461.961250
461.961250
461.961250
461.961250
461.961250
461.961250
461.961250
461.961250
461.961250
461.961250
461.961250
461.961250
461.961250
461.961250
461.961250
461.961250
461.961250
461.961250
461.961250
461.961250
461.961250
461.961250
461.961250
461.961250
461.961250
461.961250
461.961250
461.961250
461.961250
461.961250
461.961250
461.961250
461.961250
461.961250
461.961250
461.961250
461.961250
461.961250
461.961250
461.961250
461.961250
461.961250
461.961250
461.961250
461.961250
461.961250
461.961250
461.961250
461.961250
461.961250
461.961250
461.961250
461.961250
461.961250
461.961250
461.961250
461.961250
461.961250
461.961250
461.961250
461.961250
461.961250
461.961250
461.961250
461.961250
461.961250
461.961250
461.961250
461.961250
461.961250
461.961250
461.961250
461.961250
461.961250
461.961250
461.961250
461.961250
461.961250
461.961250
461.961250
461.961250
461.961250
461.961250
461.961250
461.961250
461.961250
461.961250
461.961250
461.961250
461.961250
461.961250
461.961250
461.961250
461.961250
461.961250
461.961250
461.961250
461.961250
461.961250
461.961250
461.961250
461.961250
461.961250
461.961250
461.961250
461.961250
461.961250
461.961250
461.961250
461.961250
461.961250
461.961250
461.961250
461.961250
461.961250
461.961250
461.961250
461.961250
461.961250
461.961250
461.961250
461.961250
461.961250
461.961250
461.961250
461.961250
461.961250
461.961250
461.961250
461.961250
461.961250
461.961250
461.961250
461.961250
461.961250
461.961250
461.961250
461.961250
461.961250
461.961250
461.961250
461.961250
461.961250
461.961250
461.961250
461.961250
461.961250
461.961250
461.961250
461.961250
461.961250
461.961250
461.961250
461.961250
461.961250
461.961250
461.961250
461.961250
461.961250
461.961250
461.961250
461.961250
461.961250
461.961250
461.961250
461.961250
461.961250
461.961250
461.961250
461.961250
461.961250
461.961250
461.961250
461.961250
461.961250
461.961250
461.961250
461.961250
461.961250
461.961250
461.961250
461.961250
461.961250
461.961250
461.961250
461.961250
461.961250
461.961250
461.961250
461.961250
461.961250
461.961250
461.961250
461.961250
461.961250
461.961250
461.961250
461.961250
461.961250
461.961250
461.961250
461.961250
461.961250
461.961250
461.961250
461.961250
461.961250
461.961250
461.961250
461.961250
461.961250
461.961250
461.961250
461.961250
461.961250
461.961250
461.961250
461.961250
461.961250
461.961250
461.961250
461.961250
461.961250
461.961250
461.961250
461.961250
461.961250
461.961250
461.961250
461.961250
461.961250
461.961250
461.961250
461.961250
461.961250
461.961250
461.961250
461.961250
461.961250
461.961250
461.961250
461.961250
461.961250
461.961250
461.961250
461.961250
461.961250
461.961250
461.961250
461.961250
461.961250
461.961250
461.961250
461.961250
461.961250
461.961250
461.961250
461.961250
461.961250
461.961250
461.961250
461.961250
461.961250
461.961250
461.961250
461.961250
461.961250
461.961250
461.961250
461.961250
461.961250
461.961250
461.961250
461.961250
461.961250
461.961250
461.961250
461.961250
461.961250
461.961250
461.961250
461.961250
461.961250
461.961250
461.961250
461.961250
461.961250
461.961250
461.961250
461.961250
461.961250
461.961250
461.961250
461.961250
461.961250
461.961250
461.961250
461.961250
461.961250
461.961250
461.961250
461.961250
461.961250
461.961250
461.961250
461.961250
461.961250
461.961250
461.961250
461.961250
461.961250
461.961250
461.961250
461.961250
461.961250
461.961250
461.961250
461.961250
461.961250
461.961250
461.961250
461.961250
461.961250
461.961250
461.961250
461.961250
461.961250
461.961250
461.961250
461.961250
461.961250
461.961250
461.961250
461.961250
461.961250
461.961250
461.961250
461.961250
461.961250
461.961250
461.961250
461.961250
461.961250
461.961250
461.961250
461.961250
461.961250
461.961250
461.961250
461.961250
461.961250
461.961250
461.961250
461.961250
461.961250
461.961250
461.961250
461.961250
461.961250
461.961250
461.961250
461.961250
461.961250
461.961250
461.961250
461.961250
461.961250
461.961250
461.961250
461.961250
461.961250
461.961250
461.961250
461.961250
461.961250
461.961250
461.961250
461.961250
461.961250
461.961250
461.961250
461.961250
461.961250
461.961250
461.961250
461.961250
461.961250
461.961250
461.961250
461.961250
461.961250
461.961250
461.961250
461.961250
461.961250
461.961250
461.961250
461.961250
461.961250
461.961250
461.961250
461.961250
461.961250
461.961250
461.961250
461.961250
461.961250
461.961250
461.961250
461.961250
461.961250
461.961250
461.961250
461.961250
461.961250
461.961250
461.961250
461.961250
461.961250
461.961250
461.961250
461.961250
461.961250
461.961250
461.961250
461.961250
461.961250
461.961250
461.961250
461.961250
461.961250
461.961250
461.961250
461.961250
461.961250
461.961250
461.961250
461.961250
461.961250
461.961250
461.961250
461.961250
461.961250
461.961250
461.961250
461.961250
461.961250
461.961250
461.961250
461.961250
461.961250
461.961250
461.961250
461.961250
461.961250
461.961250
461.961250
461.961250
461.961250
461.961250
461.961250
461.961250
461.961250
461.961250
461.961250
461.961250
461.961250
461.961250
461.961250
461.961250
461.961250
461.961250
461.961250
461.961250
461.961250
461.961250
461.961250
461.961250
461.961250
461.961250
461.961250
461.961250
461.961250
461.961250
461.961250
461.961250
461.961250
461.961250
461.961250
461.961250
461.961250
461.961250
461.961250
461.961250
461.961250
461.961250
461.961250
461.961250
461.961250
461.961250
461.961250
461.961250
461.961250
461.961250
461.961250
461.961250
461.961250
461.961250
461.961250
461.961250
461.961250
461.961250
461.961250
461.961250
461.961250
461.961250
461.961250
461.961250
461.961250
461.961250
461.961250
461.961250
461.961250
461.961250
461.961250
461.961250
461.961250
461.961250
461.961250
461.961250
461.961250
461.961250
461.961250
461.961250
461.961250
461.961250
461.961250
461.961250
461.961250
461.961250
461.961250
461.961250
461.961250
461.961250
461.961250
461.961250
461.961250
461.961250
461.961250
461.961250
461.961250
461.961250
461.961250
461.961250
461.961250
461.961250
461.961250
461.961250
461.961250
461.961250
461.961250
461.961250
461.961250
461.961250
461.961250
461.961250
461.961250
461.961250
461.961250
461.961250
461.961250
461.961250
461.961250
461.961250
461.961250
461.961250
461.961250
461.961250
461.961250
461.961250
461.961250
461.961250
461.961250
461.961250
461.961250
461.961250
461.961250
461.961250
461.961250
461.961250
461.961250
461.961250
461.961250
461.961250
461.961250
461.961250
461.961250
461.961250
461.961250
461.961250
461.961250
461.961250
461.961250
461.961250
461.961250
461.961250
461.961250
461.961250
461.961250
461.961250
461.961250
461.961250
461.961250
461.961250
461.961250
461.961250
461.961250
461.961250
461.961250
461.961250
461.961250
461.961250
461.961250
461.961250
461.961250
461.961250
461.961250
461.961250
461.961250
461.961250
461.961250
461.961250
461.961250
461.961250
461.961250
461.961250
461.961250
461.961250
461.961250
461.961250
461.961250
461.961250
461.961250
461.961250
461.961250
461.961250
461.961250
461.961250
461.961250
461.961250
461.961250
461.961250
461.961250
461.961250
461.961250
461.961250
461.961250
461.961250
461.961250
461.961250
461.961250
461.961250
461.961250
461.961250
461.961250
461.961250
461.961250
461.961250
461.961250
461.961250
461.961250
461.961250
461.961250
461.961250
461.961250
461.961250
461.961250
461.961250
461.961250
461.961250
461.961250
461.961250
461.961250
461.961250
461.961250
461.961250
461.961250
461.961250
461.961250
461.961250
461.961250
461.961250
461.961250
461.961250
461.961250
461.961250
461.961250
461.961250
461.961250
461.961250
461.961250
461.961250
461.961250
461.961250
461.961250
461.961250
461.961250
461.961250
461.961250
461.961250
461.961250
461.961250
461.961250
461.961250
461.961250
461.961250
461.961250
461.961250
461.961250
461.961250
461.961250
461.961250
461.961250
461.961250
461.961250
461.961250
461.961250
461.961250
461.961250
461.961250
461.961250
461.961250
461.961250
461.961250
461.961250
461.961250
461.961250
461.961250
461.961250
461.961250
461.961250
461.961250
461.961250
461.961250
461.961250
461.961250
461.961250
461.961250
461.961250
461.961250
461.961250
461.961250
461.961250
461.961250
461.961250
461.961250
461.961250
461.961250
461.961250
461.961250
461.961250
461.961250
461.961250
461.961250
461.961250
461.961250
461.961250
461.961250
461.961250
461.961250
461.961250
461.961250
461.961250
461.961250
461.961250
461.961250
461.961250
461.961250
461.961250
461.961250
461.961250
461.961250
461.961250
461.961250
461.961250
461.961250
461.961250
461.961250
461.961250
461.961250
461.961250
461.961250
461.961250
461.961250
461.961250
461.961250
461.961250
461.961250
461.961250
461.961250
461.961250
461.961250
461.961250
461.961250
461.961250
461.961250
461.961250
461.961250
461.961250
461.961250
461.961250
461.961250
461.961250
461.961250
461.961250
461.961250
461.961250
461.961250
461.961250
461.961250
461.961250
461.961250
461.961250
461.961250
461.961250
461.961250
461.961250
461.961250
461.961250
461.961250
461.961250
461.961250
461.961250
461.961250
461.961250
461.961250
461.961250
461.961250
461.961250
461.961250
461.961250
461.961250
461.961250
461.961250
461.961250
461.961250
461.961250
461.961250
461.961250
461.961250
461.961250
461.961250
461.961250
461.961250
461.961250
461.961250
461.961250
461.961250
461.961250
461.961250
461.961250
461.961250
461.961250
461.961250
461.961250
461.961250
461.961250
461.961250
461.961250
461.961250
461.961250
461.961250
461.961250
461.961250
461.961250
461.961250
461.961250
461.961250
461.961250
461.961250
461.961250
461.961250
461.961250
461.961250
461.961250
461.961250
461.961250
461.961250
461.961250
461.961250
461.961250
461.961250
461.961250
461.961250
461.961250
461.961250
461.961250
461.961250
461.961250
461.961250
461.961250
461.961250
461.961250
461.961250
461.961250
461.961250
461.961250
461.961250
461.961250
461.961250
461.961250
461.961250
461.961250
461.961250
461.961250
461.961250
461.961250
461.961250
461.961250
461.961250
461.961250
461.961250
461.961250
461.961250
461.961250
461.961250
461.961250
461.961250
461.961250
461.961250
461.961250
461.961250
461.961250
461.961250
461.961250
461.961250
461.961250
461.961250
461.961250
461.961250
461.961250
461.961250
461.961250
461.961250
461.961250
461.961250
461.961250
461.961250
461.961250
461.961250
461.961250
461.961250
461.961250
461.961250
461.961250
461.961250
461.961250
461.961250
461.961250
461.961250
461.961250
461.961250
461.961250
461.961250
461.961250
461.961250
461.961250
461.961250
461.961250
461.961250
461.961250
461.961250
461.961250
461.961250
461.961250
461.961250
461.961250
461.961250
461.961250
461.961250
461.961250
461.961250
461.961250
461.961250
461.961250
461.961250
461.961250
461.961250
461.961250
461.961250
461.961250
461.961250
461.961250
461.961250
461.961250
461.961250
461.961250
461.961250
461.961250
461.961250
461.961250
461.961250
461.961250
461.961250
461.961250
461.961250
461.961250
461.961250
461.961250
461.961250
461.961250
461.961250
461.961250
461.961250
461.961250
461.961250
461.961250
461.961250
461.961250
461.961250
461.961250
461.961250
461.961250
461.961250
461.961250
461.961250
461.961250
461.961250
461.961250
461.961250
461.961250
461.961250
461.961250
461.961250
461.961250
461.961250
461.961250
461.961250
461.961250
461.961250
461.961250
461.961250
461.961250
461.961250
461.961250
461.961250
461.961250
461.961250
461.961250
461.961250
461.961250
461.961250
461.961250
461.961250
461.961250
461.961250
461.961250
461.961250
461.961250
461.961250
461.961250
461.961250
461.961250
461.961250
461.961250
461.961250
461.961250
461.961250
461.961250
461.961250
461.961250
461.961250
461.961250
461.961250
461.961250
461.961250
461.961250
461.961250
461.961250
461.961250
461.961250
461.961250
461.961250
461.961250
461.961250
461.961250
461.961250
461.961250
461.961250
461.961250
461.961250
461.961250
461.961250
461.961250
461.961250
461.961250
461.961250
461.961250
461.961250
461.961250
461.961250
461.961250
461.961250
461.961250
461.961250
461.961250
461.961250
461.961250
461.961250
461.961250
461.961250
461.961250
461.961250
461.961250
461.961250
461.961250
461.961250
461.961250
461.961250
461.961250
461.961250
461.961250
461.961250
461.961250
461.961250
461.961250
461.961250
461.961250
461.961250
461.961250
461.961250
461.961250
461.961250
461.961250
461.961250
461.961250
461.961250
461.961250
461.961250
461.961250
461.961250
461.961250
461.961250
461.961250
461.961250
461.961250
461.961250
461.961250
461.961250
461.961250
461.961250
461.961250
461.961250
461.961250
461.961250
461.961250
461.961250
461.961250
461.961250
461.961250
461.961250
461.961250
461.961250
461.961250
461.961250
461.961250
461.961250
461.961250
461.961250
461.961250
461.961250
461.961250
461.961250
461.961250
461.961250
461.961250
461.961250
461.961250
461.961250
461.961250
461.961250
461.961250
461.961250
461.961250
461.961250
461.961250
461.961250
461.961250
461.961250
461.961250
461.961250
461.961250
461.961250
461.961250
461.961250
461.961250
461.961250
461.961250
461.961250
461.961250
461.961250
461.961250
461.961250
461.961250
461.961250
461.961250
461.961250
461.961250
461.961250
461.961250
461.961250
461.961250
461.961250
461.961250
461.961250
461.961250
461.961250
461.961250
461.961250
461.961250
461.961250
461.961250
461.961250
461.961250
461.961250
461.961250
461.961250
461.961250
461.961250
461.961250
461.961250
461.961250
461.961250
461.961250
461.961250
461.961250
461.961250
461.961250
461.961250
461.961250
461.961250
461.961250
461.961250
461.961250
461.961250
461.961250
461.961250
461.961250
461.961250
461.961250
461.961250
461.961250
461.961250
461.961250
461.961250
461.961250
461.961250
461.961250
461.961250
461.961250
461.961250
461.961250
461.961250
461.961250
461.961250
461.961250
461.961250
461.961250
461.961250
461.961250
461.961250
461.961250
461.961250
461.961250
461.961250
461.961250
461.961250
461.961250
461.961250
461.961250
461.961250
461.961250
461.961250
461.961250
461.961250
461.961250
461.961250
461.961250
461.961250
461.961250
461.961250
461.961250
461.961250
461.961250
461.961250
461.961250
461.961250
461.961250
461.961250
461.961250
461.961250
461.961250
461.961250
461.961250
461.961250
461.961250
461.961250
461.961250
461.961250
461.961250
461.961250
461.961250
461.961250
461.961250
461.961250
461.961250
461.961250
461.961250
461.961250
461.961250
461.961250
461.961250
461.961250
461.961250
461.961250
461.961250
461.961250
461.961250
461.961250
461.961250
461.961250
461.961250
461.961250
461.961250
461.961250
461.961250
461.961250
461.961250
461.961250
461.961250
461.961250
461.961250
461.961250
461.961250
461.961250
461.961250
461.961250
461.961250
461.961250
461.961250
461.961250
461.961250
461.961250
461.961250
461.961250
461.961250
461.961250
461.961250
461.961250
461.961250
461.961250
461.961250
461.961250
461.961250
461.961250
461.961250
461.961250
461.961250
461.961250
461.961250
461.961250
461.961250
461.961250
461.961250
461.961250
461.961250
461.961250
461.961250
461.961250
461.961250
461.961250
461.961250
461.961250
461.961250
461.961250
461.961250
461.961250
461.961250
461.961250
461.961250
461.961250
461.961250
461.961250
461.961250
461.961250
461.961250
461.961250
461.961250
461.961250
461.961250
461.961250
461.961250
461.961250
461.961250
461.961250
461.961250
461.961250
461.961250
461.961250
461.961250
461.961250
461.961250
461.961250
461.961250
461.961250
461.961250
461.961250
461.961250
461.961250
461.961250
461.961250
461.961250
461.961250
461.961250
461.961250
461.961250
461.961250
461.961250
461.961250
461.961250
461.961250
461.961250
461.961250
461.961250
461.961250
461.961250
461.961250
461.961250
461.961250
461.961250
461.961250
461.961250
461.961250
461.961250
461.961250
461.961250
461.961250
461.961250
461.961250
461.961250
461.961250
461.961250
461.961250
461.961250
461.961250
461.961250
461.961250
461.961250
461.961250
461.961250
461.961250
461.961250
461.961250
461.961250
461.961250
461.961250
461.961250
461.961250
461.961250
461.961250
461.961250
461.961250
461.961250
461.961250
461.961250
461.961250
461.961250
461.961250
461.961250
461.961250
461.961250
461.961250
461.961250
461.961250
461.961250
461.961250
461.961250
461.961250
461.961250
461.961250
461.961250
461.961250
461.961250
461.961250
461.961250
461.961250
461.961250
461.961250
461.961250
461.961250
461.961250
461.961250
461.961250
461.961250
461.961250
461.961250
461.961250
461.961250
461.961250
461.961250
461.961250
461.961250
461.961250
461.961250
461.961250
461.961250
461.961250
461.961250
461.961250
461.961250
461.961250
461.961250
461.961250
461.961250
461.961250
461.961250
461.961250
461.961250
461.961250
461.961250
461.961250
461.961250
461.961250
461.961250
461.961250
461.961250
461.961250
461.961250
461.961250
461.961250
461.961250
461.961250
461.961250
461.961250
461.961250
461.961250
461.961250
461.961250
461.961250
461.961250
461.961250
461.961250
461.961250
461.961250
461.961250
461.961250
461.961250
461.961250
461.961250
461.961250
461.961250
461.961250
461.961250
461.961250
461.961250
461.961250
461.961250
461.961250
461.961250
461.961250
461.961250
461.961250
461.961250
461.961250
461.961250
461.961250
461.961250
461.961250
461.961250
461.961250
461.961250
461.961250
461.961250
461.961250
461.961250
461.961250
461.961250
461.961250
461.961250
461.961250
461.961250
461.961250
461.961250
461.961250
461.961250
461.961250
461.961250
461.961250
461.961250
461.961250
461.961250
461.961250
461.961250
461.961250
461.961250
461.961250
461.961250
461.961250
461.961250
461.961250
461.961250
461.961250
461.961250
461.961250
461.961250
461.961250
461.961250
461.961250
461.961250
461.961250
461.961250
461.961250
461.961250
461.961250
461.961250
461.961250
461.961250
461.961250
461.961250
461.961250
461.961250
461.961250
461.961250
461.961250
461.961250
461.961250
461.961250
461.961250
461.961250
461.961250
461.961250
461.961250
461.961250
461.961250
461.961250
461.961250
461.961250
461.961250
461.961250
461.961250
461.961250
461.961250
461.961250
461.961250
461.961250
461.961250
461.961250
461.961250
461.961250
461.961250
461.961250
461.961250
461.961250
461.961250
461.961250
461.961250
461.961250
461.961250
461.961250
461.961250
461.961250
461.961250
461.961250
461.961250
461.961250
461.961250
461.961250
461.961250
461.961250
461.961250
461.961250
461.961250
461.961250
461.961250
461.961250
461.961250
461.961250
461.961250
461.961250
461.961250
461.961250
461.961250
461.961250
461.961250
461.961250
461.961250
461.961250
461.961250
461.961250
461.961250
461.961250
461.961250
461.961250
461.961250
461.961250
461.961250
461.961250
461.961250
461.961250
461.961250
461.961250
461.961250
461.961250
461.961250
461.961250
461.961250
461.961250
461.961250
461.961250
461.961250
461.961250
461.961250
461.961250
461.961250
461.961250
461.961250
461.961250
461.961250
461.961250
461.961250
461.961250
461.961250
461.961250
461.961250
461.961250
461.961250
461.961250
461.961250
461.961250
461.961250
461.961250
461.961250
461.961250
461.961250
461.961250
461.961250
461.961250
461.961250
461.961250
461.961250
461.961250
461.961250
461.961250
461.961250
461.961250
461.961250
461.961250
461.961250
461.961250
461.961250
461.961250
461.961250
461.961250
461.961250
461.961250
461.961250
461.961250
461.961250
461.961250
461.961250
461.961250
461.961250
461.961250
461.961250
461.961250
461.961250
461.961250
461.961250
461.961250
461.961250
461.961250
461.961250
461.961250
461.961250
461.961250
461.961250
461.961250
461.961250
461.961250
461.961250
461.961250
461.961250
461.961250
461.961250
461.961250
461.961250
461.961250
461.961250
461.961250
461.961250
461.961250
461.961250
461.961250
461.961250
461.961250
461.961250
461.961250
461.961250
461.961250
461.961250
461.961250
461.961250
461.961250
461.961250
461.961250
461.961250
461.961250
461.961250
461.961250
461.961250
461.961250
461.961250
461.961250
461.961250
461.961250
461.961250
461.961250
461.961250
461.961250
461.961250
461.961250
461.961250
461.961250
461.961250
461.961250
461.961250
461.961250
461.961250
461.961250
461.961250
461.961250
461.961250
461.961250
461.961250
461.961250
461.961250
461.961250
461.961250
461.961250
461.961250
461.961250
461.961250
461.961250
461.961250
461.961250
461.961250
461.961250
461.961250
461.961250
461.961250
461.961250
461.961250
461.961250
461.961250
461.961250
461.961250
461.961250
461.961250
461.961250
461.961250
461.961250
461.961250
461.961250
461.961250
461.961250
461.961250
461.961250
461.961250
461.961250
461.961250
461.961250
461.961250
461.961250
461.961250
461.961250
461.961250
461.961250
461.961250
461.961250
461.961250
461.961250
461.961250
461.961250
461.961250
461.961250
461.961250
461.961250
461.961250
461.961250
461.961250
461.961250
461.961250
461.961250
461.961250
461.961250
461.961250
461.961250
461.961250
461.961250
461.961250
461.961250
461.961250
461.961250
461.961250
461.961250
461.961250
461.961250
461.961250
461.961250
461.961250
461.961250
461.961250
461.961250
461.961250
461.961250
461.961250
461.961250
461.961250
461.961250
461.961250
461.961250
461.961250
461.961250
461.961250
461.961250
461.961250
461.961250
461.961250
461.961250
461.961250
461.961250
461.961250
461.961250
461.961250
461.961250
461.961250
461.961250
461.961250
461.961250
461.961250
461.961250
461.961250
461.961250
461.961250
461.961250
461.961250
461.961250
461.961250
461.961250
461.961250
461.961250
461.961250
461.961250
461.961250
461.961250
461.961250
461.961250
461.961250
461.961250
461.961250
461.961250
461.961250
461.961250
461.961250
461.961250
461.961250
461.961250
461.961250
461.961250
461.961250
461.961250
461.961250
461.961250
461.961250
461.961250
461.961250
461.961250
461.961250
461.961250
461.961250
461.961250
461.961250
461.961250
461.961250
461.961250
461.961250
461.961250
461.961250
461.961250
461.961250
461.961250
461.961250
461.961250
461.961250
461.961250
461.961250
461.961250
461.961250
461.961250
461.961250
461.961250
461.961250
461.961250
461.961250
461.961250
461.961250
461.961250
461.961250
461.961250
461.961250
461.961250
461.961250
461.961250
461.961250
461.961250
461.961250
461.961250
461.961250
461.961250
461.961250
461.961250
461.961250
461.961250
461.961250
461.961250
461.961250
461.961250
461.961250
461.961250
461.961250
461.961250
461.961250
461.961250
461.961250
461.961250
461.961250
461.961250
461.961250
461.961250
461.961250
461.961250
461.961250
461.961250
461.961250
461.961250
461.961250
461.961250
461.961250
461.961250
461.961250
461.961250
461.961250
461.961250
461.961250
461.961250
461.961250
461.961250
461.961250
461.961250
461.961250
461.961250
461.961250
461.961250
461.961250
461.961250
461.961250
461.961250
461.961250
461.961250
461.961250
461.961250
461.961250
461.961250
461.961250
461.961250
461.961250
461.961250
461.961250
461.961250
461.961250
461.961250
461.961250
461.961250
461.961250
461.961250
461.961250
461.961250
461.961250
461.961250
461.961250
461.961250
461.961250
461.961250
461.961250
461.961250
461.961250
461.961250
461.961250
461.961250
461.961250
461.961250
461.961250
461.961250
461.961250
461.961250
461.961250
461.961250
461.961250
461.961250
461.961250
461.961250
461.961250
461.961250
461.961250
461.961250
461.961250
461.961250
461.961250
461.961250
461.961250
461.961250
461.961250
461.961250
461.961250
461.961250
461.961250
461.961250
461.961250
461.961250
461.961250
461.961250
461.961250
461.961250
461.961250
461.961250
461.961250
461.961250
461.961250
461.961250
461.961250
461.961250
461.961250
461.961250
461.961250
461.961250
461.961250
461.961250
461.961250
461.961250
461.961250
461.961250
461.961250
461.961250
461.961250
461.961250
461.961250
461.961250
461.961250
461.961250
461.961250
461.961250
461.961250
461.961250
461.961250
461.961250
461.961250
461.961250
461.961250
461.961250
461.961250
461.961250
461.961250
461.961250
461.961250
461.961250
461.961250
461.961250
461.961250
461.961250
461.961250
461.961250
461.961250
461.961250
461.961250
461.961250
461.961250
461.961250
461.961250
461.961250
461.961250
461.961250
461.961250
461.961250
461.961250
461.961250
461.961250
461.961250
461.961250
461.961250
461.961250
461.961250
461.961250
461.961250
461.961250
461.961250
461.961250
461.961250
461.961250
461.961250
461.961250
461.961250
461.961250
461.961250
461.961250
461.961250
461.961250
461.961250
461.961250
461.961250
461.961250
461.961250
461.961250
461.961250
461.961250
461.961250
461.961250
461.961250
461.961250
461.961250
461.961250
461.961250
461.961250
461.961250
461.961250
461.961250
461.961250
461.961250
461.961250
461.961250
461.961250
461.961250
461.961250
461.961250
461.961250
461.961250
461.961250
461.961250
461.961250
461.961250
461.961250
461.961250
461.961250
461.961250
461.961250
461.961250
461.961250
461.961250
461.961250
461.961250
461.961250
461.961250
461.961250
461.961250
461.961250
461.961250
461.961250
461.961250
461.961250
461.961250
461.961250
461.961250
461.961250
461.961250
461.961250
461.961250
461.961250
461.961250
461.961250
461.961250
461.961250
461.961250
461.961250
461.961250
461.961250
461.961250
461.961250
461.961250
461.961250
461.961250
461.961250
461.961250
461.961250
461.961250
461.961250
461.961250
461.961250
461.961250
461.961250
461.961250
461.961250
461.961250
461.961250
461.961250
461.961250
461.961250
461.961250
461.961250
461.961250
461.961250
461.961250
461.961250
461.961250
461.961250
461.961250
461.961250
461.961250
461.961250
461.961250
461.961250
461.961250
461.961250
461.961250
461.961250
461.961250
461.961250
461.961250
461.961250
461.961250
461.961250
461.961250
461.961250
461.961250
461.961250
461.961250
461.961250
461.961250
461.961250
461.961250
461.961250
461.961250
461.961250
461.961250
461.961250
461.961250
461.961250
461.961250
461.961250
461.961250
461.961250
461.961250
461.961250
461.961250
461.961250
461.961250
461.961250
461.961250
461.961250
461.961250
461.961250
461.961250
461.961250
461.961250
461.961250
461.961250
461.961250
461.961250
461.961250
461.961250
461.961250
461.961250
461.961250
461.961250
461.961250
461.961250
461.961250
461.961250
461.961250
461.961250
461.961250
461.961250
461.961250
461.961250
461.961250
461.961250
461.961250
461.961250
461.961250
461.961250
461.961250
461.961250
461.961250
461.961250
461.961250
461.961250
461.961250
461.961250
461.961250
461.961250
461.961250
461.961250
461.961250
461.961250
461.961250
461.961250
461.961250
461.961250
461.961250
461.961250
461.961250
461.961250
461.961250
461.961250
461.961250
461.961250
461.961250
461.961250
461.961250
461.961250
461.961250
461.961250
461.961250
461.961250
461.961250
461.961250
461.961250
461.961250
461.961250
461.961250
461.961250
461.961250
461.961250
461.961250
461.961250
461.961250
461.961250
461.961250
461.961250
461.961250
461.961250
461.961250
461.961250
461.961250
461.961250
461.961250
461.961250
461.961250
461.961250
461.961250
461.961250
461.961250
461.961250
461.961250
461.961250
461.961250
461.961250
461.961250
461.961250
461.961250
461.961250
461.961250
461.961250
461.961250
461.961250
461.961250
461.961250
461.961250
461.961250
461.961250
461.961250
461.961250
461.961250
461.961250
461.961250
461.961250
461.961250
461.961250
461.961250
461.961250
461.961250
461.961250
461.961250
461.961250
461.961250
461.961250
461.961250
461.961250
461.961250
461.961250
461.961250
461.961250
461.961250
461.961250
461.961250
461.961250
461.961250
461.961250
461.961250
461.961250
461.961250
461.961250
461.961250
461.961250
461.961250
461.961250
461.961250
461.961250
461.961250
461.961250
461.961250
461.961250
461.961250
461.961250
461.961250
461.961250
461.961250
461.961250
461.961250
461.961250
461.961250
461.961250
461.961250
461.961250
461.961250
461.961250
461.961250
461.961250
461.961250
461.961250
461.961250
461.961250
461.961250
461.961250
461.961250
461.961250
461.961250
461.961250
461.961250
461.961250
461.961250
461.961250
461.961250
461.961250
461.961250
461.961250
461.961250
461.961250
461.961250
461.961250
461.961250
461.961250
461.961250
461.961250
461.961250
461.961250
461.961250
461.961250
461.961250
461.961250
461.961250
461.961250
461.961250
461.961250
461.961250
461.961250
461.961250
461.961250
461.961250
461.961250
461.961250
461.961250
461.961250
461.961250
461.961250
461.961250
461.961250
461.961250
461.961250
461.961250
461.961250
461.961250
461.961250
461.961250
461.961250
461.961250
461.961250
461.961250
461.961250
461.961250
461.961250
461.961250
461.961250
461.961250
461.961250
461.961250
461.961250
461.961250
461.961250
461.961250
461.961250
461.961250
461.961250
461.961250
461.961250
461.961250
461.961250
461.961250
461.961250
461.961250
461.961250
461.961250
461.961250
461.961250
461.961250
461.961250
461.961250
461.961250
461.961250
461.961250
461.961250
461.961250
461.961250
461.961250
461.961250
461.961250
461.961250
461.961250
461.961250
461.961250
461.961250
461.961250
461.961250
461.961250
461.961250
461.961250
461.961250
461.961250
461.961250
461.961250
461.961250
461.961250
461.961250
461.961250
461.961250
461.961250
461.961250
461.961250
461.961250
461.961250
461.961250
461.961250
461.961250
461.961250
461.961250
461.961250
461.961250
461.961250
461.961250
461.961250
461.961250
461.961250
461.961250
461.961250
461.961250
461.961250
461.961250
461.961250
461.961250
461.961250
461.961250
461.961250
461.961250
461.961250
461.961250
461.961250
461.961250
461.961250
461.961250
461.961250
461.961250
461.961250
461.961250
461.961250
461.961250
461.961250
461.961250
461.961250
461.961250
461.961250
461.961250
461.961250
461.961250
461.961250
461.961250
461.961250
461.961250
461.961250
461.961250
461.961250
461.961250
461.961250
461.961250
461.961250
461.961250
461.961250
461.961250
461.961250
461.961250
461.961250
461.961250
461.961250
461.961250
461.961250
461.961250
461.961250
461.961250
461.961250
461.961250
461.961250
461.961250
461.961250
461.961250
461.961250
461.961250
461.961250
461.961250
461.961250
461.961250
461.961250
461.961250
461.961250
461.961250
461.961250
461.961250
461.961250
461.961250
461.961250
461.961250
461.961250
461.961250
461.961250
461.961250
461.961250
461.961250
461.961250
461.961250
461.961250
461.961250
461.961250
461.961250
461.961250
461.961250
461.961250
461.961250
461.961250
461.961250
461.961250
461.961250
461.961250
461.961250
461.961250
461.961250
461.961250
461.961250
461.961250
461.961250
461.961250
461.961250
461.961250
461.961250
461.961250
461.961250
461.961250
461.961250
461.961250
461.961250
461.961250
461.961250
461.961250
461.961250
461.961250
461.961250
461.961250
461.961250
461.961250
461.961250
461.961250
461.961250
461.961250
461.961250
461.961250
461.961250
461.961250
461.961250
461.961250
461.961250
461.961250
461.961250
461.961250
461.961250
461.961250
461.961250
461.961250
461.961250
461.961250
461.961250
461.961250
461.961250
461.961250
461.961250
461.961250
461.961250
461.961250
461.961250
461.961250
461.961250
461.961250
461.961250
461.961250
461.961250
461.961250
461.961250
461.961250
461.961250
461.961250
461.961250
461.961250
461.961250
461.961250
461.961250
461.961250
461.961250
461.961250
461.961250
461.961250
461.961250
461.961250
461.961250
461.961250
461.961250
461.961250
461.961250
461.961250
461.961250
461.961250
461.961250
461.961250
461.961250
461.961250
461.961250
461.961250
461.961250
461.961250
461.961250
461.961250
461.961250
461.961250
461.961250
461.961250
461.961250
461.961250
461.961250
461.961250
461.961250
461.961250
461.961250
461.961250
461.961250
461.961250
461.961250
461.961250
461.961250
461.961250
461.961250
461.961250
461.961250
461.961250
461.961250
461.961250
461.961250
461.961250
461.961250
461.961250
461.961250
461.961250
461.961250
461.961250
461.961250
461.961250
461.961250
461.961250
461.961250
461.961250
461.961250
461.961250
461.961250
461.961250
461.961250
461.961250
461.961250
461.961250
461.961250
461.961250
461.961250
461.961250
461.961250
461.961250
461.961250
461.961250
461.961250
461.961250
461.961250
461.961250
461.961250
461.961250
461.961250
461.961250
461.961250
461.961250
461.961250
461.961250
461.961250
461.961250
461.961250
461.961250
461.961250
461.961250
461.961250
461.961250
461.961250
461.961250
461.961250
461.961250
461.961250
461.961250
461.961250
461.961250
461.961250
461.961250
461.961250
461.961250
461.961250
461.961250
461.961250
461.961250
461.961250
461.961250
461.961250
461.961250
461.961250
461.961250
461.961250
461.961250
461.961250
461.961250
461.961250
461.961250
461.961250
461.961250
461.961250
461.961250
461.961250
461.961250
461.961250
461.961250
461.961250
461.961250
461.961250
461.961250
461.961250
461.961250
461.961250
461.961250
461.961250
461.961250
461.961250
461.961250
461.961250
461.961250
461.961250
461.961250
461.961250
461.961250
461.961250
461.961250
461.961250
461.961250
461.961250
461.961250
461.961250
461.961250
461.961250
461.961250
461.961250
461.961250
461.961250
461.961250
461.961250
461.961250
461.961250
461.961250
461.961250
461.961250
461.961250
461.961250
461.961250
461.961250
461.961250
461.961250
461.961250
461.961250
461.961250
461.961250
461.961250
461.961250
461.961250
461.961250
461.961250
461.961250
461.961250
461.961250
461.961250
461.961250
461.961250
461.961250
461.961250
461.961250
461.961250
461.961250
461.961250
461.961250
461.961250
461.961250
461.961250
461.961250
461.961250
461.961250
461.961250
461.961250
461.961250
461.961250
461.961250
461.961250
461.961250
461.961250
461.961250
461.961250
461.961250
461.961250
461.961250
461.961250
461.961250
461.961250
461.961250
461.961250
461.961250
461.961250
461.961250
461.961250
461.961250
461.961250
461.961250
461.961250
461.961250
461.961250
461.961250
461.961250
461.961250
461.961250
461.961250
461.961250
461.961250
461.961250
461.961250
461.961250
461.961250
461.961250
461.961250
461.961250
461.961250
461.961250
461.961250
461.961250
461.961250
461.961250
461.961250
461.961250
461.961250
461.961250
461.961250
461.961250
461.961250
461.961250
461.961250
461.961250
461.961250
461.961250
461.961250
461.961250
461.961250
461.961250
461.961250
461.961250
461.961250
461.961250
461.961250
461.961250
461.961250
461.961250
461.961250
461.961250
461.961250
461.961250
461.961250
461.961250
461.961250
461.961250
461.961250
461.961250
461.961250
461.961250
461.961250
461.961250
461.961250
461.961250
461.961250
461.961250
461.961250
461.961250
461.961250
461.961250
461.961250
461.961250
461.961250
461.961250
461.961250
461.961250
461.961250
461.961250
461.961250
461.961250
461.961250
461.961250
461.961250
461.961250
461.961250
461.961250
461.961250
461.961250
461.961250
461.961250
461.961250
461.961250
461.961250
461.961250
461.961250
461.961250
461.961250
461.961250
461.961250
461.961250
461.961250
461.961250
461.961250
461.961250
461.961250
461.961250
461.961250
461.961250
461.961250
461.961250
461.961250
461.961250
461.961250
461.961250
461.961250
461.961250
461.961250
461.961250
461.961250
461.961250
461.961250
461.961250
461.961250
461.961250
461.961250
461.961250
461.961250
461.961250
461.961250
461.961250
461.961250
461.961250
461.961250
461.961250
461.961250
461.961250
461.961250
461.961250
461.961250
461.961250
461.961250
461.961250
461.961250
461.961250
461.961250
461.961250
461.961250
461.961250
461.961250
461.961250
461.961250
461.961250
461.961250
461.961250
461.961250
461.961250
461.961250
461.961250
461.961250
461.961250
461.961250
461.961250
461.961250
461.961250
461.961250
461.961250
461.961250
461.961250
461.961250
461.961250
461.961250
461.961250
461.961250
461.961250
461.961250
461.961250
461.961250
461.961250
461.961250
461.961250
461.961250
461.961250
461.961250
461.961250
461.961250
461.961250
461.961250
461.961250
461.961250
461.961250
461.961250
461.961250
461.961250
461.961250
461.961250
461.961250
461.961250
461.961250
461.961250
461.961250
461.961250
461.961250
461.961250
461.961250
461.961250
461.961250
461.961250
461.961250
461.961250
461.961250
461.961250
461.961250
461.961250
461.961250
461.961250
461.961250
461.961250
461.961250
461.961250
461.961250
461.961250
461.961250
461.961250
461.961250
461.961250
461.961250
461.961250
461.961250
461.961250
461.961250
461.961250
461.961250
461.961250
461.961250
461.961250
461.961250
461.961250
461.961250
461.961250
461.961250
461.961250
461.961250
461.961250
461.961250
461.961250
461.961250
461.961250
461.961250
461.961250
461.961250
461.961250
461.961250
461.961250
461.961250
461.961250
461.961250
461.961250
461.961250
461.961250
461.961250
461.961250
461.961250
461.961250
461.961250
461.961250
461.961250
461.961250
461.961250
461.961250
461.961250
461.961250
461.961250
461.961250
461.961250
461.961250
461.961250
461.961250
461.961250
461.961250
461.961250
461.961250
461.961250
461.961250
461.961250
461.961250
461.961250
461.961250
461.961250
461.961250
461.961250
461.961250
461.961250
461.961250
461.961250
461.961250
461.961250
461.961250
461.961250
461.961250
461.961250
461.961250
461.961250
461.961250
461.961250
461.961250
461.961250
461.961250
461.961250
461.961250
461.961250
461.961250
461.961250
461.961250
461.961250
461.961250
461.961250
461.961250
461.961250
461.961250
461.961250
461.961250
461.961250
461.961250
461.961250
461.961250
461.961250
461.961250
461.961250
461.961250
461.961250
461.961250
461.961250
461.961250
461.961250
461.961250
461.961250
461.961250
461.961250
461.961250
461.961250
461.961250
461.961250
461.961250
461.961250
461.961250
461.961250
461.961250
461.961250
461.961250
461.961250
461.961250
461.961250
461.961250
461.961250
461.961250
461.961250
461.961250
461.961250
461.961250
461.961250
461.961250
461.961250
461.961250
461.961250
461.961250
461.961250
461.961250
461.961250
461.961250
461.961250
461.961250
461.961250
461.961250
461.961250
461.961250
461.961250
461.961250
461.961250
461.961250
461.961250
461.961250
461.961250
461.961250
461.961250
461.961250
461.961250
461.961250
461.961250
461.961250
461.961250
461.961250
461.961250
461.961250
461.961250
461.961250
461.961250
461.961250
461.961250
461.961250
461.961250
461.961250
461.961250
461.961250
461.961250
461.961250
461.961250
461.961250
461.961250
461.961250
461.961250
461.961250
461.961250
461.961250
461.961250
461.961250
461.961250
461.961250
461.961250
461.961250
461.961250
461.961250
461.961250
461.961250
461.961250
461.961250
461.961250
461.961250
461.961250
461.961250
461.961250
461.961250
461.961250
461.961250
461.961250
461.961250
461.961250
461.961250
461.961250
461.961250
461.961250
461.961250
461.961250
461.961250
461.961250
461.961250
461.961250
461.961250
461.961250
461.961250
461.961250
461.961250
461.961250
461.961250
461.961250
461.961250
461.961250
461.961250
461.961250
461.961250
461.961250
461.961250
461.961250
461.961250
461.961250
461.961250
461.961250
